caso,elemento,tipo,eje,x_m,y_m,z_inferior_m,z_superior_m,nodo_inferior,nodo_superior,elementos_superiores,elementos_inferiores,P_compresion_kN,P_superior_kN,aporte_neto_nudo_kN,continuidad_nodal
G,1,COLUMN,E,0.0,0.0,0.0,3.96,1,100001,18,,603.5642923037101,1028.6241965491731,-425.05990424546303,OK
G,2,COLUMN,F,10.0,0.0,0.0,3.96,101,100101,19,,1005.2761139121238,2773.5673047123523,-1768.2911908002284,OK
G,3,COLUMN,G,20.0,0.0,0.0,3.96,201,100201,20,,3328.368007629929,3280.795948479929,47.57205914999986,OK
G,4,COLUMN,E,0.0,7.25,0.0,3.96,1001,101001,24,,1394.5270847362374,1109.6266775056395,284.9004072305979,OK
G,5,COLUMN,F,10.0,7.25,0.0,3.96,1101,101101,25,,3363.8922309178442,2969.378334633598,394.51389628424613,OK
G,6,COLUMN,G,20.0,7.25,0.0,3.96,1201,101201,26,,3387.9367664916667,3340.364707341666,47.57205915000077,OK
G,7,COLUMN,E,0.0,16.15,0.0,3.96,2001,102001,30,,761.2173026391251,1231.4364967799274,-470.2191941408023,OK
G,8,COLUMN,F,10.0,16.15,0.0,3.96,2101,102101,31,,988.0560911022025,2317.0364866862565,-1328.980395584054,OK
G,9,COLUMN,G,20.0,16.15,0.0,3.96,2201,102201,32,,2500.5576200776354,2452.9855609276347,47.57205915000077,OK
G,10,COLUMN,1B,-20.8,16.15,0.0,3.96,700001,701001,36,,3131.475018877609,2475.1436232870265,656.3313955905824,OK
G,11,COLUMN,1C,-10.8,16.15,0.0,3.96,700002,701002,37,,3145.7666355454576,2509.081041142092,636.6855944033655,OK
G,12,COLUMN,1D,-0.8,16.15,0.0,3.96,700003,701003,38,,530.7612189595469,488.73049220270985,42.030726756837055,OK
G,13,COLUMN,2A,-28.3,7.25,0.0,3.96,700004,701004,39,,3459.685322187055,2728.873104620924,730.812217566131,OK
G,14,COLUMN,2B,-20.8,7.25,0.0,3.96,700005,701005,40,,3904.827490432421,3098.0001088771323,806.8273815552889,OK
G,15,COLUMN,2C,-10.8,7.25,0.0,3.96,700006,701006,41,,4162.124477944612,3294.4802909394566,867.6441870051558,OK
G,16,COLUMN,3B,-20.8,0.0,0.0,3.96,700007,701007,42,,2478.7812039798473,1968.1611943779903,510.62000960185696,OK
G,17,COLUMN,3C,-10.8,0.0,0.0,3.96,700008,701008,43,,2529.1324414674023,2018.348445021642,510.7839964457603,OK
G,18,COLUMN,E,0.0,0.0,3.96,7.92,100001,200001,44,1,1028.6241965491731,601.5526671523081,427.071529396865,OK
G,19,COLUMN,F,10.0,0.0,3.96,7.92,100101,200101,45,2,2773.5673047123523,2016.653457146625,756.9138475657273,OK
G,20,COLUMN,G,20.0,0.0,3.96,7.92,100201,200201,46,3,3280.795948479929,2642.675520053577,638.1204284263517,OK
G,21,COLUMN,H,30.0,0.0,3.96,7.92,100301,200301,47,,3019.4548372745758,2523.6776522488567,495.77718502571906,OK
G,22,COLUMN,I,40.0,0.0,3.96,7.92,100401,200401,48,,1143.896312598023,1358.7938545745872,-214.89754197656407,OK
G,23,COLUMN,I_prima,45.0,0.0,3.96,7.92,100451,200451,49,,1557.3211788132644,1383.166405504266,174.1547733089983,OK
G,24,COLUMN,E,0.0,7.25,3.96,7.92,101001,201001,50,4,1109.6266775056395,841.8810705145697,267.74560699106974,OK
G,25,COLUMN,F,10.0,7.25,3.96,7.92,101101,201101,51,5,2969.378334633598,2252.33635728307,717.0419773505282,OK
G,26,COLUMN,G,20.0,7.25,3.96,7.92,101201,201201,52,6,3340.364707341666,2493.655556757759,846.7091505839071,OK
G,27,COLUMN,H,30.0,7.25,3.96,7.92,101301,201301,53,,3375.960691036197,2514.7603313842355,861.2003596519617,OK
G,28,COLUMN,I,40.0,7.25,3.96,7.92,101401,201401,54,,2478.87649193892,1815.722054037589,663.154437901331,OK
G,29,COLUMN,I_prima,45.0,7.25,3.96,7.92,101451,201451,55,,2243.5227224097375,1962.512581248561,281.01014116117653,OK
G,30,COLUMN,E,0.0,16.15,3.96,7.92,102001,202001,56,7,1231.4364967799274,595.6856382293386,635.7508585505889,OK
G,31,COLUMN,F,10.0,16.15,3.96,7.92,102101,202101,57,8,2317.0364866862565,1734.5037587137242,582.5327279725323,OK
G,32,COLUMN,G,20.0,16.15,3.96,7.92,102201,202201,58,9,2452.9855609276347,1835.9893602058278,616.9962007218069,OK
G,33,COLUMN,H,30.0,16.15,3.96,7.92,102301,202301,59,,1623.1419660777601,1878.8240653480104,-255.68209927025032,OK
G,34,COLUMN,I,40.0,16.15,3.96,7.92,102401,202401,60,,1210.5186736644994,1331.3754963131248,-120.85682264862544,OK
G,35,COLUMN,I_prima,45.0,16.15,3.96,7.92,102451,202451,61,,1151.7726603463486,1496.1032181507114,-344.3305578043628,OK
G,36,COLUMN,1B,-20.8,16.15,3.96,7.92,701001,702001,62,10,2475.1436232870265,1820.9914803503614,654.1521429366651,OK
G,37,COLUMN,1C,-10.8,16.15,3.96,7.92,701002,702002,63,11,2509.081041142092,1860.3393891568744,648.7416519852177,OK
G,38,COLUMN,1D,-0.8,16.15,3.96,7.92,701003,702003,64,12,488.73049220270985,502.3000533455493,-13.569561142839461,OK
G,39,COLUMN,2A,-28.3,7.25,3.96,7.92,701004,702004,65,13,2728.873104620924,2004.4535163706068,724.4195882503172,OK
G,40,COLUMN,2B,-20.8,7.25,3.96,7.92,701005,702005,66,14,3098.0001088771323,2298.545878647915,799.4542302292175,OK
G,41,COLUMN,2C,-10.8,7.25,3.96,7.92,701006,702006,67,15,3294.4802909394566,2439.4505974093377,855.029693530119,OK
G,42,COLUMN,3B,-20.8,0.0,3.96,7.92,701007,702007,68,16,1968.1611943779903,1455.1128849125437,513.0483094654467,OK
G,43,COLUMN,3C,-10.8,0.0,3.96,7.92,701008,702008,69,17,2018.348445021642,1503.1098052571174,515.2386397645246,OK
G,44,COLUMN,E,0.0,0.0,7.92,11.88,200001,300001,70,18,601.5526671523081,190.69217996104183,410.8604871912663,OK
G,45,COLUMN,F,10.0,0.0,7.92,11.88,200101,300101,71,19,2016.653457146625,1277.2906669906793,739.3627901559457,OK
G,46,COLUMN,G,20.0,0.0,7.92,11.88,200201,300201,72,20,2642.675520053577,1859.0899344071217,783.5855856464555,OK
G,47,COLUMN,H,30.0,0.0,7.92,11.88,200301,300301,73,21,2523.6776522488567,1877.425558283514,646.2520939653427,OK
G,48,COLUMN,I,40.0,0.0,7.92,11.88,200401,300401,74,22,1358.7938545745872,942.9475236131573,415.8463309614299,OK
G,49,COLUMN,I_prima,45.0,0.0,7.92,11.88,200451,300451,75,23,1383.166405504266,1222.0515058825977,161.11489962166843,OK
G,50,COLUMN,E,0.0,7.25,7.92,11.88,201001,301001,76,24,841.8810705145697,600.9814663396918,240.89960417487794,OK
G,51,COLUMN,F,10.0,7.25,7.92,11.88,201101,301101,77,25,2252.33635728307,1538.7850869605318,713.5512703225381,OK
G,52,COLUMN,G,20.0,7.25,7.92,11.88,201201,301201,78,26,2493.655556757759,1663.5635847273065,830.0919720304523,OK
G,53,COLUMN,H,30.0,7.25,7.92,11.88,201301,301301,79,27,2514.7603313842355,1671.32487867139,843.4354527128455,OK
G,54,COLUMN,I,40.0,7.25,7.92,11.88,201401,301401,80,28,1815.722054037589,1139.2122992127072,676.5097548248818,OK
G,55,COLUMN,I_prima,45.0,7.25,7.92,11.88,201451,301451,81,29,1962.512581248561,1692.5331324539363,269.97944879462466,OK
G,56,COLUMN,E,0.0,16.15,7.92,11.88,202001,302001,82,30,595.6856382293386,-47.28525778707303,642.9708960164116,OK
G,57,COLUMN,F,10.0,16.15,7.92,11.88,202101,302101,83,31,1734.5037587137242,1154.6552508830873,579.8485078306369,OK
G,58,COLUMN,G,20.0,16.15,7.92,11.88,202201,302201,84,32,1835.9893602058278,1217.8539770173584,618.1353831884694,OK
G,59,COLUMN,H,30.0,16.15,7.92,11.88,202301,302301,85,33,1878.8240653480104,1246.7747170026464,632.049348345364,OK
G,60,COLUMN,I,40.0,16.15,7.92,11.88,202401,302401,86,34,1331.3754963131248,828.6125025562206,502.76299375690417,OK
G,61,COLUMN,I_prima,45.0,16.15,7.92,11.88,202451,302451,87,35,1496.1032181507114,1298.2336571900391,197.8695609606723,OK
G,62,COLUMN,1B,-20.8,16.15,7.92,11.88,702001,703001,88,36,1820.9914803503614,1167.9675951539032,653.0238851964582,OK
G,63,COLUMN,1C,-10.8,16.15,7.92,11.88,702002,703002,89,37,1860.3393891568744,1210.6961144360553,649.6432747208191,OK
G,64,COLUMN,1D,-0.8,16.15,7.92,11.88,702003,703003,90,38,502.3000533455493,708.9409115867943,-206.64085824124498,OK
G,65,COLUMN,2A,-28.3,7.25,7.92,11.88,702004,703004,91,39,2004.4535163706068,1288.2213435413496,716.2321728292573,OK
G,66,COLUMN,2B,-20.8,7.25,7.92,11.88,702005,703005,92,40,2298.545878647915,1501.3342917998896,797.2115868480253,OK
G,67,COLUMN,2C,-10.8,7.25,7.92,11.88,702006,703006,93,41,2439.4505974093377,1592.793331193559,846.6572662157787,OK
G,68,COLUMN,3B,-20.8,0.0,7.92,11.88,702007,703007,94,42,1455.1128849125437,940.5696277872412,514.5432571253025,OK
G,69,COLUMN,3C,-10.8,0.0,7.92,11.88,702008,703008,95,43,1503.1098052571174,986.9307867324338,516.1790185246836,OK
G,70,COLUMN,E,0.0,0.0,11.88,15.84,300001,400001,96,44,190.69217996104183,333.9956407486431,-143.30346078760127,OK
G,71,COLUMN,F,10.0,0.0,11.88,15.84,300101,400101,97,45,1277.2906669906793,648.5712079298345,628.7194590608448,OK
G,72,COLUMN,G,20.0,0.0,11.88,15.84,300201,400201,98,46,1859.0899344071217,1097.1061853396407,761.9837490674811,OK
G,73,COLUMN,H,30.0,0.0,11.88,15.84,300301,400301,99,47,1877.425558283514,1101.5910111257922,775.8345471577218,OK
G,74,COLUMN,I,40.0,0.0,11.88,15.84,300401,400401,100,48,942.9475236131573,592.7993405840689,350.1481830290884,OK
G,75,COLUMN,I_prima,45.0,0.0,11.88,15.84,300451,400451,101,49,1222.0515058825977,622.4283713945676,599.62313448803,OK
G,76,COLUMN,E,0.0,7.25,11.88,15.84,301001,401001,103,50,600.9814663396918,385.75602613837174,215.22544020132005,OK
G,77,COLUMN,F,10.0,7.25,11.88,15.84,301101,401101,104,51,1538.7850869605318,773.1401374719633,765.6449494885685,OK
G,78,COLUMN,G,20.0,7.25,11.88,15.84,301201,401201,105,52,1663.5635847273065,833.1507368914444,830.4128478358622,OK
G,79,COLUMN,H,30.0,7.25,11.88,15.84,301301,401301,106,53,1671.32487867139,827.0257272664671,844.2991514049229,OK
G,80,COLUMN,I,40.0,7.25,11.88,15.84,301401,401401,107,54,1139.2122992127072,556.2845814095963,582.9277178031109,OK
G,81,COLUMN,I_prima,45.0,7.25,11.88,15.84,301451,401451,108,55,1692.5331324539363,828.0151280582886,864.5180043956477,OK
G,82,COLUMN,E,0.0,16.15,11.88,15.84,302001,402001,110,56,-47.28525778707303,607.054211427719,-654.3394692147921,OK
G,83,COLUMN,F,10.0,16.15,11.88,15.84,302101,402101,111,57,1154.6552508830873,554.2304323413391,600.4248185417482,OK
G,84,COLUMN,G,20.0,16.15,11.88,15.84,302201,402201,112,58,1217.8539770173584,601.7099385316982,616.1440384856602,OK
G,85,COLUMN,H,30.0,16.15,11.88,15.84,302301,402301,113,59,1246.7747170026464,612.9111211178437,633.8635958848027,OK
G,86,COLUMN,I,40.0,16.15,11.88,15.84,302401,402401,114,60,828.6125025562206,397.57638826480166,431.036114291419,OK
G,87,COLUMN,I_prima,45.0,16.15,11.88,15.84,302451,402451,115,61,1298.2336571900391,632.0175708359013,666.2160863541378,OK
G,88,COLUMN,1B,-20.8,16.15,11.88,15.84,703001,704001,117,62,1167.9675951539032,519.6224866304983,648.3451085234049,OK
G,89,COLUMN,1C,-10.8,16.15,11.88,15.84,703002,704002,118,63,1210.6961144360553,596.1263609944378,614.5697534416174,OK
G,90,COLUMN,1D,-0.8,16.15,11.88,15.84,703003,704003,119,64,708.9409115867943,23.786029575000004,685.1548820117943,OK
G,91,COLUMN,2A,-28.3,7.25,11.88,15.84,703004,704004,120,65,1288.2213435413496,577.9294085921493,710.2919349492003,OK
G,92,COLUMN,2B,-20.8,7.25,11.88,15.84,703005,704005,121,66,1501.3342917998896,708.5430007631876,792.791291036702,OK
G,93,COLUMN,2C,-10.8,7.25,11.88,15.84,703006,704006,122,67,1592.793331193559,754.0196169160702,838.7737142774888,OK
G,94,COLUMN,3B,-20.8,0.0,11.88,15.84,703007,704007,123,68,940.5696277872412,423.33133017701005,517.2382976102311,OK
G,95,COLUMN,3C,-10.8,0.0,11.88,15.84,703008,704008,124,69,986.9307867324338,471.9623699589005,514.9684167735334,OK
G,96,COLUMN,E,0.0,0.0,15.84,19.8,400001,500001,,70,333.9956407486431,0,333.9956407486431,OK
G,97,COLUMN,F,10.0,0.0,15.84,19.8,400101,500101,,71,648.5712079298345,0,648.5712079298345,OK
G,98,COLUMN,G,20.0,0.0,15.84,19.8,400201,500201,,72,1097.1061853396407,0,1097.1061853396407,OK
G,99,COLUMN,H,30.0,0.0,15.84,19.8,400301,500301,,73,1101.5910111257922,0,1101.5910111257922,OK
G,100,COLUMN,I,40.0,0.0,15.84,19.8,400401,500401,,74,592.7993405840689,0,592.7993405840689,OK
G,101,COLUMN,I_prima,45.0,0.0,15.84,19.8,400451,500451,,75,622.4283713945676,0,622.4283713945676,OK
G,102,COLUMN,J,50.0,0.0,15.84,19.8,400501,500501,,,22.819660485109292,0,22.819660485109292,OK
G,103,COLUMN,E,0.0,7.25,15.84,19.8,401001,501001,,76,385.75602613837174,0,385.75602613837174,OK
G,104,COLUMN,F,10.0,7.25,15.84,19.8,401101,501101,,77,773.1401374719633,0,773.1401374719633,OK
G,105,COLUMN,G,20.0,7.25,15.84,19.8,401201,501201,,78,833.1507368914444,0,833.1507368914444,OK
G,106,COLUMN,H,30.0,7.25,15.84,19.8,401301,501301,,79,827.0257272664671,0,827.0257272664671,OK
G,107,COLUMN,I,40.0,7.25,15.84,19.8,401401,501401,,80,556.2845814095963,0,556.2845814095963,OK
G,108,COLUMN,I_prima,45.0,7.25,15.84,19.8,401451,501451,,81,828.0151280582886,0,828.0151280582886,OK
G,109,COLUMN,J,50.0,7.25,15.84,19.8,401501,501501,,,29.74272892551985,0,29.74272892551985,OK
G,110,COLUMN,E,0.0,16.15,15.84,19.8,402001,502001,,82,607.054211427719,0,607.054211427719,OK
G,111,COLUMN,F,10.0,16.15,15.84,19.8,402101,502101,,83,554.2304323413391,0,554.2304323413391,OK
G,112,COLUMN,G,20.0,16.15,15.84,19.8,402201,502201,,84,601.7099385316982,0,601.7099385316982,OK
G,113,COLUMN,H,30.0,16.15,15.84,19.8,402301,502301,,85,612.9111211178437,0,612.9111211178437,OK
G,114,COLUMN,I,40.0,16.15,15.84,19.8,402401,502401,,86,397.57638826480166,0,397.57638826480166,OK
G,115,COLUMN,I_prima,45.0,16.15,15.84,19.8,402451,502451,,87,632.0175708359013,0,632.0175708359013,OK
G,116,COLUMN,J,50.0,16.15,15.84,19.8,402501,502501,,,22.091866162528174,0,22.091866162528174,OK
G,117,COLUMN,1B,-20.8,16.15,15.84,19.8,704001,705001,,88,519.6224866304983,0,519.6224866304983,OK
G,118,COLUMN,1C,-10.8,16.15,15.84,19.8,704002,705002,,89,596.1263609944378,0,596.1263609944378,OK
G,119,COLUMN,1D,-0.8,16.15,15.84,19.8,704003,705003,,90,23.786029575000004,0,23.786029575000004,OK
G,120,COLUMN,2A,-28.3,7.25,15.84,19.8,704004,705004,,91,577.9294085921493,0,577.9294085921493,OK
G,121,COLUMN,2B,-20.8,7.25,15.84,19.8,704005,705005,,92,708.5430007631876,0,708.5430007631876,OK
G,122,COLUMN,2C,-10.8,7.25,15.84,19.8,704006,705006,,93,754.0196169160702,0,754.0196169160702,OK
G,123,COLUMN,3B,-20.8,0.0,15.84,19.8,704007,705007,,94,423.33133017701005,0,423.33133017701005,OK
G,124,COLUMN,3C,-10.8,0.0,15.84,19.8,704008,705008,,95,471.9623699589005,0,471.9623699589005,OK
G,355,STEEL_COLUMN_SHS300x20,BEAM_MANUAL,10.0,-4.12,7.92,11.88,900017,900115,,,4.641208325664469,0,4.641208325664469,OK
G,356,STEEL_COLUMN_SHS300x20,BEAM_MANUAL,17.49,-4.12,7.92,11.88,900018,900116,,,0.6649802537007089,0,0.6649802537007089,OK
G,357,STEEL_COLUMN_SHS300x20,BEAM_MANUAL,20.0,-4.12,15.84,19.8,900034,900046,,,11.390373368921361,0,11.390373368921361,OK
G,358,STEEL_COLUMN_SHS300x20,BEAM_MANUAL,30.0,-4.12,15.84,19.8,900035,900047,,,11.242706311283554,0,11.242706311283554,OK
Q,1,COLUMN,E,0.0,0.0,0.0,3.96,1,100001,18,,120.03583266557561,278.1785291137133,-158.14269644813768,OK
Q,2,COLUMN,F,10.0,0.0,0.0,3.96,101,100101,19,,251.75963390091457,728.2814360336292,-476.5218021327147,OK
Q,3,COLUMN,G,20.0,0.0,0.0,3.96,201,100201,20,,925.246984588404,925.2469845884042,-2.2737367544323206e-13,OK
Q,4,COLUMN,E,0.0,7.25,0.0,3.96,1001,101001,24,,423.0021735590615,347.6295844913567,75.37258906770478,OK
Q,5,COLUMN,F,10.0,7.25,0.0,3.96,1101,101101,25,,1145.0642931103216,1033.5720000872398,111.49229302308186,OK
Q,6,COLUMN,G,20.0,7.25,0.0,3.96,1201,101201,26,,1152.0368044697746,1152.0368044697748,-2.2737367544323206e-13,OK
Q,7,COLUMN,E,0.0,16.15,0.0,3.96,2001,102001,30,,216.8024720670279,352.38836735621936,-135.58589528919146,OK
Q,8,COLUMN,F,10.0,16.15,0.0,3.96,2101,102101,31,,297.8233189005462,727.4755157319447,-429.6521968313985,OK
Q,9,COLUMN,G,20.0,16.15,0.0,3.96,2201,102201,32,,747.6437193522083,747.6437193522082,1.1368683772161603e-13,OK
Q,10,COLUMN,1B,-20.8,16.15,0.0,3.96,700001,701001,36,,1033.276493038625,798.4279118619418,234.84858117668318,OK
Q,11,COLUMN,1C,-10.8,16.15,0.0,3.96,700002,701002,37,,1089.5409492446404,847.8483207930577,241.69262845158266,OK
Q,12,COLUMN,1D,-0.8,16.15,0.0,3.96,700003,701003,38,,125.17473630469172,119.05107892628185,6.123657378409874,OK
Q,13,COLUMN,2A,-28.3,7.25,0.0,3.96,700004,701004,39,,1145.3390497637927,879.7864662291698,265.55258353462284,OK
Q,14,COLUMN,2B,-20.8,7.25,0.0,3.96,700005,701005,40,,1524.7538407000995,1169.3551462868213,355.39869441327824,OK
Q,15,COLUMN,2C,-10.8,7.25,0.0,3.96,700006,701006,41,,1713.5839546660718,1312.8772732386572,400.70668142741465,OK
Q,16,COLUMN,3B,-20.8,0.0,0.0,3.96,700007,701007,42,,830.4319922727876,641.9029685283135,188.5290237444741,OK
Q,17,COLUMN,3C,-10.8,0.0,0.0,3.96,700008,701008,43,,891.5326682650167,691.3435156804736,200.18915258454308,OK
Q,18,COLUMN,E,0.0,0.0,3.96,7.92,100001,200001,44,1,278.1785291137133,148.49746439712388,129.68106471658942,OK
Q,19,COLUMN,F,10.0,0.0,3.96,7.92,100101,200101,45,2,728.2814360336292,505.9541511593825,222.32728487424674,OK
Q,20,COLUMN,G,20.0,0.0,3.96,7.92,100201,200201,46,3,925.2469845884042,719.1865948024424,206.06038978596177,OK
Q,21,COLUMN,H,30.0,0.0,3.96,7.92,100301,200301,47,,892.9904755839252,739.0470034760218,153.9434721079034,OK
Q,22,COLUMN,I,40.0,0.0,3.96,7.92,100401,200401,48,,293.8032804049456,351.0159308888352,-57.212650483889604,OK
Q,23,COLUMN,I_prima,45.0,0.0,3.96,7.92,100451,200451,49,,423.54425914265624,374.89959001148753,48.64466913116871,OK
Q,24,COLUMN,E,0.0,7.25,3.96,7.92,101001,201001,50,4,347.6295844913567,266.3042385142084,81.32534597714829,OK
Q,25,COLUMN,F,10.0,7.25,3.96,7.92,101101,201101,51,5,1033.5720000872398,782.9420540114847,250.62994607575502,OK
Q,26,COLUMN,G,20.0,7.25,3.96,7.92,101201,201201,52,6,1152.0368044697748,845.6420728538122,306.39473161596254,OK
Q,27,COLUMN,H,30.0,7.25,3.96,7.92,101301,201301,53,,1235.2297444333676,923.7728596168681,311.4568848164995,OK
Q,28,COLUMN,I,40.0,7.25,3.96,7.92,101401,201401,54,,902.032805355649,657.1561133729838,244.8766919826652,OK
Q,29,COLUMN,I_prima,45.0,7.25,3.96,7.92,101451,201451,55,,699.9665339697302,613.7907289858775,86.17580498385269,OK
Q,30,COLUMN,E,0.0,16.15,3.96,7.92,102001,202001,56,7,352.38836735621936,157.88984744608402,194.49851991013534,OK
Q,31,COLUMN,F,10.0,16.15,3.96,7.92,102101,202101,57,8,727.4755157319447,564.9374345427074,162.53808118923735,OK
Q,32,COLUMN,G,20.0,16.15,3.96,7.92,102201,202201,58,9,747.6437193522082,576.5586432659311,171.08507608627713,OK
Q,33,COLUMN,H,30.0,16.15,3.96,7.92,102301,202301,59,,474.04600189297133,589.6151835809193,-115.56918168794795,OK
Q,34,COLUMN,I,40.0,16.15,3.96,7.92,102401,202401,60,,338.1890230738846,409.103783061169,-70.91475998728441,OK
Q,35,COLUMN,I_prima,45.0,16.15,3.96,7.92,102451,202451,61,,293.0028741587711,416.72176773442544,-123.71889357565436,OK
Q,36,COLUMN,1B,-20.8,16.15,3.96,7.92,701001,702001,62,10,798.4279118619418,563.8326016242771,234.59531023766465,OK
Q,37,COLUMN,1C,-10.8,16.15,3.96,7.92,701002,702002,63,11,847.8483207930577,601.3687541232823,246.4795666697754,OK
Q,38,COLUMN,1D,-0.8,16.15,3.96,7.92,701003,702003,64,12,119.05107892628185,135.92969466387817,-16.87861573759632,OK
Q,39,COLUMN,2A,-28.3,7.25,3.96,7.92,701004,702004,65,13,879.7864662291698,615.2268980284551,264.5595682007147,OK
Q,40,COLUMN,2B,-20.8,7.25,3.96,7.92,701005,702005,66,14,1169.3551462868213,818.2997248824336,351.05542140438774,OK
Q,41,COLUMN,2C,-10.8,7.25,3.96,7.92,701006,702006,67,15,1312.8772732386572,918.4917398992242,394.385533339433,OK
Q,42,COLUMN,3B,-20.8,0.0,3.96,7.92,701007,702007,68,16,641.9029685283135,451.9008303580946,190.00213817021893,OK
Q,43,COLUMN,3C,-10.8,0.0,3.96,7.92,701008,702008,69,17,691.3435156804736,488.94820241916204,202.39531326131157,OK
Q,44,COLUMN,E,0.0,0.0,7.92,11.88,200001,300001,70,18,148.49746439712388,18.504667736253484,129.9927966608704,OK
Q,45,COLUMN,F,10.0,0.0,7.92,11.88,200101,300101,71,19,505.9541511593825,279.1733489555127,226.78080220386977,OK
Q,46,COLUMN,G,20.0,0.0,7.92,11.88,200201,300201,72,20,719.1865948024424,441.87139808418425,277.31519671825816,OK
Q,47,COLUMN,H,30.0,0.0,7.92,11.88,200301,300301,73,21,739.0470034760218,518.7023196527103,220.34468382331147,OK
Q,48,COLUMN,I,40.0,0.0,7.92,11.88,200401,300401,74,22,351.0159308888352,224.68678954746287,126.32914134137235,OK
Q,49,COLUMN,I_prima,45.0,0.0,7.92,11.88,200451,300451,75,23,374.89959001148753,341.0858417848754,33.81374822661212,OK
Q,50,COLUMN,E,0.0,7.25,7.92,11.88,201001,301001,76,24,266.3042385142084,193.7811847671565,72.5230537470519,OK
Q,51,COLUMN,F,10.0,7.25,7.92,11.88,201101,301101,77,25,782.9420540114847,534.4604062492195,248.4816477622652,OK
Q,52,COLUMN,G,20.0,7.25,7.92,11.88,201201,301201,78,26,845.6420728538122,546.9520600650325,298.69001278877977,OK
Q,53,COLUMN,H,30.0,7.25,7.92,11.88,201301,301301,79,27,923.7728596168681,620.8920615259424,302.88079809092574,OK
Q,54,COLUMN,I,40.0,7.25,7.92,11.88,201401,301401,80,28,657.1561133729838,419.6203098641541,237.5358035088297,OK
Q,55,COLUMN,I_prima,45.0,7.25,7.92,11.88,201451,301451,81,29,613.7907289858775,540.3009312207472,73.48979776513033,OK
Q,56,COLUMN,E,0.0,16.15,7.92,11.88,202001,302001,82,30,157.88984744608402,-39.16112316817039,197.05097061425442,OK
Q,57,COLUMN,F,10.0,16.15,7.92,11.88,202101,302101,83,31,564.9374345427074,403.20336776073367,161.7340667819737,OK
Q,58,COLUMN,G,20.0,16.15,7.92,11.88,202201,302201,84,32,576.5586432659311,404.627928481423,171.9307147845081,OK
Q,59,COLUMN,H,30.0,16.15,7.92,11.88,202301,302301,85,33,589.6151835809193,413.5829403544692,176.03224322645008,OK
Q,60,COLUMN,I,40.0,16.15,7.92,11.88,202401,302401,86,34,409.103783061169,273.1890966290463,135.91468643212272,OK
Q,61,COLUMN,I_prima,45.0,16.15,7.92,11.88,202451,302451,87,35,416.72176773442544,376.38078667182396,40.340981062601486,OK
Q,62,COLUMN,1B,-20.8,16.15,7.92,11.88,702001,703001,88,36,563.8326016242771,329.34694282434356,234.48565879993356,OK
Q,63,COLUMN,1C,-10.8,16.15,7.92,11.88,702002,703002,89,37,601.3687541232823,354.33054879641406,247.03820532686825,OK
Q,64,COLUMN,1D,-0.8,16.15,7.92,11.88,702003,703003,90,38,135.92969466387817,213.44160140938527,-77.5119067455071,OK
Q,65,COLUMN,2A,-28.3,7.25,7.92,11.88,702004,703004,91,39,615.2268980284551,352.6638141905366,262.56308383791855,OK
Q,66,COLUMN,2B,-20.8,7.25,7.92,11.88,702005,703005,92,40,818.2997248824336,469.13135676321474,349.1683681192188,OK
Q,67,COLUMN,2C,-10.8,7.25,7.92,11.88,702006,703006,93,41,918.4917398992242,527.984329944963,390.5074099542612,OK
Q,68,COLUMN,3B,-20.8,0.0,7.92,11.88,702007,703007,94,42,451.9008303580946,260.9839865174832,190.91684384061142,OK
Q,69,COLUMN,3C,-10.8,0.0,7.92,11.88,702008,703008,95,43,488.94820241916204,286.13789599083117,202.81030642833088,OK
Q,70,COLUMN,E,0.0,0.0,11.88,15.84,300001,400001,96,44,18.504667736253484,110.24347103512754,-91.73880329887406,OK
Q,71,COLUMN,F,10.0,0.0,11.88,15.84,300101,400101,97,45,279.1733489555127,136.04904629785688,143.12430265765585,OK
Q,72,COLUMN,G,20.0,0.0,11.88,15.84,300201,400201,98,46,441.87139808418425,243.67554637613404,198.1958517080502,OK
Q,73,COLUMN,H,30.0,0.0,11.88,15.84,300301,400301,99,47,518.7023196527103,317.15114239410264,201.5511772586077,OK
Q,74,COLUMN,I,40.0,0.0,11.88,15.84,300401,400401,100,48,224.68678954746287,145.19375640184597,79.49303314561689,OK
Q,75,COLUMN,I_prima,45.0,0.0,11.88,15.84,300451,400451,101,49,341.0858417848754,189.76449637955383,151.32134540532158,OK
Q,76,COLUMN,E,0.0,7.25,11.88,15.84,301001,401001,103,50,193.7811847671565,127.72543320221378,66.05575156494272,OK
Q,77,COLUMN,F,10.0,7.25,11.88,15.84,301101,401101,104,51,534.4604062492195,316.43606370342025,218.0243425457993,OK
Q,78,COLUMN,G,20.0,7.25,11.88,15.84,301201,401201,105,52,546.9520600650325,323.60945713023284,223.34260293479963,OK
Q,79,COLUMN,H,30.0,7.25,11.88,15.84,301301,401301,106,53,620.8920615259424,392.32447482492427,228.56758670101812,OK
Q,80,COLUMN,I,40.0,7.25,11.88,15.84,301401,401401,107,54,419.6203098641541,270.58517526275426,149.03513460139982,OK
Q,81,COLUMN,I_prima,45.0,7.25,11.88,15.84,301451,401451,108,55,540.3009312207472,298.9843065656287,241.31662465511852,OK
Q,82,COLUMN,E,0.0,16.15,11.88,15.84,302001,402001,110,56,-39.16112316817039,178.98667928611636,-218.14780245428676,OK
Q,83,COLUMN,F,10.0,16.15,11.88,15.84,302101,402101,111,57,403.20336776073367,240.9363874573254,162.26698030340827,OK
Q,84,COLUMN,G,20.0,16.15,11.88,15.84,302201,402201,112,58,404.627928481423,248.79213519246736,155.83579328895564,OK
Q,85,COLUMN,H,30.0,16.15,11.88,15.84,302301,402301,113,59,413.5829403544692,252.347567635528,161.2353727189412,OK
Q,86,COLUMN,I,40.0,16.15,11.88,15.84,302401,402401,114,60,273.1890966290463,170.2151803969859,102.97391623206039,OK
Q,87,COLUMN,I_prima,45.0,16.15,11.88,15.84,302451,402451,115,61,376.38078667182396,203.8161376258514,172.56464904597254,OK
Q,88,COLUMN,1B,-20.8,16.15,11.88,15.84,703001,704001,117,62,329.34694282434356,93.82484453413824,235.52209829020532,OK
Q,89,COLUMN,1C,-10.8,16.15,11.88,15.84,703002,704002,118,63,354.33054879641406,117.9588592189819,236.37168957743216,OK
Q,90,COLUMN,1D,-0.8,16.15,11.88,15.84,703003,704003,119,64,213.44160140938527,0.0,213.44160140938527,OK
Q,91,COLUMN,2A,-28.3,7.25,11.88,15.84,703004,704004,120,65,352.6638141905366,92.51419581534702,260.14961837518956,OK
Q,92,COLUMN,2B,-20.8,7.25,11.88,15.84,703005,704005,121,66,469.13135676321474,120.83750420125004,348.2938525619647,OK
Q,93,COLUMN,2C,-10.8,7.25,11.88,15.84,703006,704006,122,67,527.984329944963,140.19487452954073,387.78945541542225,OK
Q,94,COLUMN,3B,-20.8,0.0,11.88,15.84,703007,704007,123,68,260.9839865174832,69.2592911677841,191.72469534969906,OK
Q,95,COLUMN,3C,-10.8,0.0,11.88,15.84,703008,704008,124,69,286.13789599083117,82.90150421461793,203.23639177621322,OK
Q,96,COLUMN,E,0.0,0.0,15.84,19.8,400001,500001,,70,110.24347103512754,0,110.24347103512754,OK
Q,97,COLUMN,F,10.0,0.0,15.84,19.8,400101,500101,,71,136.04904629785688,0,136.04904629785688,OK
Q,98,COLUMN,G,20.0,0.0,15.84,19.8,400201,500201,,72,243.67554637613404,0,243.67554637613404,OK
Q,99,COLUMN,H,30.0,0.0,15.84,19.8,400301,500301,,73,317.15114239410264,0,317.15114239410264,OK
Q,100,COLUMN,I,40.0,0.0,15.84,19.8,400401,500401,,74,145.19375640184597,0,145.19375640184597,OK
Q,101,COLUMN,I_prima,45.0,0.0,15.84,19.8,400451,500451,,75,189.76449637955383,0,189.76449637955383,OK
Q,102,COLUMN,J,50.0,0.0,15.84,19.8,400501,500501,,,23.455801064237598,0,23.455801064237598,OK
Q,103,COLUMN,E,0.0,7.25,15.84,19.8,401001,501001,,76,127.72543320221378,0,127.72543320221378,OK
Q,104,COLUMN,F,10.0,7.25,15.84,19.8,401101,501101,,77,316.43606370342025,0,316.43606370342025,OK
Q,105,COLUMN,G,20.0,7.25,15.84,19.8,401201,501201,,78,323.60945713023284,0,323.60945713023284,OK
Q,106,COLUMN,H,30.0,7.25,15.84,19.8,401301,501301,,79,392.32447482492427,0,392.32447482492427,OK
Q,107,COLUMN,I,40.0,7.25,15.84,19.8,401401,501401,,80,270.58517526275426,0,270.58517526275426,OK
Q,108,COLUMN,I_prima,45.0,7.25,15.84,19.8,401451,501451,,81,298.9843065656287,0,298.9843065656287,OK
Q,109,COLUMN,J,50.0,7.25,15.84,19.8,401501,501501,,,37.919118364667064,0,37.919118364667064,OK
Q,110,COLUMN,E,0.0,16.15,15.84,19.8,402001,502001,,82,178.98667928611636,0,178.98667928611636,OK
Q,111,COLUMN,F,10.0,16.15,15.84,19.8,402101,502101,,83,240.9363874573254,0,240.9363874573254,OK
Q,112,COLUMN,G,20.0,16.15,15.84,19.8,402201,502201,,84,248.79213519246736,0,248.79213519246736,OK
Q,113,COLUMN,H,30.0,16.15,15.84,19.8,402301,502301,,85,252.347567635528,0,252.347567635528,OK
Q,114,COLUMN,I,40.0,16.15,15.84,19.8,402401,502401,,86,170.2151803969859,0,170.2151803969859,OK
Q,115,COLUMN,I_prima,45.0,16.15,15.84,19.8,402451,502451,,87,203.8161376258514,0,203.8161376258514,OK
Q,116,COLUMN,J,50.0,16.15,15.84,19.8,402501,502501,,,22.056700915589786,0,22.056700915589786,OK
Q,117,COLUMN,1B,-20.8,16.15,15.84,19.8,704001,705001,,88,93.82484453413824,0,93.82484453413824,OK
Q,118,COLUMN,1C,-10.8,16.15,15.84,19.8,704002,705002,,89,117.9588592189819,0,117.9588592189819,OK
Q,119,COLUMN,1D,-0.8,16.15,15.84,19.8,704003,705003,,90,0.0,0,0.0,OK
Q,120,COLUMN,2A,-28.3,7.25,15.84,19.8,704004,705004,,91,92.51419581534702,0,92.51419581534702,OK
Q,121,COLUMN,2B,-20.8,7.25,15.84,19.8,704005,705005,,92,120.83750420125004,0,120.83750420125004,OK
Q,122,COLUMN,2C,-10.8,7.25,15.84,19.8,704006,705006,,93,140.19487452954073,0,140.19487452954073,OK
Q,123,COLUMN,3B,-20.8,0.0,15.84,19.8,704007,705007,,94,69.2592911677841,0,69.2592911677841,OK
Q,124,COLUMN,3C,-10.8,0.0,15.84,19.8,704008,705008,,95,82.90150421461793,0,82.90150421461793,OK
Q,355,STEEL_COLUMN_SHS300x20,BEAM_MANUAL,10.0,-4.12,7.92,11.88,900017,900115,,,5.6962510511521955,0,5.6962510511521955,OK
Q,356,STEEL_COLUMN_SHS300x20,BEAM_MANUAL,17.49,-4.12,7.92,11.88,900018,900116,,,4.834831865853131,0,4.834831865853131,OK
Q,357,STEEL_COLUMN_SHS300x20,BEAM_MANUAL,20.0,-4.12,15.84,19.8,900034,900046,,,14.929668433344244,0,14.929668433344244,OK
Q,358,STEEL_COLUMN_SHS300x20,BEAM_MANUAL,30.0,-4.12,15.84,19.8,900035,900047,,,15.106626942770484,0,15.106626942770484,OK
EX,1,COLUMN,E,0.0,0.0,0.0,3.96,1,100001,18,,14.749938997056907,344.1147024899741,-329.3647634929172,OK
EX,2,COLUMN,F,10.0,0.0,0.0,3.96,101,100101,19,,8.481200414084887,11.042156882765653,-2.560956468680766,OK
EX,3,COLUMN,G,20.0,0.0,0.0,3.96,201,100201,20,,2.9194171505733153,2.9194171505733153,0.0,OK
EX,4,COLUMN,E,0.0,7.25,0.0,3.96,1001,101001,24,,112.69259430974257,185.03093296271553,-72.33833865297295,OK
EX,5,COLUMN,F,10.0,7.25,0.0,3.96,1101,101101,25,,15.497657399352585,10.101860171600254,5.395797227752331,OK
EX,6,COLUMN,G,20.0,7.25,0.0,3.96,1201,101201,26,,-1.6641334180677843,-1.6641334180677845,2.220446049250313e-16,OK
EX,7,COLUMN,E,0.0,16.15,0.0,3.96,2001,102001,30,,19.479730483752096,22.673713014211195,-3.193982530459099,OK
EX,8,COLUMN,F,10.0,16.15,0.0,3.96,2101,102101,31,,3.9265761396356935,-0.21511508555712075,4.141691225192814,OK
EX,9,COLUMN,G,20.0,16.15,0.0,3.96,2201,102201,32,,-7.801636006274093,-7.801636006274093,0.0,OK
EX,10,COLUMN,1B,-20.8,16.15,0.0,3.96,700001,701001,36,,-1.5943246641837943,-0.7320163149287215,-0.8623083492550727,OK
EX,11,COLUMN,1C,-10.8,16.15,0.0,3.96,700002,701002,37,,12.75094171868107,7.352868899311206,5.3980728193698635,OK
EX,12,COLUMN,1D,-0.8,16.15,0.0,3.96,700003,701003,38,,-16.058493701306055,-16.863151467645203,0.8046577663391474,OK
EX,13,COLUMN,2A,-28.3,7.25,0.0,3.96,700004,701004,39,,-125.94019045191797,-107.06103688326806,-18.87915356864991,OK
EX,14,COLUMN,2B,-20.8,7.25,0.0,3.96,700005,701005,40,,53.49250991736749,45.58423489212728,7.908275025240215,OK
EX,15,COLUMN,2C,-10.8,7.25,0.0,3.96,700006,701006,41,,-3.7617576824517,-8.426261723360154,4.664504040908454,OK
EX,16,COLUMN,3B,-20.8,0.0,0.0,3.96,700007,701007,42,,-0.23551455527854334,0.6636596373653775,-0.8991741926439208,OK
EX,17,COLUMN,3C,-10.8,0.0,0.0,3.96,700008,701008,43,,-6.538063691006059,-11.686613754798703,5.148550063792644,OK
EX,18,COLUMN,E,0.0,0.0,3.96,7.92,100001,200001,44,1,344.1147024899741,265.6622825393351,78.45241995063901,OK
EX,19,COLUMN,F,10.0,0.0,3.96,7.92,100101,200101,45,2,11.042156882765653,11.422655409299793,-0.38049852653414007,OK
EX,20,COLUMN,G,20.0,0.0,3.96,7.92,100201,200201,46,3,2.9194171505733153,-2.049530838175846,4.968947988749161,OK
EX,21,COLUMN,H,30.0,0.0,3.96,7.92,100301,200301,47,,9.524363308393255,13.59971820325945,-4.075354894866194,OK
EX,22,COLUMN,I,40.0,0.0,3.96,7.92,100401,200401,48,,-115.14232333360454,-127.16435916035185,12.022035826747313,OK
EX,23,COLUMN,I_prima,45.0,0.0,3.96,7.92,100451,200451,49,,277.60852096121556,188.86974578430016,88.7387751769154,OK
EX,24,COLUMN,E,0.0,7.25,3.96,7.92,101001,201001,50,4,185.03093296271553,71.2668008560918,113.76413210662372,OK
EX,25,COLUMN,F,10.0,7.25,3.96,7.92,101101,201101,51,5,10.101860171600254,4.447495062411821,5.654365109188434,OK
EX,26,COLUMN,G,20.0,7.25,3.96,7.92,101201,201201,52,6,-1.6641334180677845,-0.5409855193546905,-1.123147898713094,OK
EX,27,COLUMN,H,30.0,7.25,3.96,7.92,101301,201301,53,,-6.75038026704938,-5.3556251799100805,-1.3947550871392993,OK
EX,28,COLUMN,I,40.0,7.25,3.96,7.92,101401,201401,54,,-180.7308431687118,-127.66449963447928,-53.066343534232516,OK
EX,29,COLUMN,I_prima,45.0,7.25,3.96,7.92,101451,201451,55,,266.62721652434243,190.91613427876658,75.71108224557585,OK
EX,30,COLUMN,E,0.0,16.15,3.96,7.92,102001,202001,56,7,22.673713014211195,26.827334502735752,-4.153621488524557,OK
EX,31,COLUMN,F,10.0,16.15,3.96,7.92,102101,202101,57,8,-0.21511508555712075,-1.2234755384503495,1.0083604528932288,OK
EX,32,COLUMN,G,20.0,16.15,3.96,7.92,102201,202201,58,9,-7.801636006274093,-7.372256021736221,-0.42937998453787163,OK
EX,33,COLUMN,H,30.0,16.15,3.96,7.92,102301,202301,59,,-881.4145197153761,15.241587840910517,-896.6561075562865,OK
EX,34,COLUMN,I,40.0,16.15,3.96,7.92,102401,202401,60,,-104.87381112733894,-112.08496591894433,7.211154791605395,OK
EX,35,COLUMN,I_prima,45.0,16.15,3.96,7.92,102451,202451,61,,1034.9020971876653,154.40424822254806,880.4978489651172,OK
EX,36,COLUMN,1B,-20.8,16.15,3.96,7.92,701001,702001,62,10,-0.7320163149287215,0.4635206221342387,-1.1955369370629603,OK
EX,37,COLUMN,1C,-10.8,16.15,3.96,7.92,701002,702002,63,11,7.352868899311206,6.246093250001022,1.1067756493101841,OK
EX,38,COLUMN,1D,-0.8,16.15,3.96,7.92,701003,702003,64,12,-16.863151467645203,-16.511217890855008,-0.351933576790195,OK
EX,39,COLUMN,2A,-28.3,7.25,3.96,7.92,701004,702004,65,13,-107.06103688326806,-75.31026494288554,-31.75077194038252,OK
EX,40,COLUMN,2B,-20.8,7.25,3.96,7.92,701005,702005,66,14,45.58423489212728,31.327737101069008,14.256497791058269,OK
EX,41,COLUMN,2C,-10.8,7.25,3.96,7.92,701006,702006,67,15,-8.426261723360154,-4.183221863029785,-4.243039860330369,OK
EX,42,COLUMN,3B,-20.8,0.0,3.96,7.92,701007,702007,68,16,0.6636596373653775,1.3529024875079971,-0.6892428501426197,OK
EX,43,COLUMN,3C,-10.8,0.0,3.96,7.92,701008,702008,69,17,-11.686613754798703,-8.054291817538546,-3.6323219372601567,OK
EX,44,COLUMN,E,0.0,0.0,7.92,11.88,200001,300001,70,18,265.6622825393351,276.7910775210054,-11.128794981670296,OK
EX,45,COLUMN,F,10.0,0.0,7.92,11.88,200101,300101,71,19,11.422655409299793,10.97870974106058,0.44394566823921267,OK
EX,46,COLUMN,G,20.0,0.0,7.92,11.88,200201,300201,72,20,-2.049530838175846,-6.943987872330031,4.894457034154185,OK
EX,47,COLUMN,H,30.0,0.0,7.92,11.88,200301,300301,73,21,13.59971820325945,11.175916048664654,2.423802154594796,OK
EX,48,COLUMN,I,40.0,0.0,7.92,11.88,200401,300401,74,22,-127.16435916035185,-66.31360779649395,-60.850751363857896,OK
EX,49,COLUMN,I_prima,45.0,0.0,7.92,11.88,200451,300451,75,23,188.86974578430016,104.00268533612244,84.86706044817772,OK
EX,50,COLUMN,E,0.0,7.25,7.92,11.88,201001,301001,76,24,71.2668008560918,-8.372822864934653,79.63962372102645,OK
EX,51,COLUMN,F,10.0,7.25,7.92,11.88,201101,301101,77,25,4.447495062411821,0.497990199124956,3.9495048632868643,OK
EX,52,COLUMN,G,20.0,7.25,7.92,11.88,201201,301201,78,26,-0.5409855193546905,0.08109934504633501,-0.6220848644010255,OK
EX,53,COLUMN,H,30.0,7.25,7.92,11.88,201301,301301,79,27,-5.3556251799100805,-4.823572341880367,-0.5320528380297134,OK
EX,54,COLUMN,I,40.0,7.25,7.92,11.88,201401,301401,80,28,-127.66449963447928,-67.05037999507927,-60.614119639400016,OK
EX,55,COLUMN,I_prima,45.0,7.25,7.92,11.88,201451,301451,81,29,190.91613427876658,103.62368275072178,87.2924515280448,OK
EX,56,COLUMN,E,0.0,16.15,7.92,11.88,202001,302001,82,30,26.827334502735752,32.37309314441485,-5.5457586416791,OK
EX,57,COLUMN,F,10.0,16.15,7.92,11.88,202101,302101,83,31,-1.2234755384503495,-2.484405528374237,1.2609299899238875,OK
EX,58,COLUMN,G,20.0,16.15,7.92,11.88,202201,302201,84,32,-7.372256021736221,-4.922775514207677,-2.449480507528544,OK
EX,59,COLUMN,H,30.0,16.15,7.92,11.88,202301,302301,85,33,15.241587840910517,8.15020170198688,7.091386138923637,OK
EX,60,COLUMN,I,40.0,16.15,7.92,11.88,202401,302401,86,34,-112.08496591894433,-57.703092121900546,-54.38187379704379,OK
EX,61,COLUMN,I_prima,45.0,16.15,7.92,11.88,202451,302451,87,35,154.40424822254806,78.46289171962225,75.94135650292581,OK
EX,62,COLUMN,1B,-20.8,16.15,7.92,11.88,702001,703001,88,36,0.4635206221342387,1.1591956639075105,-0.6956750417732718,OK
EX,63,COLUMN,1C,-10.8,16.15,7.92,11.88,702002,703002,89,37,6.246093250001022,6.22040418560101,0.025689064400011397,OK
EX,64,COLUMN,1D,-0.8,16.15,7.92,11.88,702003,703003,90,38,-16.511217890855008,-23.03596762652428,6.524749735669271,OK
EX,65,COLUMN,2A,-28.3,7.25,7.92,11.88,702004,703004,91,39,-75.31026494288554,-38.63944998025073,-36.67081496263481,OK
EX,66,COLUMN,2B,-20.8,7.25,7.92,11.88,702005,703005,92,40,31.327737101069008,15.238364866757847,16.089372234311163,OK
EX,67,COLUMN,2C,-10.8,7.25,7.92,11.88,702006,703006,93,41,-4.183221863029785,-0.8038199040494861,-3.379401958980299,OK
EX,68,COLUMN,3B,-20.8,0.0,7.92,11.88,702007,703007,94,42,1.3529024875079971,1.7800135984054275,-0.42711111089743037,OK
EX,69,COLUMN,3C,-10.8,0.0,7.92,11.88,702008,703008,95,43,-8.054291817538546,-3.9577248315219262,-4.0965669860166205,OK
EX,70,COLUMN,E,0.0,0.0,11.88,15.84,300001,400001,96,44,276.7910775210054,-80.63755762423231,357.4286351452377,OK
EX,71,COLUMN,F,10.0,0.0,11.88,15.84,300101,400101,97,45,10.97870974106058,6.178232148171837,4.800477592888743,OK
EX,72,COLUMN,G,20.0,0.0,11.88,15.84,300201,400201,98,46,-6.943987872330031,-3.681071815514159,-3.262916056815872,OK
EX,73,COLUMN,H,30.0,0.0,11.88,15.84,300301,400301,99,47,11.175916048664654,5.412471370487022,5.763444678177631,OK
EX,74,COLUMN,I,40.0,0.0,11.88,15.84,300401,400401,100,48,-66.31360779649395,-24.077349700441605,-42.23625809605235,OK
EX,75,COLUMN,I_prima,45.0,0.0,11.88,15.84,300451,400451,101,49,104.00268533612244,40.511416057016056,63.49126927910638,OK
EX,76,COLUMN,E,0.0,7.25,11.88,15.84,301001,401001,103,50,-8.372822864934653,-116.7009263473117,108.32810348237705,OK
EX,77,COLUMN,F,10.0,7.25,11.88,15.84,301101,401101,104,51,0.497990199124956,-5.275348330687348,5.773338529812304,OK
EX,78,COLUMN,G,20.0,7.25,11.88,15.84,301201,401201,105,52,0.08109934504633501,0.8194604852559791,-0.7383611402096442,OK
EX,79,COLUMN,H,30.0,7.25,11.88,15.84,301301,401301,106,53,-4.823572341880367,-2.614943752911321,-2.208628588969046,OK
EX,80,COLUMN,I,40.0,7.25,11.88,15.84,301401,401401,107,54,-67.05037999507927,-24.089877170240477,-42.96050282483879,OK
EX,81,COLUMN,I_prima,45.0,7.25,11.88,15.84,301451,401451,108,55,103.62368275072178,41.198792615940825,62.42489013478096,OK
EX,82,COLUMN,E,0.0,16.15,11.88,15.84,302001,402001,110,56,32.37309314441485,-4.001633904654281,36.374727049069136,OK
EX,83,COLUMN,F,10.0,16.15,11.88,15.84,302101,402101,111,57,-2.484405528374237,1.188672993667242,-3.6730785220414788,OK
EX,84,COLUMN,G,20.0,16.15,11.88,15.84,302201,402201,112,58,-4.922775514207677,-2.602135029664466,-2.320640484543211,OK
EX,85,COLUMN,H,30.0,16.15,11.88,15.84,302301,402301,113,59,8.15020170198688,3.7854353335780697,4.3647663684088105,OK
EX,86,COLUMN,I,40.0,16.15,11.88,15.84,302401,402401,114,60,-57.703092121900546,-20.088123831883152,-37.614968290017394,OK
EX,87,COLUMN,I_prima,45.0,16.15,11.88,15.84,302451,402451,115,61,78.46289171962225,29.57786238741066,48.88502933221159,OK
EX,88,COLUMN,1B,-20.8,16.15,11.88,15.84,703001,704001,117,62,1.1591956639075105,2.6575182232274646,-1.498322559319954,OK
EX,89,COLUMN,1C,-10.8,16.15,11.88,15.84,703002,704002,118,63,6.22040418560101,-1.3844981265617775,7.604902312162788,OK
EX,90,COLUMN,1D,-0.8,16.15,11.88,15.84,703003,704003,119,64,-23.03596762652428,0.0,-23.03596762652428,OK
EX,91,COLUMN,2A,-28.3,7.25,11.88,15.84,703004,704004,120,65,-38.63944998025073,-10.770933163917148,-27.86851681633358,OK
EX,92,COLUMN,2B,-20.8,7.25,11.88,15.84,703005,704005,121,66,15.238364866757847,3.3933390732942463,11.8450257934636,OK
EX,93,COLUMN,2C,-10.8,7.25,11.88,15.84,703006,704006,122,67,-0.8038199040494861,4.3445044284451635,-5.148324332494649,OK
EX,94,COLUMN,3B,-20.8,0.0,11.88,15.84,703007,704007,123,68,1.7800135984054275,2.5203489165311885,-0.740335318125761,OK
EX,95,COLUMN,3C,-10.8,0.0,11.88,15.84,703008,704008,124,69,-3.9577248315219262,-2.730069681808302,-1.227655149713624,OK
EX,96,COLUMN,E,0.0,0.0,15.84,19.8,400001,500001,,70,-80.63755762423231,0,-80.63755762423231,OK
EX,97,COLUMN,F,10.0,0.0,15.84,19.8,400101,500101,,71,6.178232148171837,0,6.178232148171837,OK
EX,98,COLUMN,G,20.0,0.0,15.84,19.8,400201,500201,,72,-3.681071815514159,0,-3.681071815514159,OK
EX,99,COLUMN,H,30.0,0.0,15.84,19.8,400301,500301,,73,5.412471370487022,0,5.412471370487022,OK
EX,100,COLUMN,I,40.0,0.0,15.84,19.8,400401,500401,,74,-24.077349700441605,0,-24.077349700441605,OK
EX,101,COLUMN,I_prima,45.0,0.0,15.84,19.8,400451,500451,,75,40.511416057016056,0,40.511416057016056,OK
EX,102,COLUMN,J,50.0,0.0,15.84,19.8,400501,500501,,,-2.835784484447958,0,-2.835784484447958,OK
EX,103,COLUMN,E,0.0,7.25,15.84,19.8,401001,501001,,76,-116.7009263473117,0,-116.7009263473117,OK
EX,104,COLUMN,F,10.0,7.25,15.84,19.8,401101,501101,,77,-5.275348330687348,0,-5.275348330687348,OK
EX,105,COLUMN,G,20.0,7.25,15.84,19.8,401201,501201,,78,0.8194604852559791,0,0.8194604852559791,OK
EX,106,COLUMN,H,30.0,7.25,15.84,19.8,401301,501301,,79,-2.614943752911321,0,-2.614943752911321,OK
EX,107,COLUMN,I,40.0,7.25,15.84,19.8,401401,501401,,80,-24.089877170240477,0,-24.089877170240477,OK
EX,108,COLUMN,I_prima,45.0,7.25,15.84,19.8,401451,501451,,81,41.198792615940825,0,41.198792615940825,OK
EX,109,COLUMN,J,50.0,7.25,15.84,19.8,401501,501501,,,-2.814824283472479,0,-2.814824283472479,OK
EX,110,COLUMN,E,0.0,16.15,15.84,19.8,402001,502001,,82,-4.001633904654281,0,-4.001633904654281,OK
EX,111,COLUMN,F,10.0,16.15,15.84,19.8,402101,502101,,83,1.188672993667242,0,1.188672993667242,OK
EX,112,COLUMN,G,20.0,16.15,15.84,19.8,402201,502201,,84,-2.602135029664466,0,-2.602135029664466,OK
EX,113,COLUMN,H,30.0,16.15,15.84,19.8,402301,502301,,85,3.7854353335780697,0,3.7854353335780697,OK
EX,114,COLUMN,I,40.0,16.15,15.84,19.8,402401,502401,,86,-20.088123831883152,0,-20.088123831883152,OK
EX,115,COLUMN,I_prima,45.0,16.15,15.84,19.8,402451,502451,,87,29.57786238741066,0,29.57786238741066,OK
EX,116,COLUMN,J,50.0,16.15,15.84,19.8,402501,502501,,,-2.710425446276556,0,-2.710425446276556,OK
EX,117,COLUMN,1B,-20.8,16.15,15.84,19.8,704001,705001,,88,2.6575182232274646,0,2.6575182232274646,OK
EX,118,COLUMN,1C,-10.8,16.15,15.84,19.8,704002,705002,,89,-1.3844981265617775,0,-1.3844981265617775,OK
EX,119,COLUMN,1D,-0.8,16.15,15.84,19.8,704003,705003,,90,0.0,0,0.0,OK
EX,120,COLUMN,2A,-28.3,7.25,15.84,19.8,704004,705004,,91,-10.770933163917148,0,-10.770933163917148,OK
EX,121,COLUMN,2B,-20.8,7.25,15.84,19.8,704005,705005,,92,3.3933390732942463,0,3.3933390732942463,OK
EX,122,COLUMN,2C,-10.8,7.25,15.84,19.8,704006,705006,,93,4.3445044284451635,0,4.3445044284451635,OK
EX,123,COLUMN,3B,-20.8,0.0,15.84,19.8,704007,705007,,94,2.5203489165311885,0,2.5203489165311885,OK
EX,124,COLUMN,3C,-10.8,0.0,15.84,19.8,704008,705008,,95,-2.730069681808302,0,-2.730069681808302,OK
EX,355,STEEL_COLUMN_SHS300x20,BEAM_MANUAL,10.0,-4.12,7.92,11.88,900017,900115,,,0.08770834204697783,0,0.08770834204697783,OK
EX,356,STEEL_COLUMN_SHS300x20,BEAM_MANUAL,17.49,-4.12,7.92,11.88,900018,900116,,,-0.08212365171221754,0,-0.08212365171221754,OK
EX,357,STEEL_COLUMN_SHS300x20,BEAM_MANUAL,20.0,-4.12,15.84,19.8,900034,900046,,,-0.21561551586004912,0,-0.21561551586004912,OK
EX,358,STEEL_COLUMN_SHS300x20,BEAM_MANUAL,30.0,-4.12,15.84,19.8,900035,900047,,,-0.029801546403042074,0,-0.029801546403042074,OK
EY,1,COLUMN,E,0.0,0.0,0.0,3.96,1,100001,18,,-200.48612850530878,-925.0319215517709,724.5457930464621,OK
EY,2,COLUMN,F,10.0,0.0,0.0,3.96,101,100101,19,,-30.607800325380076,-87.29045125166135,56.682650926281276,OK
EY,3,COLUMN,G,20.0,0.0,0.0,3.96,201,100201,20,,-73.15535140606696,-73.15535140606694,-1.4210854715202004e-14,OK
EY,4,COLUMN,E,0.0,7.25,0.0,3.96,1001,101001,24,,1162.7520365445948,1268.4236055964395,-105.6715690518447,OK
EY,5,COLUMN,F,10.0,7.25,0.0,3.96,1101,101101,25,,54.12410200423795,51.13384651742495,2.9902554868129982,OK
EY,6,COLUMN,G,20.0,7.25,0.0,3.96,1201,101201,26,,20.12148599903904,20.12148599903904,0.0,OK
EY,7,COLUMN,E,0.0,16.15,0.0,3.96,2001,102001,30,,138.4527880437383,322.4885280656464,-184.03574002190808,OK
EY,8,COLUMN,F,10.0,16.15,0.0,3.96,2101,102101,31,,24.534431642001646,59.57860460007414,-35.044172958072494,OK
EY,9,COLUMN,G,20.0,16.15,0.0,3.96,2201,102201,32,,51.907029166076384,51.907029166076384,0.0,OK
EY,10,COLUMN,1B,-20.8,16.15,0.0,3.96,700001,701001,36,,37.78751400753936,26.383171579318756,11.404342428220602,OK
EY,11,COLUMN,1C,-10.8,16.15,0.0,3.96,700002,701002,37,,43.31824673908843,33.362445159440135,9.955801579648295,OK
EY,12,COLUMN,1D,-0.8,16.15,0.0,3.96,700003,701003,38,,917.4448203744861,321.3201442986948,596.1246760757913,OK
EY,13,COLUMN,2A,-28.3,7.25,0.0,3.96,700004,701004,39,,12.862317768718297,9.42754885382503,3.434768914893267,OK
EY,14,COLUMN,2B,-20.8,7.25,0.0,3.96,700005,701005,40,,9.625440155775117,5.813997228854828,3.8114429269202885,OK
EY,15,COLUMN,2C,-10.8,7.25,0.0,3.96,700006,701006,41,,39.00897795298247,33.21775844043397,5.791219512548501,OK
EY,16,COLUMN,3B,-20.8,0.0,0.0,3.96,700007,701007,42,,-53.18877212176885,-36.81189734849656,-16.37687477327229,OK
EY,17,COLUMN,3C,-10.8,0.0,0.0,3.96,700008,701008,43,,-60.4068445554111,-46.23647311615728,-14.17037143925382,OK
EY,18,COLUMN,E,0.0,0.0,3.96,7.92,100001,200001,44,1,-925.0319215517709,-587.58072389749,-337.4511976542809,OK
EY,19,COLUMN,F,10.0,0.0,3.96,7.92,100101,200101,45,2,-87.29045125166135,-67.64549585285688,-19.64495539880447,OK
EY,20,COLUMN,G,20.0,0.0,3.96,7.92,100201,200201,46,3,-73.15535140606694,-57.306299032445565,-15.849052373621376,OK
EY,21,COLUMN,H,30.0,0.0,3.96,7.92,100301,200301,47,,-83.46101037334219,-63.2273434261829,-20.233666947159293,OK
EY,22,COLUMN,I,40.0,0.0,3.96,7.92,100401,200401,48,,-496.7540440687323,-31.10645590953947,-465.6475881591928,OK
EY,23,COLUMN,I_prima,45.0,0.0,3.96,7.92,100451,200451,49,,-131.083220823532,-107.29393280508215,-23.789288018449852,OK
EY,24,COLUMN,E,0.0,7.25,3.96,7.92,101001,201001,50,4,1268.4236055964395,1029.821714389409,238.60189120703058,OK
EY,25,COLUMN,F,10.0,7.25,3.96,7.92,101101,201101,51,5,51.13384651742495,41.50344435887099,9.630402158553956,OK
EY,26,COLUMN,G,20.0,7.25,3.96,7.92,101201,201201,52,6,20.12148599903904,15.342196745598999,4.779289253440043,OK
EY,27,COLUMN,H,30.0,7.25,3.96,7.92,101301,201301,53,,23.781005982605983,17.65525801567607,6.125747966929914,OK
EY,28,COLUMN,I,40.0,7.25,3.96,7.92,101401,201401,54,,21.652213670835415,16.9748270583949,4.677386612440515,OK
EY,29,COLUMN,I_prima,45.0,7.25,3.96,7.92,101451,201451,55,,25.90741182021684,18.444015186298046,7.463396633918794,OK
EY,30,COLUMN,E,0.0,16.15,3.96,7.92,102001,202001,56,7,322.4885280656464,302.7171680823972,19.77135998324917,OK
EY,31,COLUMN,F,10.0,16.15,3.96,7.92,102101,202101,57,8,59.57860460007414,47.89838171677899,11.680222883295144,OK
EY,32,COLUMN,G,20.0,16.15,3.96,7.92,102201,202201,58,9,51.907029166076384,40.69042082877883,11.216608337297558,OK
EY,33,COLUMN,H,30.0,16.15,3.96,7.92,102301,202301,59,,40.95078031211134,45.73152980442464,-4.780749492313298,OK
EY,34,COLUMN,I,40.0,16.15,3.96,7.92,102401,202401,60,,483.48654592594653,16.87732799960774,466.6092179263388,OK
EY,35,COLUMN,I_prima,45.0,16.15,3.96,7.92,102451,202451,61,,60.467268894852054,84.06742052255854,-23.60015162770648,OK
EY,36,COLUMN,1B,-20.8,16.15,3.96,7.92,701001,702001,62,10,26.383171579318756,15.889128946044478,10.494042633274278,OK
EY,37,COLUMN,1C,-10.8,16.15,3.96,7.92,701002,702002,63,11,33.362445159440135,22.230229952680194,11.132215206759941,OK
EY,38,COLUMN,1D,-0.8,16.15,3.96,7.92,701003,702003,64,12,321.3201442986948,-19.101634297743683,340.42177859643846,OK
EY,39,COLUMN,2A,-28.3,7.25,3.96,7.92,701004,702004,65,13,9.42754885382503,6.392413217686238,3.035135636138792,OK
EY,40,COLUMN,2B,-20.8,7.25,3.96,7.92,701005,702005,66,14,5.813997228854828,2.4559269078713784,3.3580703209834497,OK
EY,41,COLUMN,2C,-10.8,7.25,3.96,7.92,701006,702006,67,15,33.21775844043397,24.99311978542745,8.224638655006519,OK
EY,42,COLUMN,3B,-20.8,0.0,3.96,7.92,701007,702007,68,16,-36.81189734849656,-21.915650294440045,-14.896247054056513,OK
EY,43,COLUMN,3C,-10.8,0.0,3.96,7.92,701008,702008,69,17,-46.23647311615728,-30.285866729854266,-15.950606386303011,OK
EY,44,COLUMN,E,0.0,0.0,7.92,11.88,200001,300001,70,18,-587.58072389749,-37.68071371310883,-549.9000101843811,OK
EY,45,COLUMN,F,10.0,0.0,7.92,11.88,200101,300101,71,19,-67.64549585285688,-46.73655158153862,-20.908944271318262,OK
EY,46,COLUMN,G,20.0,0.0,7.92,11.88,200201,300201,72,20,-57.306299032445565,-37.878668259982824,-19.42763077246274,OK
EY,47,COLUMN,H,30.0,0.0,7.92,11.88,200301,300301,73,21,-63.2273434261829,-41.352219181834286,-21.875124244348612,OK
EY,48,COLUMN,I,40.0,0.0,7.92,11.88,200401,300401,74,22,-31.10645590953947,-16.520091889067686,-14.586364020471784,OK
EY,49,COLUMN,I_prima,45.0,0.0,7.92,11.88,200451,300451,75,23,-107.29393280508215,-83.17458821051282,-24.119344594569327,OK
EY,50,COLUMN,E,0.0,7.25,7.92,11.88,201001,301001,76,24,1029.821714389409,605.0465770678368,424.7751373215722,OK
EY,51,COLUMN,F,10.0,7.25,7.92,11.88,201101,301101,77,25,41.50344435887099,29.107414590346213,12.39602976852478,OK
EY,52,COLUMN,G,20.0,7.25,7.92,11.88,201201,301201,78,26,15.342196745598999,9.543576765948522,5.798619979650477,OK
EY,53,COLUMN,H,30.0,7.25,7.92,11.88,201301,301301,79,27,17.65525801567607,11.339617372641635,6.315640643034433,OK
EY,54,COLUMN,I,40.0,7.25,7.92,11.88,201401,301401,80,28,16.9748270583949,10.460249510651897,6.514577547743004,OK
EY,55,COLUMN,I_prima,45.0,7.25,7.92,11.88,201451,301451,81,29,18.444015186298046,13.47616078156567,4.9678544047323765,OK
EY,56,COLUMN,E,0.0,16.15,7.92,11.88,202001,302001,82,30,302.7171680823972,275.9237630246239,26.793405057773327,OK
EY,57,COLUMN,F,10.0,16.15,7.92,11.88,202101,302101,83,31,47.89838171677899,31.970198265259118,15.928183451519875,OK
EY,58,COLUMN,G,20.0,16.15,7.92,11.88,202201,302201,84,32,40.69042082877883,26.918322877496102,13.772097951282724,OK
EY,59,COLUMN,H,30.0,16.15,7.92,11.88,202301,302301,85,33,45.73152980442464,30.13509797197187,15.596431832452769,OK
EY,60,COLUMN,I,40.0,16.15,7.92,11.88,202401,302401,86,34,16.87732799960774,7.816476907399912,9.060851092207827,OK
EY,61,COLUMN,I_prima,45.0,16.15,7.92,11.88,202451,302451,87,35,84.06742052255854,66.50110653713979,17.566313985418745,OK
EY,62,COLUMN,1B,-20.8,16.15,7.92,11.88,702001,703001,88,36,15.889128946044478,6.162112087191554,9.727016858852924,OK
EY,63,COLUMN,1C,-10.8,16.15,7.92,11.88,702002,703002,89,37,22.230229952680194,11.802319004846762,10.427910947833432,OK
EY,64,COLUMN,1D,-0.8,16.15,7.92,11.88,702003,703003,90,38,-19.101634297743683,-136.449370108621,117.34773581087731,OK
EY,65,COLUMN,2A,-28.3,7.25,7.92,11.88,702004,703004,91,39,6.392413217686238,3.199139990223365,3.1932732274628735,OK
EY,66,COLUMN,2B,-20.8,7.25,7.92,11.88,702005,703005,92,40,2.4559269078713784,-0.1869039320469849,2.6428308399183633,OK
EY,67,COLUMN,2C,-10.8,7.25,7.92,11.88,702006,703006,93,41,24.99311978542745,15.575373648181888,9.417746137245562,OK
EY,68,COLUMN,3B,-20.8,0.0,7.92,11.88,702007,703007,94,42,-21.915650294440045,-8.392442503377808,-13.523207791062237,OK
EY,69,COLUMN,3C,-10.8,0.0,7.92,11.88,702008,703008,95,43,-30.285866729854266,-14.81894875363263,-15.466917976221636,OK
EY,70,COLUMN,E,0.0,0.0,11.88,15.84,300001,400001,96,44,-37.68071371310883,-316.90857588201897,279.2278621689101,OK
EY,71,COLUMN,F,10.0,0.0,11.88,15.84,300101,400101,97,45,-46.73655158153862,-20.93767953520116,-25.79887204633746,OK
EY,72,COLUMN,G,20.0,0.0,11.88,15.84,300201,400201,98,46,-37.878668259982824,-17.766200071526523,-20.1124681884563,OK
EY,73,COLUMN,H,30.0,0.0,11.88,15.84,300301,400301,99,47,-41.352219181834286,-19.826114518640463,-21.526104663193824,OK
EY,74,COLUMN,I,40.0,0.0,11.88,15.84,300401,400401,100,48,-16.520091889067686,-11.522834449775019,-4.997257439292667,OK
EY,75,COLUMN,I_prima,45.0,0.0,11.88,15.84,300451,400451,101,49,-83.17458821051282,-41.66071066859436,-41.51387754191846,OK
EY,76,COLUMN,E,0.0,7.25,11.88,15.84,301001,401001,103,50,605.0465770678368,209.4448533022252,395.6017237656116,OK
EY,77,COLUMN,F,10.0,7.25,11.88,15.84,301101,401101,104,51,29.107414590346213,14.601460868400308,14.505953721945906,OK
EY,78,COLUMN,G,20.0,7.25,11.88,15.84,301201,401201,105,52,9.543576765948522,3.816997462984436,5.726579302964087,OK
EY,79,COLUMN,H,30.0,7.25,11.88,15.84,301301,401301,106,53,11.339617372641635,5.489604171167833,5.850013201473803,OK
EY,80,COLUMN,I,40.0,7.25,11.88,15.84,301401,401401,107,54,10.460249510651897,5.2289063265532825,5.231343184098614,OK
EY,81,COLUMN,I_prima,45.0,7.25,11.88,15.84,301451,401451,108,55,13.47616078156567,7.335744315768345,6.140416465797324,OK
EY,82,COLUMN,E,0.0,16.15,11.88,15.84,302001,402001,110,56,275.9237630246239,26.664916040803252,249.25884698382063,OK
EY,83,COLUMN,F,10.0,16.15,11.88,15.84,302101,402101,111,57,31.970198265259118,15.808891028969308,16.161307236289808,OK
EY,84,COLUMN,G,20.0,16.15,11.88,15.84,302201,402201,112,58,26.918322877496102,13.038652273007619,13.879670604488483,OK
EY,85,COLUMN,H,30.0,16.15,11.88,15.84,302301,402301,113,59,30.13509797197187,15.644982076181984,14.490115895789886,OK
EY,86,COLUMN,I,40.0,16.15,11.88,15.84,302401,402401,114,60,7.816476907399912,6.620505067160186,1.195971840239726,OK
EY,87,COLUMN,I_prima,45.0,16.15,11.88,15.84,302451,402451,115,61,66.50110653713979,33.339771906450565,33.161334630689225,OK
EY,88,COLUMN,1B,-20.8,16.15,11.88,15.84,703001,704001,117,62,6.162112087191554,0.7442755475455417,5.417836539646013,OK
EY,89,COLUMN,1C,-10.8,16.15,11.88,15.84,703002,704002,118,63,11.802319004846762,3.910572277995378,7.891746726851384,OK
EY,90,COLUMN,1D,-0.8,16.15,11.88,15.84,703003,704003,119,64,-136.449370108621,0.0,-136.449370108621,OK
EY,91,COLUMN,2A,-28.3,7.25,11.88,15.84,703004,704004,120,65,3.199139990223365,0.8814575565260134,2.3176824336973514,OK
EY,92,COLUMN,2B,-20.8,7.25,11.88,15.84,703005,704005,121,66,-0.1869039320469849,-1.0977296650975372,0.9108257330505523,OK
EY,93,COLUMN,2C,-10.8,7.25,11.88,15.84,703006,704006,122,67,15.575373648181888,6.625802798389795,8.949570849792092,OK
EY,94,COLUMN,3B,-20.8,0.0,11.88,15.84,703007,704007,123,68,-8.392442503377808,-0.6457030036141216,-7.746739499763686,OK
EY,95,COLUMN,3C,-10.8,0.0,11.88,15.84,703008,704008,124,69,-14.81894875363263,-5.99034991193013,-8.828598841702501,OK
EY,96,COLUMN,E,0.0,0.0,15.84,19.8,400001,500001,,70,-316.90857588201897,0,-316.90857588201897,OK
EY,97,COLUMN,F,10.0,0.0,15.84,19.8,400101,500101,,71,-20.93767953520116,0,-20.93767953520116,OK
EY,98,COLUMN,G,20.0,0.0,15.84,19.8,400201,500201,,72,-17.766200071526523,0,-17.766200071526523,OK
EY,99,COLUMN,H,30.0,0.0,15.84,19.8,400301,500301,,73,-19.826114518640463,0,-19.826114518640463,OK
EY,100,COLUMN,I,40.0,0.0,15.84,19.8,400401,500401,,74,-11.522834449775019,0,-11.522834449775019,OK
EY,101,COLUMN,I_prima,45.0,0.0,15.84,19.8,400451,500451,,75,-41.66071066859436,0,-41.66071066859436,OK
EY,102,COLUMN,J,50.0,0.0,15.84,19.8,400501,500501,,,0.1284299959992733,0,0.1284299959992733,OK
EY,103,COLUMN,E,0.0,7.25,15.84,19.8,401001,501001,,76,209.4448533022252,0,209.4448533022252,OK
EY,104,COLUMN,F,10.0,7.25,15.84,19.8,401101,501101,,77,14.601460868400308,0,14.601460868400308,OK
EY,105,COLUMN,G,20.0,7.25,15.84,19.8,401201,501201,,78,3.816997462984436,0,3.816997462984436,OK
EY,106,COLUMN,H,30.0,7.25,15.84,19.8,401301,501301,,79,5.489604171167833,0,5.489604171167833,OK
EY,107,COLUMN,I,40.0,7.25,15.84,19.8,401401,501401,,80,5.2289063265532825,0,5.2289063265532825,OK
EY,108,COLUMN,I_prima,45.0,7.25,15.84,19.8,401451,501451,,81,7.335744315768345,0,7.335744315768345,OK
EY,109,COLUMN,J,50.0,7.25,15.84,19.8,401501,501501,,,0.12527665740244934,0,0.12527665740244934,OK
EY,110,COLUMN,E,0.0,16.15,15.84,19.8,402001,502001,,82,26.664916040803252,0,26.664916040803252,OK
EY,111,COLUMN,F,10.0,16.15,15.84,19.8,402101,502101,,83,15.808891028969308,0,15.808891028969308,OK
EY,112,COLUMN,G,20.0,16.15,15.84,19.8,402201,502201,,84,13.038652273007619,0,13.038652273007619,OK
EY,113,COLUMN,H,30.0,16.15,15.84,19.8,402301,502301,,85,15.644982076181984,0,15.644982076181984,OK
EY,114,COLUMN,I,40.0,16.15,15.84,19.8,402401,502401,,86,6.620505067160186,0,6.620505067160186,OK
EY,115,COLUMN,I_prima,45.0,16.15,15.84,19.8,402451,502451,,87,33.339771906450565,0,33.339771906450565,OK
EY,116,COLUMN,J,50.0,16.15,15.84,19.8,402501,502501,,,-0.05469007260712001,0,-0.05469007260712001,OK
EY,117,COLUMN,1B,-20.8,16.15,15.84,19.8,704001,705001,,88,0.7442755475455417,0,0.7442755475455417,OK
EY,118,COLUMN,1C,-10.8,16.15,15.84,19.8,704002,705002,,89,3.910572277995378,0,3.910572277995378,OK
EY,119,COLUMN,1D,-0.8,16.15,15.84,19.8,704003,705003,,90,0.0,0,0.0,OK
EY,120,COLUMN,2A,-28.3,7.25,15.84,19.8,704004,705004,,91,0.8814575565260134,0,0.8814575565260134,OK
EY,121,COLUMN,2B,-20.8,7.25,15.84,19.8,704005,705005,,92,-1.0977296650975372,0,-1.0977296650975372,OK
EY,122,COLUMN,2C,-10.8,7.25,15.84,19.8,704006,705006,,93,6.625802798389795,0,6.625802798389795,OK
EY,123,COLUMN,3B,-20.8,0.0,15.84,19.8,704007,705007,,94,-0.6457030036141216,0,-0.6457030036141216,OK
EY,124,COLUMN,3C,-10.8,0.0,15.84,19.8,704008,705008,,95,-5.99034991193013,0,-5.99034991193013,OK
EY,355,STEEL_COLUMN_SHS300x20,BEAM_MANUAL,10.0,-4.12,7.92,11.88,900017,900115,,,-1.7381364313104177,0,-1.7381364313104177,OK
EY,356,STEEL_COLUMN_SHS300x20,BEAM_MANUAL,17.49,-4.12,7.92,11.88,900018,900116,,,-0.03895245910373963,0,-0.03895245910373963,OK
EY,357,STEEL_COLUMN_SHS300x20,BEAM_MANUAL,20.0,-4.12,15.84,19.8,900034,900046,,,-0.43153540771699034,0,-0.43153540771699034,OK
EY,358,STEEL_COLUMN_SHS300x20,BEAM_MANUAL,30.0,-4.12,15.84,19.8,900035,900047,,,-1.126902778029488,0,-1.126902778029488,OK
R,1,COLUMN,E,0.0,0.0,0.0,3.96,1,100001,18,,964.2731679783097,2176.6005802378736,-1212.327412259564,OK
R,2,COLUMN,F,10.0,0.0,0.0,3.96,101,100101,19,,1574.762128770996,4382.8956460516965,-2808.1335172807003,OK
R,3,COLUMN,G,20.0,0.0,0.0,3.96,201,100201,20,,5313.669526294327,5256.583055314326,57.08647098000074,OK
R,4,COLUMN,E,0.0,7.25,0.0,3.96,1001,101001,24,,2006.963887769284,1585.7309791905934,421.2329085786905,OK
R,5,COLUMN,F,10.0,7.25,0.0,3.96,1101,101101,25,,5635.921579626127,5002.996133529068,632.9254460970587,OK
R,6,COLUMN,G,20.0,7.25,0.0,3.96,1201,101201,26,,5671.007892660536,5613.921421680535,57.08647098000074,OK
R,7,COLUMN,E,0.0,16.15,0.0,3.96,2001,102001,30,,1191.0321596417134,1892.4598959301811,-701.4277362884677,OK
R,8,COLUMN,F,10.0,16.15,0.0,3.96,2101,102101,31,,1598.4008803496154,3780.863828756921,-2182.4629484073057,OK
R,9,COLUMN,G,20.0,16.15,0.0,3.96,2201,102201,32,,4025.5569312087177,3968.4704602287175,57.086470980000286,OK
R,10,COLUMN,1B,-20.8,16.15,0.0,3.96,700001,701001,36,,5191.7453950591425,4079.4708578571003,1112.2745372020422,OK
R,11,COLUMN,1C,-10.8,16.15,0.0,3.96,700002,701002,37,,5297.482567470448,4193.75845888596,1103.724108584488,OK
R,12,COLUMN,1D,-0.8,16.15,0.0,3.96,700003,701003,38,,524.0777141130105,643.2614793188678,-119.1837652058573,OK
R,13,COLUMN,2A,-28.3,7.25,0.0,3.96,700004,701004,39,,5650.486188320821,4417.87166119877,1232.6145271220512,OK
R,14,COLUMN,2B,-20.8,7.25,0.0,3.96,700005,701005,40,,6860.354747159218,5389.420532184645,1470.9342149745735,OK
R,15,COLUMN,2C,-10.8,7.25,0.0,3.96,700006,701006,41,,7378.854807600655,5774.698193024379,1604.1566145762754,OK
R,16,COLUMN,3B,-20.8,0.0,0.0,3.96,700007,701007,42,,4152.910464178037,3272.0320941430614,880.8783700349754,OK
R,17,COLUMN,3C,-10.8,0.0,0.0,3.96,700008,701008,43,,4295.996271927772,3394.420709605596,901.5755623221758,OK
R,18,COLUMN,E,0.0,0.0,3.96,7.92,100001,200001,44,1,2176.6005802378736,1318.5637217758106,858.036858462063,OK
R,19,COLUMN,F,10.0,0.0,3.96,7.92,100101,200101,45,2,4382.8956460516965,3157.7517401158216,1225.143905935875,OK
R,20,COLUMN,G,20.0,0.0,3.96,7.92,100201,200201,46,3,5256.583055314326,4193.624121841102,1062.9589334732236,OK
R,21,COLUMN,H,30.0,0.0,3.96,7.92,100301,200301,47,,4906.190274166582,4092.926978335783,813.2632958307986,OK
R,22,COLUMN,I,40.0,0.0,3.96,7.92,100401,200401,48,,1840.9125903074894,2029.5753491930514,-188.66275888556197,OK
R,23,COLUMN,I_prima,45.0,0.0,3.96,7.92,100451,200451,49,,2723.1592144046585,2367.943146903464,355.21606750119463,OK
R,24,COLUMN,E,0.0,7.25,3.96,7.92,101001,201001,50,4,1585.7309791905934,1131.150211712118,454.5807674784753,OK
R,25,COLUMN,F,10.0,7.25,3.96,7.92,101101,201101,51,5,5002.996133529068,3790.0294647214732,1212.966668807595,OK
R,26,COLUMN,G,20.0,7.25,3.96,7.92,101201,201201,52,6,5613.921421680535,4171.250121494739,1442.671300185796,OK
R,27,COLUMN,H,30.0,7.25,3.96,7.92,101301,201301,53,,5767.939865668744,4301.41332099912,1466.526544669624,OK
R,28,COLUMN,I,40.0,7.25,3.96,7.92,101401,201401,54,,4086.4173447899757,2991.6609381471535,1094.7564066428222,OK
R,29,COLUMN,I_prima,45.0,7.25,3.96,7.92,101451,201451,55,,3877.710014971849,3361.5218685561413,516.1881464157077,OK
R,30,COLUMN,E,0.0,16.15,3.96,7.92,102001,202001,56,7,1892.4598959301811,866.5152471286104,1025.9446488015706,OK
R,31,COLUMN,F,10.0,16.15,3.96,7.92,102101,202101,57,8,3780.863828756921,2856.968621221496,923.895207535425,OK
R,32,COLUMN,G,20.0,16.15,3.96,7.92,102201,202201,58,9,3968.4704602287175,2992.2643988539157,976.2060613748017,OK
R,33,COLUMN,H,30.0,16.15,3.96,7.92,102301,202301,59,,1894.0179164980236,3078.523942579489,-1184.5060260814653,OK
R,34,COLUMN,I,40.0,16.15,3.96,7.92,102401,202401,60,,1697.1419219552643,2075.6646781286663,-378.52275617340206,OK
R,35,COLUMN,I_prima,45.0,16.15,3.96,7.92,102451,202451,61,,2602.112721358469,2477.0375598588,125.07516149966932,OK
R,36,COLUMN,1B,-20.8,16.15,3.96,7.92,701001,702001,62,10,4079.4708578571003,2970.159496034168,1109.3113618229322,OK
R,37,COLUMN,1C,-10.8,16.15,3.96,7.92,701002,702002,63,11,4193.75845888596,3072.651328461031,1121.107130424929,OK
R,38,COLUMN,1D,-0.8,16.15,3.96,7.92,701003,702003,64,12,643.2614793188678,785.5831534979229,-142.3216741790551,OK
R,39,COLUMN,2A,-28.3,7.25,3.96,7.92,701004,702004,65,13,4417.87166119877,3204.4959167881093,1213.375744410661,OK
R,40,COLUMN,2B,-20.8,7.25,3.96,7.92,701005,702005,66,14,5389.420532184645,3928.200090286387,1461.2204418982578,OK
R,41,COLUMN,2C,-10.8,7.25,3.96,7.92,701006,702006,67,15,5774.698193024379,4202.384640021374,1572.313553003005,OK
R,42,COLUMN,3B,-20.8,0.0,3.96,7.92,701007,702007,68,16,3272.0320941430614,2386.4536468065985,885.5784473364629,OK
R,43,COLUMN,3C,-10.8,0.0,3.96,7.92,701008,702008,69,17,3394.420709605596,2490.9015775512125,903.5191320543836,OK
R,44,COLUMN,E,0.0,0.0,7.92,11.88,200001,300001,70,18,1318.5637217758106,487.47418189352436,831.0895398822862,OK
R,45,COLUMN,F,10.0,0.0,7.92,11.88,200101,300101,71,19,3157.7517401158216,1946.3954275194417,1211.35631259638,OK
R,46,COLUMN,G,20.0,0.0,7.92,11.88,200201,300201,72,20,4193.624121841102,2855.33628410559,1338.2878377355123,OK
R,47,COLUMN,H,30.0,0.0,7.92,11.88,200301,300301,73,21,4092.926978335783,3000.4403259293704,1092.4866524064128,OK
R,48,COLUMN,I,40.0,0.0,7.92,11.88,200401,300401,74,22,2029.5753491930514,1398.0036422248813,631.57170696817,OK
R,49,COLUMN,I_prima,45.0,0.0,7.92,11.88,200451,300451,75,23,2367.943146903464,2052.13656586051,315.8065810429539,OK
R,50,COLUMN,E,0.0,7.25,7.92,11.88,201001,301001,76,24,1131.150211712118,804.2594593607303,326.89075235138785,OK
R,51,COLUMN,F,10.0,7.25,7.92,11.88,201101,301101,77,25,3790.0294647214732,2586.4528408818974,1203.5766238395759,OK
R,52,COLUMN,G,20.0,7.25,7.92,11.88,201201,301201,78,26,4171.250121494739,2759.2109921557544,1412.0391293389844,OK
R,53,COLUMN,H,30.0,7.25,7.92,11.88,201301,301301,79,27,4301.41332099912,2867.577996889751,1433.8353241093687,OK
R,54,COLUMN,I,40.0,7.25,7.92,11.88,201401,301401,80,28,2991.6609381471535,1897.7447742438756,1093.916163903278,OK
R,55,COLUMN,I_prima,45.0,7.25,7.92,11.88,201451,301451,81,29,3361.5218685561413,2866.3172125843375,495.20465597180373,OK
R,56,COLUMN,E,0.0,16.15,7.92,11.88,202001,302001,82,30,866.5152471286104,-168.44655583877417,1034.9618029673845,OK
R,57,COLUMN,F,10.0,16.15,7.92,11.88,202101,302101,83,31,2856.968621221496,1938.4924317113125,918.4761895101835,OK
R,58,COLUMN,G,20.0,16.15,7.92,11.88,202201,302201,84,32,2992.2643988539157,2015.8901543654433,976.3742444884724,OK
R,59,COLUMN,H,30.0,16.15,7.92,11.88,202301,302301,85,33,3078.523942579489,2072.6254072869524,1005.8985352925365,OK
R,60,COLUMN,I,40.0,16.15,7.92,11.88,202401,302401,86,34,2075.6646781286663,1328.2922769309293,747.372401197737,OK
R,61,COLUMN,I_prima,45.0,16.15,7.92,11.88,202451,302451,87,35,2477.0375598588,2127.633527423168,349.40403243563196,OK
R,62,COLUMN,1B,-20.8,16.15,7.92,11.88,702001,703001,88,36,2970.159496034168,1861.7255587691363,1108.4339372650318,OK
R,63,COLUMN,1C,-10.8,16.15,7.92,11.88,702002,703002,89,37,3072.651328461031,1950.333733998019,1122.317594463012,OK
R,64,COLUMN,1D,-0.8,16.15,7.92,11.88,702003,703003,90,38,785.5831534979229,1172.0534048496988,-386.4702513517759,OK
R,65,COLUMN,2A,-28.3,7.25,7.92,11.88,702004,703004,91,39,3204.4959167881093,2007.7236289708896,1196.7722878172196,OK
R,66,COLUMN,2B,-20.8,7.25,7.92,11.88,702005,703005,92,40,3928.200090286387,2470.631822237614,1457.568268048773,OK
R,67,COLUMN,2C,-10.8,7.25,7.92,11.88,702006,703006,93,41,4202.384640021374,2645.214390395835,1557.1702496255393,OK
R,68,COLUMN,3B,-20.8,0.0,7.92,11.88,702007,703007,94,42,2386.4536468065985,1498.0028820178004,888.4507647887981,OK
R,69,COLUMN,3C,-10.8,0.0,7.92,11.88,702008,703008,95,43,2490.9015775512125,1586.189499532405,904.7120780188075,OK
R,70,COLUMN,E,0.0,0.0,11.88,15.84,300001,400001,96,44,487.47418189352436,585.6980912963634,-98.22390940283901,OK
R,71,COLUMN,F,10.0,0.0,11.88,15.84,300101,400101,97,45,1946.3954275194417,979.9780060367399,966.4174214827018,OK
R,72,COLUMN,G,20.0,0.0,11.88,15.84,300201,400201,98,46,2855.33628410559,1660.0581867368019,1195.2780973687882,OK
R,73,COLUMN,H,30.0,0.0,11.88,15.84,300301,400301,99,47,3000.4403259293704,1776.198628417795,1224.2416975115755,OK
R,74,COLUMN,I,40.0,0.0,11.88,15.84,300401,400401,100,48,1398.0036422248813,898.8254110118322,499.1782312130491,OK
R,75,COLUMN,I_prima,45.0,0.0,11.88,15.84,300451,400451,101,49,2052.13656586051,1057.4917090518645,994.6448568086455,OK
R,76,COLUMN,E,0.0,7.25,11.88,15.84,301001,401001,103,50,804.2594593607303,485.52869456575235,318.7307647949779,OK
R,77,COLUMN,F,10.0,7.25,11.88,15.84,301101,401101,104,51,2586.4528408818974,1362.1779343389005,1224.2749065429969,OK
R,78,COLUMN,G,20.0,7.25,11.88,15.84,301201,401201,105,52,2759.2109921557544,1452.3445943307788,1306.8663978249756,OK
R,79,COLUMN,H,30.0,7.25,11.88,15.84,301301,401301,106,53,2867.577996889751,1537.9463017537782,1329.6316951359727,OK
R,80,COLUMN,I,40.0,7.25,11.88,15.84,301401,401401,107,54,1897.7447742438756,1025.5201499712896,872.224624272586,OK
R,81,COLUMN,I_prima,45.0,7.25,11.88,15.84,301451,401451,108,55,2866.3172125843375,1442.9545229887437,1423.3626895955938,OK
R,82,COLUMN,E,0.0,16.15,11.88,15.84,302001,402001,110,56,-168.44655583877417,967.8456228068198,-1136.292178645594,OK
R,83,COLUMN,F,10.0,16.15,11.88,15.84,302101,402101,111,57,1938.4924317113125,998.5957343632034,939.8966973481091,OK
R,84,COLUMN,G,20.0,16.15,11.88,15.84,302201,402201,112,58,2015.8901543654433,1064.3676139646552,951.5225404007881,OK
R,85,COLUMN,H,30.0,16.15,11.88,15.84,302301,402301,113,59,2072.6254072869524,1087.1147969546141,985.5106103323383,OK
R,86,COLUMN,I,40.0,16.15,11.88,15.84,302401,402401,114,60,1328.2922769309293,697.3362511763422,630.9560257545871,OK
R,87,COLUMN,I_prima,45.0,16.15,11.88,15.84,302451,402451,115,61,2127.633527423168,1057.424068461266,1070.2094589619019,OK
R,88,COLUMN,1B,-20.8,16.15,11.88,15.84,703001,704001,117,62,1861.7255587691363,756.8045010789536,1104.9210576901828,OK
R,89,COLUMN,1C,-10.8,16.15,11.88,15.84,703002,704002,118,63,1950.333733998019,878.213264789633,1072.120469208386,OK
R,90,COLUMN,1D,-0.8,16.15,11.88,15.84,703003,704003,119,64,1172.0534048496988,28.543235490000086,1143.5101693596987,OK
R,91,COLUMN,2A,-28.3,7.25,11.88,15.84,703004,704004,120,65,2007.7236289708896,814.1539706305041,1193.5696583403856,OK
R,92,COLUMN,2B,-20.8,7.25,11.88,15.84,703005,704005,121,66,2470.631822237614,1022.4681015779945,1448.1637206596195,OK
R,93,COLUMN,2C,-10.8,7.25,11.88,15.84,703006,704006,122,67,2645.214390395835,1102.5842297408246,1542.6301606550103,OK
R,94,COLUMN,3B,-20.8,0.0,11.88,15.84,703007,704007,123,68,1498.0028820178004,607.1705971339949,890.8322848838055,OK
R,95,COLUMN,3C,-10.8,0.0,11.88,15.84,703008,704008,124,69,1586.189499532405,682.0299943378094,904.1595051945957,OK
R,96,COLUMN,E,0.0,0.0,15.84,19.8,400001,500001,,70,585.6980912963634,0,585.6980912963634,OK
R,97,COLUMN,F,10.0,0.0,15.84,19.8,400101,500101,,71,979.9780060367399,0,979.9780060367399,OK
R,98,COLUMN,G,20.0,0.0,15.84,19.8,400201,500201,,72,1660.0581867368019,0,1660.0581867368019,OK
R,99,COLUMN,H,30.0,0.0,15.84,19.8,400301,500301,,73,1776.198628417795,0,1776.198628417795,OK
R,100,COLUMN,I,40.0,0.0,15.84,19.8,400401,500401,,74,898.8254110118322,0,898.8254110118322,OK
R,101,COLUMN,I_prima,45.0,0.0,15.84,19.8,400451,500451,,75,1057.4917090518645,0,1057.4917090518645,OK
R,102,COLUMN,J,50.0,0.0,15.84,19.8,400501,500501,,,57.91455975243889,0,57.91455975243889,OK
R,103,COLUMN,E,0.0,7.25,15.84,19.8,401001,501001,,76,485.52869456575235,0,485.52869456575235,OK
R,104,COLUMN,F,10.0,7.25,15.84,19.8,401101,501101,,77,1362.1779343389005,0,1362.1779343389005,OK
R,105,COLUMN,G,20.0,7.25,15.84,19.8,401201,501201,,78,1452.3445943307788,0,1452.3445943307788,OK
R,106,COLUMN,H,30.0,7.25,15.84,19.8,401301,501301,,79,1537.9463017537782,0,1537.9463017537782,OK
R,107,COLUMN,I,40.0,7.25,15.84,19.8,401401,501401,,80,1025.5201499712896,0,1025.5201499712896,OK
R,108,COLUMN,I_prima,45.0,7.25,15.84,19.8,401451,501451,,81,1442.9545229887437,0,1442.9545229887437,OK
R,109,COLUMN,J,50.0,7.25,15.84,19.8,401501,501501,,,86.48859956561782,0,86.48859956561782,OK
R,110,COLUMN,E,0.0,16.15,15.84,19.8,402001,502001,,82,967.8456228068198,0,967.8456228068198,OK
R,111,COLUMN,F,10.0,16.15,15.84,19.8,402101,502101,,83,998.5957343632034,0,998.5957343632034,OK
R,112,COLUMN,G,20.0,16.15,15.84,19.8,402201,502201,,84,1064.3676139646552,0,1064.3676139646552,OK
R,113,COLUMN,H,30.0,16.15,15.84,19.8,402301,502301,,85,1087.1147969546141,0,1087.1147969546141,OK
R,114,COLUMN,I,40.0,16.15,15.84,19.8,402401,502401,,86,697.3362511763422,0,697.3362511763422,OK
R,115,COLUMN,I_prima,45.0,16.15,15.84,19.8,402451,502451,,87,1057.424068461266,0,1057.424068461266,OK
R,116,COLUMN,J,50.0,16.15,15.84,19.8,402501,502501,,,55.23768792944779,0,55.23768792944779,OK
R,117,COLUMN,1B,-20.8,16.15,15.84,19.8,704001,705001,,88,756.8045010789536,0,756.8045010789536,OK
R,118,COLUMN,1C,-10.8,16.15,15.84,19.8,704002,705002,,89,878.213264789633,0,878.213264789633,OK
R,119,COLUMN,1D,-0.8,16.15,15.84,19.8,704003,705003,,90,28.543235490000086,0,28.543235490000086,OK
R,120,COLUMN,2A,-28.3,7.25,15.84,19.8,704004,705004,,91,814.1539706305041,0,814.1539706305041,OK
R,121,COLUMN,2B,-20.8,7.25,15.84,19.8,704005,705005,,92,1022.4681015779945,0,1022.4681015779945,OK
R,122,COLUMN,2C,-10.8,7.25,15.84,19.8,704006,705006,,93,1102.5842297408246,0,1102.5842297408246,OK
R,123,COLUMN,3B,-20.8,0.0,15.84,19.8,704007,705007,,94,607.1705971339949,0,607.1705971339949,OK
R,124,COLUMN,3C,-10.8,0.0,15.84,19.8,704008,705008,,95,682.0299943378094,0,682.0299943378094,OK
R,355,STEEL_COLUMN_SHS300x20,BEAM_MANUAL,10.0,-4.12,7.92,11.88,900017,900115,,,14.13580968088952,0,14.13580968088952,OK
R,356,STEEL_COLUMN_SHS300x20,BEAM_MANUAL,17.49,-4.12,7.92,11.88,900018,900116,,,7.512727817060465,0,7.512727817060465,OK
R,357,STEEL_COLUMN_SHS300x20,BEAM_MANUAL,20.0,-4.12,15.84,19.8,900034,900046,,,34.52694946093851,0,34.52694946093851,OK
R,358,STEEL_COLUMN_SHS300x20,BEAM_MANUAL,30.0,-4.12,15.84,19.8,900035,900047,,,34.954751325499046,0,34.954751325499046,OK
EXG,1,COLUMN,E,0.0,0.0,0.0,3.96,1,100001,18,,13.035194985019134,300.77495728635427,-287.73976230133513,OK
EXG,2,COLUMN,F,10.0,0.0,0.0,3.96,101,100101,19,,7.403920454169607,9.660833460523968,-2.2569130063543605,OK
EXG,3,COLUMN,G,20.0,0.0,0.0,3.96,201,100201,20,,2.5674671549552124,2.567467154955212,4.440892098500626e-16,OK
EXG,4,COLUMN,E,0.0,7.25,0.0,3.96,1001,101001,24,,98.59793368854707,161.65792366514503,-63.05998997659796,OK
EXG,5,COLUMN,F,10.0,7.25,0.0,3.96,1101,101101,25,,13.525178810678199,8.821002442365987,4.704176368312211,OK
EXG,6,COLUMN,G,20.0,7.25,0.0,3.96,1201,101201,26,,-1.4550850609996022,-1.4550850609996024,2.220446049250313e-16,OK
EXG,7,COLUMN,E,0.0,16.15,0.0,3.96,2001,102001,30,,16.986809518507776,19.789844583584415,-2.8030350650766387,OK
EXG,8,COLUMN,F,10.0,16.15,0.0,3.96,2101,102101,31,,3.41824721716528,-0.1978383276545712,3.6160855448198514,OK
EXG,9,COLUMN,G,20.0,16.15,0.0,3.96,2201,102201,32,,-6.805833543745475,-6.805833543745475,0.0,OK
EXG,10,COLUMN,1B,-20.8,16.15,0.0,3.96,700001,701001,36,,-1.3870994157513385,-0.6316965320070606,-0.755402883744278,OK
EXG,11,COLUMN,1C,-10.8,16.15,0.0,3.96,700002,701002,37,,11.181815951555025,6.488154691614608,4.693661259940417,OK
EXG,12,COLUMN,1D,-0.8,16.15,0.0,3.96,700003,701003,38,,-14.005341470777447,-14.721172640299564,0.7158311695221169,OK
EXG,13,COLUMN,2A,-28.3,7.25,0.0,3.96,700004,701004,39,,-110.01379403101396,-93.60096107747519,-16.412832953538768,OK
EXG,14,COLUMN,2B,-20.8,7.25,0.0,3.96,700005,701005,40,,46.721678540321506,39.850977029459614,6.870701510861892,OK
EXG,15,COLUMN,2C,-10.8,7.25,0.0,3.96,700006,701006,41,,-3.2183961327010135,-7.273462944418714,4.055066811717701,OK
EXG,16,COLUMN,3B,-20.8,0.0,0.0,3.96,700007,701007,42,,-0.20115939255363116,0.5860065058113962,-0.7871658983650274,OK
EXG,17,COLUMN,3C,-10.8,0.0,0.0,3.96,700008,701008,43,,-5.613525417074716,-10.090432779554192,4.4769073624794755,OK
EXG,18,COLUMN,E,0.0,0.0,3.96,7.92,100001,200001,44,1,300.77495728635427,232.71979506087033,68.05516222548394,OK
EXG,19,COLUMN,F,10.0,0.0,3.96,7.92,100101,200101,45,2,9.660833460523968,9.990814400895724,-0.3299809403717564,OK
EXG,20,COLUMN,G,20.0,0.0,3.96,7.92,100201,200201,46,3,2.567467154955212,-1.7721918187673555,4.3396589737225675,OK
EXG,21,COLUMN,H,30.0,0.0,3.96,7.92,100301,200301,47,,8.306180338237333,11.846201149002088,-3.540020810764755,OK
EXG,22,COLUMN,I,40.0,0.0,3.96,7.92,100401,200401,48,,-100.38679952576838,-110.90573074466501,10.518931218896626,OK
EXG,23,COLUMN,I_prima,45.0,0.0,3.96,7.92,100451,200451,49,,242.09804068606493,164.71508397965687,77.38295670640807,OK
EXG,24,COLUMN,E,0.0,7.25,3.96,7.92,101001,201001,50,4,161.65792366514503,62.4152388735315,99.24268479161353,OK
EXG,25,COLUMN,F,10.0,7.25,3.96,7.92,101101,201101,51,5,8.821002442365987,3.895181399158288,4.9258210432077,OK
EXG,26,COLUMN,G,20.0,7.25,3.96,7.92,101201,201201,52,6,-1.4550850609996024,-0.4745322218072563,-0.9805528391923461,OK
EXG,27,COLUMN,H,30.0,7.25,3.96,7.92,101301,201301,53,,-5.888402142998418,-4.666645169354837,-1.221756973643581,OK
EXG,28,COLUMN,I,40.0,7.25,3.96,7.92,101401,201401,54,,-157.60849360009925,-111.33046492776187,-46.278028672337385,OK
EXG,29,COLUMN,I_prima,45.0,7.25,3.96,7.92,101451,201451,55,,232.50017738019923,166.48907813129637,66.01109924890287,OK
EXG,30,COLUMN,E,0.0,16.15,3.96,7.92,102001,202001,56,7,19.789844583584415,23.406788952202763,-3.6169443686183484,OK
EXG,31,COLUMN,F,10.0,16.15,3.96,7.92,102101,202101,57,8,-0.1978383276545712,-1.0752083197860602,0.877369992131489,OK
EXG,32,COLUMN,G,20.0,16.15,3.96,7.92,102201,202201,58,9,-6.805833543745475,-6.4295216401031885,-0.3763119036422866,OK
EXG,33,COLUMN,H,30.0,16.15,3.96,7.92,102301,202301,59,,-768.3402080382575,13.284888831662748,-781.6250968699203,OK
EXG,34,COLUMN,I,40.0,16.15,3.96,7.92,102401,202401,60,,-91.47272002862766,-97.74640654519077,6.273686516563103,OK
EXG,35,COLUMN,I_prima,45.0,16.15,3.96,7.92,102451,202451,61,,902.174368005046,134.65148212742594,767.52288587762,OK
EXG,36,COLUMN,1B,-20.8,16.15,3.96,7.92,701001,702001,62,10,-0.6316965320070606,0.40820567825898046,-1.0399022102660411,OK
EXG,37,COLUMN,1C,-10.8,16.15,3.96,7.92,701002,702002,63,11,6.488154691614608,5.52283892023807,0.9653157713765381,OK
EXG,38,COLUMN,1D,-0.8,16.15,3.96,7.92,701003,702003,64,12,-14.721172640299564,-14.416436902776548,-0.30473573752301597,OK
EXG,39,COLUMN,2A,-28.3,7.25,3.96,7.92,701004,702004,65,13,-93.60096107747519,-65.91185400197055,-27.689107075504637,OK
EXG,40,COLUMN,2B,-20.8,7.25,3.96,7.92,701005,702005,66,14,39.850977029459614,27.420737539125742,12.430239490333872,OK
EXG,41,COLUMN,2C,-10.8,7.25,3.96,7.92,701006,702006,67,15,-7.273462944418714,-3.5828516434037714,-3.690611301014943,OK
EXG,42,COLUMN,3B,-20.8,0.0,3.96,7.92,701007,702007,68,16,0.5860065058113962,1.1842960944315502,-0.5982895886201539,OK
EXG,43,COLUMN,3C,-10.8,0.0,3.96,7.92,701008,702008,69,17,-10.090432779554192,-6.929468018915608,-3.160964760638584,OK
EXG,44,COLUMN,E,0.0,0.0,7.92,11.88,200001,300001,70,18,232.71979506087033,242.6570065024491,-9.937211441578768,OK
EXG,45,COLUMN,F,10.0,0.0,7.92,11.88,200101,300101,71,19,9.990814400895724,9.597501246309985,0.3933131545857389,OK
EXG,46,COLUMN,G,20.0,0.0,7.92,11.88,200201,300201,72,20,-1.7721918187673555,-6.040265374933543,4.268073556166187,OK
EXG,47,COLUMN,H,30.0,0.0,7.92,11.88,200301,300301,73,21,11.846201149002088,9.72927530615724,2.1169258428448483,OK
EXG,48,COLUMN,I,40.0,0.0,7.92,11.88,200401,300401,74,22,-110.90573074466501,-57.7721714699521,-53.13355927471291,OK
EXG,49,COLUMN,I_prima,45.0,0.0,7.92,11.88,200451,300451,75,23,164.71508397965687,90.61393413964129,74.10114984001558,OK
EXG,50,COLUMN,E,0.0,7.25,7.92,11.88,201001,301001,76,24,62.4152388735315,-7.591789395026152,70.00702826855765,OK
EXG,51,COLUMN,F,10.0,7.25,7.92,11.88,201101,301101,77,25,3.895181399158288,0.43897783456191525,3.456203564596373,OK
EXG,52,COLUMN,G,20.0,7.25,7.92,11.88,201201,301201,78,26,-0.4745322218072563,0.06906760581098119,-0.5435998276182374,OK
EXG,53,COLUMN,H,30.0,7.25,7.92,11.88,201301,301301,79,27,-4.666645169354837,-4.206722051762719,-0.4599231175921181,OK
EXG,54,COLUMN,I,40.0,7.25,7.92,11.88,201401,301401,80,28,-111.33046492776187,-58.40201877173187,-52.92844615603,OK
EXG,55,COLUMN,I_prima,45.0,7.25,7.92,11.88,201451,301451,81,29,166.48907813129637,90.27373372572269,76.21534440557367,OK
EXG,56,COLUMN,E,0.0,16.15,7.92,11.88,202001,302001,82,30,23.406788952202763,28.239901266554398,-4.833112314351634,OK
EXG,57,COLUMN,F,10.0,16.15,7.92,11.88,202101,302101,83,31,-1.0752083197860602,-2.1742214218399747,1.0990131020539144,OK
EXG,58,COLUMN,G,20.0,16.15,7.92,11.88,202201,302201,84,32,-6.4295216401031885,-4.293234589549541,-2.1362870505536478,OK
EXG,59,COLUMN,H,30.0,16.15,7.92,11.88,202301,302301,85,33,13.284888831662748,7.101071855105543,6.183816976557205,OK
EXG,60,COLUMN,I,40.0,16.15,7.92,11.88,202401,302401,86,34,-97.74640654519077,-50.24724884572765,-47.49915769946312,OK
EXG,61,COLUMN,I_prima,45.0,16.15,7.92,11.88,202451,302451,87,35,134.65148212742594,68.32972454131082,66.32175758611511,OK
EXG,62,COLUMN,1B,-20.8,16.15,7.92,11.88,702001,703001,88,36,0.40820567825898046,1.0201967853756813,-0.6119911071167008,OK
EXG,63,COLUMN,1C,-10.8,16.15,7.92,11.88,702002,703002,89,37,5.52283892023807,5.490425401693101,0.03241351854496877,OK
EXG,64,COLUMN,1D,-0.8,16.15,7.92,11.88,702003,703003,90,38,-14.416436902776548,-20.075663656223618,5.65922675344707,OK
EXG,65,COLUMN,2A,-28.3,7.25,7.92,11.88,702004,703004,91,39,-65.91185400197055,-33.86949853764547,-32.042355464325084,OK
EXG,66,COLUMN,2B,-20.8,7.25,7.92,11.88,702005,703005,92,40,27.420737539125742,13.362587495429084,14.058150043696658,OK
EXG,67,COLUMN,2C,-10.8,7.25,7.92,11.88,702006,703006,93,41,-3.5828516434037714,-0.6341436166504962,-2.948708026753275,OK
EXG,68,COLUMN,3B,-20.8,0.0,7.92,11.88,702007,703007,94,42,1.1842960944315502,1.5604702638309786,-0.3761741693994285,OK
EXG,69,COLUMN,3C,-10.8,0.0,7.92,11.88,702008,703008,95,43,-6.929468018915608,-3.367762855346193,-3.561705163569415,OK
EXG,70,COLUMN,E,0.0,0.0,11.88,15.84,300001,400001,96,44,242.6570065024491,-70.93053819307627,313.58754469552537,OK
EXG,71,COLUMN,F,10.0,0.0,11.88,15.84,300101,400101,97,45,9.597501246309985,5.371954484551611,4.225546761758374,OK
EXG,72,COLUMN,G,20.0,0.0,11.88,15.84,300201,400201,98,46,-6.040265374933543,-3.198227524395622,-2.8420378505379205,OK
EXG,73,COLUMN,H,30.0,0.0,11.88,15.84,300301,400301,99,47,9.72927530615724,4.710756159859191,5.018519146298049,OK
EXG,74,COLUMN,I,40.0,0.0,11.88,15.84,300401,400401,100,48,-57.7721714699521,-20.925809422114064,-36.846362047838035,OK
EXG,75,COLUMN,I_prima,45.0,0.0,11.88,15.84,300451,400451,101,49,90.61393413964129,35.271100610100426,55.34283352954086,OK
EXG,76,COLUMN,E,0.0,7.25,11.88,15.84,301001,401001,103,50,-7.591789395026152,-101.7472385451951,94.15544915016895,OK
EXG,77,COLUMN,F,10.0,7.25,11.88,15.84,301101,401101,104,51,0.43897783456191525,-4.589079110573831,5.028056945135746,OK
EXG,78,COLUMN,G,20.0,7.25,11.88,15.84,301201,401201,105,52,0.06906760581098119,0.7120445353515745,-0.6429769295405934,OK
EXG,79,COLUMN,H,30.0,7.25,11.88,15.84,301301,401301,106,53,-4.206722051762719,-2.282921850988579,-1.9238002007741395,OK
EXG,80,COLUMN,I,40.0,7.25,11.88,15.84,301401,401401,107,54,-58.40201877173187,-20.94830663930366,-37.45371213242821,OK
EXG,81,COLUMN,I_prima,45.0,7.25,11.88,15.84,301451,401451,108,55,90.27373372572269,35.85238989920655,54.42134382651614,OK
EXG,82,COLUMN,E,0.0,16.15,11.88,15.84,302001,402001,110,56,28.239901266554398,-3.4568673463723902,31.69676861292679,OK
EXG,83,COLUMN,F,10.0,16.15,11.88,15.84,302101,402101,111,57,-2.1742214218399747,1.0276167957389144,-3.201838217578889,OK
EXG,84,COLUMN,G,20.0,16.15,11.88,15.84,302201,402201,112,58,-4.293234589549541,-2.2723742775828675,-2.0208603119666733,OK
EXG,85,COLUMN,H,30.0,16.15,11.88,15.84,302301,402301,113,59,7.101071855105543,3.290655468055126,3.810416387050417,OK
EXG,86,COLUMN,I,40.0,16.15,11.88,15.84,302401,402401,114,60,-50.24724884572765,-17.464974675733515,-32.78227416999413,OK
EXG,87,COLUMN,I_prima,45.0,16.15,11.88,15.84,302451,402451,115,61,68.32972454131082,25.715393628583353,42.61433091272747,OK
EXG,88,COLUMN,1B,-20.8,16.15,11.88,15.84,703001,704001,117,62,1.0201967853756813,2.3282131777483985,-1.3080163923727173,OK
EXG,89,COLUMN,1C,-10.8,16.15,11.88,15.84,703002,704002,118,63,5.490425401693101,-1.170813663780431,6.6612390654735325,OK
EXG,90,COLUMN,1D,-0.8,16.15,11.88,15.84,703003,704003,119,64,-20.075663656223618,0.0,-20.075663656223618,OK
EXG,91,COLUMN,2A,-28.3,7.25,11.88,15.84,703004,704004,120,65,-33.86949853764547,-9.46117553621418,-24.40832300143129,OK
EXG,92,COLUMN,2B,-20.8,7.25,11.88,15.84,703005,704005,121,66,13.362587495429084,2.9890368434912795,10.373550651937805,OK
EXG,93,COLUMN,2C,-10.8,7.25,11.88,15.84,703006,704006,122,67,-0.6341436166504962,3.81546632256318,-4.449609939213676,OK
EXG,94,COLUMN,3B,-20.8,0.0,11.88,15.84,703007,704007,123,68,1.5604702638309786,2.2043003399679226,-0.643830076136944,OK
EXG,95,COLUMN,3C,-10.8,0.0,11.88,15.84,703008,704008,124,69,-3.367762855346193,-2.3144176743022356,-1.0533451810439574,OK
EXG,96,COLUMN,E,0.0,0.0,15.84,19.8,400001,500001,,70,-70.93053819307627,0,-70.93053819307627,OK
EXG,97,COLUMN,F,10.0,0.0,15.84,19.8,400101,500101,,71,5.371954484551611,0,5.371954484551611,OK
EXG,98,COLUMN,G,20.0,0.0,15.84,19.8,400201,500201,,72,-3.198227524395622,0,-3.198227524395622,OK
EXG,99,COLUMN,H,30.0,0.0,15.84,19.8,400301,500301,,73,4.710756159859191,0,4.710756159859191,OK
EXG,100,COLUMN,I,40.0,0.0,15.84,19.8,400401,500401,,74,-20.925809422114064,0,-20.925809422114064,OK
EXG,101,COLUMN,I_prima,45.0,0.0,15.84,19.8,400451,500451,,75,35.271100610100426,0,35.271100610100426,OK
EXG,102,COLUMN,J,50.0,0.0,15.84,19.8,400501,500501,,,-2.4886986203243953,0,-2.4886986203243953,OK
EXG,103,COLUMN,E,0.0,7.25,15.84,19.8,401001,501001,,76,-101.7472385451951,0,-101.7472385451951,OK
EXG,104,COLUMN,F,10.0,7.25,15.84,19.8,401101,501101,,77,-4.589079110573831,0,-4.589079110573831,OK
EXG,105,COLUMN,G,20.0,7.25,15.84,19.8,401201,501201,,78,0.7120445353515745,0,0.7120445353515745,OK
EXG,106,COLUMN,H,30.0,7.25,15.84,19.8,401301,501301,,79,-2.282921850988579,0,-2.282921850988579,OK
EXG,107,COLUMN,I,40.0,7.25,15.84,19.8,401401,501401,,80,-20.94830663930366,0,-20.94830663930366,OK
EXG,108,COLUMN,I_prima,45.0,7.25,15.84,19.8,401451,501451,,81,35.85238989920655,0,35.85238989920655,OK
EXG,109,COLUMN,J,50.0,7.25,15.84,19.8,401501,501501,,,-2.469212196462981,0,-2.469212196462981,OK
EXG,110,COLUMN,E,0.0,16.15,15.84,19.8,402001,502001,,82,-3.4568673463723902,0,-3.4568673463723902,OK
EXG,111,COLUMN,F,10.0,16.15,15.84,19.8,402101,502101,,83,1.0276167957389144,0,1.0276167957389144,OK
EXG,112,COLUMN,G,20.0,16.15,15.84,19.8,402201,502201,,84,-2.2723742775828675,0,-2.2723742775828675,OK
EXG,113,COLUMN,H,30.0,16.15,15.84,19.8,402301,502301,,85,3.290655468055126,0,3.290655468055126,OK
EXG,114,COLUMN,I,40.0,16.15,15.84,19.8,402401,502401,,86,-17.464974675733515,0,-17.464974675733515,OK
EXG,115,COLUMN,I_prima,45.0,16.15,15.84,19.8,402451,502451,,87,25.715393628583353,0,25.715393628583353,OK
EXG,116,COLUMN,J,50.0,16.15,15.84,19.8,402501,502501,,,-2.376527361907926,0,-2.376527361907926,OK
EXG,117,COLUMN,1B,-20.8,16.15,15.84,19.8,704001,705001,,88,2.3282131777483985,0,2.3282131777483985,OK
EXG,118,COLUMN,1C,-10.8,16.15,15.84,19.8,704002,705002,,89,-1.170813663780431,0,-1.170813663780431,OK
EXG,119,COLUMN,1D,-0.8,16.15,15.84,19.8,704003,705003,,90,0.0,0,0.0,OK
EXG,120,COLUMN,2A,-28.3,7.25,15.84,19.8,704004,705004,,91,-9.46117553621418,0,-9.46117553621418,OK
EXG,121,COLUMN,2B,-20.8,7.25,15.84,19.8,704005,705005,,92,2.9890368434912795,0,2.9890368434912795,OK
EXG,122,COLUMN,2C,-10.8,7.25,15.84,19.8,704006,705006,,93,3.81546632256318,0,3.81546632256318,OK
EXG,123,COLUMN,3B,-20.8,0.0,15.84,19.8,704007,705007,,94,2.2043003399679226,0,2.2043003399679226,OK
EXG,124,COLUMN,3C,-10.8,0.0,15.84,19.8,704008,705008,,95,-2.3144176743022356,0,-2.3144176743022356,OK
EXG,355,STEEL_COLUMN_SHS300x20,BEAM_MANUAL,10.0,-4.12,7.92,11.88,900017,900115,,,0.07590489122839089,0,0.07590489122839089,OK
EXG,356,STEEL_COLUMN_SHS300x20,BEAM_MANUAL,17.49,-4.12,7.92,11.88,900018,900116,,,-0.07197355734958773,0,-0.07197355734958773,OK
EXG,357,STEEL_COLUMN_SHS300x20,BEAM_MANUAL,20.0,-4.12,15.84,19.8,900034,900046,,,-0.18404144988578144,0,-0.18404144988578144,OK
EXG,358,STEEL_COLUMN_SHS300x20,BEAM_MANUAL,30.0,-4.12,15.84,19.8,900035,900047,,,-0.020864272430527825,0,-0.020864272430527825,OK
EXQ,1,COLUMN,E,0.0,0.0,0.0,3.96,1,100001,18,,3.429514342160214,86.6791683080106,-83.24965396585038,OK
EXQ,2,COLUMN,F,10.0,0.0,0.0,3.96,101,100101,19,,2.1545520115455914,2.7626339111648184,-0.608081899619227,OK
EXQ,3,COLUMN,G,20.0,0.0,0.0,3.96,201,100201,20,,0.7039014205156701,0.70390142051567,1.1102230246251565e-16,OK
EXQ,4,COLUMN,E,0.0,7.25,0.0,3.96,1001,101001,24,,28.18910503697273,46.74564006077929,-18.556535023806557,OK
EXQ,5,COLUMN,F,10.0,7.25,0.0,3.96,1101,101101,25,,3.9449372104316507,2.561699484969946,1.3832377254617048,OK
EXQ,6,COLUMN,G,20.0,7.25,0.0,3.96,1201,101201,26,,-0.4180955930512712,-0.4180955930512711,-1.1102230246251565e-16,OK
EXQ,7,COLUMN,E,0.0,16.15,0.0,3.96,2001,102001,30,,4.985819763814461,5.7676964986532155,-0.7818767348387548,OK
EXQ,8,COLUMN,F,10.0,16.15,0.0,3.96,2101,102101,31,,1.016654314301315,-0.034555480546480576,1.0512097948477954,OK
EXQ,9,COLUMN,G,20.0,16.15,0.0,3.96,2201,102201,32,,-1.9916006296464575,-1.9916006296464572,-2.220446049250313e-16,OK
EXQ,10,COLUMN,1B,-20.8,16.15,0.0,3.96,700001,701001,36,,-0.41444936882142336,-0.20063962924143713,-0.21380973957998622,OK
EXQ,11,COLUMN,1C,-10.8,16.15,0.0,3.96,700002,701002,37,,3.1382333081625045,1.7294169397911503,1.4088163683713542,OK
EXQ,12,COLUMN,1D,-0.8,16.15,0.0,3.96,700003,701003,38,,-4.10631511472664,-4.283947436551291,0.1776323218246505,OK
EXQ,13,COLUMN,2A,-28.3,7.25,0.0,3.96,700004,701004,39,,-31.852621084413553,-26.92000032991987,-4.9326207544936835,OK
EXQ,14,COLUMN,2B,-20.8,7.25,0.0,3.96,700005,701005,40,,13.541589754860043,11.466451037872469,2.075138716987574,OK
EXQ,15,COLUMN,2C,-10.8,7.25,0.0,3.96,700006,701006,41,,-1.0867216923756067,-2.3055895009847998,1.218867808609193,OK
EXQ,16,COLUMN,3B,-20.8,0.0,0.0,3.96,700007,701007,42,,-0.06870769902183914,0.15530682886552738,-0.22401452788736653,OK
EXQ,17,COLUMN,3C,-10.8,0.0,0.0,3.96,700008,701008,43,,-1.8490693732191232,-3.19234868094217,1.343279307723047,OK
EXQ,18,COLUMN,E,0.0,0.0,3.96,7.92,100001,200001,44,1,86.6791683080106,65.88447783330587,20.794690474704737,OK
EXQ,19,COLUMN,F,10.0,0.0,3.96,7.92,100101,200101,45,2,2.7626339111648184,2.8636699286624214,-0.10103601749760305,OK
EXQ,20,COLUMN,G,20.0,0.0,3.96,7.92,100201,200201,46,3,0.70390142051567,-0.5546613289842626,1.2585627494999325,OK
EXQ,21,COLUMN,H,30.0,0.0,3.96,7.92,100301,200301,47,,2.4363518156522104,3.5070342757825306,-1.0706824601303202,OK
EXQ,22,COLUMN,I,40.0,0.0,3.96,7.92,100401,200401,48,,-29.510931096071875,-32.51704624751862,3.006115151446746,OK
EXQ,23,COLUMN,I_prima,45.0,0.0,3.96,7.92,100451,200451,49,,71.02059592462713,48.309073303240694,22.711522621386436,OK
EXQ,24,COLUMN,E,0.0,7.25,3.96,7.92,101001,201001,50,4,46.74564006077929,17.703025346739963,29.042614714039324,OK
EXQ,25,COLUMN,F,10.0,7.25,3.96,7.92,101101,201101,51,5,2.561699484969946,1.104616207619189,1.457083277350757,OK
EXQ,26,COLUMN,G,20.0,7.25,3.96,7.92,101201,201201,52,6,-0.4180955930512711,-0.13290984601921274,-0.28518574703205835,OK
EXQ,27,COLUMN,H,30.0,7.25,3.96,7.92,101301,201301,53,,-1.7239484711020656,-1.3779622453749307,-0.3459862257271349,OK
EXQ,28,COLUMN,I,40.0,7.25,3.96,7.92,101401,201401,54,,-46.24445746463627,-32.667895936191655,-13.576561528444614,OK
EXQ,29,COLUMN,I_prima,45.0,7.25,3.96,7.92,101451,201451,55,,68.25372781354153,48.85383694012155,19.399890873419977,OK
EXQ,30,COLUMN,E,0.0,16.15,3.96,7.92,102001,202001,56,7,5.7676964986532155,6.841048799166936,-1.0733523005137204,OK
EXQ,31,COLUMN,F,10.0,16.15,3.96,7.92,102101,202101,57,8,-0.034555480546480576,-0.2965379572591775,0.2619824767126969,OK
EXQ,32,COLUMN,G,20.0,16.15,3.96,7.92,102201,202201,58,9,-1.9916006296464572,-1.8854691623393915,-0.10613146730706569,OK
EXQ,33,COLUMN,H,30.0,16.15,3.96,7.92,102301,202301,59,,-226.14781125780425,3.9133730932346347,-230.0611843510389,OK
EXQ,34,COLUMN,I,40.0,16.15,3.96,7.92,102401,202401,60,,-26.802006053181092,-28.676973055466355,1.8749670022852634,OK
EXQ,35,COLUMN,I_prima,45.0,16.15,3.96,7.92,102451,202451,61,,265.4544164018484,39.50529151295423,225.94912488889418,OK
EXQ,36,COLUMN,1B,-20.8,16.15,3.96,7.92,701001,702001,62,10,-0.20063962924143713,0.11062893467832961,-0.31126856391976676,OK
EXQ,37,COLUMN,1C,-10.8,16.15,3.96,7.92,701002,702002,63,11,1.7294169397911503,1.4464983496580048,0.28291859013314546,OK
EXQ,38,COLUMN,1D,-0.8,16.15,3.96,7.92,701003,702003,64,12,-4.283947436551291,-4.189540439760262,-0.0944069967910286,OK
EXQ,39,COLUMN,2A,-28.3,7.25,3.96,7.92,701004,702004,65,13,-26.92000032991987,-18.796713431654386,-8.123286898265484,OK
EXQ,40,COLUMN,2B,-20.8,7.25,3.96,7.92,701005,702005,66,14,11.466451037872469,7.8139534999321,3.652497537940369,OK
EXQ,41,COLUMN,2C,-10.8,7.25,3.96,7.92,701006,702006,67,15,-2.3055895009847998,-1.2007341873278548,-1.104855313656945,OK
EXQ,42,COLUMN,3B,-20.8,0.0,3.96,7.92,701007,702007,68,16,0.15530682886552738,0.3372116728870809,-0.18190484402155355,OK
EXQ,43,COLUMN,3C,-10.8,0.0,3.96,7.92,701008,702008,69,17,-3.19234868094217,-2.2496342365916804,-0.9427144443504898,OK
EXQ,44,COLUMN,E,0.0,0.0,7.92,11.88,200001,300001,70,18,65.88447783330587,68.26767134044026,-2.3831935071343935,OK
EXQ,45,COLUMN,F,10.0,0.0,7.92,11.88,200101,300101,71,19,2.8636699286624214,2.7624102032849676,0.10125972537745387,OK
EXQ,46,COLUMN,G,20.0,0.0,7.92,11.88,200201,300201,72,20,-0.5546613289842626,-1.8074247838348259,1.2527634548505633,OK
EXQ,47,COLUMN,H,30.0,0.0,7.92,11.88,200301,300301,73,21,3.5070342757825306,2.893283748509495,0.6137505272730355,OK
EXQ,48,COLUMN,I,40.0,0.0,7.92,11.88,200401,300401,74,22,-32.51704624751862,-17.082753996595557,-15.434292250923065,OK
EXQ,49,COLUMN,I_prima,45.0,0.0,7.92,11.88,200451,300451,75,23,48.309073303240694,26.777379435922516,21.53169386731818,OK
EXQ,50,COLUMN,E,0.0,7.25,7.92,11.88,201001,301001,76,24,17.703025346739963,-1.5619733606665922,19.264998707406555,OK
EXQ,51,COLUMN,F,10.0,7.25,7.92,11.88,201101,301101,77,25,1.104616207619189,0.11802068316266762,0.9865955244565214,OK
EXQ,52,COLUMN,G,20.0,7.25,7.92,11.88,201201,301201,78,26,-0.13290984601921274,0.024059588719501656,-0.1569694347387144,OK
EXQ,53,COLUMN,H,30.0,7.25,7.92,11.88,201301,301301,79,27,-1.3779622453749307,-1.2337009664514342,-0.1442612789234965,OK
EXQ,54,COLUMN,I,40.0,7.25,7.92,11.88,201401,301401,80,28,-32.667895936191655,-17.296639972719078,-15.371255963472578,OK
EXQ,55,COLUMN,I_prima,45.0,7.25,7.92,11.88,201451,301451,81,29,48.85383694012155,26.69975354550111,22.154083394620443,OK
EXQ,56,COLUMN,E,0.0,16.15,7.92,11.88,202001,302001,82,30,6.841048799166936,8.266334236060437,-1.4252854368935015,OK
EXQ,57,COLUMN,F,10.0,16.15,7.92,11.88,202101,302101,83,31,-0.2965379572591775,-0.6203692378993466,0.32383128064016914,OK
EXQ,58,COLUMN,G,20.0,16.15,7.92,11.88,202201,302201,84,32,-1.8854691623393915,-1.2590845108910078,-0.6263846514483837,OK
EXQ,59,COLUMN,H,30.0,16.15,7.92,11.88,202301,302301,85,33,3.9133730932346347,2.098241698004079,1.8151313952305559,OK
EXQ,60,COLUMN,I,40.0,16.15,7.92,11.88,202401,302401,86,34,-28.676973055466355,-14.911628729887665,-13.76534432557869,OK
EXQ,61,COLUMN,I_prima,45.0,16.15,7.92,11.88,202451,302451,87,35,39.50529151295423,20.26621456657579,19.23907694637844,OK
EXQ,62,COLUMN,1B,-20.8,16.15,7.92,11.88,702001,703001,88,36,0.11062893467832961,0.277996149523938,-0.16736721484560835,OK
EXQ,63,COLUMN,1C,-10.8,16.15,7.92,11.88,702002,703002,89,37,1.4464983496580048,1.4599473047158946,-0.013448955057889789,OK
EXQ,64,COLUMN,1D,-0.8,16.15,7.92,11.88,702003,703003,90,38,-4.189540439760262,-5.920575123611465,1.7310346838512034,OK
EXQ,65,COLUMN,2A,-28.3,7.25,7.92,11.88,702004,703004,91,39,-18.796713431654386,-9.539847366365203,-9.256866065289183,OK
EXQ,66,COLUMN,2B,-20.8,7.25,7.92,11.88,702005,703005,92,40,7.8139534999321,3.751532822296004,4.062420677636096,OK
EXQ,67,COLUMN,2C,-10.8,7.25,7.92,11.88,702006,703006,93,41,-1.2007341873278548,-0.33935281606755757,-0.8613813712602971,OK
EXQ,68,COLUMN,3B,-20.8,0.0,7.92,11.88,702007,703007,94,42,0.3372116728870809,0.43908475854096063,-0.1018730856538797,OK
EXQ,69,COLUMN,3C,-10.8,0.0,7.92,11.88,702008,703008,95,43,-2.2496342365916804,-1.1799190951264116,-1.0697151414652688,OK
EXQ,70,COLUMN,E,0.0,0.0,11.88,15.84,300001,400001,96,44,68.26767134044026,-19.41381697554133,87.6814883159816,OK
EXQ,71,COLUMN,F,10.0,0.0,11.88,15.84,300101,400101,97,45,2.7624102032849676,1.6125489453889565,1.149861257896011,OK
EXQ,72,COLUMN,G,20.0,0.0,11.88,15.84,300201,400201,98,46,-1.8074247838348259,-0.9656796303177191,-0.8417451535171068,OK
EXQ,73,COLUMN,H,30.0,0.0,11.88,15.84,300301,400301,99,47,2.893283748509495,1.4034301019915252,1.48985364651797,OK
EXQ,74,COLUMN,I,40.0,0.0,11.88,15.84,300401,400401,100,48,-17.082753996595557,-6.303057915858968,-10.779696080736588,OK
EXQ,75,COLUMN,I_prima,45.0,0.0,11.88,15.84,300451,400451,101,49,26.777379435922516,10.480573734534902,16.296805701387612,OK
EXQ,76,COLUMN,E,0.0,7.25,11.88,15.84,301001,401001,103,50,-1.5619733606665922,-29.90728458511458,28.34531122444799,OK
EXQ,77,COLUMN,F,10.0,7.25,11.88,15.84,301101,401101,104,51,0.11802068316266762,-1.372532529082992,1.4905532122456595,OK
EXQ,78,COLUMN,G,20.0,7.25,11.88,15.84,301201,401201,105,52,0.024059588719501656,0.2148300067071514,-0.19077041798764977,OK
EXQ,79,COLUMN,H,30.0,7.25,11.88,15.84,301301,401301,106,53,-1.2337009664514342,-0.6640420181752063,-0.569658948276228,OK
EXQ,80,COLUMN,I,40.0,7.25,11.88,15.84,301401,401401,107,54,-17.296639972719078,-6.283110486192445,-11.013529486526632,OK
EXQ,81,COLUMN,I_prima,45.0,7.25,11.88,15.84,301451,401451,108,55,26.69975354550111,10.692755844799427,16.00699770070168,OK
EXQ,82,COLUMN,E,0.0,16.15,11.88,15.84,302001,402001,110,56,8.266334236060437,-1.0895314563223697,9.355865692382807,OK
EXQ,83,COLUMN,F,10.0,16.15,11.88,15.84,302101,402101,111,57,-0.6203692378993466,0.32211061569027516,-0.9424798535896217,OK
EXQ,84,COLUMN,G,20.0,16.15,11.88,15.84,302201,402201,112,58,-1.2590845108910078,-0.6595176370699701,-0.5995668738210377,OK
EXQ,85,COLUMN,H,30.0,16.15,11.88,15.84,302301,402301,113,59,2.098241698004079,0.9895592642899996,1.1086824337140793,OK
EXQ,86,COLUMN,I,40.0,16.15,11.88,15.84,302401,402401,114,60,-14.911628729887665,-5.246266960419049,-9.665361769468618,OK
EXQ,87,COLUMN,I_prima,45.0,16.15,11.88,15.84,302451,402451,115,61,20.26621456657579,7.724901115209398,12.541313451366392,OK
EXQ,88,COLUMN,1B,-20.8,16.15,11.88,15.84,703001,704001,117,62,0.277996149523938,0.6586065869268496,-0.3806104374029116,OK
EXQ,89,COLUMN,1C,-10.8,16.15,11.88,15.84,703002,704002,118,63,1.4599473047158946,-0.4273678473358143,1.8873151520517089,OK
EXQ,90,COLUMN,1D,-0.8,16.15,11.88,15.84,703003,704003,119,64,-5.920575123611465,0.0,-5.920575123611465,OK
EXQ,91,COLUMN,2A,-28.3,7.25,11.88,15.84,703004,704004,120,65,-9.539847366365203,-2.619500007231898,-6.920347359133305,OK
EXQ,92,COLUMN,2B,-20.8,7.25,11.88,15.84,703005,704005,121,66,3.751532822296004,0.8085997393779115,2.9429330829180924,OK
EXQ,93,COLUMN,2C,-10.8,7.25,11.88,15.84,703006,704006,122,67,-0.33935281606755757,1.0580695358110577,-1.3974223518786153,OK
EXQ,94,COLUMN,3B,-20.8,0.0,11.88,15.84,703007,704007,123,68,0.43908475854096063,0.6320942119802871,-0.19300945343932652,OK
EXQ,95,COLUMN,3C,-10.8,0.0,11.88,15.84,703008,704008,124,69,-1.1799190951264116,-0.8313029694082069,-0.34861612571820466,OK
EXQ,96,COLUMN,E,0.0,0.0,15.84,19.8,400001,500001,,70,-19.41381697554133,0,-19.41381697554133,OK
EXQ,97,COLUMN,F,10.0,0.0,15.84,19.8,400101,500101,,71,1.6125489453889565,0,1.6125489453889565,OK
EXQ,98,COLUMN,G,20.0,0.0,15.84,19.8,400201,500201,,72,-0.9656796303177191,0,-0.9656796303177191,OK
EXQ,99,COLUMN,H,30.0,0.0,15.84,19.8,400301,500301,,73,1.4034301019915252,0,1.4034301019915252,OK
EXQ,100,COLUMN,I,40.0,0.0,15.84,19.8,400401,500401,,74,-6.303057915858968,0,-6.303057915858968,OK
EXQ,101,COLUMN,I_prima,45.0,0.0,15.84,19.8,400451,500451,,75,10.480573734534902,0,10.480573734534902,OK
EXQ,102,COLUMN,J,50.0,0.0,15.84,19.8,400501,500501,,,-0.6941643347901882,0,-0.6941643347901882,OK
EXQ,103,COLUMN,E,0.0,7.25,15.84,19.8,401001,501001,,76,-29.90728458511458,0,-29.90728458511458,OK
EXQ,104,COLUMN,F,10.0,7.25,15.84,19.8,401101,501101,,77,-1.372532529082992,0,-1.372532529082992,OK
EXQ,105,COLUMN,G,20.0,7.25,15.84,19.8,401201,501201,,78,0.2148300067071514,0,0.2148300067071514,OK
EXQ,106,COLUMN,H,30.0,7.25,15.84,19.8,401301,501301,,79,-0.6640420181752063,0,-0.6640420181752063,OK
EXQ,107,COLUMN,I,40.0,7.25,15.84,19.8,401401,501401,,80,-6.283110486192445,0,-6.283110486192445,OK
EXQ,108,COLUMN,I_prima,45.0,7.25,15.84,19.8,401451,501451,,81,10.692755844799427,0,10.692755844799427,OK
EXQ,109,COLUMN,J,50.0,7.25,15.84,19.8,401501,501501,,,-0.6912189052682916,0,-0.6912189052682916,OK
EXQ,110,COLUMN,E,0.0,16.15,15.84,19.8,402001,502001,,82,-1.0895314563223697,0,-1.0895314563223697,OK
EXQ,111,COLUMN,F,10.0,16.15,15.84,19.8,402101,502101,,83,0.32211061569027516,0,0.32211061569027516,OK
EXQ,112,COLUMN,G,20.0,16.15,15.84,19.8,402201,502201,,84,-0.6595176370699701,0,-0.6595176370699701,OK
EXQ,113,COLUMN,H,30.0,16.15,15.84,19.8,402301,502301,,85,0.9895592642899996,0,0.9895592642899996,OK
EXQ,114,COLUMN,I,40.0,16.15,15.84,19.8,402401,502401,,86,-5.246266960419049,0,-5.246266960419049,OK
EXQ,115,COLUMN,I_prima,45.0,16.15,15.84,19.8,402451,502451,,87,7.724901115209398,0,7.724901115209398,OK
EXQ,116,COLUMN,J,50.0,16.15,15.84,19.8,402501,502501,,,-0.6677937667594752,0,-0.6677937667594752,OK
EXQ,117,COLUMN,1B,-20.8,16.15,15.84,19.8,704001,705001,,88,0.6586065869268496,0,0.6586065869268496,OK
EXQ,118,COLUMN,1C,-10.8,16.15,15.84,19.8,704002,705002,,89,-0.4273678473358143,0,-0.4273678473358143,OK
EXQ,119,COLUMN,1D,-0.8,16.15,15.84,19.8,704003,705003,,90,0.0,0,0.0,OK
EXQ,120,COLUMN,2A,-28.3,7.25,15.84,19.8,704004,705004,,91,-2.619500007231898,0,-2.619500007231898,OK
EXQ,121,COLUMN,2B,-20.8,7.25,15.84,19.8,704005,705005,,92,0.8085997393779115,0,0.8085997393779115,OK
EXQ,122,COLUMN,2C,-10.8,7.25,15.84,19.8,704006,705006,,93,1.0580695358110577,0,1.0580695358110577,OK
EXQ,123,COLUMN,3B,-20.8,0.0,15.84,19.8,704007,705007,,94,0.6320942119802871,0,0.6320942119802871,OK
EXQ,124,COLUMN,3C,-10.8,0.0,15.84,19.8,704008,705008,,95,-0.8313029694082069,0,-0.8313029694082069,OK
EXQ,355,STEEL_COLUMN_SHS300x20,BEAM_MANUAL,10.0,-4.12,7.92,11.88,900017,900115,,,0.02360829747501339,0,0.02360829747501339,OK
EXQ,356,STEEL_COLUMN_SHS300x20,BEAM_MANUAL,17.49,-4.12,7.92,11.88,900018,900116,,,-0.02029981329703576,0,-0.02029981329703576,OK
EXQ,357,STEEL_COLUMN_SHS300x20,BEAM_MANUAL,20.0,-4.12,15.84,19.8,900034,900046,,,-0.06315253970653828,0,-0.06315253970653828,OK
EXQ,358,STEEL_COLUMN_SHS300x20,BEAM_MANUAL,30.0,-4.12,15.84,19.8,900035,900047,,,-0.01788231869748352,0,-0.01788231869748352,OK
EYG,1,COLUMN,E,0.0,0.0,0.0,3.96,1,100001,18,,-174.76585733684556,-805.2951850360245,630.5293276991789,OK
EYG,2,COLUMN,F,10.0,0.0,0.0,3.96,101,100101,19,,-26.55003514999987,-75.67207359750097,49.1220384475011,OK
EYG,3,COLUMN,G,20.0,0.0,0.0,3.96,201,100201,20,,-63.42099639374752,-63.42099639374752,0.0,OK
EYG,4,COLUMN,E,0.0,7.25,0.0,3.96,1001,101001,24,,1011.2804483634833,1102.095118062359,-90.81466969887572,OK
EYG,5,COLUMN,F,10.0,7.25,0.0,3.96,1101,101101,25,,46.92728494747056,44.32348396675038,2.6038009807201803,OK
EYG,6,COLUMN,G,20.0,7.25,0.0,3.96,1201,101201,26,,17.451202764738465,17.45120276473847,-3.552713678800501e-15,OK
EYG,7,COLUMN,E,0.0,16.15,0.0,3.96,2001,102001,30,,120.7623444295945,281.2773637930497,-160.51501936345517,OK
EYG,8,COLUMN,F,10.0,16.15,0.0,3.96,2101,102101,31,,21.301106901277315,51.68479407130046,-30.383687170023144,OK
EYG,9,COLUMN,G,20.0,16.15,0.0,3.96,2201,102201,32,,44.99096761985853,44.99096761985853,0.0,OK
EYG,10,COLUMN,1B,-20.8,16.15,0.0,3.96,700001,701001,36,,32.98856678085687,23.08336565933608,9.90520112152079,OK
EYG,11,COLUMN,1C,-10.8,16.15,0.0,3.96,700002,701002,37,,37.78851268404525,29.140518100682407,8.647994583362845,OK
EYG,12,COLUMN,1D,-0.8,16.15,0.0,3.96,700003,701003,38,,797.7417897414656,280.7726702487244,516.9691194927411,OK
EYG,13,COLUMN,2A,-28.3,7.25,0.0,3.96,700004,701004,39,,11.220408043398091,8.238477267619029,2.9819307757790625,OK
EYG,14,COLUMN,2B,-20.8,7.25,0.0,3.96,700005,701005,40,,8.416341414522467,5.106266630790363,3.3100747837321043,OK
EYG,15,COLUMN,2C,-10.8,7.25,0.0,3.96,700006,701006,41,,33.91814297120248,28.885630768651097,5.032512202551381,OK
EYG,16,COLUMN,3B,-20.8,0.0,0.0,3.96,700007,701007,42,,-46.435720934116965,-32.21235145621004,-14.223369477906928,OK
EYG,17,COLUMN,3C,-10.8,0.0,0.0,3.96,700008,701008,43,,-52.64517170801403,-40.33634006746374,-12.308831640550295,OK
EYG,18,COLUMN,E,0.0,0.0,3.96,7.92,100001,200001,44,1,-805.2951850360245,-507.89888022902693,-297.39630480699753,OK
EYG,19,COLUMN,F,10.0,0.0,3.96,7.92,100101,200101,45,2,-75.67207359750097,-58.55605230384303,-17.116021293657937,OK
EYG,20,COLUMN,G,20.0,0.0,3.96,7.92,100201,200201,46,3,-63.42099639374752,-49.60130639189955,-13.819690001847974,OK
EYG,21,COLUMN,H,30.0,0.0,3.96,7.92,100301,200301,47,,-72.39400611939249,-54.762703914744336,-17.63130220464815,OK
EYG,22,COLUMN,I,40.0,0.0,3.96,7.92,100401,200401,48,,-433.64203252404303,-26.757700241687136,-406.8843322823559,OK
EYG,23,COLUMN,I_prima,45.0,0.0,3.96,7.92,100451,200451,49,,-113.61882154301276,-92.87562723312965,-20.74319430988311,OK
EYG,24,COLUMN,E,0.0,7.25,3.96,7.92,101001,201001,50,4,1102.095118062359,890.8420481648634,211.2530698974956,OK
EYG,25,COLUMN,F,10.0,7.25,3.96,7.92,101101,201101,51,5,44.32348396675038,35.94139802239602,8.382085944354358,OK
EYG,26,COLUMN,G,20.0,7.25,3.96,7.92,101201,201201,52,6,17.45120276473847,13.28293940637531,4.168263358363159,OK
EYG,27,COLUMN,H,30.0,7.25,3.96,7.92,101301,201301,53,,20.61496848241018,15.287472868180426,5.327495614229754,OK
EYG,28,COLUMN,I,40.0,7.25,3.96,7.92,101401,201401,54,,18.76621548544305,14.695312680039391,4.070902805403657,OK
EYG,29,COLUMN,I_prima,45.0,7.25,3.96,7.92,101451,201451,55,,22.423026653217246,15.93317731559226,6.489849337624985,OK
EYG,30,COLUMN,E,0.0,16.15,3.96,7.92,102001,202001,56,7,281.2773637930497,264.05075469905387,17.22660909399582,OK
EYG,31,COLUMN,F,10.0,16.15,3.96,7.92,102101,202101,57,8,51.68479407130046,41.496195503987046,10.188598567313413,OK
EYG,32,COLUMN,G,20.0,16.15,3.96,7.92,102201,202201,58,9,44.99096761985853,35.21229298506696,9.778674634791571,OK
EYG,33,COLUMN,H,30.0,16.15,3.96,7.92,102301,202301,59,,35.48845380050019,39.61236067999409,-4.123906879493902,OK
EYG,34,COLUMN,I,40.0,16.15,3.96,7.92,102401,202401,60,,422.1497961502609,14.468507806224615,407.68128834403626,OK
EYG,35,COLUMN,I_prima,45.0,16.15,3.96,7.92,102451,202451,61,,52.4526334175632,72.76044816580989,-20.30781474824669,OK
EYG,36,COLUMN,1B,-20.8,16.15,3.96,7.92,701001,702001,62,10,23.08336565933608,13.947204244156305,9.136161415179776,OK
EYG,37,COLUMN,1C,-10.8,16.15,3.96,7.92,701002,702002,63,11,29.140518100682407,19.45010434960633,9.690413751076075,OK
EYG,38,COLUMN,1D,-0.8,16.15,3.96,7.92,701003,702003,64,12,280.7726702487244,-15.048430295281912,295.8211005440063,OK
EYG,39,COLUMN,2A,-28.3,7.25,3.96,7.92,701004,702004,65,13,8.238477267619029,5.597789061837121,2.640688205781908,OK
EYG,40,COLUMN,2B,-20.8,7.25,3.96,7.92,701005,702005,66,14,5.106266630790363,2.18315628641876,2.9231103443716027,OK
EYG,41,COLUMN,2C,-10.8,7.25,3.96,7.92,701006,702006,67,15,28.885630768651097,21.725744380805946,7.159886387845152,OK
EYG,42,COLUMN,3B,-20.8,0.0,3.96,7.92,701007,702007,68,16,-32.21235145621004,-19.24539833966864,-12.966953116541397,OK
EYG,43,COLUMN,3C,-10.8,0.0,3.96,7.92,701008,702008,69,17,-40.33634006746374,-26.445833141475074,-13.890506925988664,OK
EYG,44,COLUMN,E,0.0,0.0,7.92,11.88,200001,300001,70,18,-507.89888022902693,-26.664236974220405,-481.23464325480654,OK
EYG,45,COLUMN,F,10.0,0.0,7.92,11.88,200101,300101,71,19,-58.55605230384303,-40.34689965904622,-18.20915264479681,OK
EYG,46,COLUMN,G,20.0,0.0,7.92,11.88,200201,300201,72,20,-49.60130639189955,-32.66720304403322,-16.934103347866326,OK
EYG,47,COLUMN,H,30.0,0.0,7.92,11.88,200301,300301,73,21,-54.762703914744336,-35.699589750640435,-19.0631141641039,OK
EYG,48,COLUMN,I,40.0,0.0,7.92,11.88,200401,300401,74,22,-26.757700241687136,-14.082588779625047,-12.67511146206209,OK
EYG,49,COLUMN,I_prima,45.0,0.0,7.92,11.88,200451,300451,75,23,-92.87562723312965,-71.83782379914983,-21.037803433979818,OK
EYG,50,COLUMN,E,0.0,7.25,7.92,11.88,201001,301001,76,24,890.8420481648634,518.1527391641744,372.68930900068904,OK
EYG,51,COLUMN,F,10.0,7.25,7.92,11.88,201101,301101,77,25,35.94139802239602,25.170809087522404,10.770588934873619,OK
EYG,52,COLUMN,G,20.0,7.25,7.92,11.88,201201,301201,78,26,13.28293940637531,8.224075908443996,5.058863497931313,OK
EYG,53,COLUMN,H,30.0,7.25,7.92,11.88,201301,301301,79,27,15.287472868180426,9.779312185359329,5.508160682821098,OK
EYG,54,COLUMN,I,40.0,7.25,7.92,11.88,201401,301401,80,28,14.695312680039391,9.027240984298974,5.668071695740418,OK
EYG,55,COLUMN,I_prima,45.0,7.25,7.92,11.88,201451,301451,81,29,15.93317731559226,11.590922456949002,4.342254858643258,OK
EYG,56,COLUMN,E,0.0,16.15,7.92,11.88,202001,302001,82,30,264.05075469905387,240.75198667500524,23.298768024048627,OK
EYG,57,COLUMN,F,10.0,16.15,7.92,11.88,202101,302101,83,31,41.496195503987046,27.617706862617105,13.878488641369941,OK
EYG,58,COLUMN,G,20.0,16.15,7.92,11.88,202201,302201,84,32,35.21229298506696,23.21474163027789,11.99755135478907,OK
EYG,59,COLUMN,H,30.0,16.15,7.92,11.88,202301,302301,85,33,39.61236067999409,26.024832494293012,13.587528185701078,OK
EYG,60,COLUMN,I,40.0,16.15,7.92,11.88,202401,302401,86,34,14.468507806224615,6.611199714069415,7.8573080921552,OK
EYG,61,COLUMN,I_prima,45.0,16.15,7.92,11.88,202451,302451,87,35,72.76044816580989,57.429430388439,15.331017777370889,OK
EYG,62,COLUMN,1B,-20.8,16.15,7.92,11.88,702001,703001,88,36,13.947204244156305,5.4592363798110055,8.4879678643453,OK
EYG,63,COLUMN,1C,-10.8,16.15,7.92,11.88,702002,703002,89,37,19.45010434960633,10.354184427453262,9.095919922153069,OK
EYG,64,COLUMN,1D,-0.8,16.15,7.92,11.88,702003,703003,90,38,-15.048430295281912,-118.37591227080902,103.3274819755271,OK
EYG,65,COLUMN,2A,-28.3,7.25,7.92,11.88,702004,703004,91,39,5.597789061837121,2.814092199038929,2.783696862798192,OK
EYG,66,COLUMN,2B,-20.8,7.25,7.92,11.88,702005,703005,92,40,2.18315628641876,-0.12438951382094435,2.3075458002397045,OK
EYG,67,COLUMN,2C,-10.8,7.25,7.92,11.88,702006,703006,93,41,21.725744380805946,13.523723242927554,8.202021137878392,OK
EYG,68,COLUMN,3B,-20.8,0.0,7.92,11.88,702007,703007,94,42,-19.24539833966864,-7.445301246691043,-11.800097092977596,OK
EYG,69,COLUMN,3C,-10.8,0.0,7.92,11.88,702008,703008,95,43,-26.445833141475074,-12.953673555472863,-13.492159586002211,OK
EYG,70,COLUMN,E,0.0,0.0,11.88,15.84,300001,400001,96,44,-26.664236974220405,-270.6786308916298,244.01439391740936,OK
EYG,71,COLUMN,F,10.0,0.0,11.88,15.84,300101,400101,97,45,-40.34689965904622,-18.03798777458407,-22.30891188446215,OK
EYG,72,COLUMN,G,20.0,0.0,11.88,15.84,300201,400201,98,46,-32.66720304403322,-15.313141412042496,-17.354061631990724,OK
EYG,73,COLUMN,H,30.0,0.0,11.88,15.84,300301,400301,99,47,-35.699589750640435,-17.109643524670297,-18.589946225970138,OK
EYG,74,COLUMN,I,40.0,0.0,11.88,15.84,300401,400401,100,48,-14.082588779625047,-9.836926044063706,-4.245662735561341,OK
EYG,75,COLUMN,I_prima,45.0,0.0,11.88,15.84,300451,400451,101,49,-71.83782379914983,-35.94409789384471,-35.89372590530512,OK
EYG,76,COLUMN,E,0.0,7.25,11.88,15.84,301001,401001,103,50,518.1527391641744,177.55308276216255,340.5996564020118,OK
EYG,77,COLUMN,F,10.0,7.25,11.88,15.84,301101,401101,104,51,25.170809087522404,12.608408180641774,12.56240090688063,OK
EYG,78,COLUMN,G,20.0,7.25,11.88,15.84,301201,401201,105,52,8.224075908443996,3.2823116725876504,4.941764235856346,OK
EYG,79,COLUMN,H,30.0,7.25,11.88,15.84,301301,401301,106,53,9.779312185359329,4.729343583417757,5.049968601941572,OK
EYG,80,COLUMN,I,40.0,7.25,11.88,15.84,301401,401401,107,54,9.027240984298974,4.502699805030688,4.524541179268286,OK
EYG,81,COLUMN,I_prima,45.0,7.25,11.88,15.84,301451,401451,108,55,11.590922456949002,6.3030368585655525,5.28788559838345,OK
EYG,82,COLUMN,E,0.0,16.15,11.88,15.84,302001,402001,110,56,240.75198667500524,22.95057790489639,217.80140877010885,OK
EYG,83,COLUMN,F,10.0,16.15,11.88,15.84,302101,402101,111,57,27.617706862617105,13.639055082755648,13.978651779861456,OK
EYG,84,COLUMN,G,20.0,16.15,11.88,15.84,302201,402201,112,58,23.21474163027789,11.216315619594706,11.998426010683183,OK
EYG,85,COLUMN,H,30.0,16.15,11.88,15.84,302301,402301,113,59,26.024832494293012,13.486494185461058,12.538338308831953,OK
EYG,86,COLUMN,I,40.0,16.15,11.88,15.84,302401,402401,114,60,6.611199714069415,5.63454681206113,0.9766529020082855,OK
EYG,87,COLUMN,I_prima,45.0,16.15,11.88,15.84,302451,402451,115,61,57.429430388439,28.764072447563095,28.665357940875907,OK
EYG,88,COLUMN,1B,-20.8,16.15,11.88,15.84,703001,704001,117,62,5.4592363798110055,0.6947382105208949,4.7644981692901105,OK
EYG,89,COLUMN,1C,-10.8,16.15,11.88,15.84,703002,704002,118,63,10.354184427453262,3.4413093173974336,6.912875110055829,OK
EYG,90,COLUMN,1D,-0.8,16.15,11.88,15.84,703003,704003,119,64,-118.37591227080902,0.0,-118.37591227080902,OK
EYG,91,COLUMN,2A,-28.3,7.25,11.88,15.84,703004,704004,120,65,2.814092199038929,0.783570102233929,2.030522096805,OK
EYG,92,COLUMN,2B,-20.8,7.25,11.88,15.84,703005,704005,121,66,-0.12438951382094435,-0.936661575749948,0.8122720619290037,OK
EYG,93,COLUMN,2C,-10.8,7.25,11.88,15.84,703006,704006,122,67,13.523723242927554,5.751852385815774,7.77187085711178,OK
EYG,94,COLUMN,3B,-20.8,0.0,11.88,15.84,703007,704007,123,68,-7.445301246691043,-0.6329777835777295,-6.812323463113314,OK
EYG,95,COLUMN,3C,-10.8,0.0,11.88,15.84,703008,704008,124,69,-12.953673555472863,-5.224458295896595,-7.729215259576268,OK
EYG,96,COLUMN,E,0.0,0.0,15.84,19.8,400001,500001,,70,-270.6786308916298,0,-270.6786308916298,OK
EYG,97,COLUMN,F,10.0,0.0,15.84,19.8,400101,500101,,71,-18.03798777458407,0,-18.03798777458407,OK
EYG,98,COLUMN,G,20.0,0.0,15.84,19.8,400201,500201,,72,-15.313141412042496,0,-15.313141412042496,OK
EYG,99,COLUMN,H,30.0,0.0,15.84,19.8,400301,500301,,73,-17.109643524670297,0,-17.109643524670297,OK
EYG,100,COLUMN,I,40.0,0.0,15.84,19.8,400401,500401,,74,-9.836926044063706,0,-9.836926044063706,OK
EYG,101,COLUMN,I_prima,45.0,0.0,15.84,19.8,400451,500451,,75,-35.94409789384471,0,-35.94409789384471,OK
EYG,102,COLUMN,J,50.0,0.0,15.84,19.8,400501,500501,,,0.11509445514033162,0,0.11509445514033162,OK
EYG,103,COLUMN,E,0.0,7.25,15.84,19.8,401001,501001,,76,177.55308276216255,0,177.55308276216255,OK
EYG,104,COLUMN,F,10.0,7.25,15.84,19.8,401101,501101,,77,12.608408180641774,0,12.608408180641774,OK
EYG,105,COLUMN,G,20.0,7.25,15.84,19.8,401201,501201,,78,3.2823116725876504,0,3.2823116725876504,OK
EYG,106,COLUMN,H,30.0,7.25,15.84,19.8,401301,501301,,79,4.729343583417757,0,4.729343583417757,OK
EYG,107,COLUMN,I,40.0,7.25,15.84,19.8,401401,501401,,80,4.502699805030688,0,4.502699805030688,OK
EYG,108,COLUMN,I_prima,45.0,7.25,15.84,19.8,401451,501451,,81,6.3030368585655525,0,6.3030368585655525,OK
EYG,109,COLUMN,J,50.0,7.25,15.84,19.8,401501,501501,,,0.10804407106887139,0,0.10804407106887139,OK
EYG,110,COLUMN,E,0.0,16.15,15.84,19.8,402001,502001,,82,22.95057790489639,0,22.95057790489639,OK
EYG,111,COLUMN,F,10.0,16.15,15.84,19.8,402101,502101,,83,13.639055082755648,0,13.639055082755648,OK
EYG,112,COLUMN,G,20.0,16.15,15.84,19.8,402201,502201,,84,11.216315619594706,0,11.216315619594706,OK
EYG,113,COLUMN,H,30.0,16.15,15.84,19.8,402301,502301,,85,13.486494185461058,0,13.486494185461058,OK
EYG,114,COLUMN,I,40.0,16.15,15.84,19.8,402401,502401,,86,5.63454681206113,0,5.63454681206113,OK
EYG,115,COLUMN,I_prima,45.0,16.15,15.84,19.8,402451,502451,,87,28.764072447563095,0,28.764072447563095,OK
EYG,116,COLUMN,J,50.0,16.15,15.84,19.8,402501,502501,,,-0.05150189770338824,0,-0.05150189770338824,OK
EYG,117,COLUMN,1B,-20.8,16.15,15.84,19.8,704001,705001,,88,0.6947382105208949,0,0.6947382105208949,OK
EYG,118,COLUMN,1C,-10.8,16.15,15.84,19.8,704002,705002,,89,3.4413093173974336,0,3.4413093173974336,OK
EYG,119,COLUMN,1D,-0.8,16.15,15.84,19.8,704003,705003,,90,0.0,0,0.0,OK
EYG,120,COLUMN,2A,-28.3,7.25,15.84,19.8,704004,705004,,91,0.783570102233929,0,0.783570102233929,OK
EYG,121,COLUMN,2B,-20.8,7.25,15.84,19.8,704005,705005,,92,-0.936661575749948,0,-0.936661575749948,OK
EYG,122,COLUMN,2C,-10.8,7.25,15.84,19.8,704006,705006,,93,5.751852385815774,0,5.751852385815774,OK
EYG,123,COLUMN,3B,-20.8,0.0,15.84,19.8,704007,705007,,94,-0.6329777835777295,0,-0.6329777835777295,OK
EYG,124,COLUMN,3C,-10.8,0.0,15.84,19.8,704008,705008,,95,-5.224458295896595,0,-5.224458295896595,OK
EYG,355,STEEL_COLUMN_SHS300x20,BEAM_MANUAL,10.0,-4.12,7.92,11.88,900017,900115,,,-1.5062945428359742,0,-1.5062945428359742,OK
EYG,356,STEEL_COLUMN_SHS300x20,BEAM_MANUAL,17.49,-4.12,7.92,11.88,900018,900116,,,-0.03390190438499494,0,-0.03390190438499494,OK
EYG,357,STEEL_COLUMN_SHS300x20,BEAM_MANUAL,20.0,-4.12,15.84,19.8,900034,900046,,,-0.34850472219651185,0,-0.34850472219651185,OK
EYG,358,STEEL_COLUMN_SHS300x20,BEAM_MANUAL,30.0,-4.12,15.84,19.8,900035,900047,,,-0.949819018744432,0,-0.949819018744432,OK
EYQ,1,COLUMN,E,0.0,0.0,0.0,3.96,1,100001,18,,-51.440659036281765,-239.47388735904735,188.03322832276558,OK
EYQ,2,COLUMN,F,10.0,0.0,0.0,3.96,101,100101,19,,-8.115531398008628,-23.23675321526539,15.121221817256764,OK
EYQ,3,COLUMN,G,20.0,0.0,0.0,3.96,201,100201,20,,-19.468710158615384,-19.46871015861538,-3.552713678800501e-15,OK
EYQ,4,COLUMN,E,0.0,7.25,0.0,3.96,1001,101001,24,,302.9435176732018,332.65724234183284,-29.713724668631016,OK
EYQ,5,COLUMN,F,10.0,7.25,0.0,3.96,1101,101101,25,,14.393633624501502,13.620723264556352,0.7729103599451506,OK
EYQ,6,COLUMN,G,20.0,7.25,0.0,3.96,1201,101201,26,,5.340566935052288,5.340566935052289,-8.881784197001252e-16,OK
EYQ,7,COLUMN,E,0.0,16.15,0.0,3.96,2001,102001,30,,35.380936203251636,82.42244232267608,-47.04150611942444,OK
EYQ,8,COLUMN,F,10.0,16.15,0.0,3.96,2101,102101,31,,6.466651864185566,15.787622699903409,-9.320970835717842,OK
EYQ,9,COLUMN,G,20.0,16.15,0.0,3.96,2201,102201,32,,13.83212132183518,13.83212132183518,0.0,OK
EYQ,10,COLUMN,1B,-20.8,16.15,0.0,3.96,700001,701001,36,,9.597909859582236,6.599622310416871,2.998287549165365,OK
EYQ,11,COLUMN,1C,-10.8,16.15,0.0,3.96,700002,701002,37,,11.059482773419939,8.443864464184573,2.6156183092353658,OK
EYQ,12,COLUMN,1D,-0.8,16.15,0.0,3.96,700003,701003,38,,239.40646679446346,81.09509551732575,158.3113712771377,OK
EYQ,13,COLUMN,2A,-28.3,7.25,0.0,3.96,700004,701004,39,,3.2838252682373965,2.3781473896523297,0.9056778785850668,OK
EYQ,14,COLUMN,2B,-20.8,7.25,0.0,3.96,700005,701005,40,,2.41820198742476,1.4154640801813423,1.0027379072434177,OK
EYQ,15,COLUMN,2C,-10.8,7.25,0.0,3.96,700006,701006,41,,10.181677138820678,8.664260186424777,1.5174169523959016,OK
EYQ,16,COLUMN,3B,-20.8,0.0,0.0,3.96,700007,701007,42,,-13.50612471868818,-9.199107098488128,-4.307017620200053,OK
EYQ,17,COLUMN,3C,-10.8,0.0,0.0,3.96,700008,701008,43,,-15.523363510159063,-11.800277394454245,-3.7230861157048185,OK
EYQ,18,COLUMN,E,0.0,0.0,3.96,7.92,100001,200001,44,1,-239.47388735904735,-159.36352048355442,-80.11036687549293,OK
EYQ,19,COLUMN,F,10.0,0.0,3.96,7.92,100101,200101,45,2,-23.23675321526539,-18.178877561627807,-5.057875653637584,OK
EYQ,20,COLUMN,G,20.0,0.0,3.96,7.92,100201,200201,46,3,-19.46871015861538,-15.409981396060877,-4.058728762554503,OK
EYQ,21,COLUMN,H,30.0,0.0,3.96,7.92,100301,200301,47,,-22.134010613888673,-16.929279577447762,-5.204731036440911,OK
EYQ,22,COLUMN,I,40.0,0.0,3.96,7.92,100401,200401,48,,-126.22432054222404,-8.697498928286489,-117.52682161393754,OK
EYQ,23,COLUMN,I_prima,45.0,0.0,3.96,7.92,100451,200451,49,,-34.92879483260349,-28.836601643056294,-6.092193189547192,OK
EYQ,24,COLUMN,E,0.0,7.25,3.96,7.92,101001,201001,50,4,332.65724234183284,277.95909406355815,54.69814827827469,OK
EYQ,25,COLUMN,F,10.0,7.25,3.96,7.92,101101,201101,51,5,13.620723264556352,11.124088184988398,2.4966350795679535,OK
EYQ,26,COLUMN,G,20.0,7.25,3.96,7.92,101201,201201,52,6,5.340566935052289,4.118514225093604,1.2220527099586844,OK
EYQ,27,COLUMN,H,30.0,7.25,3.96,7.92,101301,201301,53,,6.332073083683977,4.735570968529821,1.5965021151541565,OK
EYQ,28,COLUMN,I,40.0,7.25,3.96,7.92,101401,201401,54,,5.771998087988785,4.559030589817719,1.212967498171066,OK
EYQ,29,COLUMN,I_prima,45.0,7.25,3.96,7.92,101451,201451,55,,6.968759772770912,5.021670733741937,1.9470890390289748,OK
EYQ,30,COLUMN,E,0.0,16.15,3.96,7.92,102001,202001,56,7,82.42244232267608,77.33293116222832,5.089511160447756,OK
EYQ,31,COLUMN,F,10.0,16.15,3.96,7.92,102101,202101,57,8,15.787622699903409,12.804369201636646,2.9832534982667624,OK
EYQ,32,COLUMN,G,20.0,16.15,3.96,7.92,102201,202201,58,9,13.83212132183518,10.956251392463571,2.875869929371609,OK
EYQ,33,COLUMN,H,30.0,16.15,3.96,7.92,102301,202301,59,,10.924655592457704,12.238337842524954,-1.3136822500672505,OK
EYQ,34,COLUMN,I,40.0,16.15,3.96,7.92,102401,202401,60,,122.6738023008755,4.817634170341164,117.85616813053433,OK
EYQ,35,COLUMN,I_prima,45.0,16.15,3.96,7.92,102451,202451,61,,16.02926587679396,22.6139287124699,-6.584662835675939,OK
EYQ,36,COLUMN,1B,-20.8,16.15,3.96,7.92,701001,702001,62,10,6.599622310416871,3.883854794607833,2.715767515809038,OK
EYQ,37,COLUMN,1C,-10.8,16.15,3.96,7.92,701002,702002,63,11,8.443864464184573,5.560257700699465,2.8836067634851084,OK
EYQ,38,COLUMN,1D,-0.8,16.15,3.96,7.92,701003,702003,64,12,81.09509551732575,-8.106445378974682,89.20154089630043,OK
EYQ,39,COLUMN,2A,-28.3,7.25,3.96,7.92,701004,702004,65,13,2.3781473896523297,1.5892508308062623,0.7888965588460675,OK
EYQ,40,COLUMN,2B,-20.8,7.25,3.96,7.92,701005,702005,66,14,1.4154640801813423,0.5455426664778571,0.8699214137034852,OK
EYQ,41,COLUMN,2C,-10.8,7.25,3.96,7.92,701006,702006,67,15,8.664260186424777,6.534751774547204,2.1295084118775724,OK
EYQ,42,COLUMN,3B,-20.8,0.0,3.96,7.92,701007,702007,68,16,-9.199107098488128,-5.340512060573668,-3.8585950379144593,OK
EYQ,43,COLUMN,3C,-10.8,0.0,3.96,7.92,701008,702008,69,17,-11.800277394454245,-7.680071901489494,-4.120205492964751,OK
EYQ,44,COLUMN,E,0.0,0.0,7.92,11.88,200001,300001,70,18,-159.36352048355442,-22.032269269632497,-137.33125121392192,OK
EYQ,45,COLUMN,F,10.0,0.0,7.92,11.88,200101,300101,71,19,-18.178877561627807,-12.77928720329519,-5.399590358332617,OK
EYQ,46,COLUMN,G,20.0,0.0,7.92,11.88,200201,300201,72,20,-15.409981396060877,-10.422914887528588,-4.987066508532289,OK
EYQ,47,COLUMN,H,30.0,0.0,7.92,11.88,200301,300301,73,21,-16.929279577447762,-11.305248043620114,-5.624031533827647,OK
EYQ,48,COLUMN,I,40.0,0.0,7.92,11.88,200401,300401,74,22,-8.697498928286489,-4.874990982300875,-3.822507945985614,OK
EYQ,49,COLUMN,I_prima,45.0,0.0,7.92,11.88,200451,300451,75,23,-28.836601643056294,-22.673504223084013,-6.163097419972281,OK
EYQ,50,COLUMN,E,0.0,7.25,7.92,11.88,201001,301001,76,24,277.95909406355815,173.7869184883955,104.17217557516267,OK
EYQ,51,COLUMN,F,10.0,7.25,7.92,11.88,201101,301101,77,25,11.124088184988398,7.873204248922908,3.25088393606549,OK
EYQ,52,COLUMN,G,20.0,7.25,7.92,11.88,201201,301201,78,26,4.118514225093604,2.638997502536048,1.4795167225575563,OK
EYQ,53,COLUMN,H,30.0,7.25,7.92,11.88,201301,301301,79,27,4.735570968529821,3.120606697972542,1.6149642705572789,OK
EYQ,54,COLUMN,I,40.0,7.25,7.92,11.88,201401,301401,80,28,4.559030589817719,2.8660161938691577,1.6930143959485613,OK
EYQ,55,COLUMN,I_prima,45.0,7.25,7.92,11.88,201451,301451,81,29,5.021670733741937,3.7704677459360183,1.2512029878059185,OK
EYQ,56,COLUMN,E,0.0,16.15,7.92,11.88,202001,302001,82,30,77.33293116222832,70.34364781258022,6.989283349648105,OK
EYQ,57,COLUMN,F,10.0,16.15,7.92,11.88,202101,302101,83,31,12.804369201636646,8.704972096974975,4.099397104661671,OK
EYQ,58,COLUMN,G,20.0,16.15,7.92,11.88,202201,302201,84,32,10.956251392463571,7.4071514907610245,3.5490999017025464,OK
EYQ,59,COLUMN,H,30.0,16.15,7.92,11.88,202301,302301,85,33,12.238337842524954,8.220523467651912,4.017814374873042,OK
EYQ,60,COLUMN,I,40.0,16.15,7.92,11.88,202401,302401,86,34,4.817634170341164,2.410547619517543,2.4070865508236214,OK
EYQ,61,COLUMN,I_prima,45.0,16.15,7.92,11.88,202451,302451,87,35,22.6139287124699,18.143325841007083,4.470602871462816,OK
EYQ,62,COLUMN,1B,-20.8,16.15,7.92,11.88,702001,703001,88,36,3.883854794607833,1.4057525033073663,2.478102291300466,OK
EYQ,63,COLUMN,1C,-10.8,16.15,7.92,11.88,702002,703002,89,37,5.560257700699465,2.896271253419796,2.663986447279669,OK
EYQ,64,COLUMN,1D,-0.8,16.15,7.92,11.88,702003,703003,90,38,-8.106445378974682,-36.14702130108318,28.040575922108495,OK
EYQ,65,COLUMN,2A,-28.3,7.25,7.92,11.88,702004,703004,91,39,1.5892508308062623,0.7700965951279419,0.8191542356783204,OK
EYQ,66,COLUMN,2B,-20.8,7.25,7.92,11.88,702005,703005,92,40,0.5455426664778571,-0.1250285709547324,0.6705712374325895,OK
EYQ,67,COLUMN,2C,-10.8,7.25,7.92,11.88,702006,703006,93,41,6.534751774547204,4.1032982292441025,2.4314535453031016,OK
EYQ,68,COLUMN,3B,-20.8,0.0,7.92,11.88,702007,703007,94,42,-5.340512060573668,-1.8942847445617856,-3.446227316011883,OK
EYQ,69,COLUMN,3C,-10.8,0.0,7.92,11.88,702008,703008,95,43,-7.680071901489494,-3.730547877460448,-3.9495240240290457,OK
EYQ,70,COLUMN,E,0.0,0.0,11.88,15.84,300001,400001,96,44,-22.032269269632497,-92.45943124059467,70.42716197096217,OK
EYQ,71,COLUMN,F,10.0,0.0,11.88,15.84,300101,400101,97,45,-12.77928720329519,-5.79937034592019,-6.979916857375001,OK
EYQ,72,COLUMN,G,20.0,0.0,11.88,15.84,300201,400201,98,46,-10.422914887528588,-4.906108425807781,-5.516806461720807,OK
EYQ,73,COLUMN,H,30.0,0.0,11.88,15.84,300301,400301,99,47,-11.305248043620114,-5.43293530419549,-5.872312739424625,OK
EYQ,74,COLUMN,I,40.0,0.0,11.88,15.84,300401,400401,100,48,-4.874990982300875,-3.3717953414650443,-1.5031956408358305,OK
EYQ,75,COLUMN,I_prima,45.0,0.0,11.88,15.84,300451,400451,101,49,-22.673504223084013,-11.433202426361104,-11.240301796722909,OK
EYQ,76,COLUMN,E,0.0,7.25,11.88,15.84,301001,401001,103,50,173.7869184883955,63.78307430608558,110.0038441823099,OK
EYQ,77,COLUMN,F,10.0,7.25,11.88,15.84,301101,401101,104,51,7.873204248922908,3.986099322920639,3.8871049260022694,OK
EYQ,78,COLUMN,G,20.0,7.25,11.88,15.84,301201,401201,105,52,2.638997502536048,1.0693687193001302,1.569628783235918,OK
EYQ,79,COLUMN,H,30.0,7.25,11.88,15.84,301301,401301,106,53,3.120606697972542,1.5205181047177836,1.6000885932547584,OK
EYQ,80,COLUMN,I,40.0,7.25,11.88,15.84,301401,401401,107,54,2.8660161938691577,1.4524093079101625,1.4136068859589952,OK
EYQ,81,COLUMN,I_prima,45.0,7.25,11.88,15.84,301451,401451,108,55,3.7704677459360183,2.0654065581345264,1.7050611878014919,OK
EYQ,82,COLUMN,E,0.0,16.15,11.88,15.84,302001,402001,110,56,70.34364781258022,7.428658455179707,62.91498935740051,OK
EYQ,83,COLUMN,F,10.0,16.15,11.88,15.84,302101,402101,111,57,8.704972096974975,4.339662874737732,4.365309222237244,OK
EYQ,84,COLUMN,G,20.0,16.15,11.88,15.84,302201,402201,112,58,7.4071514907610245,3.6446621621681037,3.762489328592921,OK
EYQ,85,COLUMN,H,30.0,16.15,11.88,15.84,302301,402301,113,59,8.220523467651912,4.316964968564411,3.9035584990875005,OK
EYQ,86,COLUMN,I,40.0,16.15,11.88,15.84,302401,402401,114,60,2.410547619517543,1.971902718641084,0.4386449008764588,OK
EYQ,87,COLUMN,I_prima,45.0,16.15,11.88,15.84,302451,402451,115,61,18.143325841007083,9.151378784864658,8.991947056142426,OK
EYQ,88,COLUMN,1B,-20.8,16.15,11.88,15.84,703001,704001,117,62,1.4057525033073663,0.09907427674305493,1.3066782265643113,OK
EYQ,89,COLUMN,1C,-10.8,16.15,11.88,15.84,703002,704002,118,63,2.896271253419796,0.9385259558709287,1.9577452975488672,OK
EYQ,90,COLUMN,1D,-0.8,16.15,11.88,15.84,703003,704003,119,64,-36.14702130108318,0.0,-36.14702130108318,OK
EYQ,91,COLUMN,2A,-28.3,7.25,11.88,15.84,703004,704004,120,65,0.7700965951279419,0.19577511655764787,0.574321478570294,OK
EYQ,92,COLUMN,2B,-20.8,7.25,11.88,15.84,703005,704005,121,66,-0.1250285709547324,-0.3221363265384181,0.1971077555836857,OK
EYQ,93,COLUMN,2C,-10.8,7.25,11.88,15.84,703006,704006,122,67,4.1032982292441025,1.747899324403065,2.3553989048410378,OK
EYQ,94,COLUMN,3B,-20.8,0.0,11.88,15.84,703007,704007,123,68,-1.8942847445617856,-0.025450733454728827,-1.8688340111070567,OK
EYQ,95,COLUMN,3C,-10.8,0.0,11.88,15.84,703008,704008,124,69,-3.730547877460448,-1.5317786044052562,-2.1987692730551918,OK
EYQ,96,COLUMN,E,0.0,0.0,15.84,19.8,400001,500001,,70,-92.45943124059467,0,-92.45943124059467,OK
EYQ,97,COLUMN,F,10.0,0.0,15.84,19.8,400101,500101,,71,-5.79937034592019,0,-5.79937034592019,OK
EYQ,98,COLUMN,G,20.0,0.0,15.84,19.8,400201,500201,,72,-4.906108425807781,0,-4.906108425807781,OK
EYQ,99,COLUMN,H,30.0,0.0,15.84,19.8,400301,500301,,73,-5.43293530419549,0,-5.43293530419549,OK
EYQ,100,COLUMN,I,40.0,0.0,15.84,19.8,400401,500401,,74,-3.3717953414650443,0,-3.3717953414650443,OK
EYQ,101,COLUMN,I_prima,45.0,0.0,15.84,19.8,400451,500451,,75,-11.433202426361104,0,-11.433202426361104,OK
EYQ,102,COLUMN,J,50.0,0.0,15.84,19.8,400501,500501,,,0.02667052553552426,0,0.02667052553552426,OK
EYQ,103,COLUMN,E,0.0,7.25,15.84,19.8,401001,501001,,76,63.78307430608558,0,63.78307430608558,OK
EYQ,104,COLUMN,F,10.0,7.25,15.84,19.8,401101,501101,,77,3.986099322920639,0,3.986099322920639,OK
EYQ,105,COLUMN,G,20.0,7.25,15.84,19.8,401201,501201,,78,1.0693687193001302,0,1.0693687193001302,OK
EYQ,106,COLUMN,H,30.0,7.25,15.84,19.8,401301,501301,,79,1.5205181047177836,0,1.5205181047177836,OK
EYQ,107,COLUMN,I,40.0,7.25,15.84,19.8,401401,501401,,80,1.4524093079101625,0,1.4524093079101625,OK
EYQ,108,COLUMN,I_prima,45.0,7.25,15.84,19.8,401451,501451,,81,2.0654065581345264,0,2.0654065581345264,OK
EYQ,109,COLUMN,J,50.0,7.25,15.84,19.8,401501,501501,,,0.03446498355012261,0,0.03446498355012261,OK
EYQ,110,COLUMN,E,0.0,16.15,15.84,19.8,402001,502001,,82,7.428658455179707,0,7.428658455179707,OK
EYQ,111,COLUMN,F,10.0,16.15,15.84,19.8,402101,502101,,83,4.339662874737732,0,4.339662874737732,OK
EYQ,112,COLUMN,G,20.0,16.15,15.84,19.8,402201,502201,,84,3.6446621621681037,0,3.6446621621681037,OK
EYQ,113,COLUMN,H,30.0,16.15,15.84,19.8,402301,502301,,85,4.316964968564411,0,4.316964968564411,OK
EYQ,114,COLUMN,I,40.0,16.15,15.84,19.8,402401,502401,,86,1.971902718641084,0,1.971902718641084,OK
EYQ,115,COLUMN,I_prima,45.0,16.15,15.84,19.8,402451,502451,,87,9.151378784864658,0,9.151378784864658,OK
EYQ,116,COLUMN,J,50.0,16.15,15.84,19.8,402501,502501,,,-0.006375797381599073,0,-0.006375797381599073,OK
EYQ,117,COLUMN,1B,-20.8,16.15,15.84,19.8,704001,705001,,88,0.09907427674305493,0,0.09907427674305493,OK
EYQ,118,COLUMN,1C,-10.8,16.15,15.84,19.8,704002,705002,,89,0.9385259558709287,0,0.9385259558709287,OK
EYQ,119,COLUMN,1D,-0.8,16.15,15.84,19.8,704003,705003,,90,0.0,0,0.0,OK
EYQ,120,COLUMN,2A,-28.3,7.25,15.84,19.8,704004,705004,,91,0.19577511655764787,0,0.19577511655764787,OK
EYQ,121,COLUMN,2B,-20.8,7.25,15.84,19.8,704005,705005,,92,-0.3221363265384181,0,-0.3221363265384181,OK
EYQ,122,COLUMN,2C,-10.8,7.25,15.84,19.8,704006,705006,,93,1.747899324403065,0,1.747899324403065,OK
EYQ,123,COLUMN,3B,-20.8,0.0,15.84,19.8,704007,705007,,94,-0.025450733454728827,0,-0.025450733454728827,OK
EYQ,124,COLUMN,3C,-10.8,0.0,15.84,19.8,704008,705008,,95,-1.5317786044052562,0,-1.5317786044052562,OK
EYQ,355,STEEL_COLUMN_SHS300x20,BEAM_MANUAL,10.0,-4.12,7.92,11.88,900017,900115,,,-0.4636848174408467,0,-0.4636848174408467,OK
EYQ,356,STEEL_COLUMN_SHS300x20,BEAM_MANUAL,17.49,-4.12,7.92,11.88,900018,900116,,,-0.010101230054670046,0,-0.010101230054670046,OK
EYQ,357,STEEL_COLUMN_SHS300x20,BEAM_MANUAL,20.0,-4.12,15.84,19.8,900034,900046,,,-0.16605590181772226,0,-0.16605590181772226,OK
EYQ,358,STEEL_COLUMN_SHS300x20,BEAM_MANUAL,30.0,-4.12,15.84,19.8,900035,900047,,,-0.3541605562554962,0,-0.3541605562554962,OK
