caso,nodo,ux_m,uy_m,uz_m,rx_rad,ry_rad,rz_rad
G,1,5.393679259779414e-15,-2.1376139752237174e-13,-3.744250086038837e-12,9.046446026217903e-14,-9.784726641439827e-14,-4.354196306065356e-18
G,101,1.6043509427057102e-13,-6.137758094562281e-14,-7.805059288497248e-12,4.108632739549279e-13,6.046580368426332e-13,-3.2158067632485675e-16
G,201,-1.392749989445401e-13,5.199731163332103e-14,-3.3443437893735096e-11,-6.86364513845578e-14,-1.8384299738960306e-13,-2.5474107368678598e-23
G,1001,-1.226286531656272e-13,2.2234201813112246e-13,-4.61729928424916e-12,9.455760917678047e-14,-1.5670900567004082e-13,-1.7389218346023677e-17
G,1101,5.440630733477187e-13,-9.37099845896638e-14,-3.548297167587502e-11,1.2369717875712578e-13,7.181632540471648e-13,-2.547410660618218e-23
G,1201,-2.0627948181820107e-14,3.5964701742872313e-14,-3.7082153793373455e-11,-4.747340645466405e-14,-2.7228891199615088e-14,-2.5474107368678598e-23
G,2001,1.1806777416643956e-13,1.0261108485217065e-13,-5.809075305354458e-12,-2.435794032985734e-13,5.5882643255899796e-14,1.7978263540888406e-16
G,2101,3.2249389684094625e-13,2.2965508068705506e-14,-7.310300384653703e-12,-3.368992903118369e-13,6.927086135677713e-13,9.672386864497437e-16
G,2201,-5.903533229715894e-15,-1.0968993325137226e-13,-2.3651883165025216e-11,1.4479071059759724e-13,-7.792663440690115e-15,-2.5474107368678598e-23
G,100001,1.6317084999872398e-13,9.720219326851683e-13,-0.0001409777432931811,-1.445797651530729e-07,-2.5041168120894394e-06,-2.017145887248476e-14
G,100101,1.0245313532211034e-12,-1.795806743613255e-13,-0.0002585934621096673,-5.865152432833821e-06,-1.8699219062886227e-05,-1.9582987392971406e-14
G,100201,7.23012476942626e-13,3.6113075848509506e-13,-0.00089451763404222,2.2645499760013582e-05,6.0656058947917684e-05,-2.0171458769718706e-14
G,100301,6.805885145134225e-14,5.98887918578918e-14,-2.869751794348109e-11,3.2686873717890956e-13,-3.932910362849767e-14,-1.0085729403964933e-14
G,100401,2.448223201197406e-13,-3.3439480781617657e-13,-1.96224424559366e-11,-5.811017111162902e-13,1.129727370970964e-12,-1.267175636665847e-14
G,100451,7.620015692023142e-14,-4.98251163043391e-14,-1.499316169801189e-11,2.1711856882585282e-13,-1.7836057385002413e-14,-1.0085729403964933e-14
G,101001,1.426239512928902e-13,8.768879943685736e-13,-0.00015180767278382939,-4.6440017789859994e-05,8.525711831837245e-05,-2.017182460748195e-14
G,101101,-2.335057454747397e-13,5.939416183575992e-13,-0.0009494601787842987,-4.081190737687234e-05,-0.00023694648656405037,-2.0171458165942297e-14
G,101201,3.946673493281753e-13,4.252611983251486e-13,-0.0009925401884467039,1.566309131176201e-05,8.983737717478727e-06,-2.0171458769718706e-14
G,101301,1.6144874911455863e-13,1.3264488492608555e-13,-3.714080289628013e-11,1.347926520824773e-13,1.4179364092237312e-14,-1.0085729403964932e-14
G,101401,4.5160652480783237e-13,1.9584615947373693e-14,-2.7037179768255052e-11,1.6700850458166297e-13,7.80195889750533e-13,-1.0085729403964933e-14
G,101451,1.364055782536062e-13,-4.151857975663097e-15,-2.3291599029714693e-11,9.654116718608966e-14,-5.193460658099218e-14,-1.0085729403964933e-14
G,102001,6.711460554416641e-13,1.2353550884978867e-12,-0.00020025725405882787,0.00010972420629111538,6.163691446634126e-05,-2.0171624852853815e-14
G,102101,9.91271521599098e-13,2.2281410663377623e-12,-0.0002570845429380558,1.3399918222625413e-06,-3.902445306133931e-05,-2.1942398158409937e-14
G,102201,5.152956739186042e-13,1.007879740435909e-12,-0.0006307451295180726,-4.7771381357387964e-05,2.571065132916452e-06,-2.0171458769718706e-14
G,102301,-1.0194122046178688e-13,4.2317475363431376e-13,-2.5711650089800944e-11,-1.5411185869640603e-12,1.4074883139075412e-12,-1.1265506166930542e-14
G,102401,4.916860401349927e-13,5.817009566895007e-13,-2.0150710697435988e-11,2.833575655885445e-13,1.5186100872642382e-12,-1.1333435917854095e-14
G,102451,6.47300611813098e-13,1.725091584511201e-13,-1.919822594200236e-11,-1.0162149846417317e-12,-1.0536886569891785e-12,-1.2654165485784526e-14
G,200001,-4.7282978880144005e-06,-9.093112954846244e-07,-0.00025401157336305355,-4.2359375970005015e-07,-1.98572380169049e-06,4.103152278422174e-14
G,200101,-4.728298249848582e-06,-9.093105503981574e-07,-0.0009773534976542815,0.000162000209772172,0.00016372485465267265,4.1031522902263895e-14
G,200201,-4.7282975353842634e-06,-9.09310614315942e-07,-0.0017762199044210022,-8.98931272545139e-05,-0.0002462062790897287,4.103152249724102e-14
G,200301,-4.7282975847678996e-06,-9.093102109998104e-07,-0.0007666683571670085,-0.00010715624348258853,9.393965397879413e-06,4.103152302320791e-14
G,200401,-4.728297927661338e-06,-9.093100698267502e-07,-0.0003002263098685646,-2.5840903921935485e-05,-5.5351833636758784e-05,4.3216915592840877e-14
G,200451,-4.728297745468879e-06,-9.093095906318625e-07,-0.0003974897670540942,-7.094593032237054e-05,2.302678224029656e-06,4.103152295634768e-14
G,201001,-4.728298219540854e-06,-9.093112838251477e-07,-0.00026312467466852027,-4.09740858191016e-05,7.02511764373026e-05,4.103126990243452e-14
G,201101,-4.728299097687441e-06,-9.093109508502461e-07,-0.0017936645334267014,-7.635030426308044e-05,0.0002340604934966118,4.1031522867375626e-14
G,201201,-4.728298049430387e-06,-9.093106219786058e-07,-0.0019722650095912535,-6.196349348901154e-05,-3.951699480389999e-05,4.1031522530927383e-14
G,201301,-4.728298194684969e-06,-9.09310166248142e-07,-0.0009941201235224308,-4.378380948211726e-05,-8.260298737089344e-06,4.103152337042529e-14
G,201401,-4.728297708834392e-06,-9.093097695344457e-07,-0.0007219408781332342,-5.441291543637191e-05,-0.00026099520660681063,4.103152252787534e-14
G,201451,-4.728297959335584e-06,-9.093095220711993e-07,-0.0006210395157167704,-3.116334407463764e-05,1.3552949265036885e-05,4.103152258322562e-14
G,202001,-4.7282981285298285e-06,-9.093112845233445e-07,-0.0005142059348452359,0.0001151436582412587,-8.174139439059553e-05,4.1031527111857415e-14
G,202101,-4.728298775752552e-06,-9.09310508325366e-07,-0.0008662909850623334,0.00019384858365730447,5.9704119660842734e-05,4.103152203872782e-14
G,202201,-4.728298513051902e-06,-9.093100117956247e-07,-0.0012486749051642623,0.00019177439642271998,-1.3866304847470395e-05,4.103152279383267e-14
G,202301,-4.728299147254432e-06,-9.093100146431743e-07,-0.00041403087136631007,7.80551521564201e-05,-2.4094608800257328e-05,3.7840624966090606e-14
G,202401,-4.728298600836003e-06,-9.09309160162336e-07,-0.00030993410516847353,4.610242449539942e-05,-7.351720199044696e-05,3.810582284507773e-14
G,202451,-4.728298095887599e-06,-9.093094312243096e-07,-0.00029724755607496054,5.164085929763461e-05,3.61035706815549e-06,4.3138088780764166e-14
G,300001,-1.3271985630347323e-06,2.677188274097695e-07,-0.0003376136899388066,-2.399130875149062e-06,8.054952687282627e-07,6.449804797562555e-14
G,300101,-1.3271984329863085e-06,2.6771896370943103e-07,-0.0014990732551793116,0.00013887833164170815,0.0001429899973056608,6.44980492561366e-14
G,300201,-1.3271992029913282e-06,2.677207866106914e-07,-0.002475676625958167,-3.9145609677161064e-05,-8.881317138709706e-05,6.449805454230203e-14
G,300301,-1.3271984242248864e-06,2.677214890115574e-07,-0.0014125576468333675,-6.4839305887655e-05,-0.00012796201427534747,6.449804715100047e-14
G,300401,-1.327198465685644e-06,2.677213160344785e-07,-0.0006518187844354033,-0.00011194577613127236,-7.699398884914714e-05,6.449804821813731e-14
G,300451,-1.3271993336606878e-06,2.6772173479094243e-07,-0.0007497117363881519,-6.270742356580638e-05,-5.797465988628359e-05,6.449804853120129e-14
G,301001,-1.327198849244988e-06,2.677188496693739e-07,-0.00035225137401701965,-4.2416753545389914e-05,0.0001041912213454335,6.44978067143018e-14
G,301101,-1.3271989724176712e-06,2.6771952616170096e-07,-0.0024321664527705467,-7.04704792183823e-05,0.0001644317570160091,6.449804810993513e-14
G,301201,-1.3271990986896808e-06,2.677201876525771e-07,-0.002702759454229161,-4.946521111285546e-05,-4.616750808333071e-05,6.449804779940648e-14
G,301301,-1.3271990022317626e-06,2.6772078256444216e-07,-0.0017350919272992903,-4.534937719997803e-05,8.10900388423952e-06,6.449804824092893e-14
G,301401,-1.3271990462652432e-06,2.6772145157749556e-07,-0.001252550424056368,-5.127302042385556e-05,-0.00020348519851802864,6.449804810791732e-14
G,301451,-1.327200166520812e-06,2.6772172794036405e-07,-0.0011679533365898233,-3.2848370077240535e-05,-9.438868706708487e-05,6.449804820415401e-14
G,302001,-1.3272003690828855e-06,2.6771874603325247e-07,-0.0006655768818824012,0.0001134442925203343,-0.00011810645024978888,6.449801489165126e-14
G,302101,-1.3271995178556013e-06,2.677193084593147e-07,-0.0013222886149143415,0.00016440672229748598,6.3106143379259e-05,6.449804824311985e-14
G,302201,-1.3271996268420887e-06,2.6771994505634683e-07,-0.0017110146221257848,0.00015284288369974656,-9.707867513226823e-06,6.449804808449858e-14
G,302301,-1.3271996329195107e-06,2.6772083274586886e-07,-0.0008912361778543575,0.00017502066185268747,-9.635577544012987e-06,6.449804814011826e-14
G,302401,-1.3271994477867964e-06,2.6772153396699046e-07,-0.0006585762844391102,0.00017179168976610924,-0.00010906061211936571,6.449804814361258e-14
G,302451,-1.327200432147368e-06,2.677218614535219e-07,-0.000681353849539432,0.00010523576051230003,-7.029089943048847e-05,6.449804793961604e-14
G,400001,2.965296355380147e-05,1.505566842573312e-05,-0.00037206125567702044,-2.2181488459443177e-06,1.2790304229241613e-05,1.9531696842845536e-13
G,400101,2.9652963171411633e-05,1.5055669499286882e-05,-0.001828820955797386,-6.641105260071119e-05,0.00012101590549165105,1.9530948356991934e-13
G,400201,2.9652963418463794e-05,1.5055673102154018e-05,-0.002952468728934783,0.0001946953286846995,4.643191847488518e-05,1.9530947553860512e-13
G,400301,2.9652963529239502e-05,1.5055675147074087e-05,-0.0018956346152705123,0.00020243953229794853,-3.713069708558217e-05,1.953094774859084e-13
G,400401,2.9652964348939102e-05,1.5055676026966674e-05,-0.0008974682792329584,-7.24762212957604e-05,-8.381980940882636e-05,1.9530947608311781e-13
G,400451,2.965296242832918e-05,1.505567695474137e-05,-0.0010599454899105024,-7.565606454590615e-05,0.00035184905156010037,1.9530947801749735e-13
G,400501,2.9652961144141672e-05,1.5055677092294044e-05,-0.0067529049175129585,-0.0002443810476944062,0.0006045115733111212,1.9530947259666876e-13
G,401001,2.9652962505209703e-05,1.5055668329088732e-05,-0.0005683243181944677,-3.815478432036799e-05,5.1778017041242505e-06,1.9530914912040887e-13
G,401101,2.9652961940638242e-05,1.5055670300427254e-05,-0.0028664497546736435,-5.9806339275708625e-05,0.00022263030683202008,1.9530947650725662e-13
G,401201,2.9652962285803738e-05,1.5055672185209187e-05,-0.003190502058272316,-3.822904818242848e-05,4.04591067747648e-06,1.953094760997395e-13
G,401301,2.9652962215481744e-05,1.5055674091475973e-05,-0.002228523395308307,-4.1854895297450484e-05,-6.706064123788635e-06,1.953094762548199e-13
G,401401,2.96529629156739e-05,1.5055676132219671e-05,-0.001586428205275402,-4.201749897468856e-05,-0.00024026383578871195,1.9530947640220183e-13
G,401451,2.9652960222015182e-05,1.5055677093814445e-05,-0.0016442348673088095,-3.885699474639336e-05,0.0005221700962161259,1.9530947714240342e-13
G,401501,2.965295876927407e-05,1.5055677781994094e-05,-0.009995510612771017,-9.517908268497707e-05,0.0008575267747046462,1.953094751047569e-13
G,402001,2.965296059317921e-05,1.5055668763711724e-05,-0.0006533477588248594,7.28288151798161e-05,0.0002650957188876111,1.9530961664328774e-13
G,402101,2.9652960362529728e-05,1.5055670868636511e-05,-0.0016256886243540148,0.00011558034290311661,3.582056719546507e-05,1.9530947577620455e-13
G,402201,2.9652960529786243e-05,1.505567280050218e-05,-0.00201674959514613,0.00010985505532045606,9.71517093603331e-06,1.9530947634812977e-13
G,402301,2.9652960465794584e-05,1.5055674699166873e-05,-0.0012076490244067094,0.00010183873138626483,2.133662470851503e-06,1.953094763444471e-13
G,402401,2.965296087678418e-05,1.5055676603670247e-05,-0.0008755477576468803,9.437952812125787e-05,-0.00012791663034472336,1.953094769266274e-13
G,402451,2.9652959095354233e-05,1.505567761423018e-05,-0.0010143749597227036,0.00010209391266122857,0.0003779126803973562,1.9530947442585997e-13
G,402501,2.9652957839235265e-05,1.5055679409326374e-05,-0.007137923293671314,0.0002735226653512844,0.0006452815431795127,1.9530948129128757e-13
G,500001,0.00017015679492319658,2.6593998717375697e-05,-0.0004652819275757079,-0.0001360667831753043,7.452388407985253e-05,-5.932223219814018e-09
G,500101,0.00017015679587585505,2.6534677181249163e-05,-0.0019965310768088216,-0.00024253459428817044,0.0003648407042625578,-5.9322232123227195e-09
G,500201,0.0001701567949252941,2.6475353108584357e-05,-0.00323503526934853,0.0002979359846188458,2.5443116339588245e-05,-5.932223212320932e-09
G,500301,0.00017015679453275532,2.641603082585043e-05,-0.002180931058612378,0.0003122307290162969,-6.194997719868062e-05,-5.932223212322449e-09
G,500401,0.00017015679372288074,2.6356710406338515e-05,-0.0010530063058657665,-0.00020227181015304986,-0.0003679717341028515,-5.932223212320956e-09
G,500451,0.00017015679668751978,2.6327049233292655e-05,-0.0012170242095341669,-0.00017427592580005304,0.00048749807493450126,-5.932223212325348e-09
G,500501,0.00017015679733285634,2.6297388655672494e-05,-0.006757256205518675,-0.00024005047531598886,0.0005158879369674079,-5.932223212318186e-09
G,501001,0.000170199802751457,2.6594493968901183e-05,-0.0006956722448741262,-8.286680128651043e-05,-5.040311744177095e-07,-5.932221916772864e-09
G,501101,0.00017019980459147862,2.6534676845638233e-05,-0.003088126201044462,-0.00010297640565893224,0.0003056146852434737,-5.932223212450349e-09
G,501201,0.000170199803260846,2.647535458405215e-05,-0.00343517272287566,-0.00011172493748610858,-5.530861938368946e-05,-5.932223212321912e-09
G,501301,0.00017019980343110656,2.641603239763183e-05,-0.002474843348050064,-0.00012800595944794152,2.959403246320526e-05,-5.932223212322332e-09
G,501401,0.0001701998017087818,2.635671009183459e-05,-0.0017516666877229544,-9.576001773686179e-05,-0.00048694292764436744,-5.93222321232171e-09
G,501451,0.00017019980640359906,2.6327048941162982e-05,-0.0018797891143814847,-8.384875598947733e-05,0.0007952768240505407,-5.932223212323645e-09
G,501501,0.0001701998069100196,2.629738796597244e-05,-0.010004614328980295,-8.887917029068988e-05,0.0006804727836575811,-5.932223212320695e-09
G,502001,0.00017025260043603073,2.6593997934547726e-05,-0.0008083749371925808,0.00026228004825813305,-0.00014712234895778624,-5.932223212646632e-09
G,502101,0.00017025260055632244,2.6534675335404332e-05,-0.001771123339929081,0.0003793632575207976,0.00013454111758233301,-5.9322232123205175e-09
G,502201,0.00017025260016193281,2.6475353164208516e-05,-0.0021658610564786016,0.00035855120872386266,-1.1115266758317327e-05,-5.932223212322159e-09
G,502301,0.0001702526002086822,2.641603095399864e-05,-0.0013623731191723123,0.0003570213203426595,1.6826217910016797e-05,-5.932223212322087e-09
G,502401,0.00017025259927078447,2.6356708795008387e-05,-0.0009788395377682017,0.0003326275050629225,-0.0002615901141816121,-5.932223212323468e-09
G,502451,0.00017025260230269166,2.6327047780042845e-05,-0.0011756083337406144,0.00028088314790296516,0.0005530154019273604,-5.932223212317913e-09
G,502501,0.00017025260288839372,2.6297386338640166e-05,-0.0071430446123631995,0.0002511432983657105,0.0005407273277640251,-5.932223212326881e-09
G,600003,-4.728297730295662e-06,-9.093108139145321e-07,-0.00030353754603898285,-8.815687903206338e-05,-8.562128141648798e-06,-2.8801739548522405e-14
G,600004,-1.3272019744044713e-06,2.6773625309669797e-07,-0.0006341976519515735,-0.0006757703563041896,-8.654683493618899e-05,-5.682520581405867e-13
G,600005,2.9652967015267303e-05,1.5055655232799993e-05,-0.0012313263737250705,-0.0011294963704067016,-0.00014000912665652714,4.3906211781052266e-13
G,600006,0.00013147235124156414,1.9051495482431432e-05,-0.0004974490209501763,-1.101512810212255e-05,3.1615968553358e-05,9.533981947379937e-13
G,601002,4.263605220823732e-14,-4.350150610699957e-13,-0.00020642701709126405,-7.977725630948854e-05,0.0002031158567184502,3.688050157613243e-14
G,601003,-4.728297732484617e-06,-9.093108352278186e-07,-0.000449266971601805,-0.0001686092212299886,0.00037589322030756226,-2.8801739873593374e-14
G,601004,-1.3272023488825823e-06,2.677356223369139e-07,-0.0007244740709228439,-0.00027127875723341515,0.0005250397626608865,-5.682520584063488e-13
G,601005,2.965296756058249e-05,1.5055655882611925e-05,-0.0010290866253719751,-0.00037257072318274765,0.0006474719762809905,4.3906211913174563e-13
G,601006,0.0001314723523974129,1.9051496629680042e-05,-0.0004974490246362213,-1.101512530733891e-05,3.161597022955444e-05,9.52634610209719e-13
G,602002,-5.072153707702465e-13,-4.486608361101208e-13,-0.0009853457453691545,0.0011779765730536194,-2.638099830677909e-05,3.688051707595252e-14
G,602003,-4.728297286259292e-06,-9.09310813914535e-07,-0.0005777437949075787,0.0007155647289957132,-3.2992786823015287e-07,-2.880172393652864e-14
G,602004,-1.3271932131462737e-06,2.677362530966138e-07,-0.0004434507570273243,9.384666458302568e-05,8.981966730126251e-06,-5.682501588584208e-13
G,603002,-5.529842498534084e-13,-4.3501496808715764e-13,-0.00023676979560832115,0.00013768677670201237,0.00026850537540215185,3.688048437388577e-14
G,603003,-4.72829726733653e-06,-9.093108352278212e-07,-0.0005266466370957225,0.0002793700889599077,0.0004941533769153303,-2.8801738902917454e-14
G,603004,-1.327193171611867e-06,2.677356223369118e-07,-0.0008658944659999028,0.0004301766356587872,0.0006904624659194238,-5.682520572430643e-13
G,603005,2.9652960469729293e-05,1.5055655882611928e-05,-0.0012357137165383066,0.000578116832646022,0.0008408415076521533,4.390621163779828e-13
G,603006,0.00013147233730074204,1.9051496272514793e-05,-0.000543946463132586,1.1759447309328731e-05,3.5412811626340035e-05,9.537010259462706e-13
G,605005,2.9652960457086544e-05,1.5055670575629446e-05,-0.0005553450415235291,-2.1932903226893136e-05,4.58170729263087e-06,4.3904156404291813e-13
G,609002,-7.163651193520762e-14,9.686125237657162e-13,-0.00014097774615794934,-1.4457979327496122e-07,-2.504116719133695e-06,-2.016855172419944e-14
G,612002,1.9241945262623146e-13,9.77064730234124e-13,-0.00022989686003473732,-8.826255742551586e-05,-2.504120478007709e-06,-2.0171467978495382e-14
G,612003,-4.728298007005817e-06,-9.093113057425147e-07,-0.0005799128325381562,-7.469955956725225e-05,-1.9857276002946566e-06,4.103152243351209e-14
G,612004,-1.3271988436012385e-06,2.677188112852705e-07,-0.0006782482255256356,8.116001170327769e-05,8.05492783668642e-07,6.449804509100208e-14
G,612005,2.965296242096306e-05,1.5055668376903925e-05,-0.0006894427022359926,0.00013613884091681793,-0.00010934968776153684,1.953169621168678e-13
G,612006,0.00017019980211363016,2.6594988959221044e-05,-0.00069567224568996,-8.286680117178682e-05,-5.040362650199136e-07,-5.932221030865868e-09
G,700001,1.637081875101043e-13,3.728985446137771e-13,-3.0435960705551744e-11,-4.922260773137865e-13,2.1609480639526099e-13,4.6575602951116714e-23
G,700002,-3.7797380094910164e-14,4.063366349141323e-13,-2.9713149631823695e-11,-5.363643566541622e-13,-4.989254200572297e-14,4.657560293902691e-23
G,700003,-2.3652922312593547e-15,3.131944492424393e-13,-4.282194032786648e-12,2.741918940786949e-15,-4.128419294402091e-15,-6.2176951592010475e-18
G,700004,-4.4181315090237046e-13,-7.22344462388453e-14,-3.665395815211596e-11,9.534946898243688e-14,-5.831933575465511e-13,4.657560451245233e-23
G,700005,-2.5138335617935053e-13,-1.301656388509775e-13,-4.148367589347163e-11,1.7181864277805639e-13,-3.31826029310858e-13,4.6575602867778326e-23
G,700006,-3.1493119559710494e-14,-1.4179541370140367e-13,-4.5342192457653656e-11,1.8716994525083298e-13,-4.1570917842042896e-14,4.657560293520545e-23
G,700007,1.0546762950090039e-13,-2.3110020274464405e-13,-2.362206694279579e-11,3.050522667066905e-13,1.392172705240211e-13,4.657560302955748e-23
G,700008,-2.5618926176900575e-14,-2.5451401555754024e-13,-2.314820306413056e-11,3.359584992437734e-13,-3.3816982402722733e-14,4.657560290061357e-23
G,701001,-4.413669075098792e-13,2.6248708793460527e-13,-0.0008134998782102116,0.00016240212615662906,-7.129702759567492e-05,3.688050148357263e-14
G,701002,-6.017795794829566e-13,6.587325469566686e-13,-0.0007940282322359511,0.00017696484560844781,1.6461246285091907e-05,3.6880501473999426e-14
G,701003,-5.460191848861926e-13,1.417705768662039e-12,-0.00012892031725152519,-1.2610341677619163e-06,5.482592155492066e-07,3.6861910797148366e-14
G,701004,-6.025541369348636e-13,-3.8078223695962604e-13,-0.0009810051217642249,-3.145903291456326e-05,0.00019241532596999,3.688050271990318e-14
G,701005,-4.6023330793797e-13,-1.5045978128666231e-13,-0.001111111808605973,-5.668881468215076e-05,0.00010948069403930875,3.6880501417581836e-14
G,701006,-2.2645836291073815e-13,2.0799736072707706e-13,-0.0012150555239893931,-6.175373182587197e-05,1.3715659691363861e-05,3.6880501470973444e-14
G,701007,1.1172258262997689e-13,-2.420046637083801e-13,-0.0006299419169710556,-0.00010064711919133355,-4.593251304406881e-05,3.68805015456853e-14
G,701008,3.74736072109061e-14,1.0337323010418083e-13,-0.0006171766038474344,-0.00011084413686630426,1.1157372833786166e-05,3.688050144358214e-14
G,702001,-4.728297323191191e-06,-9.093111730537788e-07,-0.001457003191823156,0.00012947658960676711,-5.099873585681973e-05,-2.880174013376646e-14
G,702002,-4.728297276486769e-06,-9.093114544107897e-07,-0.0014271747968182893,0.0001414272572419407,1.886305602814973e-05,-2.880174010134343e-14
G,702003,-4.728297281882188e-06,-9.09311125383319e-07,-0.00024890285634977983,-9.247341110203447e-07,-3.866811492485257e-06,-2.877764236890515e-14
G,702004,-4.728297488630844e-06,-9.093109408972746e-07,-0.0017551354836390306,-3.0210997658958393e-05,0.00016215160424625717,-2.880174021791458e-14
G,702005,-4.728297508381897e-06,-9.09311141383235e-07,-0.001991947410182575,-5.036710268267255e-05,0.0001001690477432695,-2.880174015722307e-14
G,702006,-4.728297454625385e-06,-9.093114328104003e-07,-0.002176087397888172,-5.487373475812641e-05,-1.6429626213417924e-06,-2.880174012096618e-14
G,702007,-4.728297773082934e-06,-9.093111527316205e-07,-0.0011309147545871146,-9.023607830236026e-05,-3.247610618939196e-05,-2.880174020776251e-14
G,702008,-4.728297685821253e-06,-9.093114472091791e-07,-0.0011102087452354902,-0.00010043889159022257,-1.3971771043314797e-07,-2.8801740166456786e-14
G,703001,-1.3271931429618827e-06,2.677298398548278e-07,-0.0019304296003341116,0.00014605334038695234,-4.2865830141554616e-05,-5.68252056221087e-13
G,703002,-1.327193060981372e-06,2.677241316420175e-07,-0.0018966974650405357,0.0001635167457273892,2.455206393830679e-05,-5.682520562557169e-13
G,703003,-1.3271931459601483e-06,2.677187242777535e-07,-0.00037486764401176343,-1.3109556344359429e-05,7.747451152906275e-06,-5.679481322965502e-13
G,703004,-1.3271981913942215e-06,2.677341663456512e-07,-0.0023240305879693958,-4.077713669252777e-05,0.00018126021318094329,-5.682520563826561e-13
G,703005,-1.3271982303508126e-06,2.6772986708057027e-07,-0.0026457422129119433,-5.924466934004663e-05,0.00010692741951408236,-5.682520561690352e-13
G,703006,-1.3271982361846408e-06,2.6772419511829407e-07,-0.0028883569061763604,-6.579458294106396e-05,-1.2249270118049518e-05,-5.682520562539707e-13
G,703007,-1.3272023158473061e-06,2.6772987872541634e-07,-0.0015012395253938872,-0.00010814534253416867,-2.4145657595933148e-05,-5.682520561422242e-13
G,703008,-1.3272023540202628e-06,2.6772420185971796e-07,-0.0014776109033598987,-0.00012115584220878501,-5.0593617553965364e-06,-5.682520561854645e-13
G,704001,2.965296021181515e-05,1.5055660418807451e-05,-0.0022338703519933223,0.00011371523244969094,-4.954734927504735e-05,4.390621175326076e-13
G,704002,2.9652960570920108e-05,1.505566494567528e-05,-0.0022022065512131072,0.00011447659486578771,-1.5389129029165707e-05,4.3906211722427e-13
G,704003,2.9652960471728816e-05,1.5055669784207544e-05,-0.0005553450272174779,-2.1932902993033818e-05,4.5817064710257955e-06,4.390520179304508e-13
G,704004,2.965296407045148e-05,1.5055656606101176e-05,-0.002689776023907024,-1.7838044984556157e-05,0.00015967860056049493,4.390621186204535e-13
G,704005,2.9652964370147716e-05,1.5055660091021675e-05,-0.003073213688640448,-5.427129735877548e-05,0.00011466214278318552,4.390621171245143e-13
G,704006,2.9652964541004013e-05,1.5055664422488478e-05,-0.003354809630419045,-5.417965881632779e-05,1.5390840118460483e-05,4.390621171860056e-13
G,704007,2.965296738935607e-05,1.505565995006454e-05,-0.001740207447429215,-8.906879221504912e-05,-3.293456852684872e-05,4.390621168650148e-13
G,704008,2.965296768055692e-05,1.5055664280843618e-05,-0.0017189053444990091,-9.680883882229542e-05,1.602663617941011e-05,4.3906211714968674e-13
G,705001,0.0001314723375939285,1.9051505347987555e-05,-0.002368428342928554,0.0002588833546186818,0.00010523648219658616,9.533981936684091e-13
G,705002,0.00013147233746805685,1.9051514703876163e-05,-0.002350886708392989,0.00033568393910148964,1.6259521379201634e-05,9.533981940354788e-13
G,705003,0.00013147233755987596,1.9051525300147094e-05,-0.0005617526923274781,9.45286986169132e-06,3.62770926312095e-05,9.533981940884368e-13
G,705004,0.00013147234712322715,1.905149944829618e-05,-0.0028534801130825375,-0.00015430078096056364,0.00035070984448626666,9.533981901788185e-13
G,705005,0.0001314723465494879,1.9051506532888084e-05,-0.00327674243728511,-8.916959256708901e-05,0.00014585547055330934,9.533981942067282e-13
G,705006,0.0001314723458770438,1.9051516140853518e-05,-0.0035771457446484973,-0.00012148199687390571,-4.7731347368180973e-05,9.533981940894966e-13
G,705007,0.00013147235298575113,1.9051506866028202e-05,-0.0018468965639337458,-0.00019945891551520804,8.620302680005554e-05,9.53398194201769e-13
G,705008,0.00013147235285079707,1.9051516507498465e-05,-0.0018323636151753534,-0.00023853141923067884,-2.1532411862940027e-05,9.533981941338582e-13
G,900000,-4.3517094572106077e-13,-5.20982663415707e-13,-0.00016666078145331623,-5.82800337963603e-06,5.780134976079511e-06,3.6907551409215886e-14
G,900001,-2.5698221894015935e-13,1.0400552762379669e-13,-0.00014097774023767075,-1.4457981696153664e-07,-2.504120324083189e-06,-2.0130596577410752e-14
G,900002,2.34393467813712e-13,1.7638768225510112e-12,-0.00014097774983756596,-1.445795286683505e-07,-2.504121093705791e-06,-2.019232495084661e-14
G,900003,-1.0710025330530843e-12,-3.5780029389900623e-13,-0.00018416309837566088,6.420696794426041e-06,8.081341465607742e-06,3.6844385249318066e-14
G,900004,-2.8746485288008774e-13,1.641157380412809e-12,-0.00019590066605181048,-1.2282612883702722e-05,-3.671388741811437e-05,-2.050294377502421e-14
G,900005,-3.956887090240965e-13,-4.486608466531643e-13,-0.0060822675590635625,0.0017154066213417344,-0.00011035691730089494,3.688050157613247e-14
G,900006,-3.9568870902409666e-13,-1.7205708483217166e-13,-0.005720477997376707,-0.0002453277747975694,1.0202077041456558e-06,3.688050157613237e-14
G,900007,-1.146592875816301e-13,-4.4866084909497976e-13,-0.005684309462017168,-0.0016888012210569726,-0.0007635802885961698,3.688050036564062e-14
G,900008,-1.1465928701396758e-13,-1.7205708483217164e-13,-0.0023006301210038004,0.0002447458099697405,-0.0001373209112857863,3.6880501576132554e-14
G,900009,4.2636052208237424e-14,-3.103589657426684e-13,-0.002128799759146655,-0.0007553136749659764,0.0005239915327352475,3.688050157613242e-14
G,900010,-5.529840482463096e-13,-3.1035896574266827e-13,-0.002817755295807914,0.0013368201553172557,0.0007251085599510754,3.6880501576132263e-14
G,900011,4.2636054861159886e-14,-1.7205708503688922e-13,-0.0022881696928645947,-0.00023987146852533114,-0.000418281138824858,3.6880501192287037e-14
G,900012,-5.529840439602034e-13,-1.7205708454095365e-13,-0.003130385570263717,0.0011300979560146436,-0.0005622886299773884,3.6880502122166194e-14
G,900013,4.2636054049250876e-14,1.50647303776541e-13,-0.0018203202330750675,-0.0009335277159384912,6.7177982380670215e-06,3.68805015518432e-14
G,900014,-5.529840464370389e-13,1.5064730421608238e-13,-0.00243936032994095,0.001824529033462704,1.0729182901941973e-05,3.688050160458268e-14
G,900015,4.263604428567988e-14,5.194523194841557e-13,-0.0019656161971950753,-0.0009366298795580961,-1.156980589308829e-05,3.688050138325081e-14
G,900016,-5.529840427624661e-13,5.194523201809129e-13,-0.0027112231566330343,0.0018222813477784016,-5.906982348499917e-07,3.6880502101532067e-14
G,900017,-4.728298101873431e-06,-9.093102350143254e-07,-0.006448194517642843,0.0015260836322569054,0.0008519106638234846,4.1031522752622687e-14
G,900018,-4.728297744309646e-06,-9.093098765863073e-07,-0.010398337271975588,0.0016118598486566699,5.6746476253506774e-05,4.1031522741029896e-14
G,900019,-4.7282978880144115e-06,-9.093106800117826e-07,-0.004251456626818353,-0.0005018556291535571,0.0002763229843104932,4.1031522437131046e-14
G,900020,-4.728298550673498e-06,-9.093106800117821e-07,-0.002875058717501332,0.0018888453437152601,4.576960291428946e-05,4.1031522873608927e-14
G,900021,-4.728297888014382e-06,-9.093102696965549e-07,-0.0022176630721999495,-0.0008967876096858669,-9.234826505432964e-05,4.103152277696509e-14
G,900022,-4.728298550673509e-06,-9.093102696965544e-07,-0.0025650866687397,0.001819571910099893,-0.00011574950397764174,4.103152236136846e-14
G,900023,-4.728297888014381e-06,-9.093105778432668e-07,-0.0036434375880808586,0.0008783911218208434,-0.000747561449744842,4.1031522141641446e-14
G,900024,-4.728297888014393e-06,-9.093098593813272e-07,-0.0018826643400690598,-0.0009089982186421837,-5.82398545684086e-05,4.103152250139877e-14
G,900025,-4.728298550673512e-06,-9.093098593813265e-07,-0.002147148846549759,0.0018372793283017992,8.828172562344926e-06,4.103152325530214e-14
G,900026,-1.3271984043695381e-06,2.677201173707682e-07,-0.002845090726179678,0.00023192592333585904,0.0009591294910817501,6.449805284858463e-14
G,900027,-1.3271985630347467e-06,2.6772043986096947e-07,-0.004188027327269782,0.00012004901622806544,-0.00010541469002676125,6.44980480351591e-14
G,900028,-1.3271984043695343e-06,2.677204398609689e-07,-0.0051828094759342755,0.0005307841805637135,-0.00011220784557054478,6.449804797562566e-14
G,900029,-1.3271984043695333e-06,2.677207623512513e-07,-0.0017191858985992341,0.00020650681097013658,-0.0011833155395307813,6.449804691865591e-14
G,900030,2.9652964034281203e-05,1.5055670378902752e-05,-0.0019251651054364967,7.715400130625792e-05,-3.876660524561869e-05,1.9531697134021518e-13
G,900031,2.9652963553801438e-05,1.5055670808600128e-05,-0.002962053582027815,-0.0006268238614618215,0.000644717296692518,1.9531697313915517e-13
G,900032,2.9652964034281203e-05,1.5055670808600134e-05,-0.0017876651819401196,-0.00041429635940075756,-6.46421739077276e-05,1.953169684284555e-13
G,900033,2.965296213775343e-05,1.5055670808600134e-05,-0.004648937126612249,0.00039494746040946005,0.0010690886359853461,1.9531696884875053e-13
G,900034,2.9652964020251033e-05,1.5055673097668923e-05,-0.009287126898805325,0.0017696052356150186,0.0007868531765823389,1.95316461944899e-13
G,900035,2.9652964789867836e-05,1.5055675071324207e-05,-0.00839973677414591,0.0018170505718597002,-0.0009224342761782949,1.953164637334392e-13
G,900036,2.9652963553801262e-05,1.5055677713054964e-05,-0.003913152089945255,-0.0013302672991497443,0.0014686905908712503,1.9531696471898236e-13
G,900037,2.9652960399432206e-05,1.5055677713054972e-05,-0.004097862751135009,0.00268801804334434,0.0015807085516047808,1.9531697209556555e-13
G,900038,0.0001701567949231966,2.6505015369078485e-05,-0.005598722026146582,-0.0008722491044918298,8.792942375591606e-05,-5.932223219815925e-09
G,900039,0.00017025260032819655,2.6505015369078488e-05,-0.0038609883565800356,0.0019116355024393255,2.8266361719057837e-05,-5.932223219813955e-09
G,900040,0.00017015679492319655,2.6445693136880342e-05,-0.005548256526271105,-0.0006049511777401278,-0.00014895709325272059,-5.932223219814071e-09
G,900041,0.00017025260032819652,2.6445693136880345e-05,-0.0034356294140762958,0.0018403072054457466,-0.00012198665839685893,-5.932223219813994e-09
G,900042,0.0001701567949231965,2.638637090468221e-05,-0.0044637057520017474,-0.0007773811675917548,-6.151974334007046e-05,-5.932223219812139e-09
G,900043,0.00017025260032819652,2.6386370904682206e-05,-0.003234103187439579,0.0018853914697044838,3.6655135622283357e-06,-5.9322232198139426e-09
G,900044,0.0001701567949231968,2.6311921503273545e-05,-0.0041451817874653685,-0.0007414600998982215,0.0014090838018402062,-5.932223219811508e-09
G,900045,0.00017025260032819682,2.6311921503273532e-05,-0.004369715694362245,0.0012987183968427522,0.0015134282907532778,-5.932223219815719e-09
G,900046,0.00017013235450178728,2.6475353487382967e-05,-0.009293910278069924,0.0016254660073367062,0.0007866569449210456,-5.932223219307173e-09
G,900047,0.00017013235373217048,2.6416031234699234e-05,-0.008406760221769562,0.001669049251296746,-0.0009227532384708303,-5.9322232193081985e-09
G,900048,-4.7282978461383875e-06,-9.09310807048912e-07,-0.0003000412074752426,-3.462217493323963e-06,3.2775254104446872e-06,-2.8793603581310785e-14
G,900049,-4.728297884256558e-06,-9.093119140244545e-07,-0.00025401157838989604,-4.235946696459627e-07,-1.9857267859599276e-06,4.099717214338363e-14
G,900050,-4.728298032995884e-06,-9.093106850519265e-07,-0.00025401158157197613,-4.23594682712775e-07,-1.9857288217967503e-06,4.106586984725444e-14
G,900051,-4.728297413583667e-06,-9.09310827557978e-07,-0.00033088193388489335,4.622404619715606e-06,4.070325605378218e-06,-2.8785349730120985e-14
G,900052,-4.728298550673217e-06,-9.093113057424587e-07,-0.0005523348504080048,0.0004684357451229595,-0.00021965674480032955,4.10315275581407e-14
G,900053,-4.7282973901759204e-06,-9.093108139145322e-07,-0.006313840307093894,0.0017430837682269325,-2.4494485756782742e-05,-2.88017395485223e-14
G,900054,-4.7282973901759204e-06,-9.093110299275788e-07,-0.006460860962835603,-0.00020280209392337786,5.0489443501383476e-05,-2.880173954852239e-14
G,900055,-4.728297609645175e-06,-9.093108139145322e-07,-0.005945983736385425,-0.0017218245947936996,-0.0006611451377432241,-2.880173954852239e-14
G,900056,-4.728297609645174e-06,-9.093110299275787e-07,-0.003040244552311446,0.00019390921872779556,-0.00011243417639264035,-2.880173954852241e-14
G,900057,-4.728297732484594e-06,-9.093109219210555e-07,-0.0023574233114204294,-0.0008403558175102064,0.0005679211395723098,-2.880173954852241e-14
G,900058,-4.728297267336501e-06,-9.093109219210555e-07,-0.003074991238168204,0.0013969248590463663,0.0007796562111883906,-2.88017395485224e-14
G,900059,-4.728297732484596e-06,-9.093110299275787e-07,-0.0026881433437577927,-0.0003320977413212967,-0.0003782121025379409,-2.8801739575797195e-14
G,900060,-4.728297267336503e-06,-9.093110299275786e-07,-0.003617029100629866,0.001196342428029996,-0.0005037789851273538,-2.8801739613254993e-14
G,900061,-4.728297732484594e-06,-9.093112819427998e-07,-0.0023555164020614893,-0.0010011210406628806,5.042313587720122e-06,-2.88017395552203e-14
G,900062,-4.728297267336502e-06,-9.093112819427998e-07,-0.0031058083440747043,0.0018702018012211534,3.558376284432201e-06,-2.8801739541616906e-14
G,900063,-4.728297732484597e-06,-9.093115699601954e-07,-0.0022683731488224706,-0.000970522293531669,-6.324332481441308e-05,-2.880173979015713e-14
G,900064,-4.728297267336534e-06,-9.093115699601952e-07,-0.003446674840992284,0.001816718374232688,9.422096398067042e-06,-2.8801739270880677e-14
G,900065,-1.3272023854065217e-06,2.6773626572708063e-07,-0.0003997784571362556,-6.906058047045888e-06,6.103307909976831e-06,-5.682451647678116e-13
G,900066,-1.3271984010678147e-06,2.6771829656149854e-07,-0.00033761369090849525,-2.3991316561752546e-06,8.054923056433469e-07,6.367036323993862e-14
G,900067,-1.327198433095938e-06,2.677194164558761e-07,-0.000337613705406441,-2.3991317901240987e-06,8.054931023521721e-07,6.598551726681391e-14
G,900068,-1.327193391310376e-06,2.677362104224665e-07,-0.0004398527770557987,4.325544078062701e-06,8.39765389061444e-06,-5.682230049688333e-13
G,900069,-1.3271996046784802e-06,2.677188112849976e-07,-0.0007129565373042213,0.0004946251267653749,-0.0002572060368608664,6.449801313121014e-14
G,900070,-1.3271955952068666e-06,2.6773625309669797e-07,-0.006493563364775089,0.001765841240967327,4.2535931431956586e-05,-5.682520581404572e-13
G,900071,-1.3271955952068666e-06,2.6773199120626194e-07,-0.007040318426706536,-0.00016996231739477486,8.942566078582942e-05,-5.682520581405867e-13
G,900072,-1.3271999252875495e-06,2.677362530966979e-07,-0.006155056976637272,-0.0017475968152000263,-0.0005935216681733272,-5.682520581405867e-13
G,900073,-1.3271999252875495e-06,2.677319912062619e-07,-0.0035953879648474994,0.00015275523868278767,-8.829147004300127e-05,-5.682520581405866e-13
G,900074,-1.3272023488825774e-06,2.6773412215147993e-07,-0.002536105874943185,-0.0009000570688118064,0.000600526594373244,-5.682520581405867e-13
G,900075,-1.3271931716118384e-06,2.6773412215147993e-07,-0.003283566492049543,0.0014430116642832123,0.000822264584012599,-5.682520581405867e-13
G,900076,-1.3272023488825764e-06,2.677319912062619e-07,-0.0029895317645505168,-0.00039981489208741833,-0.000350131724643569,-5.682520581065532e-13
G,900077,-1.3271931716118372e-06,2.677319912062619e-07,-0.003993656910005263,0.0012505063244171747,-0.00046349888182534133,-5.682520581781995e-13
G,900078,-1.3272023488825768e-06,2.677270190007532e-07,-0.0027463948001324287,-0.0010563539661472502,3.781897113641194e-06,-5.682520581347236e-13
G,900079,-1.3271931716118344e-06,2.6772701900075313e-07,-0.0035846554752096706,0.0019116621132665027,-4.513889245158526e-07,-5.682520581672243e-13
G,900080,-1.3272023488824752e-06,2.677213364801713e-07,-0.0024970757407610554,-0.0009991166446883313,-0.00010322623757460105,-5.682520590535138e-13
G,900081,-1.3271931716120024e-06,2.6772133648017143e-07,-0.0038301370490226674,0.0018264926535004453,-2.542850335774559e-05,-5.682520585488658e-13
G,900082,2.9652967902917974e-05,1.5055655121132682e-05,-0.00046566669345379064,-4.338669405259043e-06,1.949955463515665e-05,4.3909418004500605e-13
G,900083,2.9652963856314264e-05,1.5055667557827788e-05,-0.00037737553842482615,-3.002658910769118e-05,-5.090129516267636e-05,1.9309608499365087e-13
G,900084,2.965296244382459e-05,1.5055669068564158e-05,-0.0005830199604351702,-4.2784439979299686e-05,-0.00012396178591125194,1.9756005118760606e-13
G,900085,2.9652960910963826e-05,1.505565535388713e-05,-0.0005108433024883988,9.907574435563996e-07,1.962215834432671e-05,4.3900399075126256e-13
G,900086,2.965296039943256e-05,1.5055668376908485e-05,-0.0005930908709451564,0.0004032088460208371,0.00020413105440212685,1.9531654715260098e-13
G,900087,2.965296234232918e-05,1.5055655232799998e-05,-0.006589568226458631,0.0017753784274146104,7.927730039408039e-05,4.3906211669298404e-13
G,900088,2.9652962342329184e-05,1.5055658525765877e-05,-0.007365349959090232,-0.00015309547034393154,0.00011392173112837732,4.390621178105227e-13
G,900089,2.9652965687982518e-05,1.5055655232799993e-05,-0.006252022577145471,-0.0017614068295685203,-0.0005282496609115675,4.390621178105226e-13
G,900090,2.9652965687982518e-05,1.5055658525765877e-05,-0.003965213010471077,0.00013703185343341435,-8.08164140872922e-05,4.3906211781052276e-13
G,900091,2.9652967560582453e-05,1.5055656879282936e-05,-0.002677763179290302,-0.0009373590759360588,0.0006258819877481082,4.390621178105228e-13
G,900092,2.9652960469729252e-05,1.5055656879282936e-05,-0.0034096182011055104,0.0014633034479903458,0.00084484360995229,4.3906211781052276e-13
G,900093,2.9652967560582442e-05,1.5055658525765877e-05,-0.003215938754183365,-0.00044132708070505525,-0.00033483919012404316,4.3906211740099263e-13
G,900094,2.9652960469729242e-05,1.5055658525765877e-05,-0.0042297620419896554,0.0012724286488502642,-0.000432020430703888,4.3906211826497955e-13
G,900095,2.9652967560582453e-05,1.5055662367559409e-05,-0.0029529977128069105,-0.0010917553344670465,1.0559413627790863e-06,4.390621177484784e-13
G,900096,2.9652960469729246e-05,1.5055662367559409e-05,-0.003910731007886886,0.0019290859118865607,1.1480492874029222e-05,4.3906211795178314e-13
G,900097,2.9652967560582358e-05,1.5055666758180588e-05,-0.002754863933195454,-0.0010708120700772042,-0.00012180283926147113,4.3906211710819336e-13
G,900098,2.9652960469729252e-05,1.5055666758180588e-05,-0.0032811523113846245,0.0019656443644489817,-0.0002076622913568846,4.3906211885997585e-13
G,900099,0.00013147235218693792,1.905149582039951e-05,-0.0004974490196850207,-1.1015125563517156e-05,3.1615968525163676e-05,9.523404921133463e-13
G,900100,0.00017015679326568922,2.6595481707365225e-05,-0.00045610681900583013,-4.625998213908095e-05,2.648192070912252e-07,-5.9322145002331205e-09
G,900101,0.00013147233734460523,1.9051495512259623e-05,-0.0005439464572868952,1.1759447512476866e-05,3.5412808922956735e-05,9.53246710920664e-13
G,900102,0.00017025259932200665,2.6595481770877463e-05,-0.0008617292070204375,0.000539372064330288,-0.00027626920236283845,-5.9322168535008776e-09
G,900103,0.00013147234165037828,1.9051495482431432e-05,-0.005163174468774329,0.0012193031888159602,0.0002643862618810346,9.533981953453227e-13
G,900104,0.0001314723416503783,1.9051502632917893e-05,-0.006902344064775447,5.0343862876722e-05,0.00019122801904827025,9.533981947379939e-13
G,900105,0.00013147234891527253,1.9051495482431432e-05,-0.0026407990035737564,-0.0013617614995131864,0.0002801635065376085,9.533981947379935e-13
G,900106,0.0001314723489152725,1.905150263291789e-05,-0.0042725841272155006,-8.279454241954602e-06,0.00014580588599525228,9.533981947379933e-13
G,900107,0.0001314723529815158,1.9051499057674656e-05,-0.0011081898364714024,-0.0009727823959991533,0.0004673126771236881,9.53398199168243e-13
G,900108,0.00013147233758413498,1.9051499057674652e-05,-0.0013615268241618937,0.001693243434057778,0.000630139656148396,9.5339820172786e-13
G,900109,0.00013147235298151583,1.9051502632917893e-05,-0.002245278449647905,-0.0008024330543463978,9.848829837784849e-06,9.533981959505742e-13
G,900110,0.00013147233758413498,1.905150263291789e-05,-0.0029123234260528875,0.0014639612614886222,1.815546672124057e-05,9.533981931525219e-13
G,900111,0.00013147235298151583,1.9051510975152098e-05,-0.003195755096295877,-0.0010438949075008647,-1.822868479358876e-05,9.533981948494377e-13
G,900112,0.00013147233758413498,1.9051510975152094e-05,-0.004128743921470787,0.0018247802093150696,-3.2874899766098126e-05,9.533981945533464e-13
G,900113,0.00013147235398522017,1.9051520511426662e-05,-0.0026234575085573248,-0.0009473310888144942,-0.00013653364132386526,9.597555948640659e-13
G,900114,0.0001314723385903255,1.905152051142666e-05,-0.003971129825722289,0.0016097541036608817,-6.811342461578146e-05,9.597555967988422e-13
G,900115,-1.3271979143938708e-06,2.6771882223517206e-07,-0.006452455433038611,0.0013613612305630293,0.0008507181566020158,6.449804863644789e-14
G,900116,-1.327198271957656e-06,2.677192542236451e-07,-0.010399677478700993,0.0015025837340849244,5.755620298098552e-05,6.449804801881744e-14
G,900117,-1.3271985630347285e-06,2.67719794880489e-07,-0.004629970295058412,-0.0005450134200721603,0.00026697936698176847,6.449804850302573e-14
G,900118,-1.327199604678205e-06,2.67719794880489e-07,-0.0033366559249309695,0.0019137695374423923,4.4908593361565764e-05,6.44980479669336e-14
G,900119,-1.3271996046782083e-06,2.677204398609689e-07,-0.0030368797161601643,0.0018887262500942956,-0.00011817054590159586,6.44980482272663e-14
G,900120,-1.327198563034769e-06,2.677199554806063e-07,-0.004074219053479094,0.0007988453786788572,-0.0006888210955249141,6.449805079783003e-14
G,900121,-1.3271985630347253e-06,2.677210848414489e-07,-0.0022399739154612816,-0.0009478138473613988,-6.276194653194467e-05,6.449804712756717e-14
G,900122,-1.3271996046782032e-06,2.6772108484144876e-07,-0.0026243231352995754,0.0018652292306555762,-5.266857190911839e-06,6.449804803393585e-14
G,900123,2.9652963553801465e-05,1.5055671355487645e-05,-0.004069543243144053,-0.0008184830584336913,6.574734391192283e-05,1.9531696922688885e-13
G,900124,2.965296039943243e-05,1.5055671355487645e-05,-0.0035903742809494034,0.001969926036023598,4.7097612843984375e-05,1.9531696840639323e-13
G,900125,2.9652963553801465e-05,1.5055673308657332e-05,-0.004087131409705021,-0.0007995091279589814,-0.00016080224993147697,1.9531696852360806e-13
G,900126,2.9652960399432433e-05,1.5055673308657329e-05,-0.003342356039590754,0.0018668469549622583,-0.00012437133200172713,1.953169683719705e-13
G,900127,2.9652963553801492e-05,1.5055675261827015e-05,-0.0027288061744988722,-0.0009359768484509361,-0.00011925025852796114,1.953169673157076e-13
G,900128,2.9652960399432443e-05,1.5055675261827014e-05,-0.002930866391646548,0.0018779129474993698,-1.840685688912845e-05,1.9531696837802402e-13
G,900129,-2.2474760776914431e-13,-1.720570850161258e-13,-0.0021925567522423227,-0.00046987003277729834,-4.947661822446115e-05,3.688050149082679e-14
G,900130,-2.2474759104998168e-13,1.506473038578962e-13,-0.004461127150822521,-0.0005079484838915075,-1.508732574962995e-05,3.6880501565403755e-14
G,900131,-2.2474757235514494e-13,5.19452320030936e-13,-0.004582701218956522,-0.000516416118954946,-2.2876426139030895e-05,3.6880502671637924e-14
G,900132,-3.956887093737701e-13,-3.103589679305756e-13,-0.005664626686461543,-0.0005116379425753195,-4.151091486494858e-05,3.688050076576407e-14
G,900133,-1.1465928832308584e-13,-3.103589691399715e-13,-0.003104469350638843,0.0006558702770108976,-0.0004450439488471831,3.688050352999167e-14
G,900134,-4.728298185492967e-06,-9.093106800117827e-07,-0.005376136886772581,-0.0004792582582448268,-1.0456816878598206e-05,4.103152285231964e-14
G,900135,-4.728298185492937e-06,-9.093102696965549e-07,-0.004626264256715243,-0.00048782057855280216,-0.00013461567081600237,4.1031522831308286e-14
G,900136,-4.728298185492927e-06,-9.09309859381327e-07,-0.004351086472294019,-0.00048444086290488653,2.6210269605697232e-05,4.103152277011969e-14
G,900137,2.965296213775314e-05,1.5055677713054967e-05,-0.0059134273096687635,-0.0006923988418457497,0.002157443827381903,1.9531696714287813e-13
G,900138,0.00017019980354154025,2.650501536907849e-05,-0.007033380959010082,-0.0002827557665588302,-1.015645515839641e-05,-5.932223219814049e-09
G,900139,0.00017019980354154022,2.644569313688035e-05,-0.006077927023289146,-0.00031258611631253854,-0.00013761685262365675,-5.93222321981397e-09
G,900140,0.00017019980354154017,2.638637090468221e-05,-0.005968427898987503,-0.00037771356067761876,5.667605955655637e-06,-5.932223219814096e-09
G,900141,0.00017019980354154057,2.6311921503273542e-05,-0.006362716048328108,-0.00031870839259188816,0.0020589569639058738,-5.932223219813321e-09
G,900142,-4.7282975236719814e-06,-9.093110299275787e-07,-0.0030074032696953425,-0.0004761527448863122,-1.821437983383954e-05,-2.880173951990287e-14
G,900143,-4.728297523671981e-06,-9.093112819427999e-07,-0.005376615328303933,-0.0005235787827988908,2.996502281855315e-06,-2.8801739552057644e-14
G,900144,-4.728297523671994e-06,-9.09311569960195e-07,-0.005131332673658685,-0.0005472433847992347,-0.00013934470066095253,-2.880173877102446e-14
G,900145,-4.72829739017592e-06,-9.093109219210563e-07,-0.006196747929298769,-0.0004403282034334099,2.604961072293811e-05,-2.880173947336164e-14
G,900146,-4.728297609645174e-06,-9.093109219210564e-07,-0.003703288042004112,0.000568199469073389,-0.0003818331954856423,-2.880173972974067e-14
G,900147,-1.3271982290551543e-06,2.6773199120626194e-07,-0.003633883382764513,-0.0004859117773990512,-7.539303276809157e-06,-5.682520582094757e-13
G,900148,-1.3271982290551563e-06,2.677270190007532e-07,-0.006071583294577812,-0.0005359289928797462,1.2667741241038712e-05,-5.682520581296398e-13
G,900149,-1.3271982290551615e-06,2.6772133648017164e-07,-0.0055316279648369255,-0.0005597219100126059,-0.00022675092057980234,-5.682520581077482e-13
G,900150,-1.3271955952068664e-06,2.677341221514813e-07,-0.006611793224570809,-0.00038853146437596467,7.935399128704241e-05,-5.682520580598067e-13
G,900151,-1.3271999252875493e-06,2.6773412215148205e-07,-0.004140192963165355,0.0005075560033707195,-0.00033574684074186913,-5.682520583353535e-13
G,900152,2.965296437738209e-05,1.5055658525765879e-05,-0.004008647163124691,-0.00047953207990580833,8.253757855548674e-06,4.390621181643333e-13
G,900153,2.9652964377382103e-05,1.5055662367559409e-05,-0.006486877841334806,-0.0005466889348178241,9.70592841091965e-06,4.390621177491914e-13
G,900154,2.9652964377382055e-05,1.5055666758180588e-05,-0.006057502031719405,-0.0005215678967716233,-0.00023147063893539312,4.3906211822565636e-13
G,900155,2.9652962342329184e-05,1.5055656879282927e-05,-0.006837694267757436,-0.00035960489982645794,0.00010965156075299189,4.390621171521782e-13
G,900156,2.965296568798252e-05,1.5055656879282919e-05,-0.004446617512541189,0.00046743628341998876,-0.00029969460137476946,4.3906211939784086e-13
G,900157,0.00013147234606937898,1.9051502632917893e-05,-0.004322887133269913,-0.00037882455971181877,-3.962194864164095e-05,9.533981946165364e-13
G,900158,0.00013147234606937893,1.9051510975152098e-05,-0.006600287357276088,-0.0005166283685158335,2.414545771846682e-05,9.533981948147e-13
G,900159,0.00013147234707419934,1.9051520511426513e-05,-0.005589284284361682,-0.0004881136508096273,-0.00028383776316181223,9.59755180577958e-13
G,900160,0.0001314723416503783,1.9051499057674673e-05,-0.0060333784826176965,-1.8501222194521965e-05,0.00023572001044332638,9.533981969984236e-13
G,900161,0.00013147234891527253,1.9051499057674676e-05,-0.003536253994792545,0.00010717237890285893,0.00022117305780364598,9.533981892879264e-13
G,900162,-1.3271990306455783e-06,2.6771979488048917e-07,-0.005978435243790937,-0.0004877682599472696,2.271278351204276e-05,6.449804791987532e-14
G,900163,-1.327199030645581e-06,2.6772043986096894e-07,-0.005152914348816632,-0.000611772637702466,-0.00013551140464019223,6.449804792371443e-14
G,900164,-1.3271990306455796e-06,2.677210848414487e-07,-0.0049304927973190076,-0.0004972917776836412,-2.3605138619232123e-05,6.449804800054254e-14
G,900165,2.9652962137753444e-05,1.5055671355487645e-05,-0.006523260612914346,-0.0005124687937236563,-3.059323537573725e-05,1.9531696827620038e-13
G,900166,2.965296213775345e-05,1.5055673308657329e-05,-0.005905041802557853,-0.00042118699707837173,-0.00014363589550941974,1.9531696837985231e-13
G,900167,2.965296213775347e-05,1.5055675261827012e-05,-0.005367634754611284,-0.00048770001056005666,-3.47714602763426e-05,1.9531696851927801e-13
G,900168,-4.728298185492934e-06,-9.093105778432915e-07,-0.0037896913378867125,-4.987369737613139e-06,-0.0010077128312799204,4.103152217891941e-14
G,900169,-1.3271990306455838e-06,2.6771995548062885e-07,-0.004481514617394041,-1.79699295853311e-05,-0.0009757627262271372,6.449804826478053e-14
Q,1,1.0153201785161426e-14,-4.222817281041702e-14,-7.229824248110508e-13,2.0335565037826135e-14,-1.1466864671386185e-14,-2.5646565421315988e-18
Q,101,3.793120014760961e-14,-1.1275434098784315e-14,-1.8233208562919332e-12,1.0603937087489086e-13,1.580818211489224e-13,-8.638621550661847e-17
Q,201,-4.6310798680554306e-14,2.3449654596646148e-14,-8.87873248524148e-12,-3.0953544319265605e-14,-6.11302539842601e-14,-2.924064592124988e-23
Q,1001,-5.122694862704815e-14,1.6166113819151376e-14,-9.748707580622773e-13,5.928188977924648e-14,-6.505893411412521e-14,-8.627993919078418e-18
Q,1101,2.327850918588325e-13,-4.751557621016382e-14,-1.201876792446426e-11,6.272055981635703e-14,3.072763200415133e-13,-2.924064578620415e-23
Q,1201,-2.396272917811797e-15,1.3486997108326134e-14,-1.2428981185022759e-11,-1.780283651266793e-14,-3.163080192708315e-15,-2.924064592124988e-23
Q,2001,7.993493658248331e-14,4.4470383541441914e-14,-1.5445396195395681e-12,-9.758962839262094e-14,9.499698900281402e-14,1.122288599375145e-16
Q,2101,9.044548273193062e-14,2.8091129534918816e-15,-2.1035055020147713e-12,-1.0889495344762923e-13,2.0569294053839886e-13,2.7951865266844877e-16
Q,2201,-1.7313520904052807e-15,-4.125495578235657e-14,-6.84919204090895e-12,5.4456540874529376e-14,-2.285384548014246e-15,-2.924064592124988e-23
Q,100001,-1.165658377707043e-13,1.0317635660596026e-12,-2.9240867875763996e-05,-8.377524781931721e-08,-1.2424655347193327e-06,-2.3153960889314413e-14
Q,100101,5.2418952280187375e-14,5.737565150484228e-13,-6.322659395419027e-05,-1.677789642526026e-06,-5.124978748516961e-06,-2.2995895916562596e-14
Q,100201,6.96985463020332e-14,4.748719182969502e-13,-0.0002391821901138091,1.0212626819858186e-05,2.016895023494724e-05,-2.315396080671505e-14
Q,100301,-6.891171797932638e-14,1.1318897761858669e-13,-8.219732392300562e-12,1.4619392206055682e-13,-2.940799866494901e-14,-1.1576980425288008e-14
Q,100401,-2.3560441753797403e-14,-4.3664490409469764e-14,-4.5381471943481015e-12,3.824969875695835e-14,3.564001167906199e-13,-1.4071046184130226e-14
Q,100451,-5.764285803442061e-14,-4.242217964125404e-14,-3.964783963526462e-12,9.855895141451939e-14,3.417914096171359e-16,-1.1576980425288008e-14
Q,101001,-1.8564440096423845e-14,9.743430018215533e-13,-3.3750023622019306e-05,-2.9132016752006447e-05,3.601906492470765e-05,-2.3154052054018406e-14
Q,101101,-1.3411581149235714e-13,7.245951104412658e-13,-0.00032377090304515203,-2.069364672056923e-05,-0.00010138091032432088,-2.315396069978022e-14
Q,101201,6.190665944807339e-14,5.147225484274536e-13,-0.00033482154639285957,5.873760952802803e-06,1.043607797085838e-06,-2.315396080671505e-14
Q,101301,2.760626253498682e-14,1.5421129301500479e-13,-1.3676848696021688e-11,3.7895009753171605e-14,3.816063782258249e-15,-1.1576980425288008e-14
Q,101401,1.3850690801796804e-13,4.1324228258969975e-14,-9.856377012581664e-12,3.028457676373054e-14,2.965937670526667e-13,-1.1576980425288008e-14
Q,101451,2.7434475298452026e-14,-5.6476455490140645e-15,-7.2579965851514654e-12,1.4741817113392619e-15,3.3625455485698044e-15,-1.1576980425288008e-14
Q,102001,3.4806786295189106e-13,1.1344767817511075e-12,-5.560865850152812e-05,4.467601058735463e-05,1.4253792422148246e-05,-2.3153996630210777e-14
Q,102101,4.1503836466172337e-13,1.2578697995189602e-12,-7.721445867239408e-05,8.505133482110996e-07,-1.1419552201601284e-05,-2.3665916178670115e-14
Q,102201,2.6531722862412675e-13,7.336903607728339e-13,-0.00018450885366551477,-1.7967065771572443e-05,7.540263025058758e-07,-2.315396080671505e-14
Q,102301,6.855107151590481e-14,2.7838214795099774e-13,-6.905222891722279e-12,-5.778670652291014e-13,3.509260533403763e-13,-1.357729400550626e-14
Q,102401,2.125806007785769e-13,1.7977746875807922e-13,-5.088412758614733e-12,-6.184107259477917e-14,4.3836477885749867e-13,-1.367143502935717e-14
Q,102451,2.2438050709201467e-13,3.436159545964219e-14,-4.494668478122551e-12,-3.072619941032914e-13,-2.335881584235078e-13,-1.4059975789483053e-14
Q,200001,-1.7611740586989475e-06,2.3821156595363678e-08,-5.302974341841221e-05,-1.3966106451265874e-07,-1.1359382671193256e-06,1.909769468777119e-14
Q,200101,-1.7611742084225365e-06,2.382144467604458e-08,-0.00024733170487986064,4.493446269033419e-05,6.716526309561574e-05,1.9097694793942767e-14
Q,200201,-1.761173984247633e-06,2.3821480898978466e-08,-0.0004783643713488857,-4.0868553807152924e-05,-8.201002355891389e-05,1.90976944945357e-14
Q,200301,-1.7611739141224735e-06,2.3821664949386296e-08,-0.00022142953388986996,-4.825239433301101e-05,8.368476468437095e-06,1.9097694778063154e-14
Q,200401,-1.761174069032841e-06,2.3821765984170848e-08,-7.443987283936377e-05,-1.3879046739830685e-05,-1.760882683358109e-05,1.978908088317685e-14
Q,200451,-1.7611740202019095e-06,2.382196397286031e-08,-0.00010680642910468048,-3.2535997548375656e-05,-1.4469913110433194e-06,1.9097694710816265e-14
Q,201001,-1.761174210487452e-06,2.382116974172356e-08,-5.678004834713798e-05,-2.5019745571802656e-05,2.9537543709574236e-05,1.9097645312638773e-14
Q,201101,-1.761174555366823e-06,2.3821315859695646e-08,-0.000617744065446252,-3.294937076818357e-05,7.986166145223643e-05,1.9097694660216533e-14
Q,201201,-1.7611741742054816e-06,2.3821468697946257e-08,-0.000669643080356738,-2.351309035038637e-05,-5.50865404261149e-06,1.9097694462643385e-14
Q,201301,-1.7611742084444473e-06,2.3821691711771686e-08,-0.0003684375703860044,-1.2520899343125588e-05,-2.5932721520287127e-06,1.9097694895459188e-14
Q,201401,-1.7611739894661213e-06,2.3821878661034134e-08,-0.0002655187375422504,-1.0009958856677579e-05,-9.91905952704189e-05,1.9097694553126586e-14
Q,201451,-1.761174117957014e-06,2.3821992806060138e-08,-0.00019552154791921975,-5.044296596782135e-07,-2.4436409915414416e-06,1.90976945850082e-14
Q,202001,-1.7611742129940125e-06,2.3821156098107183e-08,-0.0001427132309563777,4.472077663094156e-05,-4.038938291238915e-05,1.9097694364314158e-14
Q,202101,-1.761174432061677e-06,2.3821505853885107e-08,-0.0002677956209228123,7.392440199845752e-05,1.5989981220696568e-05,1.9097694332593348e-14
Q,202201,-1.7611743538963508e-06,2.3821731307837012e-08,-0.0003690177004818375,7.185021623443717e-05,-4.350328201802512e-06,1.9097694632457083e-14
Q,202301,-1.7611745766725076e-06,2.3821760636201367e-08,-0.00011762303912256068,2.9068120414393975e-05,-8.843886787601967e-06,1.790398543138584e-14
Q,202401,-1.7611743775411154e-06,2.3822124226227528e-08,-8.427629555380677e-05,1.601268261399693e-05,-2.143753482515813e-05,1.8250274321730763e-14
Q,202451,-1.7611742209241265e-06,2.3822029007020893e-08,-7.44268771335197e-05,1.5450683615213837e-05,2.169977991741708e-06,1.9732395309799252e-14
Q,300001,-5.536021416616061e-07,6.027921324696555e-07,-7.069060201280362e-05,-8.191717567389887e-07,2.334714021750099e-07,1.3071181956582737e-14
Q,300101,-5.536021105198598e-07,6.027921175049579e-07,-0.00037499263089113387,4.033175970743292e-05,6.158094495938834e-05,1.3071182376179081e-14
Q,300201,-5.536023125778268e-07,6.027925964282239e-07,-0.0006623897713993976,-1.5175192040966121e-05,-1.0756193855791344e-05,1.3071183787651988e-14
Q,300301,-5.536021059874259e-07,6.027927649460886e-07,-0.0004063621629352666,-2.8404415790358782e-05,-6.146555634077179e-05,1.307118178698189e-14
Q,300401,-5.536021238592253e-07,6.027926576915017e-07,-0.00016145148147467996,-5.23190227249886e-05,-2.5527170110176316e-05,1.3071182162221442e-14
Q,300451,-5.536023702602842e-07,6.027927611404515e-07,-0.00020103351413504819,-2.293522107822931e-05,-1.5266590807186183e-05,1.3071182171123884e-14
Q,301001,-5.536021286816802e-07,6.027921374853834e-07,-7.666893243311102e-05,-2.368715791248692e-05,4.3323932232785384e-05,1.307112069370511e-14
Q,301101,-5.536021661291798e-07,6.027922964335519e-07,-0.0008401296874205611,-3.4785280969335966e-05,5.61233592739118e-05,1.3071181996254064e-14
Q,301201,-5.536022110668841e-07,6.027924510822259e-07,-0.0009167484634539547,-2.482776683979165e-05,-7.452810567994898e-06,1.3071182058517514e-14
Q,301301,-5.536022277082341e-07,6.027925374364765e-07,-0.0006445670528427329,-1.6749051783979033e-05,6.415094041436081e-06,1.3071182068305656e-14
Q,301401,-5.53602314896854e-07,6.027926592554753e-07,-0.0004600157271331712,-1.850316062540676e-05,-8.895279566650895e-05,1.3071182041817201e-14
Q,301451,-5.536025752570073e-07,6.027927059128421e-07,-0.00036850228274079393,-1.0377990507668112e-05,-3.299334913975754e-05,1.3071182043947734e-14
Q,302001,-5.536026073855201e-07,6.027920924740647e-07,-0.00018115773990399236,4.4179068901879704e-05,-5.13736614019413e-05,1.3071165639611378e-14
Q,302101,-5.536023215613479e-07,6.027921488291641e-07,-0.00041609930719863406,6.950380286975923e-05,1.835982978133487e-05,1.3071182157025701e-14
Q,302201,-5.536023610928239e-07,6.027922641771998e-07,-0.0005114873170428901,6.570140508725209e-05,-3.508601959196748e-06,1.307118205459343e-14
Q,302301,-5.536023606851135e-07,6.027924918177883e-07,-0.00026404637978963267,7.381389415468555e-05,-2.423878784949598e-06,1.307118204316772e-14
Q,302401,-5.536023241883699e-07,6.027926473401247e-07,-0.0001893220202029383,7.218167212331479e-05,-3.4249990932088e-05,1.3071181980415465e-14
Q,302451,-5.536025741942982e-07,6.027927291255155e-07,-0.00017967239263842432,3.681203165136316e-05,-1.9143879186458854e-05,1.3071181984534043e-14
Q,400001,8.368160995101541e-06,6.217525541781875e-06,-7.479962252713699e-05,-8.569202586550179e-07,2.9572387049934587e-06,6.913558432781097e-14
Q,400101,8.368161355182062e-06,6.2175259402667415e-06,-0.00044492355296333274,-2.1052854775700698e-05,5.7498686655849724e-05,6.913321308886045e-14
Q,400201,8.368160662518554e-06,6.217527150910907e-06,-0.0007712848222183996,4.4794711871605105e-05,-3.6777419232274297e-06,6.913321462240856e-14
Q,400301,8.36816104663372e-06,6.217527798427635e-06,-0.0005362089768830631,5.387589280875165e-05,-3.272033889733533e-06,6.913321442732567e-14
Q,400401,8.3681611669702e-06,6.217528163515506e-06,-0.0002170298118209919,-1.5388207258909412e-05,-2.1465940373466777e-05,6.913321383168741e-14
Q,400451,8.368160630787729e-06,6.217528503417988e-06,-0.0002864753933146011,-1.7455147478963213e-05,0.00010200674062612632,6.913321498945379e-14
Q,400501,8.36816029277957e-06,6.21752862096041e-06,-0.001971860015046687,-6.380620111260863e-05,0.0001852938128901072,6.913321287343113e-14
Q,401001,8.368160615621792e-06,6.217525536184628e-06,-0.00014733119649273295,-2.5378859538110856e-05,-1.349113411334498e-05,6.913311177701791e-14
Q,401101,8.368160659193243e-06,6.217526052680686e-06,-0.0009916970094152953,-2.1010974401716757e-05,5.314181512418267e-05,6.91332153477256e-14
Q,401201,8.368160304217297e-06,6.2175267253329556e-06,-0.001079104571786942,-1.1498878818793964e-06,-1.2657550803316934e-05,6.913321390404255e-14
Q,401301,8.368160532214578e-06,6.217527481273332e-06,-0.0008309984764344605,-9.475992422377194e-06,-2.4946454953052573e-06,6.913321419642873e-14
Q,401401,8.368160871922654e-06,6.217528205680719e-06,-0.0005847548782719292,-1.0837988650339135e-05,-6.112020183136091e-05,6.91332140022741e-14
Q,401451,8.368159864652181e-06,6.217528572363729e-06,-0.000522532642703215,-9.475917051098103e-06,0.00014901696238957442,6.913321459631096e-14
Q,401501,8.368159488375437e-06,6.2175288765966664e-06,-0.0030796724554818917,-2.1851403791738545e-05,0.00027203021096805415,6.913321380773113e-14
Q,402001,8.36815970665543e-06,6.21752570243221e-06,-0.00017069907579610674,2.4758808381036094e-05,7.439891642820355e-05,6.913328101665313e-14
Q,402101,8.36815989180632e-06,6.2175266021504025e-06,-0.000522331150364678,2.157917961564601e-05,6.298099035336479e-06,6.913321392728765e-14
Q,402201,8.368159926250418e-06,6.217527265409441e-06,-0.0006115043387732813,1.2813867159764276e-05,3.1742597148435063e-06,6.913321402933153e-14
Q,402301,8.368159886910122e-06,6.217527929847652e-06,-0.0003668596902124966,1.2245501305868897e-05,-1.4968621349403405e-06,6.913321418485374e-14
Q,402401,8.368160086280942e-06,6.217528596064311e-06,-0.00025956144041171676,9.995363413785325e-06,-2.9985316255302957e-05,6.913321454174536e-14
Q,402451,8.368159500473596e-06,6.217528918360646e-06,-0.0002746337418172413,1.6588615523187637e-05,0.00010250300940211584,6.913321293884475e-14
Q,402501,8.368159164607138e-06,6.217529426780039e-06,-0.0019992930154532126,5.777300552487565e-05,0.00018656404342031735,6.913321591773702e-14
Q,500001,4.815481619434162e-05,1.5463042281197204e-05,-0.00010772151862935319,-6.1013259660006394e-05,8.138901299747203e-05,-1.8766665148111912e-09
Q,500101,4.815481609733869e-05,1.5444275858141736e-05,-0.0004781585298347633,-8.904158795361058e-05,-7.965045058500374e-05,-1.876666512441441e-09
Q,500201,4.8154816483435936e-05,1.5425508649961752e-05,-0.0008299096607667231,8.161771460331077e-05,0.00014967632475600503,-1.8766665124414267e-09
Q,500301,4.8154815983816384e-05,1.540674203817725e-05,-0.0006157170862706347,4.930546793307565e-05,-6.832015646547641e-05,-1.8766665124410677e-09
Q,500401,4.815481590422377e-05,1.5387975913248763e-05,-0.0002520748920307855,-0.0001166935733665153,-8.478986741760284e-05,-1.876666512440469e-09
Q,500451,4.8154816747476935e-05,1.5378592523726723e-05,-0.0003337051162544056,-8.982031061605687e-05,0.00015898511826846346,-1.8766665124423912e-09
Q,500501,4.8154816896663575e-05,1.5369209333057326e-05,-0.001977126389917217,-0.00010526582945010313,0.00014067075226401269,-1.8766665124397364e-09
Q,501001,4.8168421724709845e-05,1.546319898450284e-05,-0.00018914768466452982,-2.7958996712997068e-05,5.8940120298156454e-06,-1.8766647591367664e-09
Q,501101,4.81684221017915e-05,1.544427591811109e-05,-0.0010826058972232368,-0.00011520089977120194,-2.8247828622915783e-07,-1.876666512482082e-09
Q,501201,4.816842215970271e-05,1.5425509203198767e-05,-0.0011754430570271501,-0.00011337955839448176,9.07379646309802e-05,-1.8766665124408527e-09
Q,501301,4.816842198688359e-05,1.5406742474034163e-05,-0.0009500814594616835,-7.716396625053226e-05,5.310107100794368e-06,-1.8766665124412576e-09
Q,501401,4.816842129358455e-05,1.5387975782989532e-05,-0.0006663129045336705,-6.451421871158437e-05,-0.0002380050478817738,-1.8766665124408026e-09
Q,501451,4.816842291185089e-05,1.5378592407626322e-05,-0.0006088297113146315,-4.7236322197915205e-05,0.0002566337270157147,-1.876666512441724e-09
Q,501501,4.8168423032067116e-05,1.5369209077421068e-05,-0.0030911086745576705,-3.5887738103276094e-05,0.00018597617991718526,-1.8766665124406707e-09
Q,502001,4.818512457298503e-05,1.5463041955747478e-05,-0.00021714456705824496,0.00011231086702122006,3.909748470285142e-05,-1.8766665125756992e-09
Q,502101,4.818512439158319e-05,1.544427503138561e-05,-0.0005859736842014395,0.00022838934091105276,2.819532997462668e-05,-1.8766665124405383e-09
Q,502201,4.818512429975327e-05,1.5425508423191564e-05,-0.0006723614002095675,0.00021235990055667585,-8.673950400353755e-06,-1.8766665124409896e-09
Q,502301,4.8185124330858685e-05,1.540674176763869e-05,-0.0004290412535044713,0.00020875889157710554,9.543980045013974e-06,-1.8766665124411083e-09
Q,502401,4.818512399299698e-05,1.5387975136544222e-05,-0.00030273169501082893,0.00019618770885459772,-0.0001091107062412425,-1.876666512441724e-09
Q,502451,4.818512491770227e-05,1.537859189342646e-05,-0.0003258428714709466,0.00015063982499814477,0.00016112208778067783,-1.876666512439246e-09
Q,502501,4.818512507251052e-05,1.5369208527237695e-05,-0.002004455155730217,0.0001240998139832938,0.0001444820412848674,-1.876666512442781e-09
Q,600003,-1.7611739204331282e-06,2.3821031236070073e-08,-5.4391679516466e-05,-2.2556962326096426e-05,2.40526018986523e-07,-4.458381636693914e-16
Q,600004,-5.536034699808776e-07,6.027985094388136e-07,-0.00013064604999654957,-0.00017272360787998775,-4.74960757956603e-06,-2.0601644552678207e-13
Q,600005,8.36816230165406e-06,6.217520731732019e-06,-0.0002762672919535679,-0.0002867663964777954,-1.0694457256117192e-06,1.5838432436758637e-13
Q,600006,3.689359373440069e-05,7.796526164053648e-06,-8.567864016426329e-05,-1.6335918600625428e-06,6.838576511771789e-06,3.0666936612155836e-13
Q,601002,-2.5964629867750263e-13,7.679412208072427e-13,-4.377098798575493e-05,-2.796250538382149e-05,7.109227198820785e-05,6.515660606620005e-15
Q,601003,-1.7611739204670097e-06,2.3821030906150323e-08,-0.00010617224326426392,-5.9983732839674725e-05,0.00013274974556106098,-4.45838343961752e-16
Q,601004,-5.536036057457164e-07,6.027982807605589e-07,-0.0001847861500969821,-9.623601031353974e-05,0.0001854670212922138,-2.0601644546692022e-13
Q,601005,8.368162498367405e-06,6.217520966140819e-06,-0.0002792223387563418,-0.00013173043245128197,0.00022809003008454994,1.5838432447415676e-13
Q,601006,3.689359409827752e-05,7.79652651912885e-06,-8.567864101438269e-05,-1.6335913668424434e-06,6.838576706415798e-06,3.066772067245069e-13
Q,602002,-3.5678828907070845e-13,7.655304296577241e-13,-0.00023881194317814283,0.0003004740908364,4.524936747567799e-05,6.515664583411503e-15
Q,602003,-1.7611739135596386e-06,2.3821031236068796e-08,-0.00012477109846962582,0.00018366191916116385,2.928606114986513e-05,-4.458390823928749e-16
Q,602004,-5.536002936380254e-07,6.027985094388103e-07,-8.196518264067337e-05,2.3893662585289613e-05,5.624576962033097e-06,-2.0601576279376498e-13
Q,603002,-3.6487426920071527e-13,7.67941249690305e-13,-5.163061109007462e-05,5.246980668385552e-05,8.85300754847199e-05,6.515655263140197e-15
Q,603003,-1.7611739132667242e-06,2.3821030906149092e-08,-0.00012648966965397369,0.00010731455920228117,0.00016450944943263322,-4.458378882921963e-16
Q,603004,-5.536002785801301e-07,6.02798280760559e-07,-0.00022210670306110385,0.00016477467241529824,0.0002300401894525355,-2.0601644549092686e-13
Q,603005,8.368159940460571e-06,6.217520966140819e-06,-0.0003381464112630187,0.00022162303924045336,0.0002850932222126845,1.5838432434032058e-13
Q,603006,3.6893589237855625e-05,7.79652644896823e-06,-9.797988922189179e-05,1.5654032480731693e-06,7.64845109493896e-06,3.0669904904527444e-13
Q,605005,8.368159934981559e-06,6.217526171440319e-06,-0.00014276723608585627,-5.960492832847256e-06,4.015537455386991e-07,1.5834152476688767e-13
Q,609002,-4.855225266931781e-14,1.0334374615319764e-12,-2.92408684559995e-05,-8.377534523141185e-08,-1.2424654818005878e-06,-2.315337847822342e-14
Q,612002,-8.299259724543852e-14,1.0375520420907746e-12,-3.530238856497279e-05,-3.6657884872375296e-06,-1.2424669739466795e-06,-2.3153962751507358e-14
Q,612003,-1.7611741140822622e-06,2.3821151820938053e-08,-0.0001673518530071175,-2.6208320338176545e-05,-1.1359400262354046e-06,1.9097694519548447e-14
Q,612004,-5.536021985212465e-07,6.027921292018636e-07,-0.00019086627330723298,2.8684715364692368e-05,2.334701751627643e-07,1.3071180783163692e-14
Q,612005,8.368160594115155e-06,6.217525524497997e-06,-0.00019622111374886173,5.036891756453752e-05,-6.652587642032607e-05,6.913558282564364e-14
Q,612006,4.8168421486444986e-05,1.546335557710174e-05,-0.00018914767530487292,-2.7958996530479625e-05,5.894010201181876e-06,-1.8766631354223005e-09
Q,700001,4.0027649210853396e-14,1.9740162696010539e-13,-9.805453088729028e-12,-2.6057014741132333e-13,5.28364965068891e-14,8.228489580929439e-24
Q,700002,-1.5931623057284024e-14,2.2218555801119212e-13,-9.960236915844766e-12,-2.932849363462549e-13,-2.102974265550138e-14,8.228489548173742e-24
Q,700003,-8.196946739377823e-16,6.28752517565828e-14,-8.68575954209408e-13,1.3087058051806297e-15,-1.4270902180176687e-15,-2.4160509809365914e-18
Q,700004,-2.0276162297213653e-13,-4.4788167515535e-14,-1.2026069462528418e-11,5.912038033335572e-14,-2.676453417282135e-13,8.228490313053464e-24
Q,700005,-1.4751043023380619e-13,-6.876102256520129e-14,-1.632628726250012e-11,9.076454886238781e-14,-1.947137675465498e-13,8.228489525941604e-24
Q,700006,-1.9565920922541834e-14,-7.82619397306469e-14,-1.882836739128234e-11,1.0330575943206533e-13,-2.5827015764536944e-14,8.228489550819793e-24
Q,700007,2.6175958967969525e-14,-1.1941521124300424e-13,-7.651554613590112e-12,1.57628077711639e-13,3.455226552546309e-14,8.228489597779316e-24
Q,700008,-1.1445268827906446e-14,-1.347879362467486e-13,-7.783346968535012e-12,1.7792007460502472e-13,-1.5107755000337972e-14,8.228489539878086e-24
Q,701001,-3.405602185043059e-13,9.992879671328394e-13,-0.00026414690933856163,8.597095436849637e-05,-1.7432557729803373e-05,6.515660624201409e-15
Q,701002,-3.864995795919387e-13,1.0850253069840614e-12,-0.00026831659626462654,9.676467599195569e-05,6.938427152163471e-06,6.515660598264086e-15
Q,701003,-3.624338377136396e-13,1.1223557104031683e-12,-2.7612451999378755e-05,-5.349934644244854e-07,1.938798616920248e-07,6.508930318095463e-15
Q,701004,-4.852379314632158e-13,7.49537693656444e-13,-0.00032396759754724317,-1.9505825065141134e-05,8.830530203126193e-05,6.515661203927693e-15
Q,701005,-4.455127266618009e-13,7.786322771502607e-13,-0.00043981020380588233,-2.994631268570925e-05,6.424269491507935e-05,6.515660580659753e-15
Q,701006,-3.1361689737071803e-13,8.353721063747094e-13,-0.0005072131812057692,-3.408408469458092e-05,8.521210788993307e-06,6.5156606003593385e-15
Q,701007,-2.449724936290295e-13,7.316252144518611e-13,-0.000206123519691125,-5.2006865231970214e-05,-1.139996790439687e-05,6.5156606375438434e-15
Q,701008,-2.639883465882035e-13,7.816494603492108e-13,-0.00020967384448673915,-5.870188529292049e-05,4.984562076558994e-06,6.515660591695239e-15
Q,702001,-1.7611739312650897e-06,2.3820996801506912e-08,-0.0004686006397581256,6.98687852803973e-05,-1.1478542226628288e-05,-4.458384248383353e-16
Q,702002,-1.7611739161815848e-06,2.382099281718734e-08,-0.0004772059425135273,7.883196049758693e-05,8.528643242380605e-06,-4.458383952323438e-16
Q,702003,-1.7611739184651465e-06,2.382115247207537e-08,-5.518885099469124e-05,-2.6879328824090875e-07,-1.4162043334558973e-06,-4.373563588104695e-16
Q,702004,-1.7611738979239959e-06,2.3821028337495157e-08,-0.0005730715163768114,-1.761827612475341e-05,7.678559414241943e-05,-4.458384706744282e-16
Q,702005,-1.7611739122441534e-06,2.3821029906769276e-08,-0.0007765721137939686,-2.6229616187486336e-05,5.9484755911019185e-05,-4.4583841418115e-16
Q,702006,-1.761173887048645e-06,2.3821024739123792e-08,-0.000895239520569705,-2.9895231113897193e-05,2.0424173374895806e-06,-4.45838405571138e-16
Q,702007,-1.76117393377172e-06,2.3821026185689693e-08,-0.00036594308482768294,-4.670179750265479e-05,-7.280113287954951e-06,-4.458384305554985e-16
Q,702008,-1.7611739020742216e-06,2.3821019009264107e-08,-0.00037271450155443477,-5.329213547941425e-05,1.0015364520412697e-06,-4.458384248274131e-16
Q,703001,-5.536002677572881e-07,6.027962254784918e-07,-0.0006131664135077171,7.287826935464161e-05,-8.09467018819912e-06,-2.0601644479258438e-13
Q,703002,-5.536002459434647e-07,6.027941602006875e-07,-0.0006254656895440156,8.387845213179912e-05,9.707253207214958e-06,-2.060164448340033e-13
Q,703003,-5.536002688871622e-07,6.027921228133672e-07,-8.864559814531015e-05,-4.474644873861565e-06,2.8074998152588203e-06,-2.0592329536605222e-13
Q,703004,-5.536021369172151e-07,6.027977407146639e-07,-0.0007474737980763254,-2.0320442892281255e-05,8.139461378596207e-05,-2.0601644473901762e-13
Q,703005,-5.536021233109453e-07,6.027961830042541e-07,-0.001012093273037695,-2.8621228281660857e-05,6.356862006461677e-05,-2.0601644480737538e-13
Q,703006,-5.536021259466027e-07,6.027941250544567e-07,-0.0011666395215700746,-3.306789283070838e-05,-3.125833550371667e-06,-2.060164448314368e-13
Q,703007,-5.536035947323275e-07,6.027961789617377e-07,-0.00047861097939304987,-5.230235925459901e-05,-4.106230024468055e-06,-2.0601644479783264e-13
Q,703008,-5.53603616638266e-07,6.027941189139239e-07,-0.0004883281269683985,-6.018112152568576e-05,-1.5263702169430912e-06,-2.060164448044108e-13
Q,704001,8.368159847232352e-06,6.217522439213645e-06,-0.0006977720923184782,8.201301461099051e-05,-1.229597162403079e-05,1.5838432411957918e-13
Q,704002,8.368160016938133e-06,6.217524059488651e-06,-0.0007128695530968603,8.874925744405455e-05,-1.78898799643507e-06,1.5838432410080234e-13
Q,704003,8.368159940136635e-06,6.217525931873726e-06,-0.00014276723334834894,-5.960492770760073e-06,4.015537038639888e-07,1.5836297663861068e-13
Q,704004,8.368161419710449e-06,6.217521293995365e-06,-0.0008476532515522399,-1.8490292595086913e-05,9.14783337354524e-05,1.583843239423027e-13
Q,704005,8.368161402741927e-06,6.217522534991284e-06,-0.0011470130493848553,-3.258346577657016e-05,6.825178936885001e-05,1.5838432409603258e-13
Q,704006,8.36816143711986e-06,6.217524102869195e-06,-0.0013228154278566706,-3.528457149561127e-05,1.1957313627576931e-05,1.5838432408239442e-13
Q,704007,8.368162436068694e-06,6.21752251833745e-06,-0.0005437351313482935,-5.481621495650293e-05,-8.180527531749906e-06,1.5838432399773273e-13
Q,704008,8.368162564408639e-06,6.21752408438801e-06,-0.000556191585384016,-6.135575691125058e-05,9.641441604193752e-06,1.5838432407625047e-13
Q,705001,3.6893589377424104e-05,7.796529326262253e-06,-0.0007222280040229956,4.253960059878692e-05,4.240825950939649e-05,3.066693658206415e-13
Q,705002,3.689358927271964e-05,7.796532315798773e-06,-0.0007415585484366348,6.940628798943771e-05,-1.3698877685719152e-05,3.0666936592062673e-13
Q,705003,3.689358933355302e-05,7.79653575385663e-06,-0.00014276723334834894,2.3821366043259063e-06,1.0604310039513606e-05,3.0666936593426536e-13
Q,705004,3.689359238768472e-05,7.796527428345428e-06,-0.0008741588502489133,-3.2078325218218756e-05,6.097094886112722e-05,3.06669364764303e-13
Q,705005,3.689359231039073e-05,7.796529726671917e-06,-0.0011816211407967275,-1.7247496979353527e-05,5.053496512865827e-05,3.0666936595423135e-13
Q,705006,3.6893591993612626e-05,7.796532825743214e-06,-0.0013637188612133108,-2.8647270331853283e-05,-3.113152272150538e-05,3.0666936593759277e-13
Q,705007,3.689359431781254e-05,7.796529848750601e-06,-0.000561252718517267,-4.818158974790628e-05,3.292649922793638e-05,3.06669365934227e-13
Q,705008,3.689359423631812e-05,7.796532966343436e-06,-0.0005756774186724178,-6.380929448324563e-05,-2.0387346372484476e-05,3.066693659425167e-13
Q,900000,-3.801106631594372e-13,7.498978059705556e-13,-2.9884663162642504e-05,-1.5029550364260211e-06,1.9163598989557246e-06,6.522930389737864e-15
Q,900001,-2.0669644552995443e-13,8.54026733428733e-13,-2.9240868478171114e-05,-8.377520259988325e-08,-1.2424667384126713e-06,-2.3132154683331096e-14
Q,900002,-3.1469433538008784e-14,1.2000650208303218e-12,-2.9240870313495724e-05,-8.377527189669175e-08,-1.2424679160827115e-06,-2.31658384538937e-14
Q,900003,-4.97782127928337e-13,7.937539674446413e-13,-3.433353924281778e-05,1.6079640248147854e-06,2.5156305573749543e-06,6.505956797326516e-15
Q,900004,2.3385421248967925e-15,1.2266603659439834e-12,-5.5783385644068374e-05,-3.256512595478913e-06,-1.8372807215420022e-05,-2.335935059696561e-14
Q,900005,-3.370849249871814e-13,7.655304263827934e-13,-0.001522009333141418,0.000421816248306851,0.00014938056847563642,6.5156606066200155e-15
Q,900006,-3.3708492498718146e-13,8.143978809324435e-13,-0.002438615447328862,-8.037684418811006e-05,8.479743775305795e-05,6.5156606066199785e-15
Q,900007,-2.8743559130785685e-13,7.655304258549861e-13,-0.0014068496418796798,-0.0004132967693549439,-0.00010139697389454491,6.515660301430039e-15
Q,900008,-2.87435591164737e-13,8.143978809324433e-13,-0.0009618404750148797,0.00010363350442242687,-2.0672723677613726e-05,6.51566060662007e-15
Q,900009,-2.5964629867750263e-13,7.899641536576181e-13,-0.0007257528612621558,-0.00026967407342219,0.0001894457426481757,6.515660606620004e-15
Q,900010,-3.6487421747441793e-13,7.899641536576183e-13,-0.00091961025183597,0.0005170996125961717,0.00024850917918011194,6.515660606619953e-15
Q,900011,-2.596462981140286e-13,8.143978808270552e-13,-0.0007984374578709564,-0.00015887562932084053,-0.00014798184119827964,6.515660409017185e-15
Q,900012,-3.6487421654075826e-13,8.143978810901784e-13,-0.0010471622592265273,0.0005716474619639973,-0.00018788624991810594,6.51566090237316e-15
Q,900013,-2.596462983799481e-13,8.714099111451713e-13,-0.0007028238546132489,-0.0004964568821066695,2.107961061280137e-06,6.5156605909307775e-15
Q,900014,-3.6487421739698304e-13,8.714099113819925e-13,-0.0009198981861396848,0.0010129897563834497,3.2232694371509947e-06,6.515660627958106e-15
Q,900015,-2.596462974287197e-13,9.365665172447855e-13,-0.0007727916789722039,-0.0005094906232833802,-2.0018878244518338e-06,6.515660679728945e-15
Q,900016,-3.648742085695442e-13,9.365665174837898e-13,-0.0010398529757538748,0.0010267796605840653,3.896951272528653e-06,6.515660679110086e-15
Q,900017,-1.7611741077573946e-06,2.3821553128711725e-08,-0.0019508804049749515,0.0004785652990215048,0.00026400522468893016,1.9097694751831128e-14
Q,900018,-1.7611739739900143e-06,2.3821706771784905e-08,-0.00312964155128873,0.000495231289359812,7.017773968182189e-06,1.9097694708515176e-14
Q,900019,-1.7611740586989518e-06,2.3821443060784038e-08,-0.001344112457192941,-0.00023368139845620554,7.679907652165847e-05,1.9097694587094075e-14
Q,900020,-1.7611743671267183e-06,2.3821443060784144e-08,-0.000843694844585874,0.000734399035209562,1.2220507131814486e-05,1.909769472351694e-14
Q,900021,-1.7611740586989412e-06,2.3821634037730827e-08,-0.000660133028832578,-0.00042076112032988507,-2.019403760366843e-05,1.909769468058976e-14
Q,900022,-1.7611743671267225e-06,2.382163403773097e-08,-0.000745239659893979,0.0007101271656639488,-3.4430398432816756e-05,1.909769452223667e-14
Q,900023,-1.761174058698943e-06,2.3821490614051128e-08,-0.0011043336505097369,0.000236234031011232,-0.0002581677452456276,1.9097694466945044e-14
Q,900024,-1.7611740586989435e-06,2.382182501467767e-08,-0.0006044457585132099,-0.00041800837962472,-1.9611824522102892e-05,1.9097694593324435e-14
Q,900025,-1.761174367126723e-06,2.3821825014677857e-08,-0.0006134986718247671,0.0007150091262831164,2.5851274906426825e-06,1.9097694870263504e-14
Q,900026,-5.536021095064996e-07,6.027923938933066e-07,-0.0008052889997171708,9.11660040891327e-05,0.00046872997681345654,1.3071183258026858e-14
Q,900027,-5.536021416616099e-07,6.027924592492045e-07,-0.0014712459395172526,4.4177610176897846e-05,-2.0461763360693117e-05,1.3071181995780064e-14
Q,900028,-5.536021095064985e-07,6.027924592492044e-07,-0.0019095939302306306,0.00023958583784745445,-2.7332914573821842e-05,1.3071181956582765e-14
Q,900029,-5.536021095064984e-07,6.027925246051283e-07,-0.000516669001286598,7.791663841979693e-05,-0.0005300158556036148,1.307118168494116e-14
Q,900030,8.36816116517508e-06,6.2175262331377e-06,-0.00047431357375184456,2.4272505318175576e-05,-7.313624891762498e-06,6.913558158598723e-14
Q,900031,8.368160995101567e-06,6.217526385236002e-06,-0.0007652709773581162,-0.00018224558689352034,0.00016981977507534286,6.913558589625305e-14
Q,900032,8.368161165175078e-06,6.217526385236004e-06,-0.0004303435034106471,-0.00011637141865375667,-2.618009232474214e-05,6.913558432781079e-14
Q,900033,8.368160493868565e-06,6.217526385236002e-06,-0.001481121420454379,5.7252904372175645e-05,0.0003021339981908123,6.913558529423478e-14
Q,900034,8.368161161117038e-06,6.217527150569898e-06,-0.0026052515296570095,0.0005212666209768118,0.0001769237629960382,6.913542485387442e-14
Q,900035,8.368161422953575e-06,6.217527844034359e-06,-0.00238104761964695,0.0005201161886630548,-0.00021098584863798694,6.913542452192754e-14
Q,900036,8.368160995101479e-06,6.217528829178907e-06,-0.0011221422910706394,-0.00044834991830932204,0.00043397380105311673,6.913558329306384e-14
Q,900037,8.368159878561792e-06,6.2175288291789125e-06,-0.0011359566781412188,0.0009101892525599129,0.00044515103884698636,6.913558511872724e-14
Q,900038,4.815481619434162e-05,1.5434892283475038e-05,-0.0005205177110552654,-8.335665232000447e-05,3.513367736261727e-05,-1.876666514811754e-09
Q,900039,4.818512435855581e-05,1.5434892283475034e-05,-0.0014189811884086933,0.0010975530399130048,8.039939074170017e-06,-1.876666514811132e-09
Q,900040,4.8154816194341626e-05,1.5416125618326924e-05,-0.0017872114697528863,-0.00042372802363873144,-5.248271914276685e-05,-1.8766665148111354e-09
Q,900041,4.818512435855581e-05,1.5416125618326924e-05,-0.001238858977743881,0.0010491704977553468,-3.676351167408001e-05,-1.8766665148111805e-09
Q,900042,4.8154816194341605e-05,1.5397358953178814e-05,-0.0010239402995245678,-0.0005398090272518671,-1.617992875906127e-05,-1.8766665148106304e-09
Q,900043,4.8185124358555795e-05,1.539735895317881e-05,-0.0012305474233691791,0.00106425033936932,5.967034664922249e-06,-1.8766665148111557e-09
Q,900044,4.815481619434169e-05,1.5373806788417933e-05,-0.001228606560227353,-0.0002943205866021836,0.0004169472059907862,-1.8766665148105e-09
Q,900045,4.818512435855589e-05,1.5373806788417927e-05,-0.0012410129179454884,0.000557325962325629,0.000425944989605805,-1.876666514811467e-09
Q,900046,4.8147084447123703e-05,1.542550872482464e-05,-0.002617139078406941,0.0004783315134221493,0.0003709880882367384,-1.8766665146515996e-09
Q,900047,4.814708418528717e-05,1.5406742057567907e-05,-0.0023916989978283567,0.0004888580774101375,-0.0004042005457359772,-1.8766665146509535e-09
Q,900048,-1.7611739075157974e-06,2.3821035044368317e-08,-5.3495394720071904e-05,-9.305004770082143e-07,1.394882365135143e-06,-4.4317595308358704e-16
Q,900049,-1.7611740585883564e-06,2.3821024580394946e-08,-5.30297458854628e-05,-1.3966139539839477e-07,-1.1359394031562129e-06,1.908234654794043e-14
Q,900050,-1.7611741278175266e-06,2.382128364080102e-08,-5.302974666295806e-05,-1.3966135556094528e-07,-1.1359409608541926e-06,1.9113043469868673e-14
Q,900051,-1.7611739046620797e-06,2.3821025416733474e-08,-6.138841351870691e-05,1.2419369889043308e-06,1.64447112302304e-06,-4.39483336394598e-16
Q,900052,-1.7611743671266158e-06,2.3821151820940472e-08,-0.0001593634134087022,0.0001566025850261784,-9.160545606675209e-05,1.9097694574412543e-14
Q,900053,-1.7611739151682253e-06,2.3821031236070073e-08,-0.0015753867292702852,0.00043008130080079293,0.00018108340790305626,-4.458381636693967e-16
Q,900054,-1.7611739151682255e-06,2.3821027892283847e-08,-0.002691186779646763,-6.248158503792568e-05,0.00010612741523405171,-4.458381636693875e-16
Q,900055,-1.7611739185655122e-06,2.3821031236070076e-08,-0.0014714145448955765,-0.00042359681512434973,-6.338577311281058e-05,-4.458381636693913e-16
Q,900056,-1.761173918565512e-06,2.3821027892283844e-08,-0.0012187825078340089,8.321083505745393e-05,-7.369570484871937e-06,-4.458381636693963e-16
Q,900057,-1.7611739204670118e-06,2.3821029564176966e-08,-0.0007875393030507384,-0.00030018674555808893,0.0002063322004567931,-4.45838163669392e-16
Q,900058,-1.7611739132667257e-06,2.382102956417697e-08,-0.000988729829161616,0.0005387721171242606,0.00026859524498594456,-4.458381636693903e-16
Q,900059,-1.7611739204670123e-06,2.3821027892283853e-08,-0.000923647573050304,-0.0001942451971714466,-0.00013363054455285136,-4.458381637333532e-16
Q,900060,-1.7611739132667263e-06,2.382102789228382e-08,-0.0011986884517678294,0.0005974789654759919,-0.00016732668334578954,-4.458382178942755e-16
Q,900061,-1.7611739204670116e-06,2.382102399119992e-08,-0.0008780788045314046,-0.0005294796649037865,2.5848881070845468e-06,-4.458381664874593e-16
Q,900062,-1.7611739132667261e-06,2.382102399119989e-08,-0.0011349854078106947,0.001038043533739322,2.02915880123718e-06,-4.458381631778821e-16
Q,900063,-1.761173920467015e-06,2.3821019532818268e-08,-0.000867088522402183,-0.0005266952040529297,-2.0951801191582235e-05,-4.458381848863067e-16
Q,900064,-1.7611739132667373e-06,2.3821019532818295e-08,-0.0012937309764666678,0.0010284530715761312,8.549229471932979e-06,-4.458380506825886e-16
Q,900065,-5.536036147978742e-07,6.027985065910276e-07,-7.070854292745713e-05,-1.8386835566071502e-06,1.6372914306987048e-06,-2.0601031059493454e-13
Q,900066,-5.536020476387006e-07,6.02792005638024e-07,-7.069060246604148e-05,-8.191720128389804e-07,2.334703442950613e-07,1.2644053501351189e-14
Q,900067,-5.536019809803059e-07,6.027922823591117e-07,-7.0690607916989e-05,-8.191720805413491e-07,2.334700624078996e-07,1.3872922047606136e-14
Q,900068,-5.536003575548196e-07,6.027985077322397e-07,-8.106026522632139e-05,7.951528124872866e-07,2.161462325317704e-06,-2.0601047921429263e-13
Q,900069,-5.536023527612874e-07,6.027921292017299e-07,-0.00020063575204544017,0.00017638498143919513,-0.00010318780312455212,1.3071164978723481e-14
Q,900070,-5.536011572402601e-07,6.027985094388135e-07,-0.0016149389295554578,0.000436788401507989,0.00020449274897725993,-2.0601644552673552e-13
Q,900071,-5.536011572402601e-07,6.027969643154722e-07,-0.0028761885680581227,-4.975346593970372e-05,0.00012131968254864795,-2.060164455267821e-13
Q,900072,-5.53602727085575e-07,6.027985094388135e-07,-0.0015228238307951091,-0.00043168621187386814,-3.969825375712997e-05,-2.0601644552678212e-13
Q,900073,-5.536027270855749e-07,6.027969643154721e-07,-0.001398659455336204,6.808222786037048e-05,3.0754912598187206e-06,-2.0601644552678204e-13
Q,900074,-5.536036057457152e-07,6.027977368771429e-07,-0.0008323531324113986,-0.00032074857124894684,0.0002180569667712347,-2.0601644552678204e-13
Q,900075,-5.5360027858012e-07,6.027977368771429e-07,-0.0010406886839735223,0.0005547800163354969,0.0002831313540278748,-2.0601644552678207e-13
Q,900076,-5.536036057457147e-07,6.027969643154721e-07,-0.0010118529979480145,-0.00021855232365891605,-0.00012378225883499444,-2.0601644555036043e-13
Q,900077,-5.536002785801195e-07,6.027969643154722e-07,-0.0013085403062058846,0.0006172087630256723,-0.00015328119203510774,-2.060164454646208e-13
Q,900078,-5.536036057457152e-07,6.027951616715738e-07,-0.0010019468475146425,-0.0005545030221883495,2.88020646245821e-06,-2.0601644552666115e-13
Q,900079,-5.536002785801186e-07,6.027951616715738e-07,-0.0012862355362334152,0.0010580335303348154,1.4567984862508685e-06,-2.0601644553208362e-13
Q,900080,-5.536036057456751e-07,6.027931015071185e-07,-0.0009336443128117033,-0.000539925038058507,-3.4679907817838065e-05,-2.06016445814052e-13
Q,900081,-5.536002785801727e-07,6.027931015071183e-07,-0.0014096602664682334,0.0010356099244603985,-3.7363665821442553e-06,-2.0601644575354532e-13
Q,900082,8.368162646227595e-06,6.21752072272696e-06,-8.145878515140688e-05,-1.7136369671185206e-06,6.9560175007872616e-06,1.5838270821000663e-13
Q,900083,8.368160790253559e-06,6.217525351465237e-06,-7.877887618786193e-05,-1.3448047360294364e-05,-3.34542575019142e-05,6.949427648429648e-14
Q,900084,8.368160549320964e-06,6.217525765800617e-06,-0.00015833099444207904,-1.6887175541421578e-05,-7.479378114992904e-05,6.963399519184422e-14
Q,900085,8.368160130846264e-06,6.217520734039121e-06,-9.326990331663337e-05,5.095558055103244e-07,7.154587689155281e-06,1.5837828979779142e-13
Q,900086,8.368159878561782e-06,6.217525524499549e-06,-0.0001535637541496084,0.00013900517939239814,5.8643201413950365e-05,6.913548434125581e-14
Q,900087,8.368160615969696e-06,6.217520731732019e-06,-0.0016337764563439622,0.00043879581337263006,0.00021902880814153537,1.5838432388531753e-13
Q,900088,8.368160615969696e-06,6.217521919614453e-06,-0.002988741824112753,-4.3893147053140194e-05,0.0001316337720106689,1.5838432436758637e-13
Q,900089,8.368161822858248e-06,6.2175207317320195e-06,-0.0015378753362024996,-0.0004351066272187052,-2.0603242290349333e-05,1.5838432436758632e-13
Q,900090,8.368161822858246e-06,6.217521919614452e-06,-0.0015115007555828082,6.057289315988859e-05,9.884459456778112e-06,1.5838432436758632e-13
Q,900091,8.368162498367391e-06,6.217521325673236e-06,-0.0008661052432827427,-0.00033114808498442496,0.00022599154744654747,1.5838432436758637e-13
Q,900092,8.368159940460554e-06,6.217521325673236e-06,-0.0010836835320284306,0.000560763314508914,0.0002934621112662244,1.5838432436758637e-13
Q,900093,8.368162498367388e-06,6.217521919614451e-06,-0.0010735634208049404,-0.00023253278044883599,-0.00011846757534337163,1.5838432437640013e-13
Q,900094,8.36815994046055e-06,6.217521919614452e-06,-0.001386447685680175,0.0006264095263214344,-0.00014647882602509418,1.5838432423055913e-13
Q,900095,8.368162498367391e-06,6.21752330547729e-06,-0.0010506719850130522,-0.0005685704594113056,1.516672359772306e-06,1.5838432434913891e-13
Q,900096,8.368159940460551e-06,6.21752330547729e-06,-0.0013823080021826556,0.0010660527355462626,5.787039556455127e-06,1.583843244053588e-13
Q,900097,8.368162498367349e-06,6.2175248893205335e-06,-0.0010378560202365446,-0.0005712677923505349,-3.618570935492908e-05,1.5838432416864885e-13
Q,900098,8.368159940460554e-06,6.217524889320534e-06,-0.0011976466773883203,0.0010936823617157762,-7.031410172280069e-05,1.583843248385364e-13
Q,900099,3.6893594055631164e-05,7.796526270013844e-06,-8.567863990515609e-05,-1.6335914102859093e-06,6.838576444313859e-06,3.066794286522139e-13
Q,900100,4.8154815904684235e-05,1.546351147674436e-05,-9.09489809215944e-05,-9.824456553896032e-06,5.309487138611674e-05,-1.8766608194119614e-09
Q,900101,3.689358927415754e-05,7.796526208060155e-06,-9.797988790178536e-05,1.5654032853817961e-06,7.648450583670646e-06,3.066545019735018e-13
Q,900102,4.8185124065586553e-05,1.5463511445495798e-05,-0.00021169423017477595,0.0001054713632734822,5.1517585182893905e-06,-1.876660057417562e-09
Q,900103,3.689359064930686e-05,7.79652616405365e-06,-0.0008791124522148101,0.00020991325304688436,0.00011893957678827062,3.066693662918562e-13
Q,900104,3.689359064930687e-05,7.796528464073894e-06,-0.0016451435109363307,4.665618996137768e-05,8.350404340140726e-05,3.0666936612155836e-13
Q,900105,3.689359298612743e-05,7.796526164053648e-06,-0.0004598194825681632,-0.0002369279523565835,0.00012401524326109757,3.066693661215583e-13
Q,900106,3.689359298612743e-05,7.79652846407389e-06,-0.0011383906745948346,-4.392207655173834e-05,5.499840490067637e-05,3.066693661215582e-13
Q,900107,3.6893594294072274e-05,7.796527314063768e-06,-0.00020754165997896812,-0.00022591021455030643,9.716993827565408e-05,3.066693676455836e-13
Q,900108,3.689358934136201e-05,7.796527314063768e-06,-0.00027124381018124556,0.00034406579911448287,0.0001385758554967357,3.066693681492415e-13
Q,900109,3.6893594294072274e-05,7.796528464073892e-06,-0.0005126234220542337,-0.0002152551717082918,3.827792280288839e-05,3.066693665540958e-13
Q,900110,3.689358934136202e-05,7.79652846407389e-06,-0.0006902767733483786,0.0003281885492056035,4.5088249289740387e-05,3.0666936559104524e-13
Q,900111,3.689359429407228e-05,7.796531147430847e-06,-0.0008509746473670184,-0.0002992217214102164,-9.021131244236795e-07,3.0666936617433056e-13
Q,900112,3.6893589341362015e-05,7.796531147430847e-06,-0.0011408535806529318,0.00047558880071649917,-4.214009447480706e-06,3.066693660415618e-13
Q,900113,3.689359458625531e-05,7.79653421645102e-06,-0.0005115900460909027,-0.00026335529048287875,-6.926193061519226e-05,3.1312397205259433e-13
Q,900114,3.689358963433154e-05,7.796534216451018e-06,-0.0008608604096001504,0.0004069470127688887,-5.9028323643770046e-05,3.131239727072605e-13
Q,900115,-5.536019600673873e-07,6.027920576250723e-07,-0.0019557161773847485,0.0004342397920695472,0.0003040398795046124,1.3071182214434107e-14
Q,900116,-5.536020938347672e-07,6.027921449268868e-07,-0.003133819500076494,0.00046466579323203513,-3.317777431726274e-05,1.3071181935838767e-14
Q,900117,-5.536021416616052e-07,6.027923285373848e-07,-0.0014526154458147907,-0.0002507726597679157,6.962263575794234e-05,1.3071182107620115e-14
Q,900118,-5.53602352761194e-07,6.027923285373847e-07,-0.0009923920170655596,0.0007452752198440957,1.0569111322548939e-05,1.3071181940653567e-14
Q,900119,-5.536023527611951e-07,6.027924592492043e-07,-0.0008896395680018887,0.0007423041693125524,-3.564412177442799e-05,1.3071182057078482e-14
Q,900120,-5.536021416616159e-07,6.02792361084621e-07,-0.001205031762976705,0.00022087760890787748,-0.00025203571424860845,1.3071182773496253e-14
Q,900121,-5.536021416616045e-07,6.027925899610242e-07,-0.0006651929134891305,-0.00044727312893217785,-1.4966231267829662e-05,1.3071181709859171e-14
Q,900122,-5.53602352761194e-07,6.027925899610241e-07,-0.0007649538229000438,0.0007345225615349103,-2.051633190345019e-06,1.3071181982306276e-14
Q,900123,8.368160995101533e-06,6.217526578815638e-06,-0.0010567443247945783,-0.00027161352935642743,2.0768631382268454e-05,6.913558456256455e-14
Q,900124,8.368159878561855e-06,6.21752657881564e-06,-0.0010370874203023345,0.0006654334991982103,1.0983253311922492e-05,6.913558429868837e-14
Q,900125,8.368160995101533e-06,6.217527270171484e-06,-0.0011026820018557619,-0.00028832234202314037,-3.3523688183970324e-05,6.913558428236675e-14
Q,900126,8.368159878561855e-06,6.217527270171483e-06,-0.0009550801069540363,0.0006330070060722579,-3.7107654567841074e-05,6.913558429991094e-14
Q,900127,8.368160995101548e-06,6.217527961527326e-06,-0.0007128886617392255,-0.00032560475098969476,-4.163464792717392e-05,6.913558398954452e-14
Q,900128,8.368159878561858e-06,6.217527961527326e-06,-0.0008106612033941916,0.0006380254454764721,-8.253471030043133e-06,6.913558430175485e-14
Q,900129,-3.0688485024756644e-13,8.143978808335241e-13,-0.0008886115073369796,-0.00020488412402038788,-1.4469570232030931e-05,6.5156605701746835e-15
Q,900130,-3.0688484226186393e-13,8.714099111869459e-13,-0.002116911137903362,-0.00027897767046117456,-8.026374454844958e-06,6.515660597893492e-15
Q,900131,-3.068848311234682e-13,9.36566517372026e-13,-0.002218136514948672,-0.0002844312811435004,-2.337813856918488e-06,6.5156609152695456e-15
Q,900132,-3.370849251522536e-13,7.899641524016507e-13,-0.002021516480964005,-0.00017877095499580978,0.0001259954659373448,6.515660224065226e-15
Q,900133,-2.874355917827392e-13,7.899641517073974e-13,-0.001041644509253336,0.00023352567518437529,-5.625689276778468e-05,6.51566152898844e-15
Q,900134,-1.7611741971572445e-06,2.3821443060783992e-08,-0.001914063617856314,-0.00017652997906271274,-1.0917048337810246e-05,1.909769472065083e-14
Q,900135,-1.761174197157234e-06,2.382163403773083e-08,-0.001740690208791197,-0.00015304965289669406,-4.30713932132384e-05,1.9097694720987033e-14
Q,900136,-1.7611741971572284e-06,2.3821825014677728e-08,-0.0016622327625051662,-0.00014823160834939844,9.927170263662593e-06,1.909769468359529e-14
Q,900137,8.36816049386846e-06,6.217528829178908e-06,-0.0018154207590279291,-0.00023283012348844736,0.0006611921891505242,6.91355841221238e-14
Q,900138,4.8168422026574e-05,1.5434892283475038e-05,-0.002080328294908975,-0.0006216562045563665,-8.527900447693415e-06,-1.876666514811243e-09
Q,900139,4.816842202657401e-05,1.5416125618326924e-05,-0.0027495633979252886,-0.00023461811133995675,-5.77534844148917e-05,-1.8766665148112574e-09
Q,900140,4.816842202657398e-05,1.5397358953178814e-05,-0.0026796316744746767,-0.0002879349441349546,1.549777065998516e-05,-1.8766665148112177e-09
Q,900141,4.8168422026574105e-05,1.537380678841793e-05,-0.002025213325324695,-0.0001340305521353818,0.0006300460832821996,-1.876666514811141e-09
Q,900142,-1.7611739172346844e-06,2.382102789228385e-08,-0.0011767694609353828,-0.00020713721186303943,7.0884912294914615e-06,-4.458381546136402e-16
Q,900143,-1.7611739172346841e-06,2.382102399119992e-08,-0.002474799158053268,-0.0002852838497340366,2.4178976732749165e-06,-4.458381644047552e-16
Q,900144,-1.7611739172346899e-06,2.382101953281835e-08,-0.0024280513957686484,-0.0002962670687953307,-5.238598584463316e-05,-4.458379728780343e-16
Q,900145,-1.7611739151682255e-06,2.3821029564176927e-08,-0.0021877116764535405,-0.0001544213936512347,0.00015242839879741073,-4.45838122249326e-16
Q,900146,-1.761173918565512e-06,2.3821029564176897e-08,-0.001233774129819673,0.00020373080162314073,-3.082947918829974e-05,-4.458382635362882e-16
Q,900147,-5.536021121264865e-07,6.027969643154721e-07,-0.0013829578318838385,-0.0002103759004231808,1.7157831494187636e-05,-2.0601644554998253e-13
Q,900148,-5.536021121264859e-07,6.027951616715738e-07,-0.0027351440459584685,-0.000290134563189455,8.0417035499325e-06,-2.0601644552448602e-13
Q,900149,-5.536021121264822e-07,6.027931015071185e-07,-0.0025714237711737743,-0.0003008531573311443,-8.754052241673619e-05,-2.0601644558947341e-13
Q,900150,-5.536011572402601e-07,6.02797736877143e-07,-0.0023104109542417973,-0.00013709741773281297,0.00017180200115871424,-2.0601644557995647e-13
Q,900151,-5.53602727085575e-07,6.02797736877143e-07,-0.001366171269442229,0.00018377189993718022,-1.3751979145066844e-05,-2.0601644539857468e-13
Q,900152,8.368161350081045e-06,6.217521919614451e-06,-0.0015065633610089918,-0.00021113329413370585,2.0455223831838758e-05,1.583843244654851e-13
Q,900153,8.368161350081044e-06,6.21752330547729e-06,-0.0028654589259020356,-0.0002947352885665722,6.303467714559348e-06,1.5838432435103354e-13
Q,900154,8.36816135008102e-06,6.217524889320534e-06,-0.002797200896614624,-0.000286497494966797,-8.063996734971231e-05,1.5838432449792916e-13
Q,900155,8.368160615969696e-06,6.217521325673236e-06,-0.0023813571804069578,-0.00012950344063165234,0.00018431679280580263,1.5838432451693647e-13
Q,900156,8.368161822858246e-06,6.217521325673235e-06,-0.0014455630253975976,0.00017269651891486617,-7.034665781762082e-07,1.5838432400749184e-13
Q,900157,3.68935920707194e-05,7.796528464073894e-06,-0.0012280899954842043,-8.213180789543587e-05,3.325224975622739e-05,3.0666936611843634e-13
Q,900158,3.6893592070719384e-05,7.796531147430847e-06,-0.0019764772866745434,-0.00013637844826649078,2.3675507894199892e-05,3.0666936615512754e-13
Q,900159,3.6893592363255473e-05,7.79653421645097e-06,-0.001459664176124738,-0.00012131026730261003,-0.00013800331699383465,3.131238409802927e-13
Q,900160,3.689359064930686e-05,7.796527314063775e-06,-0.001290195539131954,4.4268602513150466e-05,0.00010258705940710193,3.0666936680142656e-13
Q,900161,3.689359298612743e-05,7.796527314063777e-06,-0.0008705701634994456,-3.807417152982605e-05,9.075004036236694e-05,3.0666936448234463e-13
Q,900162,-5.536022364276732e-07,6.027923285373848e-07,-0.0021182132234894165,-0.00018125523821618513,-9.28547478262453e-07,1.3071181922106986e-14
Q,900163,-5.536022364276743e-07,6.027924592492044e-07,-0.0019054943958430907,-0.00021185242040668923,-4.050044824788328e-05,1.3071181910592807e-14
Q,900164,-5.536022364276774e-07,6.027925899610241e-07,-0.0018916108492206202,-0.00015780480777758562,-7.059016107087079e-06,1.3071181947362664e-14
Q,900165,8.368160493868548e-06,6.217526578815638e-06,-0.00203076915225676,-0.0001981636867430779,2.0648904871913246e-07,6.913558412132536e-14
Q,900166,8.36816049386855e-06,6.217527270171484e-06,-0.001883594940857421,-0.00015241756922788454,-3.3436502002559e-05,6.91355843947804e-14
Q,900167,8.368160493868567e-06,6.217527961527325e-06,-0.0017183109110875297,-0.000170149748363653,-2.106128300156285e-05,6.913558436208701e-14
Q,900168,-1.7611741971572325e-06,2.382149061404354e-08,-0.0013229457558262716,-1.231334977574479e-06,-0.00036888012369728433,1.909769440038751e-14
Q,900169,-5.536022364276738e-07,6.027923610846281e-07,-0.0015558083218239881,-1.960932265784636e-05,-0.0003579879468047702,1.3071182191870586e-14
EX,1,-2.5295073187152366e-13,1.15183611712809e-15,3.764487506083575e-14,-4.90185249371524e-16,-4.758042336712679e-13,3.212366212915052e-17
EX,101,-1.0028621376075558e-13,2.6550324626562245e-15,-3.006268460592507e-14,-3.948424421202322e-15,-1.8620440492305783e-13,3.041913063824595e-16
EX,201,-1.6356153798103063e-13,-1.3727543828331346e-16,-3.013355712840109e-14,1.812080613228771e-16,-2.159011936341886e-13,4.02483752755163e-22
EX,1001,-1.674929635969721e-13,-1.871911825222169e-15,-2.045855221158387e-13,2.0718038802771368e-16,-2.916930893540205e-13,2.378987363758116e-16
EX,1101,-1.191707581481658e-13,-2.1842451464271475e-16,-7.523952240417372e-14,2.883272808594931e-16,-1.5730536624050383e-13,4.024837527873099e-22
EX,1201,-1.617829064976847e-13,-4.0853937692375097e-17,1.8358680947107048e-14,5.3931681297597594e-17,-2.1355340185858386e-13,4.02483752755163e-22
EX,2001,-7.97949379834124e-14,6.941824150573885e-16,-5.730695499391837e-14,-3.187490526911714e-16,-1.3637611081291475e-13,-7.318259269178424e-17
EX,2101,-1.0656283588439034e-13,-6.758384738121411e-16,-3.108630353899044e-14,4.0563966531829563e-17,-1.9549828662588554e-13,-3.870553385456866e-16
EX,2201,-1.6428977631877747e-13,-1.856786542582374e-17,4.515880109594187e-14,2.4514066080198594e-17,-2.168624721737762e-13,4.02483752755163e-22
EX,100001,4.631405535359473e-11,-1.2232343167441092e-11,8.269741327584096e-07,-4.191772191200112e-09,3.425756023982397e-05,3.187033912289019e-13
EX,100101,4.662497168715316e-11,-9.026281024343952e-12,-7.495626687706528e-07,3.269868473866209e-07,1.246970648762971e-05,3.1814664339756133e-13
EX,100201,4.6671140407141636e-11,-5.857792010824881e-12,-8.11761160939464e-07,-5.978226564116259e-08,7.123318318246547e-05,3.18703391906272e-13
EX,100301,2.3324152692851944e-11,-1.33585568699347e-12,-8.851094713955472e-15,5.335172073527674e-16,8.334628163023921e-13,1.5935169625499882e-13
EX,100401,2.802600662059161e-11,3.2918756187883223e-13,8.091997517743087e-13,4.118296148049031e-14,2.2684904825923387e-12,1.8854056668961825e-13
EX,100451,2.3327575150629348e-11,1.0548588425485237e-12,-1.1362249164385936e-12,-6.257060943338449e-16,8.424981047861267e-13,1.5935169625499882e-13
EX,101001,4.427498106048187e-11,-1.2233310886461864e-11,-8.425782055236922e-06,-9.217348083739133e-08,3.899675479869709e-05,3.187033773559387e-13
EX,101101,4.435318104807629e-11,-9.044608404885241e-12,-2.0268606787805285e-06,-9.512212565431842e-08,5.190042478699635e-05,3.187033919317273e-13
EX,101201,4.435342629434939e-11,-5.858177696827789e-12,4.945604030562585e-07,-1.778945817440403e-08,7.045856505790137e-05,3.18703391906272e-13
EX,101301,2.2162274655595745e-11,-1.3326583010620407e-12,4.306618216409069e-14,-7.907581627457288e-15,8.160962464383405e-13,1.5935169625499882e-13
EX,101401,2.2187159789951315e-11,2.579431100450571e-13,7.26200131173032e-13,-2.1055051471873785e-16,8.817930009436581e-13,1.5935169625499882e-13
EX,101451,2.2156344522804507e-11,1.0520036573103836e-12,-1.0951906859578899e-12,6.9119829128110635e-15,8.004406959069691e-13,1.5935169625499882e-13
EX,102001,4.149760421656677e-11,-1.2230817623957892e-11,-3.0615515770676437e-06,-7.839305628175252e-09,2.406297077450233e-05,3.1870339430259773e-13
EX,102101,4.141514937568571e-11,-9.008791427654976e-12,-8.953491663695147e-07,-9.936269827281122e-08,1.5481735065282608e-05,3.1941186925798403e-13
EX,102201,4.15269935912126e-11,-5.858266841117593e-12,1.2165228501923373e-06,-8.083586183779665e-09,7.155033777422542e-05,3.18703391906272e-13
EX,102301,2.582224691006633e-11,-1.5994389696308988e-12,1.748372313937423e-11,-2.5200320088676414e-14,1.6980683744785948e-12,1.912361108765097e-13
EX,102401,2.490423693571649e-11,3.1037800804039235e-13,6.317388674291334e-13,-3.4062102459115055e-14,2.1326836235212146e-12,1.9383346023428366e-13
EX,102451,2.5827561062685776e-11,1.2625598038178005e-12,-1.8478254261556743e-11,2.2881853711063765e-14,1.5967959572790887e-12,1.9123416152535555e-13
EX,200001,0.0005124934529067194,1.1338158707354418e-07,2.1702431987047926e-06,-4.418255511487898e-08,0.00014476816486316599,1.173776609579828e-12
EX,200101,0.0005124934529275844,1.1339331198806693e-07,-2.5184835278459733e-07,-5.35986283059228e-06,0.00011477454645139066,1.1737766068731709e-12
EX,200201,0.0005124934530667013,1.1340506481543096e-07,-1.6235222917453709e-06,1.532161343889678e-07,0.0001033198835695718,1.1737766068618097e-12
EX,200301,0.0005124934528958616,1.134168004591285e-07,-2.384376623698952e-07,-2.619483049403082e-07,0.00011326486466003714,1.1737766066414343e-12
EX,200401,0.0005124934526776291,1.1342862128271727e-07,1.354974636428742e-05,-8.185046817951341e-07,0.0001731922185949477,1.1743743289059368e-12
EX,200451,0.0005124934528715541,1.1343440789659568e-07,-3.060850908926458e-05,1.2050736567508964e-07,0.0001102838156311246,1.1737766065503907e-12
EX,201001,0.0005124934444470084,1.133815866956035e-07,-3.3288112756253225e-05,-4.787797630587065e-07,0.0001405826178736659,1.1737765473846412e-12
EX,201101,0.0005124934445085364,1.1339332618743646e-07,-2.921209735225386e-06,2.479504272528567e-07,0.00010652515708343937,1.1737766068124785e-12
EX,201201,0.0005124934445468024,1.1340506291481881e-07,9.891207877538361e-07,-1.4755093837885812e-08,0.00010641834960966404,1.1737766068505882e-12
EX,201301,0.0005124934443900309,1.134168055106551e-07,1.1601502564661761e-06,2.5230573249016825e-06,0.00011899468122188873,1.1737766074095391e-12
EX,201401,0.000512493444422408,1.1342853837863256e-07,1.9562943035351194e-05,-1.6462738758432324e-08,9.731908722818973e-05,1.1737766066205245e-12
EX,201451,0.0005124934443711007,1.1343440334195935e-07,-2.95030971250767e-05,-2.3664326324737728e-06,0.0001241599798589807,1.1737766073852405e-12
EX,202001,0.0005124934339836698,1.1338158872204982e-07,-5.631609114718337e-06,6.071265273237913e-07,0.00011485062298325807,1.1737766075394495e-12
EX,202101,0.0005124934339814214,1.1339332582378935e-07,-1.1737909457224378e-06,-6.505685938288612e-08,0.00011609783694257813,1.1737766068927609e-12
EX,202201,0.0005124934341094251,1.1340506352931451e-07,2.4330456552258736e-06,-5.357858221960932e-08,0.00010205125084247199,1.1737766068408543e-12
EX,202301,0.0005124934326232244,1.1341680134903324e-07,0.00015033270344821204,1.2060260198774656e-06,0.00011511546982135706,1.1737254050473071e-12
EX,202401,0.0005124934336263517,1.1342858000574423e-07,1.0427641182664516e-05,4.773488357383016e-07,0.00017953597789454004,1.1734374146956502e-12
EX,202451,0.0005124934326309636,1.1343440717605887e-07,-0.00016721543352913692,-1.2135813078407846e-06,0.0001195243803664476,1.1737284813203419e-12
EX,300001,0.0012310302585697933,8.752495457811562e-08,1.9995487212311033e-06,9.653664028018159e-08,0.00011876143584632676,-1.357298062405216e-13
EX,300101,0.0012310302584388388,8.752360773704336e-08,3.6521872860980715e-08,-5.199699642746516e-06,0.00010744506287220827,-1.3572980445055547e-13
EX,300201,0.0012310302584115887,8.752222900382768e-08,-1.5170916868748884e-06,9.729188963538296e-07,0.00010562130192438737,-1.3572980348553726e-13
EX,300301,0.0012310302584363183,8.752088348017388e-08,-1.288751578713197e-06,1.0837952751249073e-07,0.00010879104857644789,-1.3572980364404398e-13
EX,300401,0.0012310302585864675,8.751952279018525e-08,2.6025195824637256e-05,7.158613504398394e-07,8.069704139953127e-05,-1.3572980450452305e-13
EX,300451,0.0012310302584189986,8.751884183761834e-08,-4.805235732214524e-05,4.517222580056208e-07,0.00011937725642675089,-1.35729804675013e-13
EX,301001,0.0012310302593762376,8.752495174100571e-08,-2.8024712950824826e-05,-1.866501252637191e-07,0.00012121075671933663,-1.3572980187797255e-13
EX,301101,0.00123103025941615,8.752359223927663e-08,-3.2987513733999086e-06,5.622002003227859e-07,0.00010731709224123137,-1.357298046413702e-13
EX,301201,0.0012310302594030524,8.75222365076323e-08,1.1153789631989456e-06,1.871705528932316e-07,0.0001092098489344767,-1.3572980466520076e-13
EX,301301,0.0012310302594323306,8.752087691352887e-08,1.9812611085199477e-06,2.308384634233187e-06,0.00010702735670709663,-1.3572980465562313e-13
EX,301401,0.001231030259399752,8.75195212263093e-08,3.1790717291436275e-05,1.7520158015304837e-07,9.292671357669766e-05,-1.3572980459830907e-13
EX,301451,0.0012310302594289659,8.751884446778048e-08,-4.870836368420112e-05,-1.5318806878237862e-06,0.00011527168324414362,-1.3572980465863108e-13
EX,302001,0.0012310302606892913,8.752494876665875e-08,-8.595047497543553e-06,7.804370719279371e-07,0.00011356057562461472,-1.357298071207766e-13
EX,302101,0.0012310302606276338,8.752359284112303e-08,-1.2955341870236885e-06,3.995864774136958e-07,0.0001059585790234999,-1.357298046469673e-13
EX,302201,0.0012310302606077914,8.75222354991884e-08,3.309735955780257e-06,4.6449725191754997e-07,0.00010627988217322082,-1.3572980464800153e-13
EX,302301,0.0012310302606321306,8.75208790167974e-08,0.00014750541694976001,3.0448249617043814e-06,0.0001083324487359913,-1.3572980464519313e-13
EX,302401,0.0012310302607723522,8.751951932245772e-08,1.919336265242611e-05,2.873737183742253e-08,9.15355379045023e-05,-1.3572980475163331e-13
EX,302451,0.0012310302606162759,8.751884138299616e-08,-0.00018002653770613804,-1.966522688052818e-06,0.000127482769840281,-1.3572980463718754e-13
EX,400001,0.0017667643398573626,1.1298405791083121e-06,1.2231163045148724e-06,-6.145096823373429e-07,8.691055005954824e-05,-1.8571512968057822e-13
EX,400101,0.0017667643398578457,1.129838746073701e-06,-2.1715209954099468e-07,-1.3451959796603591e-06,7.948232135378148e-05,-1.857125741590777e-13
EX,400201,0.0017667643398451747,1.129836867931646e-06,-5.306118432525776e-07,-5.167409541896267e-06,7.989534414983715e-05,-1.8571257393557705e-13
EX,400301,0.0017667643398546575,1.129835030083746e-06,-2.0044181891754206e-06,-4.5467308674289025e-07,7.907034925637198e-05,-1.8571257394791337e-13
EX,400401,0.0017667643398034457,1.129833163159612e-06,3.245309426610658e-05,-2.4884635453114686e-06,7.360578899171541e-05,-1.8571257405988328e-13
EX,400451,0.0017667643398299989,1.1298322352558153e-06,-5.704503670039186e-05,-2.552674175615018e-06,8.363232200135008e-05,-1.857125740902637e-13
EX,400501,0.0017667643398781283,1.1298312965531635e-06,-0.0004882850961893529,-4.795721513203303e-06,9.558596335934918e-05,-1.857125740906749e-13
EX,401001,0.0017667643413255074,1.1298405885325241e-06,-3.0208775184017128e-05,-2.253849343535166e-06,0.00012560348001956304,-1.8571261404569102e-13
EX,401101,0.0017667643411830327,1.129838737441626e-06,-3.4636274761678077e-06,-2.486860240527522e-06,7.41638787303925e-05,-1.857125741221911e-13
EX,401201,0.0017667643412031847,1.1298368822438677e-06,1.0006832077165968e-06,-2.0673766455407625e-06,7.9761209986646e-05,-1.857125740618494e-13
EX,401301,0.0017667643411974046,1.129835026731036e-06,2.6261971793037032e-06,-5.295262154577613e-07,7.958660391169925e-05,-1.8571257405033857e-13
EX,401401,0.0017667643411756729,1.1298331663962469e-06,3.7863469537548273e-05,-2.3675097273981207e-06,7.20993065130687e-05,-1.8571257403965227e-13
EX,401451,0.0017667643411613,1.1298322347192468e-06,-5.893342638865417e-05,-3.894144568079775e-06,8.621719214875232e-05,-1.857125740981159e-13
EX,401501,0.0017667643412134877,1.1298312877249374e-06,-0.0005157546298021242,-6.7136422773549995e-06,9.815033488535403e-05,-1.8571257413339865e-13
EX,402001,0.001766764342843251,1.1298405937554356e-06,-1.1892172024329185e-05,-2.4633272674110533e-06,5.411743368453361e-05,-1.8571256789879903e-13
EX,402101,0.00176676434285026,1.1298387339754774e-06,-1.3265512555809206e-06,-2.5377555120340643e-06,8.221729221581918e-05,-1.8571257407257806e-13
EX,402201,0.0017667643428570853,1.1298368769243811e-06,3.817401421137652e-06,-2.5453905328949036e-06,7.681228709334341e-05,-1.8571257405168549e-13
EX,402301,0.0017667643428545196,1.1298350246992358e-06,0.0001458028616829319,-9.305568604252833e-07,7.927648089149517e-05,-1.8571257405355543e-13
EX,402401,0.0017667643427927823,1.1298331620954765e-06,2.3179929965891162e-05,-2.702850109055772e-06,8.262866018457909e-05,-1.8571257402241945e-13
EX,402451,0.0017667643428245909,1.1298322295157087e-06,-0.00018614869051081305,-4.084756673512922e-06,9.059038178951057e-05,-1.8571257409156042e-13
EX,402501,0.001766764342874239,1.129831283682673e-06,-0.0006367638029059994,-7.561336397662462e-06,9.668915263161786e-05,-1.8571257416054678e-13
EX,500001,0.002173482403521255,2.2758070656922023e-05,2.6496787099596777e-06,-6.067270532112096e-06,7.2250246048845e-05,2.023418161222449e-09
EX,500101,0.0021734824033287103,2.277830482823683e-05,-4.4104014835657085e-07,-5.103718112981503e-06,4.2075067571679554e-05,2.0234181586668827e-09
EX,500201,0.002173482403338142,2.279853902544296e-05,-2.899185305854217e-08,-8.083066728455142e-06,4.576973908141231e-05,2.0234181586672905e-09
EX,500301,0.002173482403334043,2.2818773178915773e-05,-2.3628642680661997e-06,-5.509480851113562e-07,4.4809590438407263e-05,2.023418158667298e-09
EX,500401,0.0021734824033082002,2.2839007373575843e-05,3.475940137198971e-05,-4.209883614153726e-06,3.9019137497817636e-05,2.0234181586668736e-09
EX,500451,0.0021734824033934844,2.2849124464464042e-05,-6.042674408568938e-05,-4.186532871985998e-06,6.613502001842143e-05,2.023418158666911e-09
EX,500501,0.0021734824035004895,2.285924156178181e-05,-0.00048800886438761396,-4.784505237861285e-06,0.00010078355020679477,2.023418158666859e-09
EX,501001,0.0021734677327512946,2.2757902051499152e-05,-2.1307801401042093e-05,-6.47926473622763e-06,3.037417103436545e-06,2.0234224127589383e-09
EX,501101,0.0021734677335557835,2.2778304826260185e-05,-3.0063440807124734e-06,-3.10119908286377e-06,5.119346622826883e-05,2.0234181587105827e-09
EX,501201,0.0021734677335528297,2.279853900581681e-05,8.669513285899425e-07,-2.6356578211122096e-06,4.430972065396245e-05,2.0234181586668943e-09
EX,501301,0.002173467733553198,2.2818773177388837e-05,2.9648932534977604e-06,1.889082858020402e-07,4.4644531930117095e-05,2.023418158666883e-09
EX,501401,0.002173467733525361,2.283900737130292e-05,4.001514315617684e-05,-3.3409470551741336e-06,4.000835714299645e-05,2.023418158666849e-09
EX,501451,0.002173467733623457,2.284912447263545e-05,-6.3027655052836e-05,-6.4038183750780726e-06,6.861279793056945e-05,2.0234181586668736e-09
EX,501501,0.0021734677337298964,2.2859241570610035e-05,-0.0005154948985386263,-6.711390965355823e-06,0.00010303524315749488,2.0234181586669018e-09
EX,502001,0.0021734497250951003,2.275807064492757e-05,-1.175674510547662e-05,-3.237457069981054e-06,5.42252226338645e-05,2.0234181586634384e-09
EX,502101,0.002173449725135158,2.2778304830216588e-05,-1.5798509703960213e-06,-4.773365294220379e-06,4.357063699156974e-05,2.0234181586668914e-09
EX,502201,0.00217344972511666,2.2798539011597103e-05,4.075345068369825e-06,-4.675036377831966e-06,4.0919384827299054e-05,2.023418158666891e-09
EX,502301,0.002173449725129597,2.281877317865048e-05,0.00014501032168134256,4.0473412556876286e-08,4.408933073337058e-05,2.023418158666884e-09
EX,502401,0.002173449725160463,2.283900737670998e-05,2.4454019279350706e-05,-5.360452453418089e-06,5.417984070610948e-05,2.0234181586668546e-09
EX,502451,0.0021734497252294755,2.284912447927467e-05,-0.00018836535580717018,-9.104668391694388e-06,7.627397308419083e-05,2.0234181586668583e-09
EX,502501,0.002173449725300374,2.2859241574652303e-05,-0.0006365353596479986,-7.62415510625122e-06,0.00010105236595706044,2.023418158666929e-09
EX,600003,0.0005124934573983305,1.1338715784352915e-07,3.593721497807653e-06,-1.0883374260228002e-07,0.00017006394119621667,-1.8156765124463067e-13
EX,600004,0.001231030258610221,8.752977469462028e-08,4.685259693480139e-06,-6.601848301407653e-08,0.00011650812464046374,-1.5480230209353857e-13
EX,600005,0.0017667643397659943,1.1298414209942645e-06,5.7540717992979e-06,7.938723630767385e-07,6.825183811488487e-05,-2.8237895733398728e-14
EX,600006,0.002086684076274303,2.2448785204264124e-06,5.579806455570074e-06,-1.0281896323079409e-07,4.054203701673873e-05,3.895586071556224e-12
EX,601002,5.6847469294788483e-11,9.991979357584955e-12,-8.303537944362753e-06,5.386821152545918e-07,2.4277226858975505e-05,-7.315879116314734e-13
EX,601003,0.0005124934573845315,1.1338702348345718e-07,-0.000102729117406697,8.676899287330874e-06,0.00011565229210466225,-1.8156764753544244e-13
EX,601004,0.0012310302585082063,8.752960286406318e-08,-0.0001076120614408366,9.67699505877116e-06,6.773228374418801e-05,-1.5480230110165182e-13
EX,601005,0.0017667643397309227,1.1298413792021788e-06,-8.888389689627164e-05,9.959322080545386e-06,3.4504007167708146e-05,-2.8237895602951162e-14
EX,601006,0.002086684080716489,2.244882719505943e-06,5.579798762441735e-06,-1.0281898176137438e-07,4.054203216716392e-05,3.898183501893086e-12
EX,602002,6.775471365771626e-11,1.0262666850311949e-11,1.963021444086433e-06,-2.2538954851032315e-07,2.182412978093292e-05,-7.315880285424483e-13
EX,602003,0.0005124934601975594,1.1338715784351197e-07,2.9573209942810207e-06,1.437003577114838e-06,0.0001478740148371529,-1.8156772235788822e-13
EX,602004,0.001231030260996709,8.752977469452705e-08,4.541447655444704e-06,3.482289507174181e-09,0.00013498089746467927,-1.5479304378989627e-13
EX,603002,6.866261558834885e-11,9.991979052618763e-12,-8.373051562959752e-06,-5.195089834769138e-07,2.427793464859509e-05,-7.315878552127297e-13
EX,603003,0.0005124934603168491,1.1338702348345718e-07,-0.00010298803246255059,-8.167039644529572e-06,0.00011591119647478369,-1.8156764753648315e-13
EX,603004,0.0012310302610082633,8.752960286406316e-08,-0.00010789708694678793,-9.108872123666661e-06,6.787382522501206e-05,-1.5480230109914274e-13
EX,603005,0.0017667643401869646,1.1298413792021788e-06,-8.941659067467668e-05,-9.361716874491756e-06,3.485413894410941e-05,-2.823789558647874e-14
EX,603006,0.002086684018668999,2.244882836617533e-06,5.3338436886577555e-06,-1.8264886485417102e-07,4.055614411680151e-05,3.895586082498184e-12
EX,605005,0.0017667643399041546,1.1298405130867451e-06,4.830709266836452e-06,4.6416743665070496e-08,5.345306252129605e-06,-3.128604207927697e-14
EX,609002,4.598734671211874e-11,-1.2272129749266632e-11,8.269807205382912e-07,-4.191772062015856e-09,3.425755988793128e-05,3.1870380456757e-13
EX,612002,4.585193545320621e-11,-1.2312019010765738e-11,8.241019860452627e-07,-1.7445829651944573e-10,3.4257554807289067e-05,3.187034005635481e-13
EX,612003,0.0005124934495027672,1.1338129362940397e-07,2.1550063051226436e-06,1.9398169411854107e-08,0.00014476815149906065,1.1737765995007841e-12
EX,612004,0.0012310302591602182,8.752498851056644e-08,1.9660154247020344e-06,-4.251097971491217e-08,0.00011876142882739231,-1.3572980200892553e-13
EX,612005,0.0017667643409345108,1.1298406255371096e-06,4.495655366592459e-06,-1.8284022613229531e-06,0.00012875329909067142,-1.8571513584925154e-13
EX,612006,0.002173467731939266,2.2757733449980172e-05,-2.1307796619431737e-05,-6.479264762465962e-06,3.0374172211184114e-06,2.0234268066730845e-09
EX,700001,-9.462787058808662e-14,2.7385676800294637e-16,1.0460177336714071e-14,-3.6149248850609977e-16,-1.2490873590939898e-13,-9.239068518460792e-22
EX,700002,-9.582858232580762e-14,-1.2973243408594635e-16,-6.72591152434824e-14,1.7125085633371475e-16,-1.2649367540398486e-13,-9.23906851852285e-22
EX,700003,-1.9455842073004143e-13,-2.4511007244072967e-15,2.9244536643939376e-14,1.2616057361418402e-16,-3.4087874722581353e-13,-4.1803735915857593e-16
EX,700004,-1.0085110563328714e-13,7.393179544064518e-18,5.552938011121772e-13,-9.764754793581518e-18,-1.3312341116008983e-13,-9.239068529922497e-22
EX,700005,-8.672608257636072e-14,-1.421564736828269e-16,-2.352944251418787e-13,1.8764498914817642e-16,-1.144783807443165e-13,-9.239068518633469e-22
EX,700006,-9.292854552218796e-14,-1.176588857951552e-16,-3.653407503601833e-15,1.5531377265107866e-16,-1.2266563181545045e-13,-9.239068518517544e-22
EX,700007,-9.466715249005561e-14,-4.687494448085505e-16,7.749128824731854e-15,6.187477098738208e-16,-1.249605970635105e-13,-9.239068518742056e-22
EX,700008,-9.252543755849249e-14,-6.100793176717718e-17,1.3386443151049523e-14,8.053451349171177e-17,-1.2213353336451767e-13,-9.239068518566272e-22
EX,701001,6.900596720448234e-11,2.033036221721215e-12,2.8178437953084214e-07,1.192671282250146e-07,4.121169312075039e-05,-7.315879100041854e-13
EX,701002,6.899745252932263e-11,-5.283588388774312e-12,-1.8118782738182328e-06,-5.649748001597464e-08,4.173461856650311e-05,-7.315879100090995e-13
EX,701003,6.905624824792382e-11,-1.2670368941985529e-11,9.189642898323455e-07,-1.3988533319620632e-08,4.37104092394591e-05,-7.264337745546634e-13
EX,701004,6.244624507498988e-11,7.52282855519961e-12,1.4958935605662656e-05,3.2160256495230985e-09,4.392198894498132e-05,-7.31587910911771e-13
EX,701005,6.250889736992629e-11,2.032236816059068e-12,-6.338543932994014e-06,-6.191200438236278e-08,3.77703592331914e-05,-7.315879100178587e-13
EX,701006,6.249295223952407e-11,-5.283593175224132e-12,-9.841832824023239e-08,-5.123929399325345e-08,4.047161184513871e-05,-7.315879100086793e-13
EX,701007,5.719002363081769e-11,2.031719047244156e-12,2.0875204955823183e-07,-2.041474558490508e-07,4.122879492811653e-05,-7.315879100264571e-13
EX,701008,5.718941908203749e-11,-5.283446262017054e-12,3.606144003126752e-07,-2.6567072833700025e-08,4.029605044860862e-05,-7.315879100125377e-13
EX,702001,0.0005124934603972197,1.1338511532000493e-07,2.826841180926031e-07,2.6211704767524694e-07,0.00010930028161903288,-1.8156765189877927e-13
EX,702002,0.0005124934604002396,1.1338329915026506e-07,-3.189327508277635e-06,-6.256176159733532e-08,0.00011300853412506242,-1.815676519089498e-13
EX,702003,0.0005124934599921944,1.1338146121090318e-07,1.881871703933674e-06,1.169494701277201e-08,0.00017799281243780174,-1.8070959405564022e-13
EX,702004,0.0005124934587506914,1.133864788164622e-07,2.82676564523386e-05,1.5177040719058602e-06,0.00013046173994479712,-1.8156765205956266e-13
EX,702005,0.000512493458792558,1.1338511471356829e-07,-1.2042519808411202e-05,-8.603443547640511e-08,0.00010317585246113998,-1.8156765190863084e-13
EX,702006,0.0005124934587782512,1.133832990794885e-07,-3.271509614577465e-08,-6.464632355907757e-08,0.0001101201642962754,-1.8156765190758442e-13
EX,702007,0.000512493457465513,1.1338511425375835e-07,1.5467296138930935e-07,-3.115294355875748e-07,0.00010964818015573597,-1.8156765191556977e-13
EX,702008,0.0005124934574634431,1.1338329910199561e-07,8.958184156151841e-07,-6.637244130899645e-10,0.00010991147039584818,-1.8156765190407295e-13
EX,703001,0.0012310302608827379,8.752803374725842e-08,3.652968960944737e-07,2.3860841209363695e-07,0.00011027151657214666,-1.548023019714895e-13
EX,703002,0.0012310302608775014,8.752648551801315e-08,-4.25014139658885e-06,-1.5196045330762786e-07,0.00010947930039025277,-1.5480230195661256e-13
EX,703003,0.0012310302613856004,8.752492578136247e-08,2.937049526580597e-06,-9.650167345853304e-09,0.00021524048147312743,-1.5519097527213467e-13
EX,703004,0.0012310302595286988,8.752919308114721e-08,3.673051250175552e-05,8.799440851727324e-07,0.0001262981040624705,-1.5480230165728225e-13
EX,703005,0.0012310302594973452,8.752803385247924e-08,-1.549280571593267e-05,-2.0668170017856468e-07,0.0001019130791355082,-1.5480230196528937e-13
EX,703006,0.0012310302595184835,8.75264857762556e-08,-1.1630766252199349e-07,-1.775263716564767e-07,0.00011084519781932269,-1.5480230196406723e-13
EX,703007,0.001231030258382004,8.752803374852143e-08,1.9577613787069985e-07,-5.491703046062784e-07,0.00011002264947703228,-1.5480230196092178e-13
EX,703008,0.0012310302583876636,8.752648585211172e-08,1.308176125413174e-06,-1.4305201297141218e-07,0.00010999132356456338,-1.548023019749589e-13
EX,704001,0.0017667643401144807,1.129841103849019e-06,2.3834178763551071e-07,-2.5402638112884613e-08,7.164371548019586e-05,-2.8237890947038753e-14
EX,704002,0.0017667643401151564,1.1298408209035714e-06,-4.9694034569327095e-06,-4.3989530664183867e-07,7.763251075534255e-05,-2.823789094609693e-14
EX,704003,0.0017667643400314777,1.1298405253650878e-06,4.83071892729587e-06,4.641673952833289e-08,5.345306045754292e-06,-2.9761967906623434e-14
EX,704004,0.0017667643398720692,1.1298413155264445e-06,4.056615879064441e-05,4.97052370108426e-07,8.248281833410283e-05,-2.8237890746274896e-14
EX,704005,0.001766764339846753,1.1298411030907715e-06,-1.6957624774174847e-05,-3.2772908190872123e-07,6.885188902572673e-05,-2.8237890933566195e-14
EX,704006,0.0017667643398497834,1.1298408205748578e-06,-7.290546892459093e-08,-3.2951194806171076e-07,6.65901745043478e-05,-2.823789092891383e-14
EX,704007,0.001766764339658094,1.1298411023349365e-06,1.70398947059524e-09,-5.984990528003106e-07,7.228629020213624e-05,-2.8237890924628473e-14
EX,704008,0.0017667643396646593,1.1298408203355426e-06,1.8981408389763581e-06,-2.324930338497768e-07,7.008481241317084e-05,-2.823789092073726e-14
EX,705001,0.0020866840203389468,2.244922343540348e-06,-2.341009215800182e-08,4.331495373478501e-07,3.284225494319626e-05,3.895586066593765e-12
EX,705002,0.0020866840203502025,2.244961301816088e-06,-4.8861798006122595e-06,-2.0415227022057091e-07,3.1755574598402635e-05,3.895586066572787e-12
EX,705003,0.002086684020383419,2.245000257114555e-06,4.83071892729587e-06,-4.456173590632069e-07,0.000118509044080131,3.895586066598985e-12
EX,705004,0.0020866840550624443,2.2448931240793745e-06,4.158072079116058e-05,1.0279901782835111e-06,4.49901217142204e-05,3.8955860668467446e-12
EX,705005,0.00208668405500047,2.24492234601523e-06,-1.724688991004406e-05,-3.4236707453537844e-07,3.163072246303069e-05,3.895586066604914e-12
EX,705006,0.0020866840550127566,2.244961301950049e-06,-5.027481084106545e-07,-3.7287715824537565e-07,3.92432500940632e-05,3.89558606656092e-12
EX,705007,0.00208668408325391,2.2449223481791945e-06,-2.6154584607175775e-07,-1.0140315796433483e-06,3.2743495013303014e-05,3.895586066612007e-12
EX,705008,0.0020866840832422183,2.2449613018874366e-06,2.2760197816614256e-06,-4.426277450912529e-07,2.9852947369887774e-05,3.895586066565668e-12
EX,900000,6.099165653976587e-11,9.964212018983303e-12,1.8745802031888107e-06,-1.1436494233973783e-08,3.081914052081485e-05,-7.315878518657198e-13
EX,900001,4.6845320042580445e-11,-1.2275215993997442e-11,8.270247925159818e-07,-4.191775264936933e-09,3.425755322131862e-05,3.1728126972155156e-13
EX,900002,4.569715687958103e-11,-1.2278682766511586e-11,8.269735411638325e-07,-4.191772050714751e-09,3.425756115117087e-05,3.202113803467675e-13
EX,900003,7.25700009551324e-11,9.964683332121904e-12,1.803749057399825e-06,-2.3623697536875518e-08,3.0811061133821984e-05,-7.315880753878813e-13
EX,900004,4.118214977643507e-11,-1.2316345456746136e-11,1.1816252489306467e-06,1.3984750584600658e-07,9.931596805519289e-06,3.188365888259384e-13
EX,900005,6.554239162452857e-11,1.0262666884888598e-11,3.165459681268011e-06,-5.243273535281587e-07,-7.472631184430757e-08,-7.315879116314737e-13
EX,900006,6.554239162452855e-11,4.775757547652554e-12,1.1425363370362623e-05,5.895062288908155e-06,-2.171745142670832e-06,-7.315879116314734e-13
EX,900007,5.996769174281966e-11,1.0262666874811816e-11,4.308596705160496e-06,6.049348151572936e-07,-6.495629236465138e-07,-7.315879011332996e-13
EX,900008,5.996769173789671e-11,4.775757547652553e-12,1.1262119771264998e-05,-6.062238582437995e-06,-1.4264907545750955e-06,-7.315879116314735e-13
EX,900009,5.684746929478848e-11,7.519212216270578e-12,-1.5474229486932083e-05,5.564089953285252e-06,-1.339883846020561e-05,-7.315879116314734e-13
EX,900010,6.866261406763685e-11,7.519212216270578e-12,-1.559975680062408e-05,-5.049488082064272e-06,-1.3387250435594934e-05,-7.315879116314728e-13
EX,900011,5.684746930794257e-11,4.77575754765198e-12,4.3151185824707585e-05,-7.8381220871388e-06,-1.0063186124662842e-05,-7.315879116325496e-13
EX,900012,6.866261408082153e-11,4.7757575476532745e-12,4.307804695933503e-05,7.84540569548285e-06,-1.0104039725649679e-05,-7.315879116301217e-13
EX,900013,5.684746931450221e-11,-1.6256366791230269e-12,-8.649358216126043e-07,1.6277632374597885e-07,-2.0404248413082354e-05,-7.315879116307333e-13
EX,900014,6.866261408716869e-11,-1.6256366791225383e-12,-1.003955982740026e-07,-6.553431517142421e-08,-2.0422696290110823e-05,-7.315879116322463e-13
EX,900015,5.6847469045121425e-11,-8.941515796099795e-12,-1.2171028366679811e-05,5.484949104261016e-07,-1.8404465024542055e-05,-7.31587912653005e-13
EX,900016,6.866261336427352e-11,-8.941515796113634e-12,-4.5500827967729935e-05,-4.3068226925614335e-06,-1.2430144107179894e-05,-7.315879126898888e-13
EX,900017,0.0005124934577993805,1.1339330979828092e-07,0.00012026110837603839,-3.341980224416123e-05,5.558818520089054e-05,1.1737766095832353e-12
EX,900018,0.0005124934578005672,1.1340213991526545e-07,-0.00014817710843669069,5.1302149086630375e-05,5.282832162809253e-05,1.1737766096430984e-12
EX,900019,0.0005124934529067193,1.1339919372268788e-07,-2.7486174244658206e-05,6.933558186165685e-06,-5.240934130458739e-05,1.1737766095931524e-12
EX,900020,0.000512493433950227,1.1339919372268786e-07,-1.66235379627175e-05,-3.1052157332525786e-06,-5.507652571934312e-05,1.1737766095797654e-12
EX,900021,0.0005124934529067192,1.1341093148878367e-07,1.0930985685710005e-05,-6.856024484479202e-07,-5.43597281736682e-05,1.1737766095776274e-12
EX,900022,0.000512493433950227,1.1341093148878367e-07,9.216004549114153e-05,9.876254080402529e-06,-7.643088218104711e-05,1.1737766095799722e-12
EX,900023,0.0005124934529067194,1.1340211642644652e-07,7.923289193561292e-05,3.958352956608819e-05,-2.0589486208783005e-05,1.1737766097460667e-12
EX,900024,0.0005124934529067192,1.134226692548795e-07,7.891282201265035e-05,-1.8909247182407607e-05,-7.363546864052329e-05,1.1737766096649093e-12
EX,900025,0.0005124934339502271,1.1342266925487947e-07,0.00015868558609903865,2.652189686388561e-05,-5.268667992763545e-05,1.173776609622898e-12
EX,900026,0.0012310302582358979,8.752223998199017e-08,-2.2181865167140856e-06,-5.997531121622766e-08,2.0985049572451714e-05,-1.3572980503587247e-13
EX,900027,0.0012310302585697933,8.75215613329596e-08,1.567448077984944e-06,-1.7052256302003193e-06,-5.332358451847416e-05,-1.357298062283135e-13
EX,900028,0.0012310302582358979,8.752156133295962e-08,5.401841828151807e-06,-1.4827100655796388e-06,-1.507721580898919e-05,-1.3572980624052376e-13
EX,900029,0.0012310302582358979,8.752088268392846e-08,-2.8871895714592274e-06,9.187581704618685e-07,2.5506507242173418e-05,-1.3572980522417498e-13
EX,900030,0.0017667643394005035,1.129838721957017e-06,3.203133183176878e-06,-1.4057165843962028e-06,4.014052922528121e-05,-1.8571512968427078e-13
EX,900031,0.0017667643398573628,1.12983831338373e-06,-7.680908144150708e-05,7.668882698545112e-07,-2.095463213733493e-06,-1.8571512980974214e-13
EX,900032,0.0017667643394005035,1.12983831338373e-06,-7.880672975810262e-05,8.274088745903891e-07,3.4482549211140826e-05,-1.857151296805762e-13
EX,900033,0.0017667643412037975,1.1298383133837298e-06,-7.221446213453706e-05,4.114807248228408e-07,-4.198406081727006e-06,-1.85715129763514e-13
EX,900034,0.0017667643391263235,1.129836858047455e-06,7.431893394060694e-05,-2.122814604734181e-05,2.716022689248246e-05,-1.8571495697093449e-13
EX,900035,0.0017667643391263332,1.1298350153424754e-06,-4.3852315670079756e-05,1.1635320647684671e-05,2.7140624589575783e-05,-1.857149569966512e-13
EX,900036,0.0017667643398573628,1.1298317483538958e-06,-0.00026938842599387664,-5.184358999535429e-07,8.469346416570748e-05,-1.8571512971990076e-13
EX,900037,0.0017667643428566622,1.1298317483538958e-06,-0.00041202056107315726,-1.393257694592945e-05,8.843000359598354e-05,-1.8571512975259719e-13
EX,900038,0.0021734824035212555,2.2788421929340356e-05,4.225716204528675e-06,-2.6659301658512425e-06,-2.202978476062246e-05,2.0234181612224647e-09
EX,900039,0.002173449725317951,2.2788421929340356e-05,-2.286915276328288e-06,1.17403240645794e-06,-2.1976426491028838e-05,2.0234181612224486e-09
EX,900040,0.0021734824035212555,2.2808656110952582e-05,-2.9225891384525332e-06,-9.757387255062142e-07,-2.229559886895141e-05,2.0234181612224196e-09
EX,900041,0.002173449725317951,2.2808656110952585e-05,7.791665455631679e-05,9.77396462587477e-06,-4.234727828486282e-05,2.0234181612224337e-09
EX,900042,0.0021734824035212555,2.282889029256481e-05,8.393018135844095e-06,-6.684033983788598e-07,-2.652593814870888e-05,2.0234181612224622e-09
EX,900043,0.002173449725317951,2.2828890292564808e-05,9.672262446373064e-05,1.0428262735308145e-05,-6.5298968043781805e-06,2.0234181612224655e-09
EX,900044,0.002173482403521255,2.2854284190488154e-05,-0.00025676551715602205,1.9395793512308024e-07,8.690219926803097e-05,2.0234181612224738e-09
EX,900045,0.002173449725317951,2.2854284190488147e-05,-0.0004013583178892225,-1.6934816906254153e-05,9.037261883705829e-05,2.0234181612224705e-09
EX,900046,0.0021734907399699726,2.279853902690473e-05,7.441139324026487e-05,-1.9736374870398987e-05,2.6751644400830607e-05,2.0234181610502693e-09
EX,900047,0.0021734907399699626,2.2818773194070646e-05,-4.383607720573887e-05,1.1561598460511331e-05,2.6727711697098766e-05,2.023418161050281e-09
EX,900048,0.0005124934581106126,1.1338707948060754e-07,3.5976669246489727e-06,5.4842561153807115e-09,0.00017302517163114703,-1.8156528355245123e-13
EX,900049,0.0005124934529990364,1.1338144380274983e-07,2.170456541419709e-06,-4.4182554153011396e-08,0.0001447681409409213,1.1728963115717116e-12
EX,900050,0.000512493448744095,1.1338143647426749e-07,2.170244311396814e-06,-4.418255058439286e-08,0.0001447681673362697,1.1746568086043181e-12
EX,900051,0.0005124934609829943,1.1338707950307974e-07,3.460242768789443e-06,2.8667295443946133e-08,0.00017308350273876466,-1.8156724859461194e-13
EX,900052,0.0005124934339502278,1.1338129362940071e-07,2.1139756123836966e-05,2.1910947214010416e-06,9.944269120905556e-05,1.1737766084950445e-12
EX,900053,0.0005124934595424629,1.1338715784352916e-07,-7.134486578658952e-06,2.1880064142705472e-06,9.432869709275528e-06,-1.8156765124463193e-13
EX,900054,0.000512493459542463,1.1338579608614482e-07,-1.1240709636110666e-05,7.433613640730541e-06,-8.009990053125824e-06,-1.815676512446302e-13
EX,900055,0.0005124934581589174,1.1338715784352916e-07,-3.817010930162807e-06,-1.978580563573999e-06,6.845595249857859e-06,-1.815676512446307e-13
EX,900056,0.0005124934581589173,1.133857960861448e-07,-3.4978342113796786e-06,-7.65453419932788e-06,-7.088436012562325e-06,-1.8156765124463097e-13
EX,900057,0.0005124934573845313,1.1338647696483698e-07,-0.00018876924924201386,4.394846583322097e-05,-3.6845471001609965e-05,-1.8156765124463041e-13
EX,900058,0.0005124934603168489,1.1338647696483698e-07,-0.00019027742499510617,-4.150363138685433e-05,-3.6458255369607305e-05,-1.815676512446304e-13
EX,900059,0.0005124934573845314,1.1338579608614482e-07,4.197603153901159e-05,-1.1083129112548117e-05,-5.581114764261986e-05,-1.8156765124638845e-13
EX,900060,0.0005124934603168489,1.1338579608614482e-07,4.025077656568713e-05,1.3277196748764389e-05,-5.6150297950386974e-05,-1.8156765124442276e-13
EX,900061,0.0005124934573845314,1.1338420736919644e-07,8.736597330518139e-07,2.6238877120970084e-07,-5.5001431137645114e-05,-1.8156765124408647e-13
EX,900062,0.0005124934603168489,1.1338420736919642e-07,3.193329834881407e-06,2.2211346390285966e-08,-5.505655858206628e-05,-1.8156765124514203e-13
EX,900063,0.0005124934573845313,1.1338239169268284e-07,3.0365553816796074e-05,8.983101765070477e-07,-6.425533663574754e-05,-1.8156765330242664e-13
EX,900064,0.0005124934603168483,1.1338239169268278e-07,-2.388598335817458e-05,-6.959152664332136e-06,-5.581120187162974e-05,-1.8156765343021653e-13
EX,900065,0.0012310302574873799,8.752972754495771e-08,4.7272743665086535e-06,-6.19243054015835e-08,0.00013721612058820794,-1.5480068193036468e-13
EX,900066,0.0012310302582422895,8.752497980810752e-08,1.999723901176941e-06,9.653664618035964e-08,0.00011876141587142447,-1.36273426941264e-13
EX,900067,0.001231030258636107,8.752497919752662e-08,1.999548421235111e-06,9.653665825108374e-08,0.00011876143746470422,-1.3550469672792653e-13
EX,900068,0.0012310302599373166,8.752972742451447e-08,4.53893339776471e-06,-7.276321728130997e-08,0.00013723485429604053,-1.5479750391111532e-13
EX,900069,0.0012310302607618296,8.752498851054771e-08,1.788680351348764e-05,1.9357347107437164e-06,9.841386931514986e-05,-1.3572980912940683e-13
EX,900070,0.0012310302603480317,8.752977469462028e-08,9.832725717330269e-07,3.844630842389329e-07,5.548198326775917e-06,-1.5480230209290675e-13
EX,900071,0.0012310302603480317,8.75286136773546e-08,5.976974809906894e-06,1.0893567268012958e-05,-6.729131743415899e-06,-1.5480230209353864e-13
EX,900072,0.0012310302591684382,8.752977469462028e-08,4.347319777060737e-06,-1.343604392942887e-07,3.1954791358117616e-06,-1.5480230209353877e-13
EX,900073,0.001231030259168438,8.752861367735458e-08,1.0284584525052354e-05,-1.1150144698530423e-05,-5.1118271901518125e-06,-1.5480230209353882e-13
EX,900074,0.0012310302585082063,8.752919418598744e-08,-0.00013002052650622385,3.28398303032901e-05,-3.6415424754360884e-05,-1.5480230209353819e-13
EX,900075,0.0012310302610082633,8.752919418598744e-08,-0.00013072551901095554,-3.060015817128586e-05,-3.631761372343427e-05,-1.54802302093538e-13
EX,900076,0.0012310302585082063,8.752861367735455e-08,7.13132955294544e-05,-1.4868098760844523e-05,-4.430484677547157e-05,-1.5480230209247006e-13
EX,900077,0.0012310302610082633,8.752861367735455e-08,7.093974228823813e-05,1.6362556149192346e-05,-4.457125203982943e-05,-1.548023020924718e-13
EX,900078,0.0012310302585082065,8.752725915721125e-08,8.015031428531e-07,5.230179235631558e-07,-5.517125417941317e-05,-1.5480230209340712e-13
EX,900079,0.0012310302610082633,8.752725915721127e-08,-2.8603146423455004e-06,-9.089364630123963e-07,-5.4248232384662436e-05,-1.548023020937523e-13
EX,900080,0.0012310302585082063,8.752571113419037e-08,-2.371821689957159e-06,4.841325675732555e-08,-5.7054145213666666e-05,-1.5480230201555104e-13
EX,900081,0.0012310302610082633,8.752571113419036e-08,-2.269345772240682e-05,-2.313888031194518e-06,-5.441196106498555e-05,-1.5480230200872766e-13
EX,900082,0.0017667643386399235,1.1298414099705146e-06,5.335257587930262e-06,-2.0375833768279418e-07,9.589288552911222e-05,-2.823764155794908e-14
EX,900083,0.0017667643397387906,1.129840805053613e-06,2.4526460999360046e-05,-5.18334865504536e-06,0.0001003642449340164,-1.840440379120186e-13
EX,900084,0.001766764341477834,1.129840731380223e-06,2.3862153661331245e-06,-1.087706188118813e-06,0.00013585056262983516,-1.8610774006172626e-13
EX,900085,0.0017667643390864001,1.1298414085782281e-06,5.110292565603617e-06,-1.8771573141712105e-07,9.591894381431466e-05,-2.8237104759138982e-14
EX,900086,0.0017667643428566611,1.1298406255369217e-06,-1.1630963630527091e-06,-6.826385858880196e-07,3.19706060636186e-05,-1.8571508514511604e-13
EX,900087,0.0017667643400665302,1.129841420994264e-06,6.52327301426549e-06,-8.322821564621823e-07,3.4938156767413393e-06,-2.8237892945419044e-14
EX,900088,0.0017667643400665304,1.1298412092100469e-06,7.607417725681087e-06,5.579457847609049e-06,-3.6222969678319843e-06,-2.823789573339778e-14
EX,900089,0.0017667643398513574,1.1298414209942645e-06,9.383907151488479e-06,1.1081629854419637e-06,9.741518562623017e-07,-2.823789573339761e-14
EX,900090,0.0017667643398513574,1.1298412092100467e-06,1.2657513844627796e-05,-6.028317231698192e-06,-1.9794832421325508e-06,-2.823789573339974e-14
EX,900091,0.0017667643397309227,1.1298413151021556e-06,-9.280615890764048e-05,2.5547290019314314e-05,-2.3817387128270557e-05,-2.8237895733397747e-14
EX,900092,0.0017667643401869646,1.1298413151021556e-06,-9.427890116355244e-05,-2.3432651060153552e-05,-2.3432581300552468e-05,-2.823789573339888e-14
EX,900093,0.0017667643397309225,1.1298412092100467e-06,4.320156270152403e-05,-7.0845165171912865e-06,-3.057648752580564e-05,-2.8237895735211023e-14
EX,900094,0.0017667643401869644,1.1298412092100467e-06,4.136722947639242e-05,8.420493346080458e-06,-3.08587887861547e-05,-2.8237895732419017e-14
EX,900095,0.0017667643397309232,1.1298409621284588e-06,-2.0474115503396296e-06,-1.8338492426661472e-06,-3.587868198549766e-05,-2.823789573300477e-14
EX,900096,0.0017667643401869646,1.1298409621284588e-06,4.907298783608525e-06,2.4577001924166894e-06,-3.6537562286439495e-05,-2.823789573398598e-14
EX,900097,0.001766764339730923,1.1298406797495018e-06,4.2676874478418595e-05,9.071471798598648e-06,-4.634553065405269e-05,-2.8237895252899708e-14
EX,900098,0.0017667643401869648,1.1298406797495016e-06,-9.311398145750134e-05,-2.3945157095621205e-05,-2.1450861742382103e-05,-2.823789574647449e-14
EX,900099,0.0020866840803712853,2.2448797154593914e-06,5.579806509768545e-06,-1.0281897591316973e-07,4.0542034639284116e-05,3.900773931928543e-12
EX,900100,0.00217348240110473,2.2757564792142284e-05,2.093702365638327e-05,-5.439494511780758e-06,7.405172603100258e-05,2.023437729935174e-09
EX,900101,0.0020866840191894756,2.244879948760645e-06,5.333851436690364e-06,-1.826488580120986e-07,4.055614659033176e-05,3.895585838069446e-12
EX,900102,0.002173449723066734,2.2757564796165903e-05,9.924455240991615e-07,3.6703101434367237e-06,4.7818613096612014e-05,2.0234354160501287e-09
EX,900103,0.0020866840370847074,2.2448785204264607e-06,1.3496231880620176e-05,-2.1554929161561138e-06,4.5565825052721554e-07,3.89558607480017e-12
EX,900104,0.0020866840370847074,2.2449077373219495e-06,4.582199105197143e-06,1.4683055800929472e-06,1.835413379921989e-06,3.895586071556224e-12
EX,900105,0.002086684066769073,2.244878520426412e-06,1.0471886255366236e-05,2.787110399200608e-06,-2.3830501515627964e-06,3.8955860715562255e-12
EX,900106,0.002086684066769073,2.2449077373219486e-06,7.286669440232575e-06,-1.848803037685326e-06,3.3186122001301967e-06,3.8955860715562215e-12
EX,900107,0.0020866840833837475,2.244893128874158e-06,-3.374529892425185e-05,1.1379332824532378e-05,3.884032796323187e-06,3.895586093140259e-12
EX,900108,0.002086684020470033,2.2448931288741587e-06,-3.404442195300552e-05,-1.0246679919214133e-05,3.916910244708696e-06,3.8955860923112e-12
EX,900109,0.002086684083383747,2.244907737321949e-06,1.0220264681332296e-05,6.11980463774767e-08,-1.5785285009357636e-05,3.895586071560664e-12
EX,900110,0.002086684020470033,2.244907737321949e-06,1.0042770960087085e-05,9.922009071428758e-07,-1.5930433222294638e-05,3.895586071552115e-12
EX,900111,0.002086684083383748,2.2449418237000754e-06,-2.5202410396236406e-06,5.633633872722906e-07,-1.6041436319253945e-05,3.895586071553993e-12
EX,900112,0.0020866840204700325,2.244941823700075e-06,-3.7499304745498397e-06,-6.796633049078971e-07,-1.5430960921116823e-05,3.895586071558728e-12
EX,900113,0.002086684085635812,2.244980785779314e-06,5.9525920589769024e-05,-2.0576193482389457e-05,-2.9425677320712243e-05,3.912844046372759e-12
EX,900114,0.0020866840227212508,2.2449807857793137e-06,1.1646383402961177e-05,1.3585271009859246e-05,-2.089483529626428e-05,3.9128440464000934e-12
EX,900115,0.0012310302579538847,8.752361232141219e-08,0.00012025576483002194,-3.338201670773504e-05,5.543671509105786e-05,-1.357298059450723e-13
EX,900116,0.0012310302579526982,8.752255717498474e-08,-0.00014814284690319206,5.305008495665366e-05,5.2924955429786844e-05,-1.3572980630379295e-13
EX,900117,0.0012310302585697933,8.752291863102201e-08,-1.5917642515289403e-05,5.265670577860314e-06,-5.10723931696772e-05,-1.3572980625136313e-13
EX,900118,0.0012310302607618296,8.752291863102201e-08,1.5096251114936845e-06,-6.799417839670287e-07,-5.3753893520188684e-05,-1.357298062405672e-13
EX,900119,0.0012310302607618296,8.75215613329596e-08,7.732079855401623e-05,1.0679439464225233e-05,-7.523443015840054e-05,-1.35729806239676e-13
EX,900120,0.0012310302585697933,8.752258066380362e-08,8.560774927811236e-05,4.042969396519489e-05,-1.8070914384873338e-05,-1.357298064428365e-13
EX,900121,0.0012310302585697933,8.75202040348972e-08,-2.3014138024623472e-05,2.2081582725390544e-06,-5.1477309951219715e-05,-1.3572980624403816e-13
EX,900122,0.0012310302607618296,8.752020403489718e-08,6.204889854114916e-05,7.724979175276957e-06,-3.077419102076652e-05,-1.3572980624300618e-13
EX,900123,0.001766764339857363,1.1298377933813668e-06,-4.196116357383459e-07,1.0936448758502263e-06,-3.988779415487124e-05,-1.8571512967734122e-13
EX,900124,0.001766764342856662,1.129837793381367e-06,-5.390279943066826e-06,-1.8316360058343698e-06,-4.0525864932036565e-05,-1.8571512968048308e-13
EX,900125,0.0017667643398573633,1.12983593623007e-06,-2.8507019703802164e-06,-1.028754803221049e-06,-3.952204483489313e-05,-1.857151296605728e-13
EX,900126,0.001766764342856662,1.1298359362300701e-06,7.729675722845926e-05,9.857568607522616e-06,-6.027395165685978e-05,-1.857151296754793e-13
EX,900127,0.0017667643398573633,1.1298340790787732e-06,7.798797623386402e-06,-1.20748696277853e-06,-4.333716286051868e-05,-1.8571512969071906e-13
EX,900128,0.001766764342856662,1.1298340790787732e-06,8.806139308080293e-05,1.0102009675092076e-05,-2.2130916024423716e-05,-1.8571512968623987e-13
EX,900129,6.215148167916035e-11,4.775757547656044e-12,-7.295406452373056e-07,-1.4159536116955998e-06,-1.6043207125215117e-05,-7.315879116382608e-13
EX,900130,6.215148167424458e-11,-1.6256366791228722e-12,1.307785398013834e-07,6.312833232072436e-08,-2.049608612770789e-05,-7.315879116314226e-13
EX,900131,6.2151481237028e-11,-8.941515796103373e-12,-1.3574558823876161e-05,-1.7227789258465232e-06,-1.8466472396519874e-05,-7.315879126603309e-13
EX,900132,6.554239162480137e-11,7.51921221638293e-12,5.132621476204891e-06,-3.894420509362952e-06,-9.868837861194783e-07,-7.315879109992268e-13
EX,900133,5.996769173891808e-11,7.519212216445033e-12,7.362581640420967e-06,4.310690227212983e-06,-6.89118410909485e-07,-7.315879131558678e-13
EX,900134,0.0005124934443968389,1.1339919372268787e-07,1.57061295959277e-06,3.9132730309411696e-07,-5.4301483129912176e-05,1.173776609578431e-12
EX,900135,0.0005124934443968389,1.1341093148878365e-07,1.791741352188866e-05,4.315108882331262e-06,-5.6418880360193525e-05,1.1737766095848355e-12
EX,900136,0.0005124934443968389,1.1342266925487947e-07,-1.1860699781390113e-05,1.7984190151223262e-06,-5.687631346808059e-05,1.1737766095747496e-12
EX,900137,0.0017667643412037973,1.1298317483538958e-06,-0.0002845172845031734,-7.624503376312625e-06,9.106758211198683e-05,-1.8571512975588395e-13
EX,900138,0.0021734677337395857,2.2788421929340353e-05,-9.296174042037694e-06,-5.929659561031566e-07,-2.444437354840164e-05,2.0234181612224465e-09
EX,900139,0.0021734677337395857,2.2808656110952582e-05,3.44952286149985e-06,4.307840789658714e-06,-2.2597554180758897e-05,2.0234181612224386e-09
EX,900140,0.0021734677337395857,2.2828890292564808e-05,1.6884667443856734e-05,4.706934265097206e-06,-2.667429413022905e-05,2.023418161222462e-09
EX,900141,0.002173467733739586,2.285428419048815e-05,-0.0002726477625377016,-7.746526569887537e-06,9.31516298387133e-05,2.0234181612224796e-09
EX,900142,0.0005124934587008969,1.1338579608614481e-07,-1.8373228015146262e-05,-2.722446147159929e-06,-4.998985734848798e-05,-1.8156765124895436e-13
EX,900143,0.0005124934587008969,1.1338420736919641e-07,2.612135199794526e-06,1.5947565794256137e-07,-5.51249718245805e-05,-1.8156765124458657e-13
EX,900144,0.0005124934587008965,1.1338239169268285e-07,2.807623560527099e-05,-2.8172663489341736e-06,-6.436744844058754e-05,-1.815676533113106e-13
EX,900145,0.0005124934595424629,1.1338647696483706e-07,-2.8764323936730417e-05,-2.743145070708e-05,7.593626641634599e-07,-1.8156765113782443e-13
EX,900146,0.0005124934581589173,1.1338647696483709e-07,-1.8591621228271413e-05,2.8548822526298752e-05,5.2736832501257e-07,-1.8156765150214857e-13
EX,900147,0.0012310302596305227,8.752861367735458e-08,-1.1845117410315237e-05,-3.1978579110492556e-06,-4.6267587485086616e-05,-1.5480230209024095e-13
EX,900148,0.001231030259630523,8.752725915721127e-08,3.199529428474387e-06,-1.2667949999682482e-07,-5.5492299137871364e-05,-1.5480230209359355e-13
EX,900149,0.001231030259630523,8.752571113419037e-08,-4.783203871331268e-06,-1.100853972133469e-06,-5.7422431939027114e-05,-1.548023020171828e-13
EX,900150,0.0012310302603480317,8.752919418598741e-08,-1.0036609957505064e-05,-2.1142115808666695e-05,-4.148067203582446e-07,-1.5480230231194426e-13
EX,900151,0.001231030259168438,8.752919418598737e-08,-9.811943529978936e-07,2.243379527532304e-05,-1.9137216345327884e-07,-1.548023015669451e-13
EX,900152,0.0017667643399356474,1.1298412092100464e-06,-4.7225432841801736e-07,-2.2161567808442805e-06,-2.613135841440177e-05,-2.823789573459911e-14
EX,900153,0.0017667643399356477,1.1298409621284588e-06,-1.088375706924082e-05,1.3029655611961505e-07,-3.639211545982103e-05,-2.823789573354032e-14
EX,900154,0.0017667643399356474,1.1298406797495018e-06,7.408479338797032e-05,-6.075727446172674e-06,-5.213627927477262e-05,-2.8237895311930955e-14
EX,900155,0.0017667643400665302,1.1298413151021558e-06,-5.868789013158071e-07,-1.7224424386196005e-05,2.9767478148571848e-09,-2.8237895869768763e-14
EX,900156,0.001766764339851357,1.1298413151021558e-06,8.754678996478496e-06,1.8421971041919134e-05,-6.638504267675802e-08,-2.8237895404601036e-14
EX,900157,0.002086684055140749,2.2449077373219486e-06,1.0404322320867936e-06,-1.1644253013164214e-06,-7.305289486640208e-06,3.895586071565512e-12
EX,900158,0.0020866840551407484,2.2449418237000754e-06,4.919190798853657e-07,1.1295714368339423e-08,-2.0207504538236983e-05,3.895586071556302e-12
EX,900159,0.002086684057392433,2.2449807857793654e-06,-5.640498456407813e-05,-5.402157607192953e-06,-6.815781052725297e-06,3.91284418822452e-12
EX,900160,0.0020866840370847074,2.2448931288741807e-06,1.134249569351602e-05,-1.0408249919010972e-05,1.3628010367410264e-06,3.895586071388264e-12
EX,900161,0.0020866840667690726,2.2448931288741803e-06,1.6998295499899942e-05,1.1816111529869685e-05,6.41456229672893e-07,3.8955860719611805e-12
EX,900162,0.0012310302595538343,8.752291863102201e-08,4.5341582068062466e-06,4.549226421423078e-07,-5.527959747047672e-05,-1.357298062352952e-13
EX,900163,0.0012310302595538343,8.75215613329596e-08,2.595994450844892e-07,3.697471356797563e-06,-5.423463185632352e-05,-1.3572980624290228e-13
EX,900164,0.0012310302595538343,8.752020403489718e-08,-1.70610815998236e-07,4.885468279074209e-06,-5.439773814642049e-05,-1.3572980623885145e-13
EX,900165,0.0017667643412037973,1.129837793381367e-06,5.425721437141286e-06,-5.570123640296037e-08,-3.915978874472533e-05,-1.8571512966250246e-13
EX,900166,0.0017667643412037975,1.1298359362300701e-06,2.7407425084266855e-06,4.2216554783564215e-06,-4.012514751371412e-05,-1.857151296788881e-13
EX,900167,0.0017667643412037975,1.1298340790787732e-06,1.21007785543598e-05,4.172944361665254e-06,-4.31594965167629e-05,-1.8571512968388735e-13
EX,900168,0.0005124934443968389,1.134021164264457e-07,0.00010240935605150635,-1.382099961369251e-05,-1.3189855176432232e-05,1.1737766095810999e-12
EX,900169,0.001231030259553834,8.75225806638045e-08,0.00010634233473236541,-1.4667175447923334e-05,-1.279669926345459e-05,-1.3572980625481554e-13
EY,1,-3.329454463144442e-16,-1.4189013428762255e-13,6.109110228263245e-14,2.8558115436265944e-13,-5.707235242584342e-17,-4.056146237382263e-16
EY,101,2.3522718828114588e-15,-5.920966465023585e-14,8.564408654284982e-14,1.0678885426636375e-13,5.343851389768274e-16,1.728731765478534e-16
EY,201,5.625057779835071e-16,-9.144544304607998e-14,2.7068347239039567e-13,1.2070787727443155e-13,7.42474474280971e-16,-6.6793815408288985e-21
EY,1001,-3.5487230891046246e-16,-8.365719684924791e-14,-4.2134882296076705e-14,1.6148232653629943e-13,-5.580681120799225e-16,3.0838022451709414e-19
EY,1101,4.4518417970238175e-17,-7.099434132976167e-14,-1.0948201321337131e-13,9.371238260220136e-14,5.87605110818003e-17,-6.679381541821768e-21
EY,1201,-4.0628711459854195e-16,-1.0009730944361853e-13,-8.298010727349366e-14,1.321283408514582e-13,-5.363027875461575e-16,-6.6793815408288985e-21
EY,2001,-1.0457631722651995e-14,-5.2313038928554094e-14,-4.589793800745052e-13,6.15024405962459e-14,-4.0740752509712353e-14,-3.108087843146123e-17
EY,2101,2.9652812375269174e-16,-5.349863830843628e-14,-8.098597517488784e-14,9.470967233247075e-14,1.9568382337955794e-15,6.276379096786886e-17
EY,2201,-8.277234165677936e-17,-8.981609043700687e-14,-1.759200356116351e-13,1.1855713184320918e-13,-1.092272616161018e-16,-6.6793815408288985e-21
EY,100001,-4.330939444294004e-11,2.455425722246954e-10,5.593948431659503e-07,-2.1103140799539343e-05,4.347117379643836e-08,-5.289012395538421e-12
EY,100101,-4.3852331204009465e-11,1.9228568431043908e-10,2.7913287446314376e-06,-7.32803813742142e-06,-2.750236238372239e-07,-5.289334491883267e-12
EY,100201,-4.3311726754472966e-11,1.3994407635969829e-10,7.291881567730867e-06,-3.982574070261995e-05,-2.450003968214188e-07,-5.289012384540297e-12
EY,100301,-2.165231837166763e-11,4.351767320367447e-11,3.046982140215325e-13,-4.58272403603075e-13,6.388668144654172e-15,-2.644506197279684e-12
EY,100401,-2.599144104113741e-11,2.097304888463751e-11,1.1067299768180594e-11,-9.861512540952952e-13,-4.4671171341066604e-14,-3.173384786098591e-12
EY,100451,-2.166254201560388e-11,3.849609322573946e-12,5.187680813229676e-13,-4.570291980607244e-13,-2.0601751770165415e-14,-2.644506197279684e-12
EY,101001,-4.962323685544212e-12,2.4574795129000184e-10,5.347001140024664e-07,-2.7861550084348863e-05,1.424446554985446e-07,-5.289012417115896e-12
EY,101101,-4.965404586547666e-12,1.928643335742435e-10,-2.9493114858422196e-06,-3.091904882878277e-05,-1.9390853060134767e-08,-5.2890123853264925e-12
EY,101201,-4.962511634156085e-12,1.3997868382542232e-10,-2.2353825646334054e-06,-4.359374013877577e-05,1.769407728859233e-07,-5.289012384540297e-12
EY,101301,-2.482017319172361e-12,4.353891300648323e-11,-7.047771436566917e-14,-5.143454828405257e-13,1.348171465098025e-16,-2.644506197279684e-12
EY,101401,-2.4820773002888204e-12,1.7084462848621597e-11,-5.722105906878905e-14,-4.895606932072462e-13,-2.3533001186913893e-17,-2.644506197279684e-12
EY,101451,-2.4821430952918604e-12,3.870692918451109e-12,-9.143911468332704e-14,-5.126898910015882e-13,-1.9723180815731953e-16,-2.644506197279684e-12
EY,102001,4.2111690556761005e-11,2.457214729148957e-10,-1.680316396886529e-05,-3.048039421383517e-05,3.5435132096118555e-06,-5.289012335048333e-12
EY,102101,4.264650333462384e-11,1.9227014011925864e-10,-2.768247201856143e-06,-8.23480034958083e-06,1.808088982688394e-08,-5.289124122500666e-12
EY,102201,4.210840472656886e-11,1.399375589492378e-10,-4.739070523008981e-06,-3.9116136620657566e-05,3.606968936333035e-08,-5.289012384540297e-12
EY,102301,2.552321454336256e-11,5.220368943320576e-11,-2.5253936348622324e-13,-8.789236862085152e-13,1.4880242207741614e-15,-3.1719686154506375e-12
EY,102401,2.55365075530848e-11,2.0969807805585445e-11,-1.0973998681382712e-11,-9.785512175830915e-13,5.539985329188408e-14,-3.1733784139443246e-12
EY,102451,2.554242045301467e-11,4.6018418049648535e-12,-4.548342685883674e-13,-8.733346277340718e-13,2.312449375928581e-14,-3.1748431547874407e-12
EY,200001,1.417439146248317e-07,0.00031738398306095867,9.482421790056172e-07,-6.598925484249004e-05,-4.809293175596397e-08,-1.8692511286826026e-12
EY,200101,1.417439157966626e-07,0.00031738396429121027,9.628313318113631e-06,-8.514786485377065e-05,-4.801691103647261e-07,-1.8692511297915e-12
EY,200201,1.4174391337000403e-07,0.0003173839456787928,1.458376286477826e-05,-8.113942046949947e-05,1.0873833386700933e-06,-1.8692511298230557e-12
EY,200301,1.4174391785490195e-07,0.00031738392689919566,8.208197090584394e-06,-8.924268172018493e-05,-2.0004407735070457e-06,-1.8692511264880125e-12
EY,200401,1.417439168393236e-07,0.00031738390729885906,9.5191311626267e-05,-7.80993849017745e-05,2.163875096600185e-06,-1.869337169034891e-12
EY,200451,1.417439011872235e-07,0.0003173838988573939,1.39749774033868e-05,-8.965286632426263e-05,6.904616835970339e-06,-1.8692511255640578e-12
EY,201001,1.4175742891002243e-07,0.00031738398305054767,1.016380931936812e-06,-7.084957223015238e-05,-6.870350128455386e-07,-1.8692510708590278e-12
EY,201101,1.4175746989969979e-07,0.00031738396436662586,-5.7642068772410885e-06,-6.801594429182309e-05,6.595470064155965e-07,-1.8692511298284016e-12
EY,201201,1.4175746776883954e-07,0.00031738394570268583,-4.470765046286705e-06,-6.606742276095187e-05,-6.003710696625973e-07,-1.86925112974921e-12
EY,201301,1.4175746752671877e-07,0.0003173839269103686,-1.8985833962467615e-06,-7.07422655352666e-05,6.291313870429576e-08,-1.869251126575227e-12
EY,201401,1.4175746652324935e-07,0.00031738390821563445,-1.5414653219312948e-06,-7.891961657336919e-05,1.151582380262046e-07,-1.8692511266534656e-12
EY,201451,1.4175746714915092e-07,0.00031738389887048994,-2.4632578747450676e-06,-7.128851040756487e-05,1.7246738336895433e-07,-1.8692511266008576e-12
EY,202001,1.4177410571306886e-07,0.0003173839830385511,-5.5141767062157627e-05,-8.238096192936736e-05,-1.4677709622475315e-06,-1.8692511391588237e-12
EY,202101,1.4177410783159665e-07,0.00031738396429734837,-8.474344568967552e-06,-9.098659988933043e-05,-5.215612218656821e-07,-1.8692511297697813e-12
EY,202201,1.417741035591122e-07,0.0003173839456725007,-9.478140870097928e-06,-8.397783678919716e-05,-3.687413337296953e-08,-1.869251129829489e-12
EY,202301,1.4177425205318363e-07,0.00031738392685008715,-4.0913149818828795e-06,-0.00012958105787830721,7.57712759360332e-07,-1.8686686070476656e-12
EY,202401,1.41774255688125e-07,0.00031738390729652444,-9.366920524668743e-05,-7.881309263146175e-05,-2.510630480157409e-06,-1.8693555356908702e-12
EY,202451,1.417742766557154e-07,0.0003173838988114746,-7.677889524743805e-06,-0.00012986232903372554,-2.529966056768434e-06,-1.86984514626479e-12
EY,300001,8.051645790422033e-07,0.0006814112973840291,1.4031675777605803e-06,-5.0436204943633905e-05,4.775254990347817e-07,6.421064852754334e-13
EY,300101,8.051645773487396e-07,0.0006814113037195236,1.4728475759161205e-05,-6.452313043841917e-05,-5.219201683636325e-07,6.42106482725391e-13
EY,300201,8.051645805663765e-07,0.0006814113101233112,1.9763285769888456e-05,-6.213896231047147e-05,5.649445267403753e-07,6.421064823141836e-13
EY,300301,8.051645766298503e-07,0.0006814113165626805,1.4047191696402924e-05,-6.024019946780472e-05,-1.1432751568956664e-06,6.421064826564442e-13
EY,300401,8.051645763577936e-07,0.0006814113229601774,9.58671767102163e-05,-6.599326868540964e-05,3.0441769806855456e-06,6.421064825534434e-13
EY,300451,8.051645999034581e-07,0.0006814113261980422,2.4709420750273845e-05,-6.156189795575359e-05,6.115714057091925e-06,6.42106482689411e-13
EY,301001,8.051599789023047e-07,0.0006814112972713911,-1.6787684838946034e-06,-5.595279529358594e-05,1.6860278221297283e-05,6.421064648070995e-13
EY,301101,8.051599239283691e-07,0.0006814113036945741,-8.000536107334147e-06,-5.5269672818361194e-05,-1.1514005355334923e-06,6.421064827538091e-13
EY,301201,8.051599221001035e-07,0.0006814113101113577,-5.9778789422307504e-06,-5.550124644221089e-05,-2.7051531807292797e-08,6.421064822883344e-13
EY,301301,8.051599229760761e-07,0.0006814113165438784,-3.485193726138184e-06,-5.5374238846655624e-05,-9.854431332751137e-08,6.421064826389596e-13
EY,301401,8.051599235841566e-07,0.0006814113229761722,-2.5603005967482586e-06,-5.6342307942746915e-05,3.384796069517577e-07,6.421064825290267e-13
EY,301451,8.051599200167108e-07,0.0006814113261753153,-4.615655214370356e-06,-5.585839211417072e-05,6.589136297933787e-08,6.421064826532725e-13
EY,302001,8.05154240308729e-07,0.0006814112972893738,-9.184341412255604e-05,-6.379659686546845e-05,2.6387039597663402e-06,6.421064434018234e-13
EY,302101,8.051542078010009e-07,0.0006814113037249903,-1.2663188325106719e-05,-6.27566889163419e-05,-1.8093736930462924e-06,6.421064827271198e-13
EY,302201,8.051542085027042e-07,0.0006814113101309189,-1.2893387098832896e-05,-6.416964295134713e-05,6.933698389900977e-08,6.421064826388247e-13
EY,302301,8.051542067080501e-07,0.0006814113166511022,-8.415821775097367e-06,-5.38721113585973e-05,2.0883611400353567e-06,6.42106482641114e-13
EY,302401,8.051542104904723e-07,0.0006814113229595309,-9.266816940651494e-05,-6.718315207650545e-05,-2.9198905998399535e-06,6.421064826425287e-13
EY,302451,8.051541983792036e-07,0.0006814113262828034,-1.7113500029001068e-05,-5.4291322272809566e-05,-6.808367042632017e-06,6.421064827596408e-13
EY,400001,3.288656344994403e-06,0.0009452767455116091,1.7913550062823228e-05,-3.386610290407896e-05,1.6683718188803879e-06,1.0661818834669887e-12
EY,400101,3.2886563538679334e-06,0.0009452767563155208,1.8172112845014825e-05,-7.182804497358351e-05,1.1765840361888113e-06,1.0662174005856637e-12
EY,400201,3.288656352753406e-06,0.000945276766974411,2.323987702205502e-05,-7.534409983474333e-05,1.3428140162440295e-06,1.0662174013723855e-12
EY,400301,3.288656356953646e-06,0.0009452767776332736,1.8115318258792674e-05,-7.54755100136724e-05,-3.060196288491294e-08,1.0662174013628544e-12
EY,400401,3.2886563485759833e-06,0.0009452767882993394,9.645521027533116e-05,-7.45963159822287e-05,4.252198376951546e-06,1.0662174015266896e-12
EY,400451,3.28865637362874e-06,0.0009452767936268203,3.303301658462591e-05,-7.42461887714247e-05,-1.2615010752528278e-06,1.066217400861668e-12
EY,400501,3.2886564033467667e-06,0.0009452767989227833,0.00013282984282824884,-8.437531818937957e-05,-1.0045819051059595e-05,1.0662174024246911e-12
EY,401001,3.2886486627031117e-06,0.0009452767456591532,-0.00014936543091128784,-6.931802857819453e-05,-2.377796558931554e-05,1.0662168338199652e-12
EY,401101,3.2886486372312394e-06,0.000945276756349063,-9.553242576219728e-06,-6.556196930648702e-05,1.5098916402069842e-06,1.066217400449424e-12
EY,401201,3.2886486207499858e-06,0.0009452767670115647,-6.901341056556205e-06,-6.54779796337237e-05,1.0462065438746525e-06,1.0662174013901927e-12
EY,401301,3.288648622899247e-06,0.0009452767776735456,-4.532228708219637e-06,-6.516362520405373e-05,1.327993360137689e-06,1.066217401394761e-12
EY,401401,3.288648624202705e-06,0.0009452767883273365,-3.2036360172601677e-06,-6.84506015219924e-05,1.1154114766348701e-06,1.0662174015636046e-12
EY,401451,3.2886486185382214e-06,0.0009452767936653272,-6.282657521227726e-06,-6.577969033354113e-05,2.7263893173930766e-06,1.066217400727932e-12
EY,401501,3.288648606412912e-06,0.0009452767990038534,-3.739852394962559e-05,-6.658831557668675e-05,5.066148246717474e-06,1.0662174027966902e-12
EY,402001,3.288639132827163e-06,0.0009452767456754503,-0.00012759551614162118,-7.3017883646229e-05,-1.4174105214827563e-05,1.066217469350379e-12
EY,402101,3.2886391393729714e-06,0.0009452767563044311,-1.5575848817833176e-05,-7.528594390789333e-05,9.296476801690175e-07,1.0662174012503352e-12
EY,402201,3.2886391334412077e-06,0.0009452767669701136,-1.529914203456828e-05,-7.486925520310793e-05,1.108733665071333e-06,1.066217401388503e-12
EY,402301,3.2886391308281297e-06,0.0009452767776105514,-1.1500950237740646e-05,-7.730509886848188e-05,2.684915634314174e-06,1.0662174013912733e-12
EY,402401,3.2886391400405545e-06,0.0009452767882942959,-9.1980655236944e-05,-7.559163125839808e-05,-2.2307214265820346e-06,1.0662174015045438e-12
EY,402451,3.288639113968012e-06,0.0009452767936035405,-2.4585294335372884e-05,-7.754109429802984e-05,3.024557035689022e-06,1.0662174009224907e-12
EY,402501,3.2886390793968436e-06,0.0009452767989242724,-0.00012654202717480814,-8.411171492065758e-05,1.3559946626455156e-05,1.0662174023944302e-12
EY,500001,1.5461175539501276e-05,0.001365602231115168,9.282858002660196e-05,-0.00010646646116258587,2.9022247501390684e-05,2.81260604170359e-08
EY,500101,1.5461175529250924e-05,0.0013658834915843308,1.979328977668054e-05,-8.180212177631489e-05,5.06990787176371e-07,2.8126060381517552e-08
EY,500201,1.5461175533242736e-05,0.0013661647521940289,2.4891422517791556e-05,-8.08355172557998e-05,2.0792468526834362e-06,2.8126060381517456e-08
EY,500301,1.546117552196662e-05,0.001366446012797097,2.007656413630918e-05,-8.036614157500706e-05,-1.458231734789759e-06,2.812606038151748e-08
EY,500401,1.5461175549793198e-05,0.0013667272734082117,9.685569205085374e-05,-8.441169990641957e-05,6.377801299681211e-06,2.8126060381517317e-08
EY,500451,1.5461175519132885e-05,0.0013668679037027464,3.708126330670928e-05,-8.154456130581815e-05,-1.4614615197748678e-06,2.8126060381517936e-08
EY,500501,1.5461175481148912e-05,0.00136700853403394,0.00013284765372850802,-8.416339686131771e-05,-9.219652383274687e-06,2.812606038151694e-08
EY,501001,1.5257261467375012e-05,0.001365599886742025,-0.0002042621936753276,-7.071642528860116e-05,9.519589367916958e-07,2.8126155541157547e-08
EY,501101,1.5257261577365398e-05,0.0013658834915151537,-1.0506424593041921e-05,-5.794063944064876e-05,-5.966385427757486e-06,2.8126060382125182e-08
EY,501201,1.5257261595363633e-05,0.00136616475211898,-7.2898198085290914e-06,-5.8016775707100036e-05,2.335762573845831e-06,2.812606038151744e-08
EY,501301,1.5257261593697235e-05,0.0013664460127219748,-5.0450510221619796e-06,-5.79612231728829e-05,1.3282386495957218e-06,2.8126060381517426e-08
EY,501401,1.525726159290913e-05,0.0013667272733439433,-3.5084585820229815e-06,-6.256761528616886e-05,1.1975895760640607e-06,2.8126060381517257e-08
EY,501451,1.5257261601646749e-05,0.0013668679036317034,-7.100618058296794e-06,-5.907079141489704e-05,3.3919574396702425e-06,2.8126060381518217e-08
EY,501501,1.5257261610240606e-05,0.0013670085339528696,-3.7404802851239154e-05,-6.664330925567302e-05,4.794933745003508e-06,2.812606038151657e-08
EY,502001,1.5006939627728958e-05,0.0013656022309594378,-0.00012930346326690362,-7.146163348147958e-05,4.397802578279636e-06,2.8126060381486142e-08
EY,502101,1.5006939645650166e-05,0.0013658834915993045,-1.715216077369013e-05,-8.486541372426238e-05,-2.901057828609453e-06,2.8126060381517568e-08
EY,502201,1.5006939656306923e-05,0.0013661647522018986,-1.6477046679779354e-05,-8.473773353408368e-05,1.5610123697454502e-06,2.8126060381517436e-08
EY,502301,1.500693966717511e-05,0.0013664460128093988,-1.3054055199426285e-05,-8.389402587135934e-05,4.718066011718008e-06,2.8126060381517433e-08
EY,502401,1.5006939635176018e-05,0.0013667272734182731,-9.175417635170792e-05,-8.779817911347248e-05,-4.302316262629966e-06,2.812606038151733e-08
EY,502451,1.5006939664386932e-05,0.0013668679037168977,-2.822240169177986e-05,-8.441262459666454e-05,3.164136902114323e-06,2.8126060381517896e-08
EY,502501,1.500693971052629e-05,0.0013670085340324505,-0.00012656550522743577,-8.377842064504832e-05,1.2723033088723622e-05,2.812606038151697e-08
EY,600003,1.4172202711518523e-07,0.00031738408407339135,-3.3827887276284395e-06,-5.8896314567035655e-05,-5.891811167782711e-07,-3.1440663506414986e-12
EY,600004,8.051675313052075e-07,0.0006814112821976827,-2.5915451122681432e-05,-3.326874494021133e-05,-5.000696100228546e-06,4.646448687996718e-13
EY,600005,3.288679796103001e-06,0.000945276629749887,-1.988432756353779e-05,-1.032746059181133e-05,-3.837847610201803e-06,3.654898403359728e-12
EY,600006,9.922019908456107e-06,0.001018871634615275,1.6806576862828496e-06,-2.8938726527637224e-06,1.3505958459941561e-06,1.3889054179158911e-12
EY,601002,-1.4169584553491455e-10,6.908404193202697e-10,7.39786016213523e-07,-1.7797937586911344e-05,-5.129517630599699e-07,-1.3976332894065628e-11
EY,601003,1.4172178816624393e-07,0.00031738408174678207,1.9704315531997467e-06,-4.662637245616075e-05,-2.1036151508573563e-06,-3.1440663035618618e-12
EY,601004,8.051678375061667e-07,0.0006814112827134384,3.1697606435046146e-06,-3.195418217570155e-05,-2.815268670943296e-06,4.646448902330019e-13
EY,601005,3.2886843354867627e-06,0.0009452766351591365,2.1720288159745687e-06,-1.2993253301193154e-05,-1.6555820927646877e-06,3.6548984178893975e-12
EY,601006,9.922022105776603e-06,0.001018871635867419,1.6806603919170454e-06,-2.8938731853582996e-06,1.3505956942430736e-06,1.38954969048596e-12
EY,602002,6.667730147328735e-11,6.960116623954544e-10,1.7688997459512675e-05,-9.380394306807142e-06,4.110367614312239e-06,-1.397633282616596e-11
EY,602003,1.4177049918594895e-07,0.00031738408407339113,3.342938741187623e-05,-4.317553615017738e-05,6.0766662069381485e-06,-3.1440662967254818e-12
EY,602004,8.051603674292017e-07,0.0006814112821976806,2.615895213094846e-06,-4.8676641667835266e-05,6.591462497557767e-07,4.646441905506657e-13
EY,603002,8.402192982096716e-11,6.908404184769953e-10,-4.5374240094701747e-07,-1.8034979774491828e-05,1.7653843782269675e-07,-1.397633273805424e-11
EY,603003,1.4177256483760715e-07,0.00031738408174678207,-1.2121034971491336e-06,-4.7963817829724916e-05,9.635978749473912e-07,-3.14406630356288e-12
EY,603004,8.051603334915552e-07,0.0006814112827134384,-1.7697285690422536e-06,-3.35830798452233e-05,1.2369979323680363e-06,4.646448902358074e-13
EY,603005,3.2886253088776643e-06,0.0009452766351591365,-3.1366663184152697e-06,-1.3952991217096254e-05,1.553343920025862e-06,3.654898417997317e-12
EY,603006,9.922000066759655e-06,0.0010188716356993948,-1.0922080165778319e-06,-3.177973084456223e-06,1.392528527133348e-06,1.3895205038676532e-12
EY,605005,3.2886253043197766e-06,0.0009452767444234521,-0.0001344626098245542,-5.329657202127982e-05,-1.0655018359008907e-06,3.654853660485195e-12
EY,609002,-1.0912342367819208e-11,2.466262648565769e-10,5.593948328782417e-07,-2.1103142296229203e-05,4.3471174196119006e-08,-5.2885448191499884e-12
EY,612002,-3.564032648840498e-11,2.468648253593932e-10,-1.4128386604043088e-05,-8.441265168121088e-07,4.347117197852859e-08,-5.289012376479688e-12
EY,612003,1.417493354530973e-07,0.00031738398352827143,-2.2016015458457543e-05,2.9035267806118995e-05,-4.809292543659211e-08,-1.8692511121840778e-12
EY,612004,8.051617858790014e-07,0.0006814112972235026,1.8954959958293576e-05,2.2191924842811087e-05,4.775262329840937e-07,6.421064721320824e-13
EY,612005,3.28865016113948e-06,0.0009452767452450637,-9.169408232531693e-05,-3.120158378127237e-05,-1.1937170210027194e-05,1.0661818827814208e-12
EY,612006,1.5257261399563695e-05,0.0013655975425191423,-0.00020426219433006154,-7.071642534269316e-05,9.519591004553341e-07,2.812625264411804e-08
EY,700001,3.1495662110090293e-16,-7.273198762405124e-14,-1.568435849993158e-13,9.60058108117453e-14,4.158070485254881e-16,-1.765041428221361e-20
EY,700002,1.4747516846359987e-16,-7.279994816282968e-14,-1.6962725690020694e-13,9.609562569508473e-14,1.9473152868932477e-16,-1.765041428238988e-20
EY,700003,-1.130618096598195e-15,-1.8600850851258546e-13,-2.2366778292236812e-12,2.014972792038398e-13,-1.975762006933796e-15,-2.8100011772287866e-18
EY,700004,1.5796300445466239e-16,-6.693472385916698e-14,-4.377744966508503e-14,8.835334242235757e-14,2.0848026921344335e-16,-1.7650414282859898e-20
EY,700005,-2.3445511555748086e-16,-6.368578640152363e-14,-5.0154970432304827e-14,8.406482521424198e-14,-3.0951164832785265e-16,-1.7650414282179732e-20
EY,700006,9.817271064063031e-17,-6.368877217245634e-14,-8.640182365826113e-14,8.40688734040298e-14,1.2955708090891204e-16,-1.765041428238974e-20
EY,700007,-6.117433197257515e-16,-7.128730938428716e-14,2.2135284181128374e-13,9.409883553746932e-14,-8.076096321882915e-16,-1.7650414282207535e-20
EY,700008,-2.0221571638268218e-16,-7.140996029489046e-14,2.1569044860395161e-13,9.426084171140981e-14,-2.670331960864388e-16,-1.7650414282391253e-20
EY,701001,8.402373015549112e-11,5.389542002389999e-10,-4.2251742833557655e-06,-3.1675990997133825e-05,-1.371252349649546e-07,-1.3976332862594603e-11
EY,701002,8.401961041654788e-11,3.9919052115522683e-10,-4.5695507636736475e-06,-3.170551810069491e-05,-6.418490403769999e-08,-1.3976332862734181e-11
EY,701003,8.4024783037659e-11,2.5908167572895153e-10,-8.143183856150099e-05,-3.5053113718233294e-05,2.595315543185318e-07,-1.397632376573915e-11
EY,701004,-4.036670697503733e-11,6.438004961511788e-10,-1.179310932714434e-06,-2.9151260799872433e-05,-6.88153132693044e-08,-1.3976332863106363e-11
EY,701005,-4.036800776835945e-11,5.389893235359068e-10,-1.3511135393517537e-06,-2.7736253693291076e-05,1.020878392367124e-07,-1.3976332862567778e-11
EY,701006,-4.036769338600718e-11,3.9922604285582164e-10,-2.3275594176039603e-06,-2.7737483447531078e-05,-4.27758695617984e-08,-1.397633286273407e-11
EY,701007,-1.4169812742523067e-10,5.389603056773384e-10,5.9629747354527305e-06,-3.1046814991540746e-05,2.6635054205715715e-07,-1.3976332862589793e-11
EY,701008,-1.4169598354696664e-10,3.991965574848389e-10,5.810436790327512e-06,-3.110016045746119e-05,8.799598928689553e-08,-1.3976332862735269e-11
EY,702001,1.4177256577114432e-07,0.0003173840486638771,-7.839908378217034e-06,-8.352099400398706e-05,-7.121668445458257e-07,-3.144066359796026e-12
EY,702002,1.4177256256225818e-07,0.0003173840172230163,-8.60913244434413e-06,-8.367361118990391e-05,1.0820327125730877e-06,-3.144066359761686e-12
EY,702003,1.4177256062287995e-07,0.0003173839855066351,-0.00014874928281879537,-8.661068703095199e-05,-5.292863665355878e-07,-3.14407440021446e-12
EY,702004,1.417445831386818e-07,0.00031738407225652236,-2.1823490682627098e-06,-7.315603142757189e-05,-2.4415184317069587e-07,-3.1440663597163945e-12
EY,702005,1.4174458222174798e-07,0.0003173840486817055,-2.492826437044786e-06,-6.822434442374274e-05,3.2236045593670625e-07,-3.144066359782148e-12
EY,702006,1.4174458430391212e-07,0.0003173840172410155,-4.428533317536784e-06,-6.820345166389958e-05,1.8544287779977762e-07,-3.1440663597632195e-12
EY,702007,1.417217871715468e-07,0.00031738404866684793,1.1058741089127238e-05,-8.086199686088518e-05,1.0655125186086591e-06,-3.1440663597933385e-12
EY,702008,1.4172178807283115e-07,0.00031738401722592325,1.0868860129767806e-05,-8.104471179120492e-05,1.318258196902939e-07,-3.1440663597655076e-12
EY,703001,8.051603327776134e-07,0.0006814112874183791,-9.897410059649842e-06,-7.211729340530271e-05,-2.8016548633384447e-07,4.646448682670772e-13
EY,703002,8.051603301081709e-07,0.0006814112920651266,-1.1190258292898879e-05,-7.223272996536294e-05,1.1902862422315434e-06,4.646448682682641e-13
EY,703003,8.051603402856112e-07,0.0006814112963807344,-0.0001556045105293731,-7.727922651967364e-05,1.4187321482912953e-06,4.646805771467538e-13
EY,703004,8.051644684167039e-07,0.0006814112839180181,-2.716893907312892e-06,-6.430217557050203e-05,-1.941664855781331e-08,4.646448683131674e-13
EY,703005,8.051644701034603e-07,0.0006814112873952138,-3.1062567585318527e-06,-6.041304933845377e-05,5.508230307597786e-07,4.646448682492268e-13
EY,703006,8.051644603830417e-07,0.0006814112920414924,-5.931921857538487e-06,-6.042579358805923e-05,-5.008500571573499e-07,4.64644868276544e-13
EY,703007,8.051678397255243e-07,0.0006814112874140733,1.3923220090042937e-05,-7.019427502770314e-05,9.629354027681407e-07,4.646448682632796e-13
EY,703008,8.051678385030406e-07,0.0006814112920605722,1.3993905556447744e-05,-7.03613551396543e-05,3.9205986434158887e-07,4.646448682794903e-13
EY,704001,3.288625311222655e-06,0.00094527667079653,-1.0606255088673329e-05,-3.5790464388389764e-05,5.179904769869235e-07,3.654898396413679e-12
EY,704002,3.288625307121119e-06,0.0009452767073461345,-1.2461482453766604e-05,-3.5812915015134824e-05,3.4747667267949273e-06,3.654898396464109e-12
EY,704003,3.2886253071374266e-06,0.0009452767441714421,-0.0001344626125490317,-5.329657191203891e-05,-1.0655015973676601e-06,3.654875882471351e-12
EY,704004,3.2886578396119394e-06,0.0009452766433675287,-2.864064579671051e-06,-3.218660300033291e-05,8.55455020423801e-07,3.654898396625298e-12
EY,704005,3.288657842833753e-06,0.0009452766707697538,-3.2518810433248775e-06,-3.058257135384228e-05,6.873631083144547e-07,3.654898396391848e-12
EY,704006,3.2886578270502637e-06,0.0009452767073183318,-6.939776466913949e-06,-3.063576291941261e-05,4.783813519346045e-06,3.654898396487422e-12
EY,704007,3.288684340575978e-06,0.0009452766707909246,1.4860137684527462e-05,-3.500664739175762e-05,1.018185249206511e-06,3.654898396407167e-12
EY,704008,3.2886843516580252e-06,0.0009452767073393452,1.5452848522693823e-05,-3.51675116819484e-05,6.169059695061419e-07,3.654898396492465e-12
EY,705001,9.922000007707027e-06,0.0010188716502532002,-1.0679080164612838e-05,-6.926921559300618e-06,7.944477349086029e-07,1.388905420787421e-12
EY,705002,9.922000021974116e-06,0.0010188716641419508,-1.2812150453017488e-05,-6.772052462478047e-06,4.051171807498565e-06,1.3889054203869888e-12
EY,705003,9.922000009239596e-06,0.0010188716780584212,-0.0001344626125490317,-1.2285829405635568e-06,3.045392731298288e-06,1.3889054207775372e-12
EY,705004,9.922012370545304e-06,0.0010188716398274531,-2.856806589029862e-06,-6.630089857958659e-06,1.1451080078177438e-06,1.3889054207799719e-12
EY,705005,9.922012368246881e-06,0.0010188716502411437,-3.2229756575084417e-06,-6.8839409056228436e-06,3.1220687239352626e-07,1.3889054207794319e-12
EY,705006,9.922012391021617e-06,0.0010188716641307554,-7.270782945887288e-06,-7.0734995089444464e-06,6.13444720400185e-06,1.3889054203570804e-12
EY,705007,9.922022439788215e-06,0.00101887165025259,1.4885023185059294e-05,-7.444949659981145e-06,8.424096341933246e-07,1.3889054207890803e-12
EY,705008,9.922022426473966e-06,0.0010188716641429606,1.5976591168814318e-05,-7.85747585057367e-06,-4.554840608309262e-06,1.3889054203525523e-12
EY,900000,-1.394119735147131e-10,6.951804388661428e-10,6.368444270958795e-07,-2.03753339178503e-05,-3.2763941875769035e-08,-1.397585127205581e-11
EY,900001,-4.3637762464970925e-11,2.471544629972406e-10,5.593991965976947e-07,-2.110313947183194e-05,4.3471170741857045e-08,-5.288407925428375e-12
EY,900002,-2.413615408184431e-11,2.4714875072380556e-10,5.593906384736775e-07,-2.110314016924207e-05,4.347117692521474e-08,-5.289012831045034e-12
EY,900003,8.175239553841869e-11,6.951876068709251e-10,-4.248145572959521e-07,-2.0377968597988506e-05,-2.2939946641309243e-08,-1.3975851288532794e-11
EY,900004,4.2595207021542516e-11,2.469240299439499e-10,-1.596691250296522e-05,-2.0539002312624235e-06,2.0420289067129164e-06,-5.288956571271596e-12
EY,900005,2.4412870911055443e-11,6.96011662491074e-10,2.1957563001159676e-05,3.19604665514093e-06,1.4182182331736517e-05,-1.397633289406563e-11
EY,900006,2.441287091105544e-11,5.911891657855819e-10,-2.9484737117902392e-05,2.293192124362965e-07,-6.807568608539839e-07,-1.397633289406563e-11
EY,900007,-8.208678573901281e-11,6.96011662463009e-10,-1.4660658343751618e-05,5.0638537428779726e-06,-1.4007512957176738e-05,-1.3976332888281794e-11
EY,900008,-8.208678574172466e-11,5.911891657855818e-10,2.129958847140058e-05,-2.8619734475343844e-06,4.55596469710012e-06,-1.397633289406563e-11
EY,900009,-1.4169584553491455e-10,6.436004141383279e-10,6.364920844944688e-06,5.746926193017417e-06,-1.9204952109181493e-06,-1.3976332894065628e-11
EY,900010,8.402193070424529e-11,6.436004141383279e-10,-3.2210375242737694e-06,3.3685397482615458e-06,1.2299034785148063e-06,-1.3976332894065628e-11
EY,900011,-1.4169584553500216e-10,5.911891657857611e-10,9.593352354787864e-06,4.96827159354727e-06,5.084062427299057e-07,-1.3976332893729448e-11
EY,900012,8.402193070431442e-11,5.911891657857551e-10,-6.351593273850268e-06,7.314759069151147e-06,-7.453607077355836e-08,-1.3976332893740704e-11
EY,900013,-1.4169584553498424e-10,4.688962529626588e-10,5.993620410596283e-06,-2.50852098240418e-06,-6.515542481021217e-08,-1.3976332894066062e-11
EY,900014,8.402193070423031e-11,4.688962529626537e-10,-4.690127583168681e-06,-1.6685125725344207e-06,1.0205023544966807e-07,-1.3976332894065993e-11
EY,900015,-1.4169584299070895e-10,3.291329240132788e-10,3.731218571465915e-06,-1.5919067982275425e-06,6.977351958481946e-07,-1.3976332911490092e-11
EY,900016,8.402192962932302e-11,3.2913292401320686e-10,-7.401691717563831e-06,-1.4668322942150501e-06,1.073536435717593e-06,-1.3976332911676888e-11
EY,900017,1.417362072748596e-07,0.0003173839643743757,0.00032432758503351346,-7.496010664687345e-05,1.361626754939834e-05,-1.869251128484254e-12
EY,900018,1.4173620726016114e-07,0.0003173839503817706,0.00020664857161792775,-6.129419377604248e-05,1.3651280226168323e-05,-1.8692511284811126e-12
EY,900019,1.4174391462483175e-07,0.0003173839550221917,1.830447823285936e-05,-7.633766704377855e-06,-1.4688066590154896e-06,-1.8692511286025232e-12
EY,900020,1.4177410303056006e-07,0.0003173839550221917,-9.396330368829254e-06,-4.067917842981302e-06,2.898936432777624e-07,-1.8692511286124486e-12
EY,900021,1.4174391462483178e-07,0.0003173839363296805,8.471215592590048e-06,-5.368061886858225e-06,1.1805871147246278e-06,-1.8692511287728925e-12
EY,900022,1.4177410303056422e-07,0.0003173839363296804,-6.925830287272402e-06,-5.823768267764109e-06,-9.865478458728378e-07,-1.8692511288182913e-12
EY,900023,1.417439146248316e-07,0.0003173839503677564,1.899090790479122e-05,-2.743475887847684e-05,1.2293422398800203e-06,-1.8692511286872733e-12
EY,900024,1.4174391462483186e-07,0.0003173839176371691,5.76726635324858e-05,-1.1860260932730492e-05,-1.3051986856208191e-05,-1.869251129623687e-12
EY,900025,1.417741030305686e-07,0.0003173839176371691,-5.412162906458221e-05,-1.0392664335339054e-05,1.3843033920724756e-05,-1.8692511295761665e-12
EY,900026,8.051661586241571e-07,0.0006814113102261588,0.00016951883956256626,-6.0213839568136774e-05,2.787300121176008e-05,6.421064852638274e-13
EY,900027,8.051645790422032e-07,0.0006814113134366912,2.0156089183378068e-05,-1.2792053814231893e-05,9.99453444844293e-07,6.421064852944116e-13
EY,900028,8.051661586241571e-07,0.0006814113134366912,5.777736739898405e-05,-1.660453490452029e-05,1.1466676294387495e-06,6.421064852754334e-13
EY,900029,8.051661586241571e-07,0.0006814113166472238,0.00015919155004568905,-5.835284111985105e-05,-2.6318027281597267e-05,6.421064852938023e-13
EY,900030,3.288658967801837e-06,0.0009452767561734281,0.00018802422454163893,-6.749364537967058e-05,5.722097637218798e-05,1.0661818833991995e-12
EY,900031,3.2886563449944035e-06,0.0009452767585190282,1.914637219422045e-05,-1.3493374200823318e-05,-9.827068948113883e-07,1.066181882705889e-12
EY,900032,3.2886589678018364e-06,0.0009452767585190282,5.918495166663706e-05,-1.7827773794736193e-05,5.707121470610345e-05,1.0661818834669887e-12
EY,900033,3.2886486151757488e-06,0.0009452767585190281,-1.1351168791284457e-05,-2.5481514063718713e-06,-1.1849576159755479e-08,1.0661818825262582e-12
EY,900034,3.2886607385298314e-06,0.0009452767668419496,0.00037356246712748917,-9.29237402181017e-05,1.163492133903179e-06,1.066184282049124e-12
EY,900035,3.2886607385567925e-06,0.0009452767775041432,0.0003657669519067149,-9.207856783941893e-05,1.1382790436844088e-06,1.0661842820377949e-12
EY,900036,3.2886563449944078e-06,0.0009452767962085576,7.895294711864454e-05,-3.2610073163831345e-05,-2.7168386276635113e-05,1.0661818833613356e-12
EY,900037,3.2886391261569823e-06,0.0009452767962085576,-7.04744309653162e-05,-2.7465211780434612e-05,2.652614521987104e-05,1.0661818834605633e-12
EY,900038,1.546117553950128e-05,0.0013660241220214235,2.5116095655096584e-05,-7.056306137174211e-06,-1.4061558102068357e-06,2.8126060417035903e-08
EY,900039,1.5006939663766148e-05,0.0013660241220214233,-1.2176445309067222e-05,-5.486103728567703e-06,2.3416818064927947e-07,2.8126060417035896e-08
EY,900040,1.546117553950128e-05,0.0013663053826255937,1.8754824804739214e-05,-7.617309107523609e-06,5.618917299222137e-07,2.812606041703589e-08
EY,900041,1.5006939663766148e-05,0.0013663053826255937,-1.1851827232469537e-05,-4.141087982477685e-06,-2.0813168937814515e-06,2.81260604170359e-08
EY,900042,1.5461175539501276e-05,0.0013665866432297643,6.887530031031087e-05,-1.39649401037186e-05,-1.2713516391567184e-05,2.8126060417035906e-08
EY,900043,1.5006939663766145e-05,0.0013665866432297643,-6.46760307955139e-05,-1.0121284841668324e-05,1.1672417197996137e-05,2.81260604170359e-08
EY,900044,1.5461175539501273e-05,0.0013669396252879982,8.154044681452197e-05,-2.1679305341619905e-05,-2.6079604490865782e-05,2.8126060417035983e-08
EY,900045,1.500693966376615e-05,0.0013669396252879982,-7.296007666394076e-05,-1.1358417585715496e-05,2.559221006514954e-05,2.8126060417035913e-08
EY,900046,1.5577054907553398e-05,0.0013661647523168059,0.0003737740502627716,-8.98710534619761e-05,1.1956237819953656e-06,2.8126060414637318e-08
EY,900047,1.557705490752644e-05,0.0013664460129206013,0.0003659603681717001,-8.919306666231296e-05,1.1010729298809995e-06,2.8126060414637347e-08
EY,900048,1.4172230896439784e-07,0.00031738408307870275,1.1900545489096875e-06,-6.144888284769218e-05,9.911552317412775e-08,-3.1438293986413494e-12
EY,900049,1.4174391381924998e-07,0.00031738398338096793,9.482513316504604e-07,-6.598925344659734e-05,-4.8092917062937396e-08,-1.869255585321716e-12
EY,900050,1.4175068985682798e-07,0.00031738398337569437,9.482328392415538e-07,-6.598925332969475e-05,-4.8092937997074175e-08,-1.8692465362480593e-12
EY,900051,1.4177205973390493e-07,0.0003173840830787245,-7.921791316056319e-07,-6.144395570806319e-05,1.4943765998125418e-07,-3.143830541106243e-12
EY,900052,1.4177410303052065e-07,0.0003173839835282714,-5.544043934080605e-05,-1.240200268000057e-05,-8.970063941563295e-07,-1.8692511463614415e-12
EY,900053,1.4175915539471995e-07,0.00031738408407339135,6.976578886220643e-05,9.63568461599489e-06,3.862680410255541e-05,-3.1440663506414986e-12
EY,900054,1.4175915539471995e-07,0.0003173840604928937,-7.523196183230794e-05,6.568771404502372e-07,-5.689027813672892e-07,-3.1440663506414986e-12
EY,900055,1.4173519760912807e-07,0.0003173840840733913,-4.975528313175908e-05,1.4832312407441104e-05,-3.8527005126786235e-05,-3.1440663506414982e-12
EY,900056,1.4173519760912807e-07,0.0003173840604928937,5.5571265767471304e-05,-6.922356804927256e-06,1.0846874409518844e-05,-3.1440663506414986e-12
EY,900057,1.4172178816614258e-07,0.00031738407228314256,1.4654730736616052e-05,1.3665190082365814e-05,-4.593419023083043e-06,-3.144066350641499e-12
EY,900058,1.4177256483770544e-07,0.00031738407228314256,-7.604065441744833e-06,6.8675538105429634e-06,2.921294801031551e-06,-3.144066350641499e-12
EY,900059,1.4172178816614255e-07,0.0003173840604928937,2.1821585779959132e-05,1.3772025783131716e-05,1.6341347551646638e-06,-3.144066350707479e-12
EY,900060,1.417725648377055e-07,0.0003173840604928937,-1.4659681751738445e-05,1.9085450931814093e-05,-5.053408059945433e-07,-3.1440663507129552e-12
EY,900061,1.4172178816614255e-07,0.00031738403298231315,1.0682853844986052e-05,-5.633349291902056e-06,-2.696415064322858e-07,-3.14406635064177e-12
EY,900062,1.417725648377054e-07,0.00031738403298231315,-6.951484042169074e-06,-4.192157294499059e-06,2.323407597420447e-08,-3.1440663506417034e-12
EY,900063,1.4172178816671663e-07,0.00031738400154164966,7.358384239036009e-06,-3.7008609509110627e-06,1.345659628034516e-06,-3.1440663531870783e-12
EY,900064,1.4177256483774527e-07,0.0003173840015416496,-3.325240882148894e-05,-5.9588387917499615e-06,6.641463217662806e-06,-3.144066353060117e-12
EY,900065,8.051677644042814e-07,0.0006814112811789601,1.5167285544245923e-06,-5.0441570248473225e-05,5.1749540551232296e-08,4.643611807832572e-13
EY,900066,8.051645406590745e-07,0.0006814112970220512,1.4031768031131424e-06,-5.043620377044895e-05,4.775252605418751e-07,6.422232781594396e-13
EY,900067,8.051623052320297e-07,0.0006814112971537659,1.4031525958109716e-06,-5.043620370282061e-05,4.775268812789061e-07,6.422920804718818e-13
EY,900068,8.051604119543396e-07,0.0006814112811788271,-1.002891994819388e-06,-5.0472838931464236e-05,9.583173077187498e-08,4.643602822726662e-13
EY,900069,8.05154209022643e-07,0.0006814112972235023,-9.110384741044265e-05,-1.5216648112805912e-05,3.291897901235724e-06,6.421064470631351e-13
EY,900070,8.051623152019104e-07,0.0006814112821976826,5.608639806195982e-05,7.912607039292215e-06,3.300728958647658e-05,4.646448687996259e-13
EY,900071,8.051623152019104e-07,0.0006814112856825192,-6.673371435847853e-05,4.790496840780102e-07,-7.699744051664478e-07,4.646448687996716e-13
EY,900072,8.051658557958103e-07,0.0006814112821976826,-3.923757093838148e-05,1.221568798365004e-05,-3.264731063839529e-05,4.64644868799672e-13
EY,900073,8.051658557958105e-07,0.000681411285682519,4.850445557423306e-05,-6.550119170601284e-06,9.585092300064692e-06,4.646448687996714e-13
EY,900074,8.051678375061761e-07,0.000681411283940101,1.4369291960837694e-05,1.2015821889268895e-05,-4.453506884036871e-06,4.646448687996719e-13
EY,900075,8.05160333491545e-07,0.000681411283940101,-7.428260437284642e-06,6.587157981511878e-06,2.7733951850918554e-06,4.646448687996719e-13
EY,900076,8.051678375061761e-07,0.0006814112856825192,2.2349249383048306e-05,1.1149624184140819e-05,9.925984055213063e-07,4.646448687796469e-13
EY,900077,8.051603334915449e-07,0.0006814112856825192,-1.4581165112463695e-05,1.648185603222099e-05,-1.317608217746802e-07,4.646448687875834e-13
EY,900078,8.051678375061761e-07,0.0006814112897481618,1.393877581140385e-05,-6.016811490334921e-06,-3.4723165289104793e-07,4.646448687997239e-13
EY,900079,8.051603334915447e-07,0.0006814112897481617,-9.602992067552672e-06,-3.4796008074613752e-06,-3.259524737650649e-08,4.646448687999816e-13
EY,900080,8.051678375060906e-07,0.0006814112943946106,9.457568775619006e-06,-3.1092008730315028e-06,1.5238875233338033e-06,4.646448685753857e-13
EY,900081,8.051603334913859e-07,0.0006814112943946105,-4.582131268303972e-05,-7.57708064815089e-06,1.0145762454386811e-05,4.646448687403648e-13
EY,900082,3.2886837738108217e-06,0.0009452766285222237,1.649388262732084e-06,-2.514266168398871e-05,1.1911725228078807e-06,3.6545265463509434e-12
EY,900083,3.2886562389046797e-06,0.0009452767461303736,2.1292138672129788e-05,-3.880493844175405e-05,1.4791534344648918e-05,1.0664418905907312e-12
EY,900084,3.2886486397112977e-06,0.0009452767467614124,-0.0001552529224679905,-5.840614170537502e-05,-1.8619346348696223e-05,1.0663535114181003e-12
EY,900085,3.288625936893258e-06,0.0009452766285131028,-1.0799863682144977e-06,-2.505133747329582e-05,1.1981663560085368e-06,3.6545285186307e-12
EY,900086,3.2886391261508655e-06,0.0009452767452450642,-0.00013143079138279432,-1.3344818252819901e-05,-1.4853632539996857e-05,1.0661819991974199e-12
EY,900087,3.288640897019294e-06,0.0009452766297498868,2.7094983775012965e-05,3.9610298341710484e-06,1.685801764254395e-05,3.654898401770154e-12
EY,900088,3.2886408970192935e-06,0.000945276657161625,-3.705024115326892e-05,4.565127111550336e-08,-1.2466375702388697e-08,3.654898403359728e-12
EY,900089,3.2886687473451276e-06,0.000945276629749887,-1.9590049260595695e-05,5.816812717964958e-06,-1.6078369238292198e-05,3.654898403359727e-12
EY,900090,3.2886687473451267e-06,0.0009452766571616249,2.4626965794337175e-05,-4.323869556476218e-06,4.454808822408964e-06,3.654898403359728e-12
EY,900091,3.288684335486818e-06,0.0009452766434557559,8.331249521021678e-06,5.641312258905473e-06,-3.2020667895093873e-06,3.654898403359728e-12
EY,900092,3.288625308877603e-06,0.0009452766434557559,-6.987560917324556e-06,3.069472297480142e-06,1.7741461511933432e-06,3.6548984033597285e-12
EY,900093,3.288684335486818e-06,0.0009452766571616249,1.704913515898721e-05,4.205468197218313e-06,-7.412175476619912e-07,3.6548984032185965e-12
EY,900094,3.288625308877603e-06,0.0009452766571616249,-1.1514548453102602e-05,8.151413279932846e-06,1.5012298513539575e-07,3.654898403228927e-12
EY,900095,3.2886843354868178e-06,0.000945276689141986,1.4995808614235342e-05,-3.668526864604642e-06,-4.985632455298648e-07,3.654898403359143e-12
EY,900096,3.288625308877603e-06,0.0009452766891419859,-8.276203918634955e-06,-2.4083746920567366e-06,-7.201186908550033e-07,3.654898403360371e-12
EY,900097,3.288684335486089e-06,0.0009452767256909701,3.407180342324164e-05,-2.3903371702394868e-05,-4.881077780782729e-06,3.65489840759949e-12
EY,900098,3.288625308877603e-06,0.00094527672569097,-7.930559560586347e-05,5.802218202775337e-06,1.7380467332059735e-05,3.654898403086798e-12
EY,900099,9.922021819226668e-06,0.0010188716346820833,1.6806605668017215e-06,-2.893872920863671e-06,1.3505957737915244e-06,1.388629669281556e-12
EY,900100,1.5461175579530475e-05,0.0013655951979262217,0.00010001506765943373,-8.150917609845214e-05,2.4770785228685508e-05,2.812635108813751e-08
EY,900101,9.922000171183584e-06,0.001018871634343249,-1.0922078364038062e-06,-3.177972825581608e-06,1.39252859529624e-06,1.3885976870087279e-12
EY,900102,1.5006939531832638e-05,0.0013655951994949848,-0.00012812471867474674,7.575606909963552e-06,5.0625217310233565e-06,2.8126352093848924e-08
EY,900103,9.922005936067602e-06,0.001018871634615275,1.1291126823003994e-06,8.344464217525372e-07,3.096284848493163e-06,1.3889054175147287e-12
EY,900104,9.922005936067604e-06,0.0010188716450320657,-1.1850340582863957e-05,-2.0852070139170315e-07,3.241019688738999e-07,1.3889054179158917e-12
EY,900105,9.922016519526887e-06,0.001018871634615275,-1.922539010905405e-06,-5.34572813054964e-07,-2.273303997552122e-06,1.3889054179158911e-12
EY,900106,9.922016519526887e-06,0.0010188716450320655,4.463124467608606e-06,-2.207191613037503e-06,6.069466372269454e-07,1.3889054179158911e-12
EY,900107,9.922022443208471e-06,0.0010188716398236704,1.94166248619626e-06,9.861932930305456e-07,-1.3419032443460144e-06,1.38890542737147e-12
EY,900108,9.922000012386001e-06,0.0010188716398236704,-3.727488034603411e-06,1.018648268461587e-06,1.3524727732025675e-06,1.388905428578026e-12
EY,900109,9.922022443208495e-06,0.0010188716450320657,1.0643703484001053e-05,-1.1389082798036815e-06,-2.4528517692489274e-06,1.388905417938248e-12
EY,900110,9.922000012385994e-06,0.0010188716450320657,-8.00976164624569e-06,1.3145146768924089e-06,8.517007214651995e-07,1.3889054179393727e-12
EY,900111,9.922022443208495e-06,0.0010188716571849883,8.786607268218455e-06,-1.1759114237130966e-06,7.5943712226149e-07,1.3889054179172565e-12
EY,900112,9.922000012385996e-06,0.001018871657184988,-7.727593891818237e-06,-1.4126451813093946e-06,-8.916903588866635e-07,1.3889054179155765e-12
EY,900113,9.922022586927055e-06,0.001018871671179159,8.94697647605242e-05,-3.31228736651359e-05,-1.749276857079959e-05,1.680626052676751e-12
EY,900114,9.922000144319553e-06,0.0010188716711791589,-6.759506439948567e-05,1.1587340341114245e-05,1.4162344994435403e-05,1.6806260543392164e-12
EY,900115,8.051672305562445e-07,0.0006814113037991657,0.0003236383822233165,-8.255804889277243e-05,1.3528167050275366e-05,6.421064850785012e-13
EY,900116,8.05167230570943e-07,0.0006814113086004573,0.0002066663568736364,-6.030591171112144e-05,1.355844593424178e-05,6.421064850739438e-13
EY,900117,8.051645790422034e-07,0.0006814113070156265,2.241991593653414e-05,-7.446173339805008e-06,-1.2914121307705973e-06,6.421064853641524e-13
EY,900118,8.051542090224661e-07,0.0006814113070156264,-1.123206833745928e-05,-3.0452476495757804e-06,4.692387055204087e-07,6.4210648525974e-13
EY,900119,8.051542090224659e-07,0.0006814113134366912,-8.761157779956406e-06,-3.20577220469167e-06,-1.2090743237721314e-06,6.421064853781993e-13
EY,900120,8.051645790422036e-07,0.0006814113086144716,2.3117282670866727e-05,-2.669633242167924e-05,9.996914687750818e-07,6.421064848687189e-13
EY,900121,8.051645790422034e-07,0.0006814113198577562,6.071212458090698e-05,-1.1463453732861906e-05,-1.2713120100761273e-05,6.42106485250998e-13
EY,900122,8.051542090224659e-07,0.0006814113198577562,-5.7538702876467685e-05,-8.275187659389123e-06,1.2815971232675366e-05,6.421064851586522e-13
EY,900123,3.288656344994404e-06,0.0009452767615043372,2.2409588502151076e-05,-7.163783331202037e-06,-1.1362025292602341e-06,1.0661818836112124e-12
EY,900124,3.2886391261569857e-06,0.0009452767615043372,-1.616478448425546e-05,-3.8486554341347545e-06,-5.525819739591893e-07,1.0661818834708718e-12
EY,900125,3.288656344994404e-06,0.0009452767721661562,1.9688950469689677e-05,-6.987805691605602e-06,4.367495565526502e-07,1.0661818834638012e-12
EY,900126,3.2886391261569857e-06,0.0009452767721661561,-1.2390159562496266e-05,-3.9217364468762915e-06,-1.5168369599772174e-06,1.066181883444698e-12
EY,900127,3.288656344994404e-06,0.0009452767828279752,6.325366187100654e-05,-1.2646552885321398e-05,-1.2772825468853821e-05,1.0661818834712692e-12
EY,900128,3.2886391261569857e-06,0.000945276782827975,-5.8824967793013336e-05,-8.90507949076425e-06,1.1929275275820844e-05,1.0661818834895987e-12
EY,900129,-4.036743205293301e-11,5.911891657859864e-10,-4.924575830029265e-07,-9.772551171636849e-06,4.669811881054785e-08,-1.3976332894044758e-11
EY,900130,-4.036743205296285e-11,4.68896252962683e-10,-1.9663334798319406e-06,-6.736766060416696e-07,1.310221444107621e-07,-1.3976332894065578e-11
EY,900131,-4.0367431631810435e-11,3.291329240132898e-10,-1.079122700458961e-06,-7.822110492767687e-07,-3.9917467462034904e-07,-1.3976332911524524e-11
EY,900132,2.4412870911056118e-11,6.436004141445442e-10,-2.2621845871706662e-05,6.257837812476321e-06,6.870081524341555e-06,-1.397633289406407e-11
EY,900133,-8.208678574172215e-11,6.436004141479801e-10,2.6883755754129047e-05,2.053810404341949e-06,-4.7947212572493e-06,-1.3976332894069378e-11
EY,900134,1.4175746669551475e-07,0.0003173839550221917,-8.51913941026286e-06,-7.522919653728967e-07,1.653767714313462e-07,-1.869251128680713e-12
EY,900135,1.417574666955147e-07,0.0003173839363296805,-2.1562487387396387e-06,-3.59557300557675e-07,-2.4913634850898655e-07,-1.869251128786081e-12
EY,900136,1.4175746669551467e-07,0.0003173839176371691,-1.2662924204628384e-06,-6.6937998237727525e-06,-1.0254541105223335e-07,-1.869251128684907e-12
EY,900137,3.288648615175748e-06,0.0009452767962085575,-2.0731355433540146e-05,-1.1387913320443415e-05,7.39837881805146e-06,1.0661818835579182e-12
EY,900138,1.525726160147777e-05,0.0013660241220214233,1.6105727055180454e-06,-1.8453297882446517e-06,4.196175548563261e-07,2.8126060417035903e-08
EY,900139,1.525726160147777e-05,0.0013663053826255937,-7.086926687356097e-06,-1.5827161925741727e-06,-1.2495337996261057e-06,2.81260604170359e-08
EY,900140,1.525726160147777e-05,0.0013665866432297643,-4.057759890635921e-06,-7.990912714525513e-06,-8.66527571699059e-07,2.8126060417035916e-08
EY,900141,1.525726160147777e-05,0.0013669396252879982,-2.1586878280615498e-05,-9.589853267464642e-06,7.035535972357903e-06,2.8126060417035916e-08
EY,900142,1.4174458264718473e-07,0.0003173840604928937,-1.7186604790081784e-07,-2.521469298522641e-05,9.531670772627375e-08,-3.1440663506310268e-12
EY,900143,1.4174458264718476e-07,0.00031738403298231315,-3.548275381861298e-06,-9.422995966013378e-07,1.618773313391853e-07,-3.1440663506415265e-12
EY,900144,1.417445826473432e-07,0.00031738400154164966,-3.1298017650082654e-06,-2.5376472166611933e-06,-7.407874977635772e-07,-3.1440663532071774e-12
EY,900145,1.4175915539471995e-07,0.00031738407228314256,-5.2464148808319655e-05,1.597348258044313e-05,1.9361712252382077e-05,-3.1440663506404436e-12
EY,900146,1.4173519760912804e-07,0.0003173840722831425,6.557686539893288e-05,6.019827951285156e-06,-1.4040950114493743e-05,-3.1440663506440387e-12
EY,900147,8.051644688308776e-07,0.0006814112856825192,-9.74433548046433e-07,-2.212576446051618e-05,-8.445579584861457e-09,4.646448687855882e-13
EY,900148,8.051644688308772e-07,0.0006814112897481617,-5.63026552713823e-06,-1.4561830798749256e-06,4.082288309927195e-07,4.646448687994953e-13
EY,900149,8.05164468830821e-07,0.0006814112943946105,-2.2243301623055167e-06,-3.2259963246668317e-06,-9.969519940242445e-07,4.646448687058972e-13
EY,900150,8.051623152019104e-07,0.000681411283940101,-4.8180258047293944e-05,1.3938469109767153e-05,1.6401875199636038e-05,4.646448687987838e-13
EY,900151,8.051658557958105e-07,0.000681411283940101,5.8244544388212216e-05,4.74628560054854e-06,-1.1697240030136695e-05,4.646448688018137e-13
EY,900152,3.2886578374733934e-06,0.000945276657161625,-2.5122982698542777e-06,-1.1644429903666804e-05,-2.830315203343788e-07,3.654898403342193e-12
EY,900153,3.2886578374733934e-06,0.0009452766891419859,1.2212510809490936e-07,-1.4539686839878032e-06,-8.135125335764853e-07,3.654898403359307e-12
EY,900154,3.288657837473154e-06,0.00094527672569097,-0.00010130229579249019,-9.245976323466113e-06,2.4850943240048203e-05,3.654898408152426e-12
EY,900155,3.2886408970192935e-06,0.0009452766434557559,-2.6369910798063066e-05,6.73641077140472e-06,8.567960915926976e-06,3.654898403364314e-12
EY,900156,3.2886687473451267e-06,0.0009452766434557558,2.8611299624674407e-05,1.9220375704935742e-06,-5.893385368879949e-06,3.654898403348668e-12
EY,900157,9.922012373644213e-06,0.0010188716450320655,-3.6666523544663286e-06,-2.864850635624825e-06,-2.8453413668498823e-07,1.388905417910177e-12
EY,900158,9.922012373644216e-06,0.0010188716571849883,1.981441892143183e-06,-1.0074633781789467e-06,-9.99310985592207e-07,1.3889054179164693e-12
EY,900159,9.922012512072291e-06,0.0010188716711791595,-0.00010061128163974029,-1.3177359124501935e-05,2.6011560496590908e-05,1.6806280242878435e-12
EY,900160,9.922005936067604e-06,0.0010188716398236701,-8.867672062309222e-06,1.3154659253381532e-06,1.7374664746426319e-06,1.3889054179092442e-12
EY,900161,9.922016519526887e-06,0.0010188716398236701,4.99290328308818e-06,-1.4809698528162885e-07,-8.520864586117883e-07,1.388905417931917e-12
EY,900162,8.05159923770185e-07,0.0006814113070156265,-7.3485399438216116e-06,-1.442164224006742e-06,3.3787695552013135e-07,6.421064853900203e-13
EY,900163,8.05159923770185e-07,0.0006814113134366914,-6.120625968556642e-06,-2.2799510974189474e-07,-3.407279908866544e-07,6.421064852873107e-13
EY,900164,8.05159923770185e-07,0.0006814113198577561,-2.2606998558975977e-06,-7.465144964173792e-06,-2.0405762308433893e-07,6.421064852870757e-13
EY,900165,3.2886486151757475e-06,0.0009452767615043372,-9.06755419074178e-06,-2.032254721529878e-06,-1.2002834084108592e-06,1.0661818836497338e-12
EY,900166,3.288648615175748e-06,0.0009452767721661561,-5.132333277340783e-06,-2.0366939837970205e-06,-9.46339718049952e-07,1.066181883467034e-12
EY,900167,3.288648615175748e-06,0.000945276782827975,-3.8089381667167155e-06,-7.692153920765151e-06,-8.145656278540437e-07,1.0661818834585426e-12
EY,900168,1.4175746669551473e-07,0.00031738395036775646,-7.615596099690281e-06,5.000411647978375e-06,-1.0979238196960159e-06,-1.869251128572548e-12
EY,900169,8.05159923770185e-07,0.0006814113086144716,-7.480450743296652e-06,4.278493379254437e-06,-4.832791891641686e-07,6.421064848031157e-13
R,1,-1.81573701912342e-13,-2.7214460461275236e-13,-5.493486816116874e-12,5.0960649089418956e-14,-5.140963974680747e-13,1.385677442094676e-16
R,101,1.646911776165114e-13,-6.955177987675439e-14,-1.196846372165612e-11,6.062956531262341e-13,7.977804235081672e-13,-3.1534653498705205e-16
R,201,-3.6298303748031884e-13,1.2255010252105698e-13,-5.266766282866652e-11,-1.6176609986430608e-13,-4.791375684832909e-13,2.2542954941764943e-21
R,1001,-3.52759953150946e-13,3.1304260000539317e-13,-7.056605920565261e-12,1.4818482454688775e-13,-5.123202473473263e-13,1.5728012508072376e-16
R,1101,8.834248987979121e-13,-1.578502256047357e-13,-5.943318808162298e-11,2.0836234554643944e-13,1.1661208901422911e-12,2.254295495604133e-21
R,1201,-1.574126981633625e-13,9.203594737010333e-14,-6.18595772428785e-11,-1.214874153039031e-13,-2.0778473209929025e-13,2.2542954941764943e-21
R,2001,1.9289161165945684e-13,2.0164109463580188e-13,-9.04139756443724e-12,-4.4762649241292527e-13,1.0317634894124408e-13,3.2363778418978145e-16
R,2101,4.282771668062285e-13,4.7000287031529035e-14,-1.171784145067517e-11,-5.851125328584217e-13,9.622348500612802e-13,1.2235392826421197e-15
R,2201,-1.409150605007675e-13,-1.6245488566020873e-13,-3.7882225623128185e-11,2.1444048230402954e-13,-1.8600786267333673e-13,2.2542954941764943e-21
R,100001,5.007665942735301e-11,-8.08377466420334e-11,-0.00020961674130850902,6.036807506851183e-06,2.264860102765992e-05,1.785045027156186e-12
R,100101,5.1758484721006896e-11,-6.431896464600251e-11,-0.0004002664350368805,-6.92708754630754e-06,-1.9555765434621263e-05,1.7856237147401016e-12
R,100201,5.129560712146463e-11,-4.557127684302024e-11,-0.0014111132001242304,5.3372173467583264e-05,0.00015808382093688802,1.7850450246376023e-12
R,100301,2.514020380292817e-11,-1.3893654895833609e-11,-4.604313720233809e-11,7.34822507839788e-13,5.764872170088177e-13,8.925225140095226e-13
R,100401,3.047903006234731e-11,-6.490968738541435e-12,-3.257316756553791e-11,-3.1498075563127493e-13,3.682825878377393e-12,1.067942252752408e-12
R,100451,2.5171554832209274e-11,-4.301772324309443e-13,-2.460710127936448e-11,5.351330069490589e-13,6.592539337637709e-13,8.925225140095226e-13
R,101001,3.705382512653136e-11,-8.109468405106234e-11,-0.00023632026750103018,-8.822811868252466e-05,0.0001838898875057448,1.7850444560184987e-12
R,101101,3.6504181806022405e-11,-6.336782053647329e-11,-0.0015933681728877663,-6.874577739573547e-05,-0.00038474292050474435,1.785045025768066e-12
R,101201,3.7531749290609474e-11,-4.5449220221875015e-11,-0.0016587321282296103,4.0082865228117655e-05,6.855527951062215e-05,1.7850450246376023e-12
R,101301,1.870680450312087e-11,-1.3752730376068526e-11,-6.366095540618513e-11,3.6278177682514445e-13,6.751939708321717e-13,8.925225140095226e-13
R,101401,1.9230180831150425e-11,-4.837628954993365e-12,-4.5645417545889835e-11,3.895083783494778e-13,2.0569074729426994e-12,8.925225140095226e-13
R,101451,1.8671805825536746e-11,-3.324942007319688e-13,-3.8959834232455596e-11,2.772498040320838e-13,5.827974626185318e-13,8.925225140095226e-13
R,102001,2.185723207588861e-11,-8.043039812432053e-11,-0.00031556911774309644,0.00020335330895278442,0.00011210691994950264,1.7850447622544166e-12
R,102101,2.2108733666005883e-11,-6.045328501918919e-11,-0.00041648750024597463,5.189658596884509e-06,-5.043675902157791e-05,1.7828034628394217e-12
R,102201,2.1578857969344032e-11,-4.443125688605068e-11,-0.0010128116116385768,-7.07511758104558e-05,6.137033744446674e-05,1.7850450246376023e-12
R,102301,1.2974466204798284e-11,-1.6043112697477736e-11,-2.6458558386585544e-11,-2.4148393671438585e-12,3.5382900958414237e-12,1.0720525891804923e-12
R,102401,1.3150064730019271e-11,-5.092910388803721e-12,-2.7507040469258603e-11,5.197672974048519e-13,4.125568966990489e-12,1.0743400940934931e-12
R,102451,1.4090207154519356e-11,-1.1538785732918e-13,-4.397655286596489e-11,-1.3693189080428296e-12,-3.2095099345522217e-13,1.0705712458087591e-12
R,200001,0.0004018124416086863,-9.618231411502012e-05,-0.0003776037930689144,1.9057593462907357e-05,0.0001118557241316663,1.5757704587243486e-12
R,200101,0.0004018124409812126,-9.618229780675499e-05,-0.0015221785567499494,0.00027856497234351394,0.00038246483577428697,1.5757704571819849e-12
R,200201,0.00040181244226443626,-9.618228284676474e-05,-0.002806847951316798,-0.0001406233278227224,-0.00032793191764158165,1.5757704562771646e-12
R,200301,0.0004018124421653339,-9.618226708272836e-05,-0.0012326565847904489,-0.00016957759714391948,0.00011420060401348785,1.5757704561284506e-12
R,200401,0.0004018124413627061,-9.618225143511991e-05,-0.0004822049969663892,-2.7664737543158316e-05,4.682998797393245e-05,1.579864858108727e-12
R,200451,0.0004018124418095359,-9.618224342117499e-05,-0.0006551960037967567,-0.00010369324604809927,8.68930485365288e-05,1.5757704556040514e-12
R,201001,0.0004018124301763018,-9.61823140798029e-05,-0.0004221770545942155,-6.332469791932104e-05,0.00023832612414461716,1.5757700190378636e-12
R,201101,0.0004018124286766202,-9.618229847890555e-05,-0.003017846835879924,-0.00011714633968256992,0.0004777011370227881,1.5757704569154185e-12
R,201201,0.0004018124304994068,-9.618228288172977e-05,-0.0033020857983356434,-8.746609490176678e-05,3.0182238723492678e-05,1.5757704562418083e-12
R,201301,0.0004018124301518221,-9.618226699086972e-05,-0.0017072590519812895,-4.6828704906125854e-05,8.163388417009327e-05,1.5757704573501134e-12
R,201401,0.0004018124310676151,-9.618225125837734e-05,-0.001221942503851674,-5.5646725024319175e-05,-0.00037424039913635425,1.5757704552520483e-12
R,201451,0.00040181243054589286,-9.618224330610823e-05,-0.0010418410691307198,-1.8608805470915517e-05,0.000112118635440288,1.5757704559590933e-12
R,202001,0.000401812416908301,-9.618231409452165e-05,-0.0008048083987534634,0.00022598146769596346,-6.231402515791491e-05,1.5757704649752351e-12
R,202101,0.0004018124158225047,-9.618229766139147e-05,-0.0014128597821178536,0.00036335639891584617,0.00018706560872780065,1.5757704555090083e-12
R,202201,0.00040181241635086175,-9.618228177230923e-05,-0.0020102447891309277,0.0003558700678833329,5.8921996235244514e-05,1.5757704568113304e-12
R,202301,0.00040181241404442373,-9.618226669769439e-05,-0.0005400157983006835,0.0001742006907078782,5.0570045260850994e-05,1.5700544682192238e-12
R,202401,0.00040181241578032064,-9.618224987430484e-05,-0.0004534648734875143,0.00010176647091958638,2.6148709351645607e-05,1.570833196521863e-12
R,202451,0.00040181241580292224,-9.618224312563874e-05,-0.0005923636080868921,0.00012158782247599765,0.00010374884567513674,1.5793266214745556e-12
R,300001,0.000982214450348878,-0.00020318820725183116,-0.0005029245620257728,1.1182294025180384e-05,9.615927026837676e-05,-2.055187254082569e-13
R,300101,0.0009822144504442788,-0.0002031882100873458,-0.002328266914410059,0.0002383156446563041,0.00034391387808846424,-2.0551872108722433e-13
R,300201,0.0009822144492146266,-0.00020318821025349702,-0.0039053002896927056,-4.879997593734516e-05,-3.7306985997871395e-05,-2.05518711872386e-13
R,300301,0.0009822144504593373,-0.00020318821218292318,-0.0022692213617304586,-9.941458443360147e-05,-0.0001522304434609339,-2.0551872377236957e-13
R,300401,0.000982214450504765,-0.00020318821554845564,-0.001016154627359412,-0.0001872108924827974,-6.448649897131287e-05,-2.0551872262395549e-13
R,300451,0.0009822144489771945,-0.0002031882164172421,-0.0012269556847214723,-8.852826956733024e-05,2.7241967662746835e-06,-2.0551872241299706e-13
R,301001,0.0009822144520487967,-0.00020318820718657593,-0.0005519542554348637,-6.742560593258213e-05,0.00027759341810388774,-2.0551909105931654e-13
R,301101,0.0009822144518969852,-0.00020318820916681644,-0.004095020144038672,-0.00011623330575376582,0.00036208983750991917,-2.055187231557398e-13
R,301201,0.0009822144516726163,-0.00020318821116614211,-0.004524073527631917,-7.731701566086593e-05,2.1540981107312482e-05,-2.0551872332062652e-13
R,301301,0.0009822144517882276,-0.00020318821334878586,-0.002981873620473564,-5.9408945717711314e-05,0.00010436331668852552,-2.0551872287462193e-13
R,301401,0.0009822144515870784,-0.000203188215389664,-0.0021208818831819046,-7.038919499514798e-05,-0.00029447638371789655,-2.0551872299248883e-13
R,301451,0.0009822144499027088,-0.00020318821649385922,-0.0019550291638437273,-3.84152162813786e-05,-6.725960802538152e-05,-2.0551872295955317e-13
R,302001,0.0009822144523268291,-0.00020318820738172934,-0.0010316361017409603,0.00021774717646031087,-0.0001235940898780522,-2.0551877609490957e-13
R,302101,0.000982214453708882,-0.00020318820964334886,-0.0021665228402381618,0.000313740067704479,0.00018674074179527561,-2.0551872276730827e-13
R,302201,0.0009822144535066699,-0.00020318821172559968,-0.0027627839869932814,0.0002950159193303026,6.844155296790049e-05,-2.0551872307539789e-13
R,302301,0.0009822144535199574,-0.00020318821338291884,-0.0013186193191833092,0.00033196173943174465,7.108325829777334e-05,-2.0551872302309017e-13
R,302401,0.0009822144539042546,-0.00020318821530400876,-0.0010121872443046769,0.00032738230593796445,-0.00010471838215440413,-2.0551872319232654e-13
R,302451,0.0009822144522517856,-0.0002031882163358599,-0.001208053071474873,0.00019253393768340338,-7.121862984164251e-06,-2.0551872337493312e-13
R,400001,0.0014597228796480568,-0.0002559078201108133,-0.0005555885249275679,5.806754996622957e-06,8.851634322850722e-05,-1.3725795913539838e-13
R,400101,0.001459722879691026,-0.0002559078229722859,-0.002823103475816543,-8.86950055417955e-05,0.00028895006708111974,-1.372788714309869e-13
R,400201,0.0014597228790079572,-0.0002559078216541388,-0.004630157678383416,0.0003148162929700022,0.00011408282947623654,-1.372788789788158e-13
R,400301,0.0014597228796849754,-0.00025590782296166327,-0.0030324922339302293,0.00034063259955582263,1.4127711271925513e-05,-1.37278876922176e-13
R,400401,0.0014597228807986299,-0.00025590782608804285,-0.0013837777798123914,-8.812683378775133e-05,-7.302717387732354e-05,-1.3727887957814493e-13
R,400451,0.0014597228777569692,-0.00025590782683942434,-0.0017285460346111218,-9.499276858261183e-05,0.0006323125400197489,-1.3727887546081486e-13
R,400501,0.0014597228757723204,-0.00025590782884956015,-0.011294566596809257,-0.00036110992274615924,0.0010643076765018936,-1.3727888539747835e-13
R,401001,0.001459722881337689,-0.00025590782027134655,-0.0008676102126905028,-6.232381756123656e-05,9.494184472935279e-05,-1.3727927648658695e-13
R,401101,0.0014597228806148646,-0.0002559078218705062,-0.00482802044585985,-8.350387030694404e-05,0.00040043298464937385,-1.3727887667339178e-13
R,401201,0.0014597228805531628,-0.0002559078233499782,-0.005336477922111091,-2.949521004073535e-05,5.0629562601307385e-05,-1.3727887941752578e-13
R,401301,0.0014597228807827043,-0.0002559078246871607,-0.003834165316047937,-4.436679943564481e-05,5.1731039510498094e-05,-1.372788788142507e-13
R,401401,0.0014597228820807495,-0.0002559078259085178,-0.0026911188346748736,-4.695301184835105e-05,-0.0003165401210692121,-1.3727887895131257e-13
R,401451,0.0014597228774283816,-0.00025590782658799395,-0.002749889446664257,-4.327608719269343e-05,0.0009033836324379108,-1.3727887702748873e-13
R,401501,0.0014597228752036922,-0.0002559078276954129,-0.016707537962459443,-0.00013020128436163763,0.001486874782345531,-1.3727888122553106e-13
R,402001,0.00145972288184387,-0.00025590781951776315,-0.0009942310906229297,0.00014199161101732783,0.0004698194796536346,-1.3727863226521846e-13
R,402101,0.0014597228818299453,-0.0002559078204087809,-0.0026784784476530992,0.00018946283962678197,0.00011729689193661697,-1.3727887973985018e-13
R,402201,0.0014597228820861148,-0.00025590782184733974,-0.0032685619264899825,0.00017018994251465403,7.72193145740916e-05,-1.3727887893541484e-13
R,402301,0.00145972288195298,-0.00025590782331265475,-0.0018426898747824,0.000161797261082345,6.308043315759275e-05,-1.3727887872442999e-13
R,402401,0.0014597228826731328,-0.0002559078247897684,-0.0013679052050193903,0.00014776414974792951,-0.00012870731579827196,-1.372788775352377e-13
R,402451,0.0014597228797485554,-0.00025590782546472624,-0.0017432804706950136,0.00016573127836123702,0.0006685642993922292,-1.372788826609168e-13
R,402501,0.0014597228778210896,-0.00025590782495171695,-0.011835966211562346,0.00042829385031505844,0.0011088107856208431,-1.3727887074872668e-13
R,500001,0.002005751208921665,-0.00033791314960127046,-0.0007348772440425317,-0.00022161258430369754,0.0002524667666245857,-1.6565094413619198e-08
R,500101,0.0020057512097780904,-0.0003380787993389267,-0.003071550051981347,-0.0003952420763715515,0.0003598061429347431,-1.6565094392700925e-08
R,500201,0.0020057512091843015,-0.0003382444532410507,-0.00505140646872644,0.0004895721841484143,0.0002760705820013237,-1.6565094392698407e-08
R,500301,0.0020057512080138913,-0.0003384101041933017,-0.0034870344493830746,0.00046737360896476743,-0.0001337030787689837,-1.6565094392699728e-08
R,500401,0.0020057512069015897,-0.00033857575219755194,-0.001617761624411827,-0.0003841415743573014,-0.0005309699512091068,-1.6565094392697388e-08
R,500451,0.0020057512117171365,-0.0003386585778153526,-0.00198708194751489,-0.00031376540620125636,0.0008609232644013564,-1.6565094392705505e-08
R,500501,0.0020057512127974004,-0.0003387414024461025,-0.011306945425398942,-0.0004140113189383998,0.0008993972410090737,-1.6565094392692935e-08
R,501001,0.002005871303735052,-0.000337911767486388,-0.0010553810117482603,-0.00012255124235312375,9.791123977035164e-06,-1.6565115528029394e-08
R,501101,0.0020058713070815865,-0.0003380787996385309,-0.005220652843432867,-0.00026995171570398955,0.00040908680821853525,-1.6565094393058307e-08
R,501201,0.0020058713055581406,-0.00033824445068914374,-0.005764947040787192,-0.00027750480230498935,9.540982624567846e-05,-1.656509439269909e-08
R,501301,0.0020058713055213007,-0.00033841010167564916,-0.004296040632199499,-0.00024409721334301874,7.82641140495729e-05,-1.6565094392700168e-08
R,501401,0.0020058713024618587,-0.00033857575273985735,-0.003001773466218016,-0.00018913440224229317,-0.0008858911974140461,-1.6565094392698758e-08
R,501451,0.0020058713104370678,-0.00033865857830059863,-0.0031564004312563147,-0.0001541511760737285,0.001367492011710692,-1.656509439270264e-08
R,501501,0.002005871311295649,-0.0003387414036002498,-0.016734263460266702,-0.00014227395837449895,0.001157923634152584,-1.656509439269711e-08
R,502001,0.002006018735458578,-0.0003379131509591702,-0.0012446666669628452,0.0004908197929361636,-7.974953876445155e-05,-1.6565094393270916e-08
R,502101,0.002006018735375635,-0.0003380788027143074,-0.00294182939980699,0.0007966219155474892,0.0002366496022083831,-1.6565094392697018e-08
R,502201,0.0020060187347558105,-0.00033824445350521767,-0.003532135839957291,0.0007492465996753094,6.78532554711695e-06,-1.6565094392699582e-08
R,502301,0.0020060187348625463,-0.0003384101044221805,-0.002115581077406459,0.000745888614846553,6.740904980558143e-05,-1.6565094392699665e-08
R,502401,0.0020060187332983552,-0.00033857575521904553,-0.0015513423710423054,0.0006958668880334067,-0.00042202858954018985,-1.656509439270218e-08
R,502451,0.002006018738277678,-0.0003386585804340695,-0.0020091354991117164,0.0005659955842857515,0.00094925929409008,-1.656509439269221e-08
R,502501,0.002006018739240129,-0.00033874140634394573,-0.011849148992679887,0.0004941458985606914,0.0009281725625699106,-1.6565094392707582e-08
R,600003,0.0004018124521510575,-9.618233955974109e-05,-0.00043650359864986783,-0.00011978617377002937,0.0001262900301665358,7.627791256410292e-13
R,600004,0.0009822144435422348,-0.0002031881690012073,-0.0009324188180200653,-0.001042809669109126,-1.5799021704914456e-05,-1.2335622512277355e-12
R,600005,0.0014597228785225703,-0.0002559078072744001,-0.0018537973169779746,-0.0017531352632832635,-0.00011375541716887865,-3.7044651169160014e-13
R,600006,0.0018757872966844134,-0.00027008865644025896,-0.0007129292883964229,-1.471927659160541e-05,7.95416046707963e-05,4.273188411138437e-12
R,601002,8.767436822345768e-11,-1.9870544528962939e-10,-0.00031585656786796,-0.00012910988864993662,0.00036284386461091055,3.661008293507569e-12
R,601003,0.0004018124522090287,-9.61823389952845e-05,-0.0007705358986840446,-0.00026537886247964866,0.0007300743862856578,7.627791138420099e-13
R,601004,0.000982214442729317,-0.0002031881703704614,-0.0012151100065456233,-0.0004429370783168652,0.0009447319066081448,-1.2335622570993262e-12
R,601005,0.0014597228780624757,-0.0002559078078226609,-0.0016975738744333078,-0.0006196420491881762,0.0011243922588765583,-3.704465142114805e-13
R,601006,0.0018757873014753747,-0.0002700886515828606,-0.0007129293009760315,-1.4719272402403068e-05,7.954160312060157e-05,4.274167745512738e-12
R,602002,3.309239572016266e-11,-2.0006001833996606e-10,-0.0015204878973301133,0.0018368694215952052,4.791810002371238e-05,3.66100820377623e-12
R,602003,0.0004018124403912919,-9.618233955974102e-05,-0.0008756350537639571,0.001129906625743215,0.00015708073272522344,7.62779070023826e-13
R,602004,0.0009822144625610005,-0.00020318816900120686,-0.0006440437788406773,0.00016067290419414314,0.00012643965166796436,-1.2335514061277505e-12
R,603002,2.8549085450517558e-11,-1.9870544512860426e-10,-0.0003629689245024623,0.00024367674823059208,0.00046551793099197533,3.66100826371556e-12
R,603003,0.000401812439890146,-9.61823389952845e-05,-0.0008910882623305884,0.0004933400067733172,0.000915737119689174,7.627791156442288e-13
R,603004,0.0009822144626513475,-0.00020318817037046142,-0.0014358094231014672,0.0007496843371606726,0.0012045391390427672,-1.2335622557358292e-12
R,603005,0.001459722884045187,-0.0002559078078226609,-0.002026853620985696,0.001000708986203521,0.0014355575937384213,-3.704465177225657e-13
R,603006,0.00187578723352887,-0.000270088651965588,-0.0007853128672404588,1.7110173192091067e-05,8.523034634157308e-05,4.273408847654502e-12
R,605005,0.0014597228837974652,-0.0002559078163757858,-0.0008220848351474936,-1.8638070703710404e-05,1.0656114203941994e-05,-3.729561875665642e-13
R,609002,3.9909627144381176e-11,-8.119643151742081e-11,-0.00020961674028525278,6.036807785838272e-06,2.264860093165913e-05,1.784909388850455e-12
R,612002,4.748834413803489e-11,-8.128400800645096e-11,-0.00032040177382058367,-0.0001107940744143474,2.26485902681594e-05,1.7850450153719964e-12
R,612003,0.000401812437038952,-9.618231450896275e-05,-0.000921859169359342,-0.00013502618222517284,0.00011185570641740357,1.5757704450551992e-12
R,612004,0.0009822144512428846,-0.0002031882072004515,-0.0010852243091509304,0.00013085902899253826,9.615925973316037e-05,-2.055187231843066e-13
R,612005,0.0014597228804441532,-0.0002559078200764987,-0.0010709360420477834,0.00024178084617263213,-0.00011777217060118912,-1.3725797354159052e-13
R,612006,0.00200587130200681,-0.0003379103858818967,-0.0010553809956020351,-0.000122551241964694,9.791115353271634e-06,-1.6565137807494743e-08
R,700001,1.7669178537005258e-13,7.45879212387856e-13,-5.019536596187494e-11,-9.845604356020618e-13,2.3323317803564574e-13,4.6234096998918634e-21
R,700002,-1.4436820081618153e-13,8.203999412225228e-13,-4.960303031416322e-11,-1.0829278253761871e-12,-1.9056600240077864e-13,4.6234096998794126e-21
R,700003,-1.592933587469072e-13,5.177003636190724e-13,-5.660240181656425e-12,-5.5225762363566e-14,-2.790620961497782e-13,-3.444303366980442e-16
R,700004,-8.94770288180909e-13,-1.2929843869955868e-13,-6.036387907772998e-11,1.7067408123328802e-13,-1.181096729702634e-12,4.62340970206739e-21
R,700005,-5.774851265170433e-13,-2.3347218762268255e-13,-7.281040215536182e-11,3.081834083683516e-13,-7.622803176066264e-13,4.623409699690896e-21
R,700006,-1.3955628620050707e-13,-2.6070870769549425e-13,-8.074734746945395e-11,3.4413558673248783e-13,-1.84214250129839e-13,4.623409699878915e-21
R,700007,8.765733401008624e-14,-4.23490345937228e-13,-3.911886334843542e-11,5.590073765659943e-13,1.157077478692739e-13,4.623409699985259e-21
R,700008,-1.2072573835938234e-13,-4.727457480572148e-13,-3.8728527412177896e-11,6.240244791461503e-13,-1.5935790675466627e-13,4.623409699818642e-21
R,701001,2.8991206999501527e-11,-1.583458435691751e-10,-0.0013445125473628542,0.0003248400982466829,-7.695153707736323e-05,3.6610082852816335e-12
R,701002,2.8728820870946194e-11,-1.2167451042689017e-10,-0.0013285557497301212,0.000357294818394486,6.287422820582683e-05,3.661008285271774e-12
R,701003,2.887491003609337e-11,-8.458824850673107e-11,-0.00016819708987586736,8.242511276911951e-06,3.5819784702722475e-05,3.66509713106917e-12
R,701004,6.066458900578884e-11,-1.8652947375879172e-10,-0.0016184398496319515,-5.631104369916515e-05,0.0003896840330031399,3.661008287004306e-12
R,701005,6.09415013391061e-11,-1.5916147429198817e-10,-0.0019537339531493733,-0.00010168006894017647,0.0002515022524991662,3.661008285122499e-12
R,701006,6.139383502099164e-11,-1.2257556747118556e-10,-0.0021675455491394127,-0.00011354194324017741,6.07785938181142e-05,3.66100828527138e-12
R,701007,8.805254329790252e-11,-1.5932884689534257e-10,-0.0010461251189447156,-0.00018443542789251555,-3.817585520388825e-05,3.661008285355588e-12
R,701008,8.793569553046378e-11,-1.2276736499006585e-10,-0.0010356099463939728,-0.00020588680933869208,5.257766073842367e-05,3.661008285223653e-12
R,702001,0.00040181243986193906,-9.618233105008561e-05,-0.0024018666064118312,0.0002784541999290718,1.0385388607074232e-05,7.627791267961389e-13
R,702002,0.0004018124399424797,-9.618232341397358e-05,-0.002380666795897625,0.00030512948868094067,0.00012465793988818792,7.627791268580562e-13
R,702003,0.0004018124396069544,-9.618231475106497e-05,-0.0003298175350502337,2.4506572284346003e-05,0.00013593013041888447,7.635087771667326e-13
R,702004,0.00040181244678765265,-9.618233671434083e-05,-0.002885193890255581,-3.775781039500258e-05,0.00040652434271375013,7.627791264784744e-13
R,702005,0.0004018124467776714,-9.618233097156726e-05,-0.0034864240124729304,-7.676350900799395e-05,0.00028592544735474724,7.627791267708663e-13
R,702006,0.0004018124468653826,-9.61823233488188e-05,-0.0038633378180613987,-8.729248575631824e-05,8.892828309813657e-05,7.627791268215873e-13
R,702007,0.0004018124522067676,-9.61823309863054e-05,-0.0018726119086120304,-0.0001496564335086547,3.823535960918934e-05,7.627791266851009e-13
R,702008,0.00040181245235393196,-9.618232336957344e-05,-0.0018565947997882045,-0.0001708227757563549,8.91240737478411e-05,7.627791267435355e-13
R,703001,0.000982214462600673,-0.00020318818285362512,-0.0031716870392663205,0.00029911966107569265,2.5529658947268145e-05,-1.2335622476390374e-12
R,703002,0.0009822144627262008,-0.00020318819522749168,-0.003151731956163029,0.00033519817949029625,0.00013027891645705806,-1.2335622477270348e-12
R,703003,0.0009822144629955305,-0.00020318820711115733,-0.0005249140168139088,1.180078555442628e-06,0.00018499404803198273,-1.2333887834662575e-12
R,703004,0.0009822144516017945,-0.00020318817356291922,-0.003805100567795958,-5.738657593630521e-05,0.00043250894290177046,-1.2335622475203873e-12
R,703005,0.0009822144515485064,-0.0002031881828733844,-0.004603283595754267,-9.320475252613846e-05,0.00029867412360812923,-1.2335622475869677e-12
R,703006,0.0009822144515576425,-0.00020318819519322796,-0.005097637086830881,-0.00010726283171312984,6.975105144270517e-05,-1.2335622477297937e-12
R,703007,0.0009822144426827506,-0.0002031881828708112,-0.0024755631472087544,-0.00018237876650779132,5.300565840026707e-05,-1.2335622475421557e-12
R,703008,0.0009822144426111692,-0.0002031881951993983,-0.0024599440926323696,-0.00020864661489966555,7.966721818577204e-05,-1.233562247619347e-12
R,704001,0.0014597228835464798,-0.0002559078112284177,-0.0036541528022214368,0.0002619933150374164,-1.9511663693217755e-05,-3.7044650645943917e-13
R,704002,0.0014597228842167652,-0.00025590781471902167,-0.003640902310361379,0.00027201283123979555,4.0091974915688915e-05,-3.704465068701079e-13
R,704003,0.001459722883923266,-0.0002559078175754597,-0.0008220848056020208,-1.863807037223883e-05,1.0656112923011419e-05,-3.717010186896316e-13
R,704004,0.0014597228804258734,-0.0002559078090089341,-0.004381133660861123,-3.723844265683417e-05,0.00038541353559123833,-3.704465053050832e-13
R,704005,0.0014597228807405333,-0.0002559078114802457,-0.00530626522018992,-0.0001018298218220458,0.0002880223215205633,-3.7044650696478907e-13
R,704006,0.001459722881000849,-0.00025590781527803534,-0.00587568954664582,-0.00010548687240747136,8.704618592863952e-05,-3.7044650693504384e-13
R,704007,0.0014597228777099964,-0.0002559078116796656,-0.0028539347993188175,-0.0001736020577436247,6.54929547920911e-06,-3.70446507411254e-13
R,704008,0.0014597228782410405,-0.0002559078154803783,-0.0028444719750868753,-0.0001917044085597685,8.861270138408544e-05,-3.7044650698219863e-13
R,705001,0.0018757872354297634,-0.00027008860980765346,-0.0038500482217085374,0.0003726400607738829,0.00021169078728281666,4.273188404602257e-12
R,705002,0.0018757872351368558,-0.00027008856739547813,-0.0038593113131785,0.0005018578227642296,2.4522083653150786e-05,4.2731884052860676e-12
R,705003,0.001875787235362599,-0.00027008852287761206,-0.0008297740037340207,1.4690514467237742e-05,0.00015227207665945375,4.273188405272505e-12
R,705004,0.0018757872751490217,-0.00027008863979203297,-0.004613876934619621,-0.00022725917453293498,0.0005418596769776833,4.273188399140498e-12
R,705005,0.0018757872743034338,-0.00027008860781960235,-0.005599191130088111,-0.00012935871899498268,0.0002709864097548957,4.273188405446581e-12
R,705006,0.001875787273056008,-0.0002700885649537173,-0.006200002262262238,-0.0001840608273765765,-7.130751011221771e-05,4.273188405374119e-12
R,705007,0.001875787304418457,-0.0002700886072506268,-0.0030067044266864963,-0.0003053826652465874,0.00017548278000665993,4.2731884054154034e-12
R,705008,0.001875787304137061,-0.0002700885643206148,-0.0030077568861157024,-0.0003735675759005595,-2.913239251045891e-05,4.273188405439404e-12
R,900000,8.956253618431965e-11,-2.0015808690918304e-10,-0.00024052285801825054,-2.9942903532993337e-06,3.428419344239792e-05,3.6609064922056774e-12
R,900001,4.996981485454982e-11,-8.264606332630488e-11,-0.00020961669926351093,6.036807107217017e-06,2.2648589514211725e-05,1.783805552902986e-12
R,900002,4.403577082513553e-11,-8.017082399511058e-11,-0.0002096167517864628,6.036807567947735e-06,2.2648593283950085e-05,1.7862098806607142e-12
R,900003,3.1548159426942475e-11,-1.9990264279139511e-10,-0.00026749222980525624,1.6050477169934432e-05,3.7875209287480886e-05,3.660806755910112e-12
R,900004,1.9825459559597145e-11,-8.024356770179311e-11,-0.000307442165815398,-1.857020531166607e-05,-6.244593033100912e-05,1.7844495104282198e-12
R,900005,4.4163284655120216e-11,-2.000600183582272e-10,-0.009433589039918453,0.002647652417908437,7.239005940031517e-05,3.661008293507568e-12
R,900006,4.416328465512022e-11,-1.7260245615692045e-10,-0.010260649515497435,-0.0004022736593466381,0.00011840749372140676,3.661008293507569e-12
R,900007,7.206016785389113e-11,-2.0006001836153831e-10,-0.008782915782221313,-0.0026062121508110036,-0.0010545695062203657,3.661008298291097e-12
R,900008,7.206016785164789e-11,-1.7260245615692043e-10,-0.004104712995419362,0.00043479068128417876,-0.00019623488852150484,3.66100829350757e-12
R,900009,8.767436822345769e-11,-1.8633123725757383e-10,-0.0035849025682163594,-0.0012811929217381322,0.0008838709615630201,3.66100829350757e-12
R,900010,2.8549084283310486e-11,-1.863312372575738e-10,-0.00468027419133346,0.002323073494676592,0.0012069643564185017,3.661008293507569e-12
R,900011,8.767436823797961e-11,-1.7260245615736788e-10,-0.00383197314408665,-0.0005180326199832874,-0.0007173150107130445,3.661008292668596e-12
R,900012,2.8549084300287955e-11,-1.7260245615640153e-10,-0.005186121945423232,0.002160505888473121,-0.0009458479721610557,3.661008294480469e-12
R,900013,8.767436824187535e-11,-1.4056863358912692e-10,-0.0031708277108500474,-0.001814390116599168,-5.2913411694845725e-06,3.6610082934571805e-12
R,900014,2.8549084301219987e-11,-1.40568633588266e-10,-0.00421376313485541,0.0036080686252577005,1.0188321120132638e-06,3.661008293571074e-12
R,900015,8.767436725270366e-11,-1.039585506519814e-10,-0.0034515039697047144,-0.001836326360298462,-3.161929611765377e-05,3.6610082977885785e-12
R,900016,2.8549084062144175e-11,-1.0395855065080019e-10,-0.004743442092076623,0.003621223735111012,-5.519277465082339e-06,3.661008298676181e-12
R,900017,0.00040181244750970435,-9.618229730316208e-05,-0.010470155438545584,0.0024970439846640374,0.0014322857540208676,1.5757704587193354e-12
R,900018,0.00040181244812700906,-9.61822853960788e-05,-0.017040039097686845,0.002686985581332723,0.00011608790430342725,1.5757704586917292e-12
R,900019,0.0004018124416086863,-9.618229047846323e-05,-0.007010985664156515,-0.000921543738977851,0.0003976194782692856,1.5757704581535273e-12
R,900020,0.0004018124161599934,-9.618229047846325e-05,-0.00464172316958828,0.003293509265617372,2.788406673360153e-05,1.5757704588605607e-12
R,900021,0.0004018124416086863,-9.618227472075868e-05,-0.003579178507254008,-0.0016641487631816926,-0.00018293150760162252,1.5757704587309135e-12
R,900022,0.00040181241615999344,-9.618227472075866e-05,-0.0040456337729051816,0.0031873124544701064,-0.00024795067435039875,1.575770458025998e-12
R,900023,0.00040181244160868634,-9.618228655479477e-05,-0.005860503207111418,0.0014246942248557853,-0.0012753489663766765,1.5757704577784877e-12
R,900024,0.0004018124416086863,-9.618225896305408e-05,-0.0030595928398394357,-0.0016875789068761474,-0.0001523371296137632,1.5757704586031258e-12
R,900025,0.0004018124161599934,-9.618225896305408e-05,-0.0032922918624167527,0.003230083277652036,-3.2089246702158983e-05,1.5757704598476596e-12
R,900026,0.0009822144498433018,-0.0002031882113622056,-0.004594143674353275,0.00042395968666346915,0.001815603481814487,-2.055187167714819e-13
R,900027,0.000982214450348878,-0.00020318821238979933,-0.007090169977325475,0.00020838091018868582,-0.00019810276671718081,-2.0551872527786666e-13
R,900028,0.000982214449843302,-0.00020318821238979925,-0.008905814613193994,0.0009761563828927414,-0.00018532125857466096,-2.055187254082554e-13
R,900029,0.0009822144498433018,-0.00020318821341739284,-0.00283642689763466,0.0003751323265244128,-0.0021337002466254463,-2.0551872624935144e-13
R,900030,0.0014597228793104022,-0.000255907821483393,-0.003028081884223917,0.00014568982720210397,-4.181289887601075e-05,-1.3725795946245642e-13
R,900031,0.0014597228796480565,-0.0002559078217853604,-0.00469303478311921,-0.0010026709334749245,0.001010026884969419,-1.3725795116173654e-13
R,900032,0.0014597228793104022,-0.0002559078217853604,-0.0028284799291912566,-0.000654065359390088,-0.00010375808667759753,-1.3725795913539525e-13
R,900033,0.001459722880643177,-0.00025590782178536045,-0.007706660701771256,0.0005551846484963195,0.0017025387941147102,-1.3725795706218046e-13
R,900034,0.0014597228785373196,-0.00025590782162816735,-0.014844518043729315,0.002864194166080907,0.0012132961949845357,-1.3725937158694248e-13
R,900035,0.0014597228798274308,-0.00025590782296176757,-0.01355796268228703,0.002945555163194879,-0.0013809303225234644,-1.3725936992259193e-13
R,900036,0.0014597228796480563,-0.0002559078266374293,-0.006505978140153562,-0.0022146423726029,0.0024458972558395516,-1.372579650351743e-13
R,900037,0.0014597228818647725,-0.00025590782663742923,-0.006816248525023258,0.004496980111427219,0.002582847815162515,-1.3725795368327057e-13
R,900038,0.002005751208921665,-0.00033816162601747475,-0.007451345483626493,-0.0011634140896601827,0.00013750049034778013,-1.6565094413622262e-08
R,900039,0.0020060187351964454,-0.00033816162601747475,-0.006617936292078652,0.0038331219144407216,2.7524171128634673e-05,-1.6565094413619036e-08
R,900040,0.002005751208921665,-0.0003383272769616109,-0.009167968405957528,-0.0013176560446083955,-0.00027022935109794215,-1.65650944136192e-08
R,900041,0.0020060187351964454,-0.0003383272769616109,-0.005791269022179071,0.0036862688377667483,-0.0002311063121624124,-1.6565094413619168e-08
R,900042,0.002005751208921665,-0.0003384929279057471,-0.006803911502599967,-0.0016849352803150579,-0.00011388227059699772,-1.6565094413616147e-08
R,900043,0.0020060187351964454,-0.0003384929279057471,-0.00550690934925351,0.003763799230413592,4.026832305219735e-06,-1.6565094413619042e-08
R,900044,0.0020057512089216656,-0.0003387008198406381,-0.006924141692781218,-0.0012951419842139231,0.0023519722264431775,-1.656509441361522e-08
R,900045,0.002006018735196446,-0.0003387008198406381,-0.007280275319900825,0.002328578100804508,0.0024770573029192443,-1.6565094413621613e-08
R,900046,0.0020056829612779157,-0.00033824445271734795,-0.014869290174609482,0.0026313955520668197,0.0014844142672698541,-1.6565094412205722e-08
R,900047,0.002005682959987805,-0.0003384101037004635,-0.013581347782965235,0.002723267595361696,-0.0016521328212560792,-1.6565094412206043e-08
R,900048,0.00040181245251540143,-9.618233931045482e-05,-0.0004324218903729014,1.2981691571169582e-05,0.0001442762076109274,7.627234244427657e-13
R,900049,0.0004018124416874458,-9.618231525270817e-05,-0.0003776036346266968,1.9057591489733895e-05,0.00011185569981789645,1.5750048497818802e-12
R,900050,0.00040181243597527626,-9.618231341953739e-05,-0.00037760380376990313,1.9057591497610268e-05,0.00011185571631666423,1.5765359443471666e-12
R,900051,0.0004018124404111428,-9.61823393485329e-05,-0.00047999625378652576,2.574171881012587e-05,0.00014560856095910502,7.627372694324775e-13
R,900052,0.0004018124161599945,-9.618231450896265e-05,-0.0008523666695862492,0.0007868399873963185,-0.00031201251672036975,1.5757704687301779e-12
R,900053,0.00040181244314339886,-9.618233955974109e-05,-0.009808787117307247,0.0026926740425765746,0.00022008163947127423,7.627791256410288e-13
R,900054,0.0004018124431433988,-9.618233383889766e-05,-0.01150711762656428,-0.0003250869078336855,0.00020292839508836134,7.627791256410297e-13
R,900055,0.00040181244895577586,-9.618233955974112e-05,-0.00918328787411213,-0.002665257612865674,-0.0008650796713407876,7.627791256410292e-13
R,900056,0.0004018124489557757,-9.618233383889764e-05,-0.005374058625544422,0.0003451393153388416,-0.00015416321971096342,7.627791256410291e-13
R,900057,0.0004018124522090287,-9.618233669931937e-05,-0.004086874758822253,-0.0013976292242268975,0.0009422721115017554,7.627791256410293e-13
R,900058,0.00040181243989014583,-9.618233669931935e-05,-0.005224151906710418,0.0023953276375425175,0.0012815778183698646,7.627791256410295e-13
R,900059,0.0004018124522090287,-9.618233383889764e-05,-0.004491844291729455,-0.0006834586714503668,-0.0006860764248255906,7.627791256265982e-13
R,900060,0.0004018124398901458,-9.618233383889764e-05,-0.005982000252510908,0.002276977581160238,-0.0008835607554109477,7.627791255090386e-13
R,900061,0.00040181245220902867,-9.618232716458031e-05,-0.0040584359372410886,-0.00194071686371008,-3.425061052397813e-05,7.627791256295629e-13
R,900062,0.0004018124398901459,-9.618232716458028e-05,-0.005311309474838449,0.0036987785249431838,-3.6941321099431255e-05,7.627791256496561e-13
R,900063,0.0004018124522090284,-9.618231953678906e-05,-0.003913886780889497,-0.001900171131608804,-0.00015703245604732486,7.627791244388024e-13
R,900064,0.0004018124398901453,-9.618231953678905e-05,-0.005956366228770424,0.0036161166800770896,-2.3365941378446845e-05,7.627791251094995e-13
R,900065,0.0009822144418780844,-0.00020318816872214108,-0.0005753993170258163,4.221505766261704e-06,0.00011937345771204677,-1.2334589877239473e-12
R,900066,0.0009822144504243824,-0.00020318820793763592,-0.0005029244264476921,1.1182292382173611e-05,9.615924932328176e-05,-2.075798597872415e-13
R,900067,0.0009822144514649537,-0.0002031882062463561,-0.000502924584598206,1.1182292116019742e-05,9.615926667307945e-05,-2.0248691848574535e-13
R,900068,0.0009822144613968469,-0.00020318816878696531,-0.0006373756936812015,2.1387508764459873e-05,0.00012286227410146722,-1.2334298200593413e-12
R,900069,0.0009822144536680048,-0.0002031882072004519,-0.001094797311461839,0.0008466027047955265,-0.0003753667057708629,-2.055187818379459e-13
R,900070,0.0009822144573902046,-0.00020318816900120732,-0.010069229842960768,0.0027284470392631554,0.0003318693332947656,-1.2335622512269966e-12
R,900071,0.0009822144573902046,-0.0002031881782529242,-0.01245024441387743,-0.0002650385007599928,0.00027200603962446835,-1.2335622512277359e-12
R,900072,0.0009822144479904602,-0.00020318816900120727,-0.00950277261403361,-0.0027052490689706953,-0.0007554529834311092,-1.2335622512277363e-12
R,900073,0.0009822144479904602,-0.00020318817825292415,-0.006278912469965552,0.0002716663322720048,-0.00010860906279248126,-1.2335622512277355e-12
R,900074,0.0009822144427293173,-0.00020318817362706572,-0.004316948559117852,-0.0015064493864064634,0.0009981154013265965,-1.2335622512277355e-12
R,900075,0.0009822144626513475,-0.00020318817362706572,-0.005499595795260108,0.002481849766859772,0.0013532153097115401,-1.2335622512277353e-12
R,900076,0.000982214442729317,-0.0002031881782529242,-0.004953686496082541,-0.0008009904807761448,-0.0006291948601167887,-1.2335622512130431e-12
R,900077,0.0009822144626513477,-0.0002031881782529242,-0.006563218618313868,0.0023728453354110593,-0.0008064097707673437,-1.2335622511813655e-12
R,900078,0.0009822144427293173,-0.0002031881890465939,-0.004701939778361715,-0.0020417055329637434,-3.5462233394885145e-05,-1.2335622512204413e-12
R,900079,0.0009822144626513475,-0.0002031881890465939,-0.006101723673514916,0.00377555821017571,-4.18909219845212e-05,-1.2335622512673866e-12
R,900080,0.0009822144427293173,-0.00020318820138221638,-0.004308327641933601,-0.0019538635358803394,-0.0002185238051482184,-1.2335622525957515e-12
R,900081,0.0009822144626513473,-0.00020318820138221638,-0.006574097190802333,0.003642067092082757,-8.231838020087703e-05,-1.2335622519494996e-12
R,900082,0.0014597228779759878,-0.0002559078070615276,-0.0006690689567302938,-2.2570431645309116e-07,0.00010949475561092503,-3.7029853917456673e-13
R,900083,0.0014597228796612539,-0.0002559078214236157,-0.0005499075423676707,-4.7364368563566225e-05,-3.2063673302824194e-05,-1.381619815457066e-13
R,900084,0.0014597228812999637,-0.0002559078192789128,-0.0008728024874723815,-5.8331699083837295e-05,-0.00013919929492578034,-1.342340593211287e-13
R,900085,0.001459722883772353,-0.00025590780676476273,-0.0007391776010944328,9.267514611382793e-06,0.00010993862712534306,-3.7041311434792433e-13
R,900086,0.0014597228818647738,-0.0002559078200764914,-0.0008881995406345542,0.0006819152000326526,0.000357090295191015,-1.3725860373827649e-13
R,900087,0.0014597228824652327,-0.0002559078072744001,-0.010197678788052186,0.002742914117378979,0.00039951073524657765,-3.7044651100056905e-13
R,900088,0.001459722882465233,-0.00025590781005274893,-0.013005457498510379,-0.00024071510329554287,0.00031809926410035705,-3.704465116916002e-13
R,900089,0.0014597228796424302,-0.0002559078072744001,-0.009642068434929018,-0.0027236959854717267,-0.0006571413046997535,-3.704465116916003e-13
R,900090,0.0014597228796424302,-0.0002559078100527489,-0.00687161875247383,0.00024571478607105256,-8.606148048525824e-05,-3.7044651169160166e-13
R,900091,0.001459722878062476,-0.00025590780866357446,-0.004502607369949665,-0.0015696927943630503,0.0010493532807404574,-3.704465116916004e-13
R,900092,0.0014597228840451874,-0.00025590780866357446,-0.005682025542107185,0.002521365837902276,0.001405380998562512,-3.704465116916005e-13
R,900093,0.0014597228780624757,-0.00025590781005274893,-0.005332668814322895,-0.0008620676367019325,-0.0005919004304294767,-3.7044651212980685e-13
R,900094,0.001459722884045187,-0.00025590781005274893,-0.0069801930878097655,0.002408178679801747,-0.0007482269118957985,-3.7044651129806624e-13
R,900095,0.0014597228780624757,-0.0002559078132941559,-0.005020674703987275,-0.0021064715650641204,-2.516287600819568e-05,-3.7044651179138986e-13
R,900096,0.0014597228840451872,-0.00025590781329415586,-0.006621699718379599,0.003810065594780277,-7.135536702554268e-06,-3.704465114698689e-13
R,900097,0.001459722878062476,-0.00025590781699862103,-0.004734915226528671,-0.0020703212104130056,-0.00023243546304433093,-3.7044651370043386e-13
R,900098,0.0014597228840451872,-0.000255907816998621,-0.0056647875515351085,0.0038690317710512703,-0.0003700093032401299,-3.70446509701508e-13
R,900099,0.0018757873009729064,-0.00027008865495037646,-0.0007129292873362826,-1.47192728453076e-05,7.954160266222032e-05,4.276166261335079e-12
R,900100,0.0020057512045819083,-0.00033790900787219867,-0.0006879116400341803,-4.916506320675659e-05,0.00012646071335316875,-1.6565147522921663e-08
R,900101,0.0018757872340173804,-0.00027008865511858967,-0.000785312852233112,1.7110173415912215e-05,8.523034434011154e-05,4.2730779532320255e-12
R,900102,0.0020060187318174686,-0.00033790900830714193,-0.0012912155984433574,0.0007955699484417302,-0.0002875744786500124,-1.656515143286934e-08
R,900103,0.001875787253696138,-0.0002700886564402589,-0.007416108553922706,0.001755067655009077,0.000483214563730238,4.273188414821158e-12
R,900104,0.0018757872536961382,-0.0002700886243913459,-0.010578792940496401,0.0001269684994259695,0.0003477503827160267,4.273188411138438e-12
R,900105,0.0018757872862578337,-0.00027008865644025896,-0.0038037518269428026,-0.0019634228735018037,0.0005085930997005764,4.273188411138439e-12
R,900106,0.0018757872862578335,-0.0002700886243913459,-0.006716357507995741,-7.224313388466634e-05,0.00025443763341270726,4.273188411138435e-12
R,900107,0.0018757873044829823,-0.0002700886404158024,-0.0016479648674891153,-0.001474805570426753,0.000700322923725853,4.273188433018793e-12
R,900108,0.0018757872354709893,-0.0002700886404158024,-0.0020396908062115075,0.0025050813054766233,0.0009529015729408953,4.2731884357702484e-12
R,900109,0.0018757873044829823,-0.0002700886243913459,-0.003407023853822227,-0.0012638862712639003,5.351532088520071e-05,4.273188413195933e-12
R,900110,0.0018757872354709893,-0.0002700886243913459,-0.004450738468998389,0.002216616886438717,7.191025969112428e-05,4.27318840848282e-12
R,900111,0.001875787304482982,-0.0002700885870009473,-0.005030922796312005,-0.0016707808352371721,-3.6198348432405834e-05,4.273188411343856e-12
R,900112,0.0018757872354709896,-0.0002700885870009473,-0.0065523693798785684,0.0028554406358512734,-5.7426743740372364e-05,4.273188410806962e-12
R,900113,0.0018757873078550185,-0.0002700885442896151,-0.0038435952696663986,-0.0015120187971165724,-0.0002790997715438895,4.216143933776927e-12
R,900114,0.0018757872388499687,-0.0002700885442896151,-0.005940964745296163,0.0025088227480463896,-0.00018534032054529195,4.2161439365383194e-12
R,900115,0.000982214450093297,-0.00020318821036117188,-0.010481836132388685,0.0022396310040588103,0.001486808515772147,-2.0551872395883769e-13
R,900116,0.0009822144494759924,-0.00020318821200506968,-0.017047474400508203,0.0025141644068725814,6.089096633680317e-05,-2.0551872537563826e-13
R,900117,0.000982214450348878,-0.00020318821033461207,-0.007609086059160617,-0.0009986514418579557,0.00037737647231176735,-2.0551872459921316e-13
R,900118,0.0009822144536680054,-0.0002031882103346121,-0.005388758615484351,0.003340278373802933,2.5543215269126576e-05,-2.055187254363163e-13
R,900119,0.0009822144536680054,-0.0002031882123897993,-0.004825266097325952,0.003315202616483831,-0.00025153120528465173,-2.0551872499574716e-13
R,900120,0.000982214450348878,-0.00020318821084635368,-0.006514556374175862,0.0013081957418628774,-0.0011941919426336877,-2.0551872091776918e-13
R,900121,0.0009822144503488781,-0.00020318821444498657,-0.0036558637140088296,-0.001758353435587836,-0.00013363493822360893,-2.0551872676682271e-13
R,900122,0.0009822144536680054,-0.00020318821444498654,-0.0041532224055215415,0.003275269199940421,-3.7656633336498324e-05,-2.055187252692246e-13
R,900123,0.0014597228796480568,-0.0002559078221696827,-0.006369952514356557,-0.0013594145610430672,7.64035542250403e-05,-1.3725795788930092e-13
R,900124,0.0014597228818647727,-0.00025590782216968264,-0.005759834312087176,0.003295207430928707,3.9638805362279764e-05,-1.372579592037334e-13
R,900125,0.0014597228796480565,-0.00025590782354226226,-0.006456499739253324,-0.0013617888943695318,-0.00027164449194168506,-1.372579590678771e-13
R,900126,0.0014597228818647727,-0.00025590782354226226,-0.0052823849725000685,0.0031354887264647673,-0.000248960385134316,-1.3725795923147406e-13
R,900127,0.0014597228796480568,-0.0002559078249148419,-0.004285348596501769,-0.0015761908932842956,-0.00023222666596341268,-1.3725796095366622e-13
R,900128,0.0014597228818647727,-0.0002559078249148418,-0.004563868781910556,0.0031574842884520985,-5.492657665318514e-05,-1.372579592437067e-13
R,900129,6.11320580702596e-11,-1.7260245615739825e-10,-0.003875560108706527,-0.0008488828100110098,-9.247791007711125e-05,3.6610082933424875e-12
R,900130,6.113205809757894e-11,-1.4056863358897795e-10,-0.00831633365043384,-0.0009998543136590149,-4.577788281661402e-05,3.661008293482505e-12
R,900131,6.113205765948765e-11,-1.0395855065115331e-10,-0.008615168487755367,-0.0010190466956022082,-4.53780697813465e-05,3.66100829966887e-12
R,900132,4.4163284654687555e-11,-1.8633123726373266e-10,-0.009616782448422167,-0.0008692377533253174,0.0001237300233136274,3.661008292504881e-12
R,900133,7.20601678500281e-11,-1.86331237267137e-10,-0.005185840599385239,0.00111681268431671,-0.0006119252668702701,3.6610082959251255e-12
R,900134,0.00040181243018435036,-9.618229047846323e-05,-0.009127241097604709,-0.000821713131388921,-7.13228255543918e-05,1.5757704588504128e-12
R,900135,0.0004018124301843504,-9.618227472075868e-05,-0.00797350260140453,-0.000796094255514786,-0.0002668990962950177,1.5757704588624041e-12
R,900136,0.0004018124301843504,-9.618225896305407e-05,-0.007557538305065053,-0.0007854064130555366,-1.1990169842426366e-07,1.5757704586982088e-12
R,900137,0.0014597228806431763,-0.00025590782663742923,-0.009859096053837968,-0.0011595240095307019,0.0035852361472349845,-1.3725796105357645e-13
R,900138,0.002005871305856164,-0.0003381616260174747,-0.011360436868890874,-0.0012095463799509946,-4.3808175127901965e-05,-1.6565094413619307e-08
R,900139,0.0020058713058561644,-0.0003383272769616109,-0.011138015490071776,-0.0006996476095655612,-0.00026369827003200184,-1.6565094413619244e-08
R,900140,0.002005871305856164,-0.0003384929279057471,-0.01089887277204421,-0.0008502023752633979,7.418546556637579e-06,-1.656509441361932e-08
R,900141,0.002005871305856165,-0.0003387008198406381,-0.010682199874485529,-0.0005734131069898772,0.0034252234508370363,-1.6565094413618275e-08
R,900142,0.00040181244667888006,-9.618233383889764e-05,-0.0052710081874814945,-0.0008559889378979657,-5.195383043771805e-05,7.627791256814509e-13
R,900143,0.00040181244667888,-9.61823271645803e-05,-0.009913503024048165,-0.0010272816585759539,-3.7167658515319305e-05,7.62779125635801e-13
R,900144,0.00040181244667887985,-9.618231953678906e-05,-0.009533471231689324,-0.0010729584764369439,-0.00029182572085117623,7.627791259574956e-13
R,900145,0.00040181244314339886,-9.61823366993194e-05,-0.010506166071191068,-0.0007713209910706955,0.00023945826735793542,7.627791258743392e-13
R,900146,0.00040181244895577575,-9.618233669931935e-05,-0.0062057757899110525,0.0009880955846945834,-0.0004967269258667488,7.627791250785024e-13
R,900147,0.0009822144516726436,-0.00020318817825292423,-0.0063059847795093205,-0.0008735409481857268,-2.2037706710968614e-05,-1.2335622513360204e-12
R,900148,0.0009822144516726436,-0.0002031881890465939,-0.011110852917598477,-0.0010489676684861692,-1.8056598371352763e-05,-1.2335622512113758e-12
R,900149,0.0009822144516726434,-0.00020318820138221638,-0.010241106087775344,-0.001092773596485011,-0.0004402966625618657,-1.2335622511868815e-12
R,900150,0.0009822144573902048,-0.00020318817362706575,-0.01116230240757226,-0.0006792693614151324,0.00033049518283985804,-1.233562251379702e-12
R,900151,0.0009822144479904602,-0.00020318817362706572,-0.006899129651778799,0.000882871000023113,-0.0004187929058478844,-1.2335622508613335e-12
R,900152,0.001459722880748213,-0.00025590781005274893,-0.006919189410270312,-0.000869304702879302,1.7721669813838135e-05,-3.7044651112566946e-13
R,900153,0.0014597228807482132,-0.00025590781329415586,-0.011804639543295272,-0.0010681156982487114,-8.397639618407207e-06,-3.7044651178835937e-13
R,900154,0.001459722880748213,-0.000255907816998621,-0.011095425224086438,-0.0010290647528391744,-0.00043982498532334,-3.7044651211159176e-13
R,900155,0.001459722882465233,-0.0002559078086635745,-0.011531691696144552,-0.0006286311435508135,0.0003870573757992172,-3.7044651238299656e-13
R,900156,0.0014597228796424304,-0.0002559078086635745,-0.007361308897528466,0.0008168596171032938,-0.0003589034687524746,-3.7044651002459175e-13
R,900157,0.0018757872735023667,-0.00027008862439134584,-0.0069048582139442745,-0.0005696460869474587,-6.752054811144289e-06,4.273188410997464e-12
R,900158,0.001875787273502366,-0.0002700885870009473,-0.010687613928157307,-0.0008105725940057491,4.6254063866992974e-05,4.273188411277368e-12
R,900159,0.0018757872768775192,-0.00027008854428961553,-0.008765611545893184,-0.0007559392725979839,-0.0005470660492514467,4.216142775129769e-12
R,900160,0.001875787253696138,-0.00027008864041580245,-0.009034593647786051,3.105334230685898e-05,0.0004270548963307351,4.273188414670395e-12
R,900161,0.001875787286257834,-0.00027008864041580235,-0.005450202274369351,8.480032874186682e-05,0.0003932265154734731,4.273188402622616e-12
R,900162,0.0009822144518388887,-0.0002031882103346121,-0.010133788919277069,-0.0008382826583733815,-1.836963249021574e-05,-2.055187255536182e-13
R,900163,0.0009822144518388887,-0.00020318821238979928,-0.008849145505686253,-0.0010276941795888987,-0.00026259976583889233,-2.0551872554040379e-13
R,900164,0.000982214451838889,-0.00020318821444498657,-0.008564304822911446,-0.0008115289478773467,-8.166572749843233e-05,-2.055187253934212e-13
R,900165,0.0014597228806431768,-0.00025590782216968264,-0.01066392871042203,-0.0008918265983442862,-6.739051202181682e-05,-1.372579596475472e-13
R,900166,0.001459722880643177,-0.0002559078235422623,-0.009719350787317959,-0.0007148206624517535,-0.0002509903609055002,-1.3725795909862653e-13
R,900167,0.0014597228806431772,-0.0002559078249148419,-0.008835973680735085,-0.0008178036604029849,-0.00010549474187719209,-1.3725795897853852e-13
R,900168,0.00040181243018435047,-9.618228655479482e-05,-0.006315541541274989,-2.0265630203328714e-05,-0.0017359100723937661,1.57577045756365e-12
R,900169,0.0009822144518388887,-0.00020318821084635368,-0.007468631255126171,-6.203424834164332e-05,-0.0016821907644411086,-2.055187246016082e-13
EXG,1,-2.205033194007427e-13,1.0018981314950597e-15,3.2784766613691994e-14,-4.2571535534769877e-16,-4.147715101885618e-13,2.8001881146596013e-17
EXG,101,-8.742131552136667e-14,2.315854592385699e-15,-2.6182555987322367e-14,-3.4456588721055233e-15,-1.6231891845479107e-13,2.6516473250488614e-16
EXG,201,-1.4258247089858826e-13,-1.205328647244019e-16,-2.649307894499927e-14,1.5910726229151361e-16,-1.8820882972934486e-13,3.484411362704549e-22
EXG,1001,-1.4600965262784025e-13,-1.6293274926826677e-15,-1.783851095204663e-13,1.8098103727724905e-16,-2.542785703113496e-13,2.073821822537524e-16
EXG,1101,-1.0388428096597038e-13,-1.9070630107045526e-16,-6.567074205554376e-14,2.5173830955509925e-16,-1.371272207386755e-13,3.484411362981259e-22
EXG,1201,-1.4103116077775331e-13,-3.575302743446031e-17,1.6034275527084194e-14,4.719787773242232e-17,-1.861611019130152e-13,3.484411362704549e-22
EXG,2001,-6.956188165118601e-14,6.034402183772046e-16,-5.002901561869616e-14,-2.7679253356413746e-16,-1.1889054925106099e-13,-6.3800863624443e-17
EXG,2101,-9.289377269384498e-14,-5.888598570468376e-16,-2.7088324066228265e-14,3.534578329480108e-17,-1.704214610442778e-13,-3.3740696087877083e-16
EXG,2201,-1.432157489954141e-13,-1.6349658091041603e-17,3.937400764765916e-14,2.1585430350993485e-17,-1.8904476022269753e-13,3.484411362704549e-22
EXG,100001,4.042299254355137e-11,-1.0589866955172457e-11,7.196249210754502e-07,-3.7103340512072837e-09,2.9863157863486e-05,2.7591019764337314e-13
EXG,100101,4.0693808242891116e-11,-7.814373978990485e-12,-6.525851184795362e-07,2.85219927384453e-07,1.0870075891890477e-05,2.754248784002266e-13
EXG,100201,4.073424146765489e-11,-5.071238210208152e-12,-7.136911327665287e-07,-5.249105613908251e-08,6.209652585548997e-05,2.7591019823506405e-13
EXG,100301,2.0357166637323337e-11,-1.1564858658105688e-12,-7.598421500358984e-15,4.664504617079974e-16,7.265567398537121e-13,1.3795509937886286e-13
EXG,100401,2.4460873392436537e-11,2.8505192433030393e-13,7.054775276170125e-13,3.59026518685253e-14,1.9773952012377737e-12,1.6320847553856942e-13
EXG,100451,2.0360151950716894e-11,9.13224232533789e-13,-9.906160496314103e-13,-5.463059562473198e-16,7.344379671702936e-13,1.3795509937886286e-13
EXG,101001,3.865931236815247e-11,-1.0590710255675046e-11,-7.346443378944955e-06,-8.039770393396102e-08,3.399568246657976e-05,2.759101856474404e-13
EXG,101101,3.87274716242167e-11,-7.830153090915568e-12,-1.7690894434935537e-06,-8.305109946082462e-08,4.524296394885984e-05,2.759101982569751e-13
EXG,101201,3.8727687293885524e-11,-5.071577329557803e-12,4.3194376492715584e-07,-1.556834323210027e-08,6.142090927372495e-05,2.7591019823506405e-13
EXG,101301,1.9351258573899556e-11,-1.1536975245982087e-12,3.754805404394004e-14,-6.894770317843107e-15,7.114200390185864e-13,1.3795509937886286e-13
EXG,101401,1.9372950531239148e-11,2.2331149482757543e-13,6.331443138417876e-13,-1.8397948205973271e-16,7.686868062266604e-13,1.3795509937886286e-13
EXG,101451,1.9346091639223207e-11,9.107347711958955e-13,-9.548211987345359e-13,6.025871957006236e-15,6.977793315056635e-13,1.3795509937886286e-13
EXG,102001,3.625521380340821e-11,-1.0588537123359362e-11,-2.6715200115869147e-06,-6.877009206859784e-09,2.0977181655035882e-05,2.759102003200892e-13
EXG,102101,3.618353465461959e-11,-7.799124079061811e-12,-7.801185282304857e-07,-8.657503195686987e-08,1.3495848470439084e-05,2.765277977407588e-13
EXG,102201,3.628082488733294e-11,-5.0716549430358175e-12,1.0606875923313565e-06,-7.117925555016721e-09,6.237232438626703e-05,2.7591019823506405e-13
EXG,102301,2.2558554688154405e-11,-1.3846540397041337e-12,1.5243288607464373e-11,-2.1973453316928513e-14,1.4802606930876347e-12,1.655583922614502e-13
EXG,102401,2.1758158409703434e-11,2.686534070016127e-13,5.507582851777813e-13,-2.969723465024585e-14,1.8589435989077478e-12,1.6782267010033028e-13
EXG,102451,2.2563187881116975e-11,1.0930173868072482e-12,-1.6110270583489844e-11,1.994712737941875e-14,1.391980058823111e-12,1.6555669002673202e-13
EXG,200001,0.0004468192380796819,9.884855338288135e-08,1.8897519510690556e-06,-3.8330553682401685e-08,0.00012622939434333292,1.020345897856489e-12
EXG,200101,0.00044681923809800235,9.885874562169487e-08,-2.161229537999545e-07,-4.678150411106716e-06,0.0001001013154705839,1.0203458954990456e-12
EXG,200201,0.0004468192382193085,9.886896221877228e-08,-1.4273822390399786e-06,1.3506349535229465e-07,9.011331976768147e-05,1.0203458954893444e-12
EXG,200301,0.0004468192380703551,9.887916383902907e-08,-2.0469217862850025e-07,-2.2880720730144802e-07,9.87836249098367e-05,1.020345895298455e-12
EXG,200401,0.0004468192378801984,9.888943955500836e-08,1.181295820965615e-05,-7.134964727158614e-07,0.0001510167639631214,1.0208662670096095e-12
EXG,200451,0.0004468192380491247,9.889446970847255e-08,-2.6685984368441796e-05,1.0532555669800264e-07,9.618333991824863e-05,1.0203458952192352e-12
EXG,201001,0.00044681923072599136,9.884855304864735e-08,-2.903004130258229e-05,-4.1724558694160427e-07,0.00012259425212532326,1.0203458437890237e-12
EXG,201101,0.00044681923077970865,9.88587580153789e-08,-2.5509436190534765e-06,2.1654810909262502e-07,9.290970701852012e-05,1.0203458954463324e-12
EXG,201201,0.00044681923081304705,9.886896056972603e-08,8.638875138200362e-07,-1.2627354850220322e-08,9.281578048071448e-05,1.0203458954795834e-12
EXG,201301,0.00044681923067637486,9.887916823687768e-08,1.0114986362827653e-06,2.1999099200307675e-06,0.00010377773255376238,1.0203458959679944e-12
EXG,201401,0.00044681923070476155,9.888936742647826e-08,1.705613316929043e-05,-1.4214929039028476e-08,8.488347811650175e-05,1.0203458952800552e-12
EXG,201451,0.0004468192306598331,9.88944657386506e-08,-2.572171487991482e-05,-2.0630594896916677e-06,0.00010827826594501661,1.0203458959468043e-12
EXG,202001,0.0004468192216303828,9.884855482075984e-08,-4.918173147968896e-06,5.292320486971198e-07,0.00010016400122416852,1.0203458960803835e-12
EXG,202101,0.0004468192216284367,9.885875769626086e-08,-1.0217860581027783e-06,-5.6337611788690386e-08,0.00010125333207817625,1.0203458955163455e-12
EXG,202201,0.00044681922174002396,9.886896110227926e-08,2.1213751452887053e-06,-4.642902592169195e-08,8.90101131615825e-05,1.0203458954710818e-12
EXG,202301,0.00044681922044451284,9.887916460915787e-08,0.00013106905981648693,1.0516041295444843e-06,0.00010037764282986118,1.0203012498950057e-12
EXG,202401,0.0004468192213192334,9.888940356880416e-08,9.09095275847542e-06,4.1624562430257387e-07,0.0001565498310055557,1.0200510153875127e-12
EXG,202451,0.00044681922045123186,9.889446908081269e-08,-0.00014578656174072708,-1.0579374243421076e-06,0.00010422086538021293,1.0203039422618523e-12
EXG,300001,0.0010739423303401695,7.707205529932309e-08,1.7427410517471815e-06,8.32642373808546e-08,0.0001038247150091783,-1.2037240213832557e-13
EXG,300101,0.0010739423302276092,7.707086072357482e-08,3.6889011559599815e-08,-4.540370147726474e-06,9.395386413625324e-05,-1.203724005840983e-13
EXG,300201,0.001073942330203743,7.706963832551618e-08,-1.3400552600041818e-06,8.437400111392192e-07,9.234992999559305e-05,-1.2037239974964116e-13
EXG,300301,0.0010739423302253167,7.706844481434074e-08,-1.1169886029795428e-06,9.545289649805803e-08,9.512453816846185e-05,-1.2037239988805167e-13
EXG,300401,0.0010739423303561763,7.706723815736735e-08,2.26871367307886e-05,6.223361395346063e-07,7.056585591300356e-05,-1.203724006267326e-13
EXG,300451,0.0010739423302103608,7.706663428665036e-08,-4.189178915473872e-05,3.920419573002126e-07,0.00010437064104884119,-1.2037240077535408e-13
EXG,301001,0.0010739423310597556,7.707205284217257e-08,-2.4505709824235028e-05,-1.6521386704990512e-07,0.00010597622956608162,-1.2037239823559714e-13
EXG,301101,0.0010739423310943154,7.707084719588717e-08,-2.8823119543636836e-06,4.88968298518098e-07,9.382801528195414e-05,-1.203724007459552e-13
EXG,301201,0.0010739423310829348,7.706964483768984e-08,9.74708211610059e-07,1.624817631147694e-07,9.548662481969755e-05,-1.2037240076677047e-13
EXG,301301,0.0010739423311084467,7.706843911297752e-08,1.7273963894904502e-06,2.010772792146518e-06,9.358822799715673e-05,-1.2037240075842293e-13
EXG,301401,0.0010739423310800402,7.706723679255628e-08,2.7714708978137824e-05,1.5141289287008644e-07,8.122544739283833e-05,-1.2037240070848067e-13
EXG,301451,0.001073942331105661,7.706663657874897e-08,-4.24620205938455e-05,-1.3368667749499583e-06,0.00010079234894183488,-1.2037240076105165e-13
EXG,302001,0.0010739423322223879,7.707205025193232e-08,-7.507732527071064e-06,6.802668024053097e-07,9.928480628821423e-05,-1.2037240289951886e-13
EXG,302101,0.0010739423321687131,7.707084772345391e-08,-1.1268686414732102e-06,3.464642076368734e-07,9.265106940890818e-05,-1.2037240075094862e-13
EXG,302201,0.0010739423321514075,7.706964396072214e-08,2.885999439857979e-06,4.028660115669275e-07,9.292983010286147e-05,-1.203724007518054e-13
EXG,302301,0.001073942332172577,7.706844094787387e-08,0.0001286045531263527,2.652760012286669e-06,9.472923623512129e-05,-1.203724007493355e-13
EXG,302401,0.0010739423322948325,7.706723513438386e-08,1.673139640908329e-05,2.3143253060021667e-08,8.001401518350725e-05,-1.2037240084211986e-13
EXG,302451,0.0010739423321589074,7.706663389078597e-08,-0.00015695175716795077,-1.7164284844910125e-06,0.00011144112895628606,-1.2037240074235925e-13
EXG,400001,0.0015428951275762394,9.88016768872182e-07,1.0613992300901106e-06,-5.34691649686556e-07,7.608076797451648e-05,-1.6449760477957517e-13
EXG,400101,0.0015428951275732478,9.880151448867645e-07,-1.8301412765151735e-07,-1.1650362755146558e-06,6.923881305503056e-05,-1.644952152238438e-13
EXG,400201,0.0015428951275623603,9.880134816527568e-07,-4.846480345959992e-07,-4.4846123676299146e-06,6.96448080322511e-05,-1.6449521504658754e-13
EXG,400301,0.0015428951275706518,9.880118534022149e-07,-1.7366249050081013e-06,-4.006620970233067e-07,6.891956085104641e-05,-1.6449521505742523e-13
EXG,400401,0.001542895127525642,9.880101999608136e-07,2.8269690662202227e-05,-2.1626954141996158e-06,6.416169801528884e-05,-1.6449521516336627e-13
EXG,400451,0.001542895127549181,9.880093780590827e-07,-4.970446646254824e-05,-2.2186936572503078e-06,7.28327870184816e-05,-1.6449521518965828e-13
EXG,400501,0.0015428951275941176,9.880085467677625e-07,-0.0004239956159814567,-4.168480214339269e-06,8.28189083031505e-05,-1.6449521519093922e-13
EXG,401001,0.0015428951288711404,9.880167770336015e-07,-2.6346855579396015e-05,-1.9584291703616355e-06,0.0001093932368485227,-1.6449524991268096e-13
EXG,401101,0.001542895128747556,9.88015137339445e-07,-3.0278121488876495e-06,-2.161820395017752e-06,6.465749359384218e-05,-1.6449521521748647e-13
EXG,401201,0.0015428951287650454,9.880134940652829e-07,8.751623214106278e-07,-1.7961672285482742e-06,6.95200641748843e-05,-1.6449521516503625e-13
EXG,401301,0.001542895128760051,9.880118505273842e-07,2.290442853719384e-06,-4.5496232308882676e-07,6.937119627221929e-05,-1.6449521515501797e-13
EXG,401401,0.0015428951287407297,9.88010202771894e-07,3.2988087044792425e-05,-2.0578066738587105e-06,6.284835399003659e-05,-1.6449521514574107e-13
EXG,401451,0.0015428951287286003,9.880093775805809e-07,-5.134796166367851e-05,-3.3888401292892108e-06,7.508486577256145e-05,-1.644952151964659e-13
EXG,401501,0.0015428951287770798,9.880085390588835e-07,-0.00044791889588527536,-5.8432423016746425e-06,8.505199721233102e-05,-1.644952152282438e-13
EXG,402001,0.0015428951302182052,9.880167815857782e-07,-1.038982943406339e-05,-2.1400503691769866e-06,4.719305232871408e-05,-1.6449520981571295e-13
EXG,402101,0.0015428951302240029,9.880151343338216e-07,-1.1526764201185209e-06,-2.2049438722815298e-06,7.165838129892643e-05,-1.6449521517429044e-13
EXG,402201,0.0015428951302299846,9.880134894447294e-07,3.328789319144903e-06,-2.2118997093922915e-06,6.69519180342056e-05,-1.6449521515618647e-13
EXG,402301,0.0015428951302277902,9.880118487637983e-07,0.0001271214540782106,-8.041470068571843e-07,6.909985256609363e-05,-1.6449521515781529e-13
EXG,402401,0.0015428951301735873,9.880101990353432e-07,2.018605516061925e-05,-2.3495016286748304e-06,7.202826152140292e-05,-1.6449521513070834e-13
EXG,402451,0.0015428951302017264,9.880093730566412e-07,-0.00016226000159237056,-3.5543606814584187e-06,7.889643607550701e-05,-1.6449521519079566e-13
EXG,402501,0.0015428951302479909,9.88008535546524e-07,-0.0005534058101684062,-6.579696836451418e-06,8.377639130653354e-05,-1.6449521525185137e-13
EXG,500001,0.0018954068501960272,1.977489870290212e-05,2.3707768434181283e-06,-5.2729837881127445e-06,6.219424370648084e-05,1.891995109979929e-09
EXG,500101,0.0018954068500299029,1.9793818645055325e-05,-3.725827531282801e-07,-4.43648693340794e-06,3.644817027638914e-05,1.8919951075903613e-09
EXG,500201,0.0018954068500380398,1.981273860967262e-05,-5.030407127943704e-08,-7.013511031366664e-06,3.9585819059978804e-05,1.8919951075907124e-09
EXG,500301,0.001895406850034454,1.9831658536387758e-05,-2.046495944198755e-06,-4.871809845763109e-07,3.8749389002118675e-05,1.8919951075907186e-09
EXG,500401,0.001895406850012149,1.985057849878899e-05,3.0262111553899357e-05,-3.6566251180406835e-06,3.37930834836088e-05,1.8919951075903526e-09
EXG,500451,0.0018954068500861407,1.986003847440997e-05,-5.2632303958996916e-05,-3.6363593949149056e-06,5.734631771289273e-05,1.8919951075903857e-09
EXG,500501,0.0018954068501781493,1.98694984556253e-05,-0.00042375087880251765,-4.158720543244075e-06,8.743125496000336e-05,1.89199510759034e-09
EXG,501001,0.0018953931324204908,1.9774741047958478e-05,-1.858297276208204e-05,-5.639102802556077e-06,2.610518773914437e-06,1.891998783345851e-09
EXG,501101,0.0018953931330728466,1.979381864334332e-05,-2.6322881647820897e-06,-2.6941041882087357e-06,4.42849509334137e-05,1.891995107631223e-09
EXG,501201,0.001895393133070331,1.981273859265131e-05,7.590515709933924e-07,-2.288953876621721e-06,3.832669767614503e-05,1.8919951075903708e-09
EXG,501301,0.0018953931330706246,1.983165853498942e-05,2.5864981240625645e-06,1.761128895140434e-07,3.860345290088022e-05,1.8919951075903613e-09
EXG,501401,0.0018953931330465818,1.985057849681838e-05,3.484601293530882e-05,-2.9032866199999496e-06,3.465532332457714e-05,1.8919951075903315e-09
EXG,501451,0.0018953931331317357,1.9860038481545115e-05,-5.489632972500733e-05,-5.573661860250256e-06,5.9504702643344866e-05,1.8919951075903526e-09
EXG,501501,0.0018953931332232473,1.986949846333418e-05,-0.0004476885374538673,-5.841274841698074e-06,8.939196254528353e-05,1.891995107590378e-09
EXG,502001,0.0018953762942821748,1.9774898692481432e-05,-1.0281094007745167e-05,-2.8110306627930553e-06,4.684991519888001e-05,1.8919951075873938e-09
EXG,502101,0.0018953762943173216,1.9793818646775178e-05,-1.3719485842127643e-06,-4.145596097101838e-06,3.7691154770464134e-05,1.8919951075903683e-09
EXG,502201,0.0018953762943011735,1.9812738597674486e-05,3.553663842838754e-06,-4.060880532522179e-06,3.536483116710353e-05,1.891995107590368e-09
EXG,502301,0.001895376294312432,1.9831658536080688e-05,0.00012643163529305125,5.003569254068538e-08,3.811998846531424e-05,1.8919951075903617e-09
EXG,502401,0.0018953762943395703,1.985057850151923e-05,2.127894627080147e-05,-4.658872352445807e-06,4.701075649766144e-05,1.8919951075903364e-09
EXG,502451,0.0018953762943993626,1.986003848732064e-05,-0.0001641711034755091,-7.923457734932091e-06,6.618287901637332e-05,1.8919951075903393e-09
EXG,502501,0.001895376294459886,1.9869498466846537e-05,-0.0005532027262200734,-6.634498112817123e-06,8.766161648692519e-05,1.891995107590401e-09
EXG,600003,0.00044681924193399843,9.885348007327428e-08,3.1467680627750128e-06,-9.457045759876636e-08,0.00014833227904598095,-1.6057056462741845e-13
EXG,600004,0.001073942330315808,7.707634367459634e-08,4.106120660916311e-06,-5.414252274461125e-08,0.00010174029962294281,-1.377594117654456e-13
EXG,600005,0.0015428951274510164,9.880175993811018e-07,5.040252112916898e-06,6.895941399324017e-07,6.0002392574192906e-05,-2.7737210070209297e-14
EXG,600006,0.0018252428696943583,1.9684032170749486e-06,4.893725123740927e-06,-9.080362297145545e-08,3.60055520094485e-05,3.4387521353973013e-12
EXG,601002,4.9523688909429524e-11,8.839734598293512e-12,-7.224149739623023e-06,4.694279072151546e-07,2.1144906100813293e-05,-6.395913658422899e-13
EXG,601003,0.00044681924192179525,9.88533612510476e-08,-8.958966859214084e-05,7.569758565203205e-06,0.00010087373093320348,-1.605705613500076e-13
EXG,601004,0.0010739423302250244,7.707619076164768e-08,-9.395543803374756e-05,8.451033360192229e-06,5.9140645302071875e-05,-1.3775941087672232e-13
EXG,601005,0.0015428951274165665,9.880175583300308e-07,-7.815351596166641e-05,8.751691992855044e-06,3.0337760263860345e-05,-2.7737209942427152e-14
EXG,601006,0.0018252428736148043,1.9684069237466323e-06,4.89371832668805e-06,-9.08036392430179e-08,3.600554771174338e-05,3.441018299792058e-12
EXG,602002,5.905935674695291e-11,9.076383373425544e-12,1.7200257427246204e-06,-1.9960555912798865e-07,1.9008515755168077e-05,-6.395914677164016e-13
EXG,602003,0.0004468192444095151,9.88534800732591e-08,2.59211358859225e-06,1.2507318192301448e-06,0.0001289774641923075,-1.605706271640252e-13
EXG,602004,0.001073942332439562,7.707634367451282e-08,3.9788121541859955e-06,2.647738687158205e-09,0.00011787301470577525,-1.377513696345036e-13
EXG,603002,5.985309079290355e-11,8.839734331668205e-12,-7.2850297427910706e-06,-4.5256533835562097e-07,2.114553726712088e-05,-6.395913165166097e-13
EXG,603003,0.00044681924451500985,9.88533612510476e-08,-8.98160578146152e-05,-7.124665782916517e-06,0.00010109972704200072,-1.605705613508362e-13
EXG,603004,0.001073942332449839,7.707619076164768e-08,-9.420491893088078e-05,-7.954323787986152e-06,5.926434103212307e-05,-1.3775941087462655e-13
EXG,603005,0.0015428951278645226,9.880175583300308e-07,-7.862105353558362e-05,-8.227122745432209e-06,3.0645500719488986e-05,-2.7737209927976016e-14
EXG,603006,0.001825242818843017,1.968407027129211e-06,4.678165188513238e-06,-1.609068383772175e-07,3.601820264015956e-05,3.4387521164715692e-12
EXG,605005,0.0015428951276165689,9.88016709951451e-07,4.199918432158669e-06,3.9156390856298576e-08,4.68358860561551e-06,-3.040587634024915e-14
EXG,609002,4.015007740921304e-11,-1.0624310201678268e-11,7.196306646689239e-07,-3.7103339424738033e-09,2.9863157556615658e-05,2.7591055546522194e-13
EXG,612002,4.0022922771688084e-11,-1.0658844500699952e-11,7.170820410557683e-07,-1.543301661366051e-10,2.9863153127856175e-05,2.759102057875457e-13
EXG,612003,0.0004468192351206788,9.884829829641748e-08,1.8765337997902113e-06,1.6828686619691766e-08,0.00012622938269115134,1.0203458890963647e-12
EXG,612004,0.0010739423308637895,7.707208539242295e-08,1.713818825553838e-06,-3.66667371671709e-08,0.00010382470887558199,-1.2037239841730833e-13
EXG,612005,0.0015428951285303253,9.88016809996596e-07,3.888013427234504e-06,-1.603433517870182e-06,0.00011219047205375234,-1.6449760996110665e-13
EXG,612006,0.0018953931317611053,1.9774583396304245e-05,-1.8582968648459402e-05,-5.6391028253975925e-06,2.610518873175748e-06,1.8920025898414392e-09
EXG,700001,-8.24919281578554e-14,2.394113291311373e-16,9.03158779231363e-15,-3.160243934690404e-16,-1.0888929873573191e-13,-8.077263660188995e-22
EXG,700002,-8.353114840318544e-14,-1.131356038583063e-16,-5.920789917838153e-14,1.4934245220641297e-16,-1.1026106946030412e-13,-8.077263660243101e-22
EXG,700003,-1.6990152311064548e-13,-2.1323105249341802e-15,2.5431038257755496e-14,1.0997183803134235e-16,-2.9767650886581995e-13,-3.6518715875788554e-16
EXG,700004,-8.791227036905084e-14,6.446473776509595e-18,4.857874240560689e-13,-8.51445891972717e-18,-1.1604415481794279e-13,-8.077263670177346e-22
EXG,700005,-7.560580735827776e-14,-1.2419391512939376e-16,-2.0582825369943195e-13,1.6393452775658274e-16,-9.979962366055618e-14,-8.077263660339524e-22
EXG,700006,-8.100176718516692e-14,-1.0242043033090982e-16,-3.6973622986356566e-15,1.351984232042494e-16,-1.0692229061697877e-13,-8.07726366023846e-22
EXG,700007,-8.252622444252547e-14,-4.0953837458489014e-16,6.686625892968799e-15,5.4058921322424365e-16,-1.0893457773779435e-13,-8.077263660434178e-22
EXG,700008,-8.065167108626054e-14,-5.293795828306778e-17,1.1014498293523766e-14,6.988156023889598e-17,-1.0646016731687087e-13,-8.07726366028092e-22
EXG,701001,6.01523435727715e-11,1.881620871222857e-12,2.4329992506942436e-07,1.0426577174856623e-07,3.592632917635603e-05,-6.395913644219718e-13
EXG,701002,6.014490977889475e-11,-4.514943938551443e-12,-1.5949883636051163e-06,-4.926973456951587e-08,3.637892299459996e-05,-6.395913644262562e-13
EXG,701003,6.019698194971716e-11,-1.0972820080744563e-11,7.99098874200984e-07,-1.2224587124431121e-08,3.817278678829573e-05,-6.350956640883026e-13
EXG,701004,5.441759609235393e-11,6.68107114858208e-12,1.3086518848114178e-05,2.8041482059654528e-09,3.8286955231319776e-05,-6.395913652128911e-13
EXG,701005,5.447223685686015e-11,1.8809222251000058e-12,-5.5447613258945846e-06,-5.4089002007378394e-08,3.292733187363602e-05,-6.395913644338913e-13
EXG,701006,5.445832604570385e-11,-4.514947765816352e-12,-9.960241664020039e-08,-4.460313827874713e-08,3.527734197503146e-05,-6.395913644258886e-13
EXG,701007,4.9822245781681e-11,1.8804696281650917e-12,1.8012952053803026e-07,-1.7836019459991625e-07,3.594126043350494e-05,-6.395913644413864e-13
EXG,701008,4.982170781603433e-11,-4.514819667074417e-12,2.967171079012609e-07,-2.305288348005008e-08,3.512486826625581e-05,-6.395913644292508e-13
EXG,702001,0.00044681924458537045,9.885167375466674e-08,2.416072807001478e-07,2.289502256960492e-07,9.533719314747661e-05,-1.6057056519773076e-13
EXG,702002,0.0004468192445880295,9.885006761689316e-08,-2.811330776245953e-06,-5.464024065521344e-08,9.857470770179286e-05,-1.6057056520660982e-13
EXG,702003,0.0004468192442307941,9.884844230962959e-08,1.6362482701928305e-06,1.0064071697971794e-08,0.0001550346985788882,-1.5982049120970996e-13
EXG,702004,0.0004468192431295777,9.88528795518315e-08,2.473516342509368e-05,1.3242841150946827e-06,0.00011379612209931802,-1.6057056533864043e-13
EXG,702005,0.0004468192431661667,9.885167322362718e-08,-1.0536917694259075e-05,-7.531917766856778e-08,8.99993600858046e-05,-1.605705652063473e-13
EXG,702006,0.00044681924315370186,9.885006755594943e-08,-5.6116017506831475e-08,-5.630706504094061e-08,9.605769940899916e-05,-1.605705652054358e-13
EXG,702007,0.00044681924199268993,9.885167282103448e-08,1.3103341882871288e-07,-2.724309830725587e-07,9.564085614318988e-05,-1.6057056521241632e-13
EXG,702008,0.0004468192419909045,9.885006757599923e-08,7.455556561416444e-07,-5.18408466756076e-10,9.587514838407721e-05,-1.6057056520238186e-13
EXG,703001,0.00107394233234078,7.707479438571898e-08,3.1115837440073655e-07,2.0884612586325254e-07,9.634589447241057e-05,-1.3775941165873296e-13
EXG,703002,0.001073942332336181,7.707341661153754e-08,-3.7514296407384054e-06,-1.328841083540512e-07,9.564046953789108e-05,-1.3775941164584294e-13
EXG,703003,0.001073942332780862,7.70720285608554e-08,2.5532969977145475e-06,-8.95672716856566e-09,0.0001883059132619099,-1.3808210698996673e-13
EXG,703004,0.0010739423311352501,7.707582612093447e-08,3.2158072712913184e-05,7.68460943161911e-07,0.00011034113700635362,-1.3775941138559586e-13
EXG,703005,0.0010739423311081355,7.707479447630662e-08,-1.3564254952671673e-05,-1.8078323136265835e-07,8.904653223712406e-05,-1.3775941165341222e-13
EXG,703006,0.0010739423311263933,7.707341683616446e-08,-1.423219971277097e-07,-1.5475928463550371e-07,9.682514335637538e-05,-1.377594116522402e-13
EXG,703007,0.0010739423301153656,7.707479438456997e-08,1.64948947886345e-07,-4.803887438870006e-07,9.61282509121386e-05,-1.3775941164965502e-13
EXG,703008,0.0010739423301203404,7.707341690102508e-08,1.0875825130577547e-06,-1.2447708283831668e-07,9.608943741055109e-05,-1.3775941166170591e-13
EXG,704001,0.001542895127802758,9.8801728780767e-07,1.9723777099171006e-07,-2.2401729674567352e-08,6.294982744192797e-05,-2.7737205839356155e-14
EXG,704002,0.0015428951278029389,9.880170099355397e-07,-4.3939743900966425e-06,-3.844127395794092e-07,6.819027092409091e-05,-2.773720583847148e-14
EXG,704003,0.0015428951277284366,9.880167208740995e-07,4.199926897177977e-06,3.915638725073073e-08,4.68358842694e-06,-2.9071542180400236e-14
EXG,704004,0.0015428951275632949,9.88017495763892e-07,3.553914477495906e-05,4.369212862004952e-07,7.246800674728913e-05,-2.773720566758027e-14
EXG,704005,0.0015428951275415657,9.880172871428784e-07,-1.4857538853546351e-05,-2.8721904372849823e-07,6.048008455351395e-05,-2.773720582757804e-14
EXG,704006,0.001542895127543919,9.88017009654364e-07,-1.1830960432544442e-07,-2.8825164103105686e-07,5.858689119790954e-05,-2.7737205823696478e-14
EXG,704007,0.0015428951273545176,9.880172864792133e-07,-6.911111529488439e-09,-5.242833473695637e-07,6.351466583061783e-05,-2.7737205819776196e-14
EXG,704008,0.0015428951273596776,9.880170094476665e-07,1.5838184738563253e-06,-2.0421534146917523e-07,6.15824391221877e-05,-2.7737205816623746e-14
EXG,705001,0.0018252428203179346,1.9684419010817958e-06,-3.456303277361331e-08,3.7852428975920206e-07,2.9000146416878184e-05,3.4387521310132574e-12
EXG,705002,0.001825242820328167,1.9684762907190688e-06,-4.330949206987778e-06,-1.809922257649611e-07,2.8216033051644042e-05,3.4387521309950833e-12
EXG,705003,0.0018252428203577539,1.9685106777499634e-06,4.199926897177977e-06,-3.9097741971470775e-07,0.00010460808935824098,3.438752131017861e-12
EXG,705004,0.0018252428509694207,1.968416108174008e-06,3.644042917978833e-05,9.064231504321702e-07,3.9773468693494524e-05,3.438752131238308e-12
EXG,705005,0.0018252428509147292,1.9684419032492904e-06,-1.5117472518531562e-05,-3.006303429634314e-07,2.7942412446423394e-05,3.438752131023055e-12
EXG,705006,0.0018252428509258894,1.9684762908296735e-06,-4.992398299959033e-07,-3.253230977957658e-07,3.4696017600735506e-05,3.438752130984858e-12
EXG,705007,0.0018252428758548638,1.9684419051452263e-06,-2.3917359242664366e-07,-8.892706306101165e-07,2.890653399694311e-05,3.438752131029296e-12
EXG,705008,0.0018252428758451782,1.968476290773879e-06,1.8988005700610722e-06,-3.850602856684691e-07,2.6620563315375e-05,3.438752130989031e-12
EXG,900000,5.313554475948054e-11,8.815452165681921e-12,1.6411186762078458e-06,-9.93056667382795e-09,2.6844749332265768e-05,-6.395913129856325e-13
EXG,900001,4.088599277396438e-11,-1.0626948395033957e-11,7.196690825209198e-07,-3.710336722351761e-09,2.986315174530861e-05,2.746702555158478e-13
EXG,900002,3.989216497530668e-11,-1.0630016268225388e-11,7.196244050398334e-07,-3.7103339276889726e-09,2.9863158658046443e-05,2.772250762763794e-13
EXG,900003,6.325791582185663e-11,8.815862865914207e-12,1.5790902698575362e-06,-2.059444119782541e-08,2.683769212823308e-05,-6.395915077615071e-13
EXG,900004,3.598043823981187e-11,-1.066260667987271e-11,1.027551276893266e-06,1.2158276127599607e-07,8.65805727961265e-06,2.760263196849401e-13
EXG,900005,5.7125232292465145e-11,9.076383403655158e-12,2.782082180208499e-06,-4.6165177854976356e-07,-6.918718773971412e-08,-6.395913658422902e-13
EXG,900006,5.7125232292465145e-11,4.279448159837989e-12,9.983046436156734e-06,5.139410062506951e-06,-1.8893310875959034e-06,-6.395913658422899e-13
EXG,900007,5.2251546089037464e-11,9.07638339484529e-12,3.7810188923575756e-06,5.320359001775058e-07,-5.715787076894733e-07,-6.395913566926333e-13
EXG,900008,5.225154608474689e-11,4.279448159837988e-12,9.840369096857931e-06,-5.285627683870006e-06,-1.2376039706340084e-06,-6.3959136584229e-13
EXG,900009,4.9523688909429524e-11,6.677915781746575e-12,-1.3449501751843911e-05,4.8484323443631404e-06,-1.1679332973522328e-05,-6.395913658422899e-13
EXG,900010,5.985308946778255e-11,6.677915781746575e-12,-1.3559475817736191e-05,-4.39867785833763e-06,-1.1669144449353603e-05,-6.395913658422893e-13
EXG,900011,4.952368892089412e-11,4.279448159837486e-12,3.763562983840329e-05,-6.831127284976973e-06,-8.764479396278694e-06,-6.395913658432317e-13
EXG,900012,5.985308947927385e-11,4.279448159838618e-12,3.7571207481727007e-05,6.837374845438286e-06,-8.80012674106663e-06,-6.395913658411097e-13
EXG,900013,4.952368892661091e-11,-1.3169762912822133e-12,-7.680277991546345e-07,1.403562112146179e-07,-1.7784254075399765e-05,-6.395913658416425e-13
EXG,900014,5.985308948480546e-11,-1.316976291281787e-12,-1.0066338512358752e-07,-5.560267603603076e-08,-1.780072257747624e-05,-6.395913658429649e-13
EXG,900015,4.952368869389929e-11,-7.71288995028148e-12,-1.0616793160227763e-05,4.786149754050114e-07,-1.604545977723089e-05,-6.395913667307773e-13
EXG,900016,5.985308885678845e-11,-7.712889950293485e-12,-3.967012142864171e-05,-3.7546906445137426e-06,-1.0837149202669416e-05,-6.395913667627655e-13
EXG,900017,0.00044681924233299524,9.885874371349416e-08,0.00010497221110832927,-2.917044867856549e-05,4.8512820325743686e-05,1.020345897859353e-12
EXG,900018,0.00044681924233403147,9.886641973416224e-08,-0.00012929899485104054,4.475238399627087e-05,4.610650446256864e-05,1.0203458979119e-12
EXG,900019,0.0004468192380796819,9.88638585713492e-08,-2.3977575911225933e-05,6.048072225241196e-06,-4.570682731489009e-05,1.0203458978681222e-12
EXG,900020,0.0004468192216010957,9.886385857134919e-08,-1.4488237856744801e-05,-2.7067749884057885e-06,-4.803579412705381e-05,1.020345897856434e-12
EXG,900021,0.0004468192380796819,9.887406203032777e-08,9.525756731304886e-06,-5.969157375478051e-07,-4.741267036393755e-05,1.0203458978545823e-12
EXG,900022,0.0004468192216010956,9.887406203032775e-08,8.032262276611282e-05,8.607300360639783e-06,-6.664921573812568e-05,1.020345897856616e-12
EXG,900023,0.00044681923807968183,9.886639923263559e-08,6.90939369632102e-05,3.453430141862542e-05,-1.7956480884679925e-05,1.0203458980015371e-12
EXG,900024,0.0004468192380796819,9.888426548930635e-08,6.878360671639931e-05,-1.648279224784505e-05,-6.421175402979814e-05,1.0203458979305058e-12
EXG,900025,0.00044681922160109554,9.888426548930633e-08,0.0001383596809986734,2.31231048188123e-05,-4.594352152692573e-05,1.0203458978938829e-12
EXG,900026,0.0010739423300440535,7.706964785127976e-08,-1.936376506172027e-06,-5.9137650275981933e-08,1.835071443731931e-05,-1.2037240109950324e-13
EXG,900027,0.0010739423303401693,7.706904598926961e-08,1.3748033406911456e-06,-1.4869622940569421e-06,-4.662771118838247e-05,-1.2037240212773557e-13
EXG,900028,0.0010739423300440535,7.706904598926964e-08,4.718268545141717e-06,-1.2928462881494832e-06,-1.3183806615243942e-05,-1.203724021383249e-13
EXG,900029,0.0010739423300440535,7.706844412725899e-08,-2.516619870669893e-06,8.042145520057994e-07,2.229934376830959e-05,-1.2037240126377654e-13
EXG,900030,0.0015428951271715754,9.880151238961355e-07,2.7816826611837296e-06,-1.218972460095996e-06,3.494643564224346e-05,-1.644976047568091e-13
EXG,900031,0.0015428951275762396,9.880147620014038e-07,-6.689098110136484e-05,6.592148574737438e-07,-1.8355662867711044e-06,-1.644976048919982e-13
EXG,900032,0.0015428951271715752,9.880147620014036e-07,-6.861135720181947e-05,7.131510420550993e-07,3.0016938966582545e-05,-1.6449760477957654e-13
EXG,900033,0.001542895128768847,9.880147620014036e-07,-6.297012964734474e-05,3.470154186678487e-07,-3.657059164088784e-06,-1.6449760485157823e-13
EXG,900034,0.0015428951269280701,9.880134730627266e-07,6.442760059505458e-05,-1.8410006135853312e-05,2.354370144953397e-05,-1.64497443288221e-13
EXG,900035,0.0015428951269280788,9.880118406091214e-07,-3.797672763606218e-05,1.0076066055323813e-05,2.352644000743289e-05,-1.644974433107054e-13
EXG,900036,0.0015428951275762391,9.88008947011075e-07,-0.0002342477147149338,-4.4777862968431597e-07,7.347995149509842e-05,-1.6449760481376135e-13
EXG,900037,0.0015428951302328758,9.880089470110748e-07,-0.0003585798008790719,-1.214366606387752e-05,7.672816842388057e-05,-1.644976048422765e-13
EXG,900038,0.0018954068501960278,1.980327862955182e-05,3.5754275457078675e-06,-2.296663880714045e-06,-1.9062698947100607e-05,1.891995109979943e-09
EXG,900039,0.0018953762944750009,1.980327862955182e-05,-2.0073753508646692e-06,1.010806697772552e-06,-1.9007737429656035e-05,1.891995109979929e-09
EXG,900040,0.0018954068501960278,1.982219858065162e-05,-2.5533172912279915e-06,-8.520736992743393e-07,-1.928510335930142e-05,1.8919951099799037e-09
EXG,900041,0.0018953762944750009,1.982219858065162e-05,6.7923403074274e-05,8.523682415830336e-06,-3.6763540366415906e-05,1.8919951099799157e-09
EXG,900042,0.0018954068501960278,1.9841118531751422e-05,7.417827181907019e-06,-5.831126872880835e-07,-2.2982276380425664e-05,1.891995109979941e-09
EXG,900043,0.0018953762944750009,1.984111853175142e-05,8.442599831371893e-05,9.09278991880075e-06,-5.549931616135378e-06,1.8919951099799438e-09
EXG,900044,0.001895406850196027,1.9864863070381667e-05,-0.0002230372663203133,1.7230121339150438e-07,7.54513419690248e-05,1.891995109979951e-09
EXG,900045,0.0018953762944750009,1.9864863070381667e-05,-0.00034907782599624785,-1.476276783663592e-05,7.846785684037276e-05,1.8919951099799475e-09
EXG,900046,0.0018954146451863195,1.9812738610959076e-05,6.450756233034086e-05,-1.7116277969705366e-05,2.318358138026355e-05,1.891995109818904e-09
EXG,900047,0.0018954146451863108,1.983165854953644e-05,-3.7962300008453945e-05,1.0013753348325397e-05,2.3162757577351545e-05,1.8919951098189136e-09
EXG,900048,0.00044681924256059134,9.885341083238872e-08,3.1501980731388364e-06,4.7217743688325964e-09,0.0001509152230474882,-1.6056848406773805e-13
EXG,900049,0.0004468192381603996,9.884842885152469e-08,1.8899379735024867e-06,-3.833055284585623e-08,0.00012622937348478086,1.0195754221150163e-12
EXG,900050,0.0004468192344616447,9.88484224571441e-08,1.8897529190807715e-06,-3.833054973454359e-08,0.00012622939650070708,1.0211162875648843e-12
EXG,900051,0.0004468192451008142,9.885341085031995e-08,3.029843664062791e-06,2.4923369787639258e-08,0.00015096610119822083,-1.6057021214233073e-13
EXG,900052,0.00044681922160109624,9.884829829641468e-08,1.842964249521654e-05,1.9103898934318987e-06,8.672527668625117e-05,1.0203458969097163e-12
EXG,900053,0.00044681924383017626,9.885348007327427e-08,-6.188121241341672e-06,1.9016845126727558e-06,8.224036007626335e-06,-1.6057056462741896e-13
EXG,900054,0.00044681924383017637,9.885227579403957e-08,-9.777740294761652e-06,6.481404560099134e-06,-6.98073276126342e-06,-1.605705646274181e-13
EXG,900055,0.00044681924260662857,9.885348007327427e-08,-3.290369070360196e-06,-1.7187628733895645e-06,5.964484015535125e-06,-1.6057056462741828e-13
EXG,900056,0.00044681924260662857,9.885227579403956e-08,-3.021348215107179e-06,-6.67490707245518e-06,-6.173668718945779e-06,-1.605705646274191e-13
EXG,900057,0.00044681924192179514,9.88528779336569e-08,-0.0001646355686187943,3.834105686305658e-05,-3.213691077502981e-05,-1.6057056462741833e-13
EXG,900058,0.00044681924451500974,9.88528779336569e-08,-0.00016595258460786442,-3.620610274188887e-05,-3.179882998242786e-05,-1.6057056462741823e-13
EXG,900059,0.00044681924192179514,9.885227579403957e-08,3.662040422851518e-05,-9.660238572162558e-06,-4.8677242723740116e-05,-1.6057056462895452e-13
EXG,900060,0.0004468192445150097,9.885227579403957e-08,3.5113556004501026e-05,1.157466608334527e-05,-4.897319374006752e-05,-1.6057056462723342e-13
EXG,900061,0.0004468192419217951,9.885087080159907e-08,7.47696105011203e-07,2.2625519429654957e-07,-4.7971500535536045e-05,-1.6057056462694092e-13
EXG,900062,0.0004468192445150097,9.885087080159907e-08,2.7716765913888347e-06,2.185392365965635e-08,-4.8020184757803455e-05,-1.6057056462786643e-13
EXG,900063,0.0004468192419217949,9.884926509595181e-08,2.6402852166674003e-05,7.834100675120007e-07,-5.604017291756133e-05,-1.6057056641801563e-13
EXG,900064,0.0004468192445150091,9.884926509595176e-08,-2.087626099547777e-05,-6.065244828702656e-06,-4.868105875446142e-05,-1.6057056652911812e-13
EXG,900065,0.001073942329339369,7.707630142885515e-08,4.141590729824277e-06,-5.4025046878617705e-08,0.00011982504140149786,-1.377579920281314e-13
EXG,900066,0.0010739423300556103,7.707207744152063e-08,1.7428941987284657e-06,8.326424249153965e-08,0.00010382469754625226,-1.2085697839258763e-13
EXG,900067,0.0010739423304073896,7.707207704088589e-08,1.742740794738465e-06,8.326425302990308e-08,0.0001038247164284685,-1.2016212332214953e-13
EXG,900068,0.001073942331519572,7.707630132821247e-08,3.976600135004951e-06,-6.359656551922938e-08,0.00011984140769700847,-1.3775523301432271e-13
EXG,900069,0.0010739423322841837,7.707208539240671e-08,1.564543115997737e-05,1.6934611448238378e-06,8.60450650530989e-05,-1.2037240465159862e-13
EXG,900070,0.0010739423318622953,7.707634367459634e-08,8.960596686334774e-07,3.2861020234951615e-07,4.8387212913903985e-06,-1.3775941176489675e-13
EXG,900071,0.0010739423318622953,7.707531047900811e-08,5.268695079848569e-06,9.520635502362594e-06,-5.873307542362345e-06,-1.377594117654449e-13
EXG,900072,0.0010739423308125683,7.707634367459634e-08,3.838269417742175e-06,-1.0996826475405179e-07,2.7819098604702127e-06,-1.3775941176544683e-13
EXG,900073,0.0010739423308125683,7.707531047900811e-08,9.029136646456274e-06,-9.745594645444028e-06,-4.4573465036590275e-06,-1.3775941176544685e-13
EXG,900074,0.0010739423302250244,7.707582707680223e-08,-0.00011349282443780548,2.867928038241477e-05,-3.181409344369883e-05,-1.3775941176544648e-13
EXG,900075,0.001073942332449839,7.707582707680223e-08,-0.0001141093872959234,-2.6721458803583145e-05,-3.172855419483644e-05,-1.377594117654449e-13
EXG,900076,0.0010739423302250244,7.707531047900811e-08,6.235639659489305e-05,-1.2990879569004176e-05,-3.868762917605421e-05,-1.3775941176451792e-13
EXG,900077,0.001073942332449839,7.707531047900811e-08,6.202894527965545e-05,1.4295552817508387e-05,-3.8920213075510246e-05,-1.377594117645148e-13
EXG,900078,0.0010739423302250244,7.707410508415516e-08,6.547586604385789e-07,4.531314923967251e-07,-4.819361494570554e-05,-1.3775941176533099e-13
EXG,900079,0.0010739423324498387,7.707410508415515e-08,-2.5390658787855905e-06,-7.899727313489313e-07,-4.738969045816256e-05,-1.3775941176563222e-13
EXG,900080,0.0010739423302250244,7.707272749003752e-08,-2.0115776712911887e-06,4.5809153495760604e-08,-4.98704576873594e-05,-1.377594116960306e-13
EXG,900081,0.0010739423324498387,7.707272749003751e-08,-1.974746215862811e-05,-2.0226484575741213e-06,-4.756174798742829e-05,-1.3775941168979436e-13
EXG,900082,0.0015428951264795426,9.880175885826076e-07,4.677339672384235e-06,-1.7855259442002133e-07,8.429739224394854e-05,-2.7736979834044266e-14
EXG,900083,0.0015428951274682515,9.880169662333957e-07,2.1445961149318428e-05,-4.537792140216733e-06,8.774238534263476e-05,-1.6298328955495194e-13
EXG,900084,0.0015428951289985337,9.880169019629114e-07,2.039848363980025e-06,-9.511822307215159e-07,0.00011830249373153173,-1.649123302451229e-13
EXG,900085,0.0015428951269181466,9.880175873611656e-07,4.4802087325676915e-06,-1.6436124846015388e-07,8.432022538472555e-05,-2.7736509122617015e-14
EXG,900086,0.0015428951302328745,9.880168099964277e-07,-1.0322675995891717e-06,-5.906612527206165e-07,2.789005357290566e-05,-1.6449756526745854e-13
EXG,900087,0.0015428951277462234,9.880175993811012e-07,5.686111256993362e-06,-7.213062024206361e-07,3.0794156476081136e-06,-2.7737207672824794e-14
EXG,900088,0.0015428951277462234,9.880173913520262e-07,6.628727458818288e-06,4.9015520261634156e-06,-3.1895000339357822e-06,-2.773721007020868e-14
EXG,900089,0.0015428951275348664,9.880175993811016e-07,8.195343666589224e-06,9.632029619507843e-07,8.68911091365824e-07,-2.773721007021058e-14
EXG,900090,0.0015428951275348656,9.880173913520262e-07,1.1067162526571236e-05,-5.295349093265444e-06,-1.7509220888349542e-06,-2.7737210070210553e-14
EXG,900091,0.0015428951274165672,9.880174953665638e-07,-8.162068512500929e-05,2.244875632604047e-05,-2.0927576534029818e-05,-2.7737210070208025e-14
EXG,900092,0.0015428951278645229,9.880174953665638e-07,-8.291476052036347e-05,-2.0593655582004235e-05,-2.0589052500545922e-05,-2.7737210070210187e-14
EXG,900093,0.0015428951274165667,9.880173913520262e-07,3.791633973468368e-05,-6.229418601431503e-06,-2.687962476493233e-05,-2.7737210071790865e-14
EXG,900094,0.0015428951278645226,9.880173913520262e-07,3.630225491284898e-05,7.402563123506156e-06,-2.7126952937684112e-05,-2.7737210069342534e-14
EXG,900095,0.0015428951274165665,9.88017148651438e-07,-1.839359409149609e-06,-1.5838977765570558e-06,-3.1514183326764986e-05,-2.7737210069856092e-14
EXG,900096,0.0015428951278645226,9.88017148651438e-07,4.267451116407151e-06,2.133784543964885e-06,-3.2096069672954864e-05,-2.773721007072783e-14
EXG,900097,0.0015428951274165667,9.880168712793375e-07,3.682380828912008e-05,7.81247754257129e-06,-4.0596667954134057e-05,-2.7737209649684193e-14
EXG,900098,0.0015428951278645226,9.880168712793375e-07,-8.185835556293702e-05,-2.082147716846091e-05,-1.8835904040508993e-05,-2.7737210081337054e-14
EXG,900099,0.0018252428733098246,1.968404271990095e-06,4.893725171518261e-06,-9.080363410430113e-08,3.600554990256877e-05,3.443278379919371e-12
EXG,900100,0.0018954068482344463,1.9774425694623324e-05,1.81063066124926e-05,-4.69626939040072e-06,6.368880970471889e-05,1.8920121335693536e-09
EXG,900101,0.0018252428193016165,1.9684044779471507e-06,4.67817203397486e-06,-1.6090683234241005e-07,3.601820483224714e-05,3.4387519436805614e-12
EXG,900102,0.0018953762926553226,1.9774425698729286e-05,7.29675691026717e-07,3.18462888237705e-06,4.1280141007943824e-05,1.892010087597138e-09
EXG,900103,0.001825242835100512,1.968403217074991e-06,1.1817355951298429e-05,-1.8867726456239144e-06,4.4036655866878977e-07,3.438752138266482e-12
EXG,900104,0.001825242835100512,1.968429007715964e-06,3.863602156177913e-06,1.283109685487266e-06,1.6048421440173134e-06,3.4387521353973025e-12
EXG,900105,0.0018252428613038034,1.9684032170749486e-06,9.177867886734198e-06,2.4410429677570316e-06,-2.0471627973928955e-06,3.4387521353972993e-12
EXG,900106,0.001825242861303803,1.9684290077159634e-06,6.251988102067375e-06,-1.615259260023793e-06,2.9041396655300614e-06,3.4387521353972997e-12
EXG,900107,0.0018252428759700811,1.9684161123954366e-06,-3.0077892062773117e-05,1.0071564401746748e-05,3.492762526747108e-06,3.438752154450184e-12
EXG,900108,0.001825242820434234,1.968416112395437e-06,-3.033932973898508e-05,-9.074334869645793e-06,3.5206457405942755e-06,3.4387521537181984e-12
EXG,900109,0.001825242875970081,1.968429007715964e-06,8.812894563678416e-06,5.619948765664987e-08,-1.4007065010234465e-05,3.4387521354011892e-12
EXG,900110,0.001825242820434234,1.968429007715964e-06,8.662228402507583e-06,8.742652917439706e-07,-1.4134839894529048e-05,3.4387521353936986e-12
EXG,900111,0.0018252428759700816,1.9684590967971488e-06,-1.9556556080654173e-06,4.628759719030699e-07,-1.4212629051327597e-05,3.438752135395341e-12
EXG,900112,0.001825242820434234,1.9684590967971484e-06,-3.1098892457644e-06,-5.759416349281172e-07,-1.3669104679593331e-05,3.4387521353994953e-12
EXG,900113,0.001825242877790552,1.968493489716373e-06,4.989716869785568e-05,-1.772852170120154e-05,-2.5539667855628406e-05,3.453732695462429e-12
EXG,900114,0.0018252428222539133,1.968493489716373e-06,8.82569789475165e-06,1.1726750967044076e-05,-1.821386797841237e-05,3.4537326954867204e-12
EXG,900115,0.0010739423297947469,7.707086470366739e-08,0.00010496767912196479,-2.9135767013746518e-05,4.83851534735294e-05,-1.2037240188535928e-13
EXG,900116,0.0010739423297937106,7.706992948448226e-08,-0.00012926839407429298,4.632800311270926e-05,4.618814497516713e-05,-1.2037240219373702e-13
EXG,900117,0.0010739423303401695,7.707024971329103e-08,-1.3917127960248553e-05,4.6019473418715355e-06,-4.465711836021129e-05,-1.2037240214781022e-13
EXG,900118,0.0010739423322841837,7.7070249713291e-08,1.316376753566904e-06,-5.958155785871342e-07,-4.700019801277557e-05,-1.2037240213836575e-13
EXG,900119,0.0010739423322841837,7.706904598926962e-08,6.742556988678978e-05,9.311737727091761e-06,-6.573069494902475e-05,-1.2037240213758825e-13
EXG,900120,0.0010739423303401693,7.706994998600893e-08,7.485009579411127e-05,3.530436690320947e-05,-1.5795838597003918e-05,-1.2037240231467384e-13
EXG,900121,0.0010739423303401695,7.706784226524826e-08,-2.0144267509020136e-05,1.923933763504518e-06,-4.5000364533806945e-05,-1.203724021413662e-13
EXG,900122,0.0010739423322841837,7.706784226524823e-08,5.400852017837491e-05,6.7350084010488376e-06,-2.6951919554941957e-05,-1.2037240214049197e-13
EXG,900123,0.0015428951275762396,9.8801430140811e-07,-3.175267978783511e-07,9.417630179067435e-07,-3.475454982108778e-05,-1.6449760477674598e-13
EXG,900124,0.0015428951302328753,9.880143014081102e-07,-4.69076013095529e-06,-1.5896440275812701e-06,-3.532208664888917e-05,-1.6449760477949306e-13
EXG,900125,0.0015428951275762391,9.880126564320625e-07,-2.498244755027327e-06,-8.93499645574061e-07,-3.4454752277561824e-05,-1.6449760476224237e-13
EXG,900126,0.0015428951302328753,9.880126564320625e-07,6.739276579675447e-05,8.593490031307037e-06,-5.254168289343041e-05,-1.6449760477513027e-13
EXG,900127,0.0015428951275762391,9.880110114560147e-07,6.80046820528478e-06,-1.0537505579706793e-06,-3.777083331225143e-05,-1.6449760478836026e-13
EXG,900128,0.0015428951302328753,9.880110114560147e-07,7.677353629372231e-05,8.808248483889416e-06,-1.9283630453256825e-05,-1.644976047845107e-13
EXG,900129,5.416072633361192e-11,4.2794481598410324e-12,-6.176639100427557e-07,-1.2348852061245671e-06,-1.3972438976722097e-05,-6.395913658482133e-13
EXG,900130,5.41607263293285e-11,-1.3169762912820786e-12,9.185309845041417e-08,5.487229635903231e-08,-1.7867555758161517e-05,-6.395913658422447e-13
EXG,900131,5.41607259501457e-11,-7.712889950284613e-12,-1.1837585972644029e-05,-1.5016646190952256e-06,-1.609884428629754e-05,-6.395913667372031e-13
EXG,900132,5.712523229270289e-11,6.677915781844606e-12,4.50678749062179e-06,-3.3966048239538565e-06,-8.60357551376943e-07,-6.395913652913225e-13
EXG,900133,5.225154608563696e-11,6.677915781898793e-12,6.45596166892702e-06,3.7603879380841562e-06,-6.004257395501205e-07,-6.395913671707142e-13
EXG,900134,0.00044681923068217404,9.88638585713492e-08,1.3689227821384704e-06,3.419695780217289e-07,-4.736152039426702e-05,1.0203458978552722e-12
EXG,900135,0.0004468192306821741,9.887406203032775e-08,1.561822745403957e-05,3.7610091456863225e-06,-4.9205365201907324e-05,1.0203458978608518e-12
EXG,900136,0.0004468192306821741,9.888426548930631e-08,-1.0336491519642847e-05,1.5698028643918478e-06,-4.960461946742806e-05,1.0203458978520626e-12
EXG,900137,0.0015428951287688466,9.880089470110748e-07,-0.00024742373296746947,-6.645806176691981e-06,7.903133090202516e-05,-1.644976048451425e-13
EXG,900138,0.00189539313323148,1.980327862955182e-05,-8.058916370927915e-06,-5.085620964481804e-07,-2.1150854220818327e-05,1.8919951099799272e-09
EXG,900139,0.00189539313323148,1.982219858065162e-05,2.9912917060450743e-06,3.7552684296267197e-06,-1.9545284761722157e-05,1.8919951099799198e-09
EXG,900140,0.00189539313323148,1.984111853175142e-05,1.4818444792754226e-05,4.103622471036533e-06,-2.3113105415043282e-05,1.89199510997994e-09
EXG,900141,0.00189539313323148,1.9864863070381667e-05,-0.00023686945971937825,-6.752436303773249e-06,8.08942513220475e-05,1.8919951099799554e-09
EXG,900142,0.0004468192430859318,9.885227579403956e-08,-1.5997510966850397e-05,-2.375212714854714e-06,-4.358272917263948e-05,-1.6057056463119542e-13
EXG,900143,0.0004468192430859317,9.885087080159907e-08,2.2502258854269332e-06,1.3878866829890654e-07,-4.8085913803063456e-05,-1.6057056462737912e-13
EXG,900144,0.0004468192430859315,9.884926509595181e-08,2.4410672902495757e-05,-2.4551210215741637e-06,-5.613696046341799e-05,-1.6057056642577408e-13
EXG,900145,0.00044681924383017637,9.885287793365699e-08,-2.50466608998103e-05,-2.3936248203888136e-05,6.634005763570038e-07,-1.605705645338008e-13
EXG,900146,0.00044681924260662857,9.885287793365699e-08,-1.616253962076574e-05,2.4912499239810968e-05,4.6121435748481335e-07,-1.6057056485313746e-13
EXG,900147,0.0010739423312237804,7.707531047900811e-08,-1.0316400448001011e-05,-2.794942207258966e-06,-4.0405012580151124e-05,-1.3775941176258754e-13
EXG,900148,0.0010739423312237802,7.707410508415515e-08,2.7301146946809942e-06,-1.1089591902412307e-07,-4.847792335359105e-05,-1.377594117654933e-13
EXG,900149,0.00107394233122378,7.707272749003751e-08,-4.097130621261447e-06,-9.603345315482325e-07,-5.018786758931004e-05,-1.3775941169738222e-13
EXG,900150,0.0010739423318622953,7.70758270768022e-08,-8.709568837874428e-06,-1.8468180901627628e-05,-3.6364505155041106e-07,-1.37759411955336e-13
EXG,900151,0.0010739423308125686,7.707582707680217e-08,-7.926572588826507e-07,1.959780623890154e-05,-1.6763388983048602e-07,-1.3775941130760577e-13
EXG,900152,0.0015428951276176615,9.88017391352026e-07,-4.6064350972469926e-07,-1.9461046583839067e-06,-2.2983981467629933e-05,-2.7737210071300806e-14
EXG,900153,0.0015428951276176613,9.88017148651438e-07,-9.457151291921998e-06,1.1794899292834159e-07,-3.1976603768869895e-05,-2.7737210070330065e-14
EXG,900154,0.0015428951276176613,9.880168712793375e-07,6.365476571971899e-05,-5.325656603861649e-06,-4.553764787076598e-05,-2.773720970097817e-14
EXG,900155,0.0015428951277462234,9.88017495366564e-07,-5.861444488700414e-07,-1.5128985260151382e-05,3.880681919273787e-09,-2.7737210186822155e-14
EXG,900156,0.0015428951275348658,9.88017495366564e-07,7.6098329643830945e-06,1.6178803216075035e-05,-5.778741113026519e-08,-2.7737209789046913e-14
EXG,900157,0.0018252428510391284,1.968429007715964e-06,7.892178935413168e-07,-1.021517427722701e-06,-6.5422805487801955e-06,3.4387521354054738e-12
EXG,900158,0.001825242851039128,1.9684590967971488e-06,5.086474328899249e-07,1.6529421278051003e-09,-1.7832666077600263e-05,3.4387521353973643e-12
EXG,900159,0.0018252428528592437,1.9684934897164208e-06,-4.996646646941536e-05,-4.645581653528861e-06,-6.044642643009726e-06,3.453732828104327e-12
EXG,900160,0.0018252428351005123,1.9684161123954565e-06,9.809666675841924e-06,-9.18578305970934e-06,1.2146374768894136e-06,3.4387521352477828e-12
EXG,900161,0.0018252428613038036,1.9684161123954556e-06,1.47834034812871e-05,1.0422635943268253e-05,5.816880336266176e-07,3.4387521357577994e-12
EXG,900162,0.0010739423312128692,7.707024971329102e-08,3.965166257358351e-06,3.987492594535936e-07,-4.8331333038977264e-05,-1.2037240213378483e-13
EXG,900163,0.0010739423312128692,7.706904598926964e-08,2.3318744201678774e-07,3.223825904790864e-06,-4.742124429556212e-05,-1.2037240214039988e-13
EXG,900164,0.0010739423312128692,7.706784226524824e-08,-2.360060431565222e-07,4.258708138078568e-06,-4.7547288314545284e-05,-1.2037240213687015e-13
EXG,900165,0.001542895128768847,9.8801430140811e-07,4.708349669100178e-06,-5.269104232218791e-08,-3.4137444657161035e-05,-1.6449760476387644e-13
EXG,900166,0.0015428951287688466,9.880126564320625e-07,2.3950410847365005e-06,3.681815934288453e-06,-3.4973810074827203e-05,-1.6449760477809222e-13
EXG,900167,0.0015428951287688466,9.880110114560147e-07,1.0545177744972036e-05,3.6379101785186944e-06,-3.7618051164617476e-05,-1.64497604782465e-13
EXG,900168,0.0004468192306821741,9.88663992326349e-08,8.932013351161462e-05,-1.2056814699345714e-05,-1.150430990380407e-05,1.0203458978575954e-12
EXG,900169,0.0010739423312128695,7.706994998600968e-08,9.297738886180628e-05,-1.2803718670148917e-05,-1.1188745724651304e-05,-1.2037240215072426e-13
EXQ,1,-6.489488598540478e-14,2.9987594425906476e-16,9.720223611160089e-15,-1.2893951076900547e-16,-1.2206556189170445e-13,8.243569255761701e-18
EXQ,101,-2.5729825887662406e-14,6.78355924753803e-16,-7.76026975373256e-15,-1.0055309721097113e-15,-4.7771027366702603e-14,7.805323882483752e-17
EXQ,201,-4.1958179928047825e-14,-3.3485204334093874e-17,-7.28093013831377e-15,4.4201673588355427e-17,-5.53847882170557e-14,1.0808525052420071e-22
EXQ,1001,-4.29666627711893e-14,-4.851690012890689e-16,-5.240087828406203e-14,5.239892952922942e-17,-7.482910902341042e-14,6.103316565674285e-17
EXQ,1101,-3.057298842622085e-14,-5.5436532830370395e-17,-1.9137561922829617e-14,7.317808211436844e-17,-4.035633596526519e-14,1.0808525053315272e-22
EXQ,1201,-4.150353699043085e-14,-1.0201974200779787e-17,4.648809907362488e-15,1.3467809994635102e-17,-5.4784660017880146e-14,1.0808525052420071e-22
EXQ,2001,-2.0466134250955705e-14,1.8148496179679365e-16,-1.4555879312511934e-14,-8.39134396294752e-17,-3.4971159178380075e-14,-1.8763476880263312e-17
EXQ,2101,-2.733815692284852e-14,-1.7395750551069433e-16,-7.995968287063663e-15,1.043650130028524e-17,-5.0153707186657675e-14,-9.929686618388458e-17
EXQ,2201,-4.2148101043398675e-14,-4.436543841778871e-18,1.15695974111899e-14,5.8574419658839865e-18,-5.5635485145757516e-14,1.0808525052420071e-22
EXQ,100001,1.1782134493817335e-11,-3.2849529001562787e-12,2.1469852485310589e-07,-9.629016880124243e-10,8.78881302011692e-06,8.558640107166783e-14
EXQ,100101,1.1862335851254606e-11,-2.4238144274565217e-12,-1.939554501456334e-07,8.353386142257155e-08,3.1992648484000456e-06,8.544354372859177e-14
EXQ,100201,1.1873806862353041e-11,-1.5731077989413353e-12,-1.9613934978244396e-07,-1.4582443922484277e-08,1.827333458440338e-05,8.558640124302524e-14
EXQ,100301,5.933976600183576e-12,-3.587396715474655e-13,-2.505355986767861e-15,1.3413274244169457e-16,2.1381238775943988e-13,4.2793200702576553e-14
EXQ,100401,7.130271849695346e-12,8.827132550359304e-14,2.0744452056685057e-13,1.056062075588669e-14,5.821912037979382e-13,5.066418993844286e-14
EXQ,100451,5.934850890458887e-12,2.832692951174755e-13,-2.9121780337135345e-13,-1.5880106485490804e-16,2.161205140738891e-13,4.2793200702576553e-14
EXQ,101001,1.1231346235346668e-11,-3.285201737197209e-12,-2.1586795147161255e-06,-2.3551603981815517e-08,1.000215434423501e-05,8.558639731760482e-14
EXQ,101101,1.1251427730558091e-11,-2.428910964239319e-12,-5.155425035892985e-07,-2.4142098414369286e-08,1.3314936510643835e-05,8.558640125011379e-14
EXQ,101201,1.125148688267751e-11,-1.5732009318619744e-12,1.252332511328606e-07,-4.4422968162860965e-09,1.807533140621727e-05,8.558640124302524e-14
EXQ,101301,5.6220365998037896e-12,-3.5792158137852925e-13,1.1036267453708258e-14,-2.02562529737888e-15,2.0935264356296262e-13,4.2793200702576553e-14
EXQ,101401,5.628422961303373e-12,6.926327075054973e-14,1.8611166711942527e-13,-5.314279884221756e-17,2.2621263787198122e-13,4.2793200702576553e-14
EXQ,101451,5.620510202337787e-12,2.8253784662654986e-13,-2.8073903618825934e-13,1.7722229456716564e-15,2.0532295426244121e-13,4.2793200702576553e-14
EXQ,102001,1.0484789578080151e-11,-3.2845614759404486e-12,-7.800634175966956e-07,-1.924645965329443e-09,6.171584812169268e-06,8.558640186562808e-14
EXQ,102101,1.0463238175446115e-11,-2.4193350308796903e-12,-2.3046154841552196e-07,-2.557537310143824e-08,3.971777627217873e-06,8.576815713796712e-14
EXQ,102201,1.0492346169178058e-11,-1.5732239935836041e-12,3.1167079897308047e-07,-1.9313775135918667e-09,1.835604698227036e-05,8.558640124302524e-14
EXQ,102301,6.5273899254175466e-12,-4.295698941542778e-13,4.480873362953875e-12,-6.453740553293376e-15,4.356158522080851e-13,5.1355445576025666e-14
EXQ,102401,6.2921623173593135e-12,8.34492517738174e-14,1.6196115408513647e-13,-8.729737912063552e-15,5.47480746957307e-13,5.202158934150551e-14
EXQ,102451,6.528751837681373e-12,3.390849232455201e-13,-4.735971720431418e-12,5.8694576542312544e-15,4.0963223478094087e-13,5.1354951338612354e-14
EXQ,200001,0.00013134855624840567,2.9066636411428977e-08,5.609827901144631e-07,-1.1704162586413579e-08,3.70775774575434e-05,3.0686071304322696e-13
EXQ,200101,0.0001313485562534947,2.906970175574395e-08,-7.14514380256593e-08,-1.3634249488832705e-06,2.9346479896160326e-05,3.0686071234479935e-13
EXQ,200201,0.00013134855628911646,2.9072774209214232e-08,-3.922786922839577e-07,3.630494667399344e-08,2.641314378676721e-05,3.068607123414791e-13
EXQ,200301,0.00013134855624534367,2.9075842248989604e-08,-6.749122500604123e-08,-6.628237927463166e-08,2.896249791620444e-05,3.0686071228250767e-13
EXQ,200401,0.00013134855618919232,2.9078932457070284e-08,3.4735773828807e-06,-2.100166661896596e-07,4.435094827330006e-05,3.070154136905823e-13
EXQ,200451,0.00013134855623918955,2.9080445374382044e-08,-7.845051320813447e-06,3.036344710800919e-08,2.8200968528370966e-05,3.0686071225885966e-13
EXQ,201001,0.00013134855403636975,2.9066636324016583e-08,-8.516150760981157e-06,-1.23068641610763e-07,3.597676157791162e-05,3.068606967878205e-13
EXQ,201101,0.00013134855405199134,2.906970536711482e-08,-7.405319875840703e-07,6.280448522371819e-08,2.723091620883382e-05,3.068607123288415e-13
EXQ,201201,0.0001313485540618466,2.9072773706081194e-08,2.5046649761691124e-07,-4.2556413212652196e-09,2.720515481124144e-05,3.068607123385588e-13
EXQ,201301,0.0001313485540216477,2.9075843556347676e-08,2.9730354244228586e-07,6.462952622874938e-07,3.043391777740134e-05,3.0686071247963817e-13
EXQ,201401,0.00013134855402962845,2.9078910905996075e-08,5.013620606471695e-06,-4.495808486074643e-09,2.4871232160030047e-05,3.0686071227748793e-13
EXQ,201451,0.00013134855401687078,2.9080444204751996e-08,-7.562766153565614e-06,-6.067470577955745e-07,3.17634493458577e-05,3.0686071247342195e-13
EXQ,202001,0.00013134855130091612,2.9066636832683036e-08,-1.4268716130675552e-06,1.5578905121370048e-07,2.937326280273394e-05,3.0686071251468107e-13
EXQ,202101,0.00013134855130031157,2.9069705278056862e-08,-3.040101743521696e-07,-1.743873457814617e-08,2.9689029009287316e-05,3.068607123493794e-13
EXQ,202201,0.00013134855133314455,2.907277386996655e-08,6.233415863765635e-07,-1.4299318644219588e-08,2.608229044116968e-05,3.0686071233609366e-13
EXQ,202301,0.0001313485509517652,2.907584248854248e-08,3.852732378755855e-05,3.0884382180320095e-07,2.947567758541235e-05,3.068475998909708e-13
EXQ,202401,0.00013134855120857823,2.9078921875530715e-08,2.6733768051540716e-06,1.2220626864769208e-07,4.5972330141798996e-05,3.067720878036182e-13
EXQ,202451,0.0001313485509538054,2.9080445188627804e-08,-4.285778132167033e-05,-3.1128832975752576e-07,3.06070569444159e-05,3.068483676989185e-13
EXQ,300001,0.0003141759816336827,2.0907049454211818e-08,5.136147125054015e-07,2.6544823040270008e-08,2.9873390886167364e-05,-3.071618850870356e-14
EXQ,300101,0.00031417598159689397,2.0906744909757372e-08,-7.34950675481448e-10,-1.3186587802674125e-06,2.698235374151664e-05,-3.071618803722505e-14
EXQ,300201,0.0003141759815901263,2.090643222563565e-08,-3.540706633390746e-07,2.583583868303703e-07,2.6542701571641125e-05,-3.071618777609731e-14
EXQ,300301,0.00031417598159643806,2.0906128186884108e-08,-3.435267383050281e-07,2.5853009635290665e-08,2.733297708788407e-05,-3.0716187816288986e-14
EXQ,300401,0.00031417598163501755,2.090582010704687e-08,6.676118842508424e-06,1.8705061718578327e-07,2.02623343313393e-05,-3.071618805989412e-14
EXQ,300451,0.00031417598159171024,2.0905665936445366e-08,-1.2321137378941333e-05,1.1936080903540227e-07,3.001318481289967e-05,-3.07161881036298e-14
EXQ,301001,0.00031417598180740933,2.0907048694290055e-08,-7.037994390192167e-06,-4.287221008142934e-08,3.0469003589124355e-05,-3.0716187588992985e-14
EXQ,301101,0.00031417598181811377,2.0906740969599468e-08,-8.328781228676862e-07,1.464639157673126e-07,2.697811219139854e-05,-3.071618809514225e-14
EXQ,301201,0.00031417598181468037,2.0906434208902513e-08,2.813413449872811e-07,4.9377595512386006e-08,2.744640502829119e-05,-3.071618810117253e-14
EXQ,301301,0.00031417598182221227,2.090612645631653e-08,5.077299714357087e-07,5.95224343113454e-07,2.687821288149268e-05,-3.0716188098712455e-14
EXQ,301401,0.0003141759818138686,2.0905819708917264e-08,8.152017069339405e-06,4.7577455764588517e-08,2.340249970035608e-05,-3.0716188083969617e-14
EXQ,301451,0.0003141759818210543,2.0905666612573203e-08,-1.2492687724122205e-05,-3.9002818583820436e-07,2.8958621160625133e-05,-3.071618809947095e-14
EXQ,302001,0.0003141759821082643,2.090704792607552e-08,-2.1746290675713377e-06,2.0034032508109093e-07,2.8551494132767674e-05,-3.0716188746828735e-14
EXQ,302101,0.0003141759820922985,2.0906741118158476e-08,-3.373315684403667e-07,1.0624471390700547e-07,2.6614975889841423e-05,-3.071618809634959e-14
EXQ,302201,0.00031417598208722484,2.090643394594965e-08,8.47473747170568e-07,1.2326270803864247e-07,2.6700060682968143e-05,-3.071618809670451e-14
EXQ,302301,0.00031417598209356417,2.0906126993061374e-08,3.7801763468538037e-05,7.841307515417825e-07,2.7206380026755592e-05,-3.07161880960273e-14
EXQ,302401,0.0003141759821294968,2.0905819217558454e-08,4.923930931129045e-06,1.1188394481987648e-08,2.3043012524073436e-05,-3.071618812333872e-14
EXQ,302451,0.00031417598208919396,2.09056658189297e-08,-4.6149597003138374e-05,-5.00188804827451e-07,3.208323647375539e-05,-3.0716188093968656e-14
EXQ,400001,0.00044773816145473694,2.836495226729677e-07,3.234343888469083e-07,-1.596364530770079e-07,2.1659506564636857e-05,-4.243756702682143e-14
EXQ,400101,0.0004477381614616871,2.836491045494174e-07,-6.827677060840275e-08,-3.6032099596607675e-07,2.048701412037512e-05,-4.243723507268044e-14
EXQ,400201,0.00044773816145811954,2.836486747081427e-07,-9.192467868030313e-08,-1.3655981395225177e-06,2.0501063033911382e-05,-4.243723498019243e-14
EXQ,400301,0.0004477381614605023,2.836482554882701e-07,-5.355879811073283e-07,-1.080220570905401e-07,2.030156815860417e-05,-4.243723498318745e-14
EXQ,400401,0.0004477381614480979,2.836478284976241e-07,8.366810589692605e-06,-6.515380174121029e-07,1.8888175246400334e-05,-4.243723499524254e-14
EXQ,400451,0.0004477381614541265,2.8364761648090635e-07,-1.4681144819335418e-05,-6.679628094206652e-07,2.1599072692276214e-05,-4.243723500342033e-14
EXQ,400501,0.00044773816146051205,2.8364740164565115e-07,-0.00012857920629366087,-1.2544857789795475e-06,2.5534189720948116e-05,-4.243723500168175e-14
EXQ,401001,0.00044773816180124313,2.8364952519856326e-07,-7.723837968182404e-06,-5.908419191795952e-07,3.242048583128314e-05,-4.243724546825769e-14
EXQ,401101,0.0004477381617634619,2.836491023799086e-07,-8.716295795318523e-07,-6.500812038682172e-07,1.9012759948030794e-05,-4.2437235011616784e-14
EXQ,401201,0.0004477381617687873,2.83648678507544e-07,2.510415374335186e-07,-5.42420317473427e-07,2.0482283379010194e-05,-4.2437234995835224e-14
EXQ,401301,0.0004477381617672161,2.836482545325054e-07,6.715092199621905e-07,-1.4912895723879118e-07,2.0430806504513044e-05,-4.2437234992851115e-14
EXQ,401401,0.0004477381617623951,2.836478293487359e-07,9.750768054920472e-06,-6.194077321856026e-07,1.8501897781489492e-05,-4.243723499003129e-14
EXQ,401451,0.0004477381617579083,2.8364761636477427e-07,-1.5170934829165296e-05,-1.0106109014620198e-06,2.2264656311267166e-05,-4.243723500550802e-14
EXQ,401501,0.00044773816176532465,2.836473994069565e-07,-0.0001356717246090885,-1.7408032356391212e-06,2.61967559578894e-05,-4.243723501251941e-14
EXQ,402001,0.00044773816214262256,2.83649526540032e-07,-3.0046836296622633e-06,-6.465554561274254e-07,1.3848755795294603e-05,-4.243723336837646e-14
EXQ,402101,0.00044773816214504537,2.8364910145885506e-07,-3.477502501212866e-07,-6.656250233295646e-07,2.1117813200907282e-05,-4.243723499878398e-14
EXQ,402201,0.0004477381621467329,2.8364867710967467e-07,9.772250070352026e-07,-6.669833780194024e-07,1.9720729018244854e-05,-4.2437234993207175e-14
EXQ,402301,0.0004477381621459906,2.836482539960751e-07,3.736285043996937e-05,-2.528210711682931e-07,2.0353247905943484e-05,-4.24372349936894e-14
EXQ,402401,0.00044773816213092136,2.8364782822029303e-07,5.9877500438950926e-06,-7.06698764355345e-07,2.1200792753770503e-05,-4.243723498563054e-14
EXQ,402451,0.0004477381621382603,2.836476150055744e-07,-4.7777416573165564e-05,-1.060794173390028e-06,2.3387896467541325e-05,-4.2437235003737925e-14
EXQ,402501,0.0004477381621450282,2.836473983471436e-07,-0.00016671627622192816,-1.9632830374041564e-06,2.582560305384735e-05,-4.243723501960085e-14
EXQ,500001,0.0005561511609551988,5.966360278055384e-06,5.577931349660514e-07,-1.5885770099915519e-06,2.0112126571956322e-05,2.628639998486894e-10
EXQ,500101,0.0005561511609023573,5.968988915352237e-06,-1.3691643934850002e-07,-1.3344653019065435e-06,1.125383277159354e-05,2.6286399951667035e-10
EXQ,500201,0.0005561511609049475,5.97161755950353e-06,4.262785026520166e-08,-2.1391173895958782e-06,1.2367890672912985e-05,2.62863999516783e-10
EXQ,500301,0.0005561511609039212,5.97424619199251e-06,-6.327384712563887e-07,-1.2753420984121036e-07,1.212045362784098e-05,2.6286399951678476e-10
EXQ,500401,0.0005561511608968453,5.976874835483831e-06,8.994585876602806e-06,-1.106520172180901e-06,1.0452143694410443e-05,2.62863999516668e-10
EXQ,500451,0.0005561511609194306,5.978189155505097e-06,-1.5588887587485396e-05,-1.1003500811377836e-06,1.757745257412716e-05,2.628639995166779e-10
EXQ,500501,0.0005561511609494236,5.979503477196786e-06,-0.00012851621780478112,-1.2515725641378478e-06,2.670465452633312e-05,2.628639995166642e-10
EXQ,501001,0.0005561492548365943,5.966338375605452e-06,-5.449659215083884e-06,-1.680325850184619e-06,8.538025805332007e-07,2.628651561929641e-10
EXQ,501101,0.0005561492551408609,5.968988914822944e-06,-7.481102652859711e-07,-8.141918487370893e-07,1.381708578620566e-05,2.628639995223467e-10
EXQ,501201,0.0005561492551399851,5.971617554293844e-06,2.1579920581485945e-07,-6.934098651418489e-07,1.1966094418948656e-05,2.628639995166734e-10
EXQ,501301,0.0005561492551401334,5.974246191735306e-06,7.567907656922272e-07,2.558923717101757e-08,1.2082209067660777e-05,2.6286399951667045e-10
EXQ,501401,0.0005561492551325448,5.976874834879195e-06,1.0338266309744493e-05,-8.753231592336795e-07,1.0706103473340106e-05,2.6286399951666166e-10
EXQ,501451,0.0005561492551584289,5.978189157577628e-06,-1.626265932967246e-05,-1.6603161222425373e-06,1.8216239302991366e-05,2.628639995166683e-10
EXQ,501501,0.0005561492551882845,5.979503479435478e-06,-0.0001356129797056992,-1.7402355315609907e-06,2.7286626169951244e-05,2.6286399951667505e-10
EXQ,502001,0.0005561469156415508,5.96636027490784e-06,-2.951300615459399e-06,-8.528554257078814e-07,1.4750664434152594e-05,2.628639995157151e-10
EXQ,502101,0.000556146915651373,5.968988915872037e-06,-4.158054116494249e-07,-1.2555417448151251e-06,1.1759014057506743e-05,2.628639995166728e-10
EXQ,502201,0.0005561469156466728,5.971617555808077e-06,1.0433632927614698e-06,-1.2283149393347509e-06,1.1109155246884346e-05,2.628639995166725e-10
EXQ,502301,0.00055614691565003,5.97424619207607e-06,3.715740763071808e-05,-1.9126698972926004e-08,1.1938735286106129e-05,2.6286399951667066e-10
EXQ,502401,0.0005561469156574856,5.976874836291623e-06,6.3501489702541e-06,-1.4031636853901453e-06,1.4338207938348366e-05,2.628639995166632e-10
EXQ,502451,0.0005561469156759265,5.978189159305e-06,-4.838854623140748e-05,-2.3624258321450185e-06,2.0182239115905788e-05,2.6286399951666435e-10
EXQ,502501,0.0005561469156966767,5.979503480495292e-06,-0.00016666555837050096,-1.97931791285275e-06,2.678156356109398e-05,2.6286399951668214e-10
EXQ,600003,0.00013134855752298065,2.9067924613878044e-08,8.939074308277374e-07,-2.8526779131229296e-08,4.3463382365790696e-05,-4.1995580855747126e-14
EXQ,600004,0.0003141759817632107,2.09081130859805e-08,1.158279140672467e-06,-2.3750851095104036e-08,2.953557437852942e-05,-3.409063886193945e-14
EXQ,600005,0.00044773816152243127,2.836495455351507e-07,1.427640911847126e-06,2.0855711627191248e-07,1.649887032297297e-05,-1.0048652808692259e-15
EXQ,600006,0.0005228824592850954,5.52953482880899e-07,1.372164347616551e-06,-2.4030818001648574e-08,9.073090713211212e-06,9.136752660381252e-13
EXQ,601002,1.464757092994277e-11,2.3044920665588634e-12,-2.1587763340930393e-06,1.3850824122946492e-07,6.264641728534727e-06,-1.8399319017584596e-13
EXQ,601003,0.00013134855751978906,2.9067893537145876e-08,-2.6278934311353794e-05,2.2142848201408825e-06,2.9557164347193225e-05,-4.1995579992165007e-14
EXQ,601004,0.00031417598174074494,2.0908075245370987e-08,-2.731317099193228e-05,2.4519165288715296e-06,1.7183228706722222e-05,-3.409063865557047e-14
EXQ,601005,0.0004477381615211832,2.836495440479501e-07,-2.1460730835258835e-05,2.4152569877773796e-06,8.332481121844902e-06,-1.004865275521449e-15
EXQ,601006,0.0005228824603285848,5.529544677045686e-07,1.3721625554555476e-06,-2.403082251969201e-08,9.073089609460746e-06,9.143377909337306e-13
EXQ,602002,1.739072545074141e-11,2.3725695382298483e-12,4.85991752862754e-07,-5.1568078518927443e-08,5.631228792304626e-06,-1.839932202495896e-13
EXQ,602003,0.0001313485581704266,2.906792461387404e-08,7.304150856732677e-07,3.7254423571207856e-07,3.7793151665858084e-05,-4.199559800901971e-14
EXQ,602004,0.0003141759822887535,2.0908113085961073e-08,1.1252715912311216e-06,1.6688438133066547e-09,3.421567931869067e-05,-3.4088206462187474e-14
EXQ,603002,1.761906134246499e-11,2.304491989877061e-12,-2.1760436813749747e-06,-1.3388719266076735e-07,6.264795136999109e-06,-1.8399317598971304e-13
EXQ,603003,0.00013134855819801766,2.906789353714588e-08,-2.6343985830731937e-05,-2.0847510821344315e-06,2.9622980655720445e-05,-4.199557999258934e-14
EXQ,603004,0.00031417598229130877,2.0908075245370984e-08,-2.7384261107246705e-05,-2.309090295367871e-06,1.7218920659326784e-05,-3.4090638654743894e-14
EXQ,603005,0.00044773816153741174,2.836495440479501e-07,-2.159104249903522e-05,-2.269185187902624e-06,8.41726317409939e-06,-1.004865271478872e-15
EXQ,603006,0.0005228824457770624,5.529544951628152e-07,1.3113584727716887e-06,-4.3484217664353736e-08,9.0760042877328e-06,9.136753257720878e-13
EXQ,605005,0.00044773816146770015,2.836495084697057e-07,1.2615803799946653e-06,1.4520454583977175e-08,1.3234320930258658e-06,-1.7638229778829758e-15
EXQ,609002,1.1674547793852596e-11,-3.295639571943008e-12,2.1470021322754877e-07,-9.62901647111968e-10,8.788812930072143e-06,8.558651210670856e-14
EXQ,612002,1.1658034216610986e-11,-3.3063494992257348e-12,2.1403997379314144e-07,-4.0257278724628684e-11,8.788811626305458e-06,8.558640345261743e-14
EXQ,612003,0.00013134855535850963,2.9066559696253906e-08,5.56945249959891e-07,5.139035851284395e-09,3.707757403369218e-05,3.0686071040539206e-13
EXQ,612004,0.0003141759817672981,2.0907057133258798e-08,5.043925658067959e-07,-1.1688492667161641e-08,2.9873389115493966e-05,-3.0716187487518645e-14
EXQ,612005,0.0004477381617008748,2.8364953328236333e-07,1.2152847550708466e-06,-4.4993657488658513e-07,3.312564415550454e-05,-4.243756900118357e-14
EXQ,612006,0.0005561492545313072,5.966316474384468e-06,-5.449657879099865e-06,-1.6803258569782574e-06,8.538026173748092e-07,2.6286633103448e-10
EXQ,700001,-2.4271913653008764e-14,6.889077745964427e-17,2.8571474797106422e-15,-9.093605770040321e-17,-3.20389123534861e-14,-2.3236109617102583e-22
EXQ,700002,-2.4594894568516702e-14,-3.319378773113753e-17,-1.610243530749067e-14,4.381697625836006e-17,-3.2465247162071767e-14,-2.3236109617261622e-22
EXQ,700003,-4.9313780083488136e-14,-6.37580335961867e-16,7.626987026835923e-15,3.2377834442247363e-17,-8.640445051333284e-14,-1.0570034322112932e-16
EXQ,700004,-2.5877698326089287e-14,1.892860328948033e-18,1.3901278846178984e-13,-2.4998641572745126e-18,-3.4158549377139586e-14,-2.3236109646569734e-22
EXQ,700005,-2.2240574706996987e-14,-3.592522878761681e-17,-5.893236520403298e-14,4.742107020064816e-17,-2.9357546205009185e-14,-2.3236109617545523e-22
EXQ,700006,-2.3853583408781163e-14,-3.047705322492461e-17,8.790265754463832e-17,4.02308867245757e-17,-3.148671768679046e-14,-2.323610961724833e-22
EXQ,700007,-2.4281884850139936e-14,-1.1842229496488037e-16,2.1249733270866287e-15,1.5631719726120279e-16,-3.205207660812945e-14,-2.3236109617824186e-22
EXQ,700008,-2.374755922723053e-14,-1.6140106975331463e-17,4.743907684557213e-15,2.1306117714644807e-17,-3.134676678853765e-14,-2.3236109617373624e-22
EXQ,701001,1.7707259127634803e-11,3.028321765023764e-13,7.696805741261785e-08,3.0002669277187334e-08,1.0570740428320045e-05,-1.8399318976190764e-13
EXQ,701002,1.7705097356756523e-11,-1.5372884108974342e-12,-4.3377990601851046e-07,-1.4455546323442462e-08,1.071140278214209e-05,-1.8399318976316697e-13
EXQ,701003,1.7718544271447746e-11,-3.395098225154839e-12,2.397305017924549e-07,-3.5279587040016693e-09,1.1075241125987226e-05,-1.8267631875656504e-13
EXQ,701004,1.6057308932425575e-11,1.6835170301460426e-12,3.7448344404324333e-06,8.235148286020263e-10,1.1270079533549257e-05,-1.8399318999524078e-13
EXQ,701005,1.6073332011833672e-11,3.026306575429987e-13,-1.587565815449172e-06,-1.5646053389121483e-08,9.686065289376309e-06,-1.8399318976541503e-13
EXQ,701006,1.60692633696573e-11,-1.5372903292423801e-12,2.3679900462480165e-09,-1.3272373401192336e-08,1.0388551383543791e-05,-1.8399318976306173e-13
EXQ,701007,1.4735565969853795e-11,3.0250031378758145e-13,5.724418154853149e-08,-5.157458979340471e-08,1.0575081512436464e-05,-1.839931897676216e-13
EXQ,701008,1.473543279889271e-11,-1.5372527003606448e-12,1.2779506889932648e-07,-7.028448392708664e-09,1.0342375811194735e-05,-1.8399318976405382e-13
EXQ,702001,0.00013134855821803765,2.9067452188208673e-08,8.215181511141264e-08,6.633347425620628e-08,2.792619182389691e-05,-4.199558102342244e-14
EXQ,702002,0.0001313485582187592,2.9067032110200202e-08,-7.559934948042356e-07,-1.584320399166148e-08,2.886767134748164e-05,-4.1995581026005334e-14
EXQ,702003,0.00013134855811714047,2.9066606831801602e-08,4.91246235434369e-07,3.261588603152533e-09,4.591630849535225e-05,-4.1779613588171277e-14
EXQ,702004,0.00013134855783655426,2.9067767597349496e-08,7.064987392299514e-06,3.8684058194172385e-07,3.3331259082482366e-05,-4.199558106317028e-14
EXQ,702005,0.0001313485578471092,2.906745203741476e-08,-3.0112052246925083e-06,-2.143063339887031e-08,2.6353000064435727e-05,-4.199558102589251e-14
EXQ,702006,0.00013134855784342498,2.906703209053442e-08,4.680152491028311e-08,-1.667866830754699e-08,2.81249466929791e-05,-4.1995581025622516e-14
EXQ,702007,0.00013134855753996238,2.9067451922980446e-08,4.727717349048561e-08,-7.819702081886376e-08,2.8014663029301014e-05,-4.199558102763243e-14
EXQ,702008,0.00013134855753939368,2.906703209544893e-08,3.0052656772861646e-07,-2.9080430883189016e-10,2.8072661072063984e-05,-4.1995581024707115e-14
EXQ,703001,0.00031417598225837515,2.0907729714356596e-08,1.0827446994706389e-07,5.9524382402065345e-08,2.785120324656133e-05,-3.409063883126066e-14
EXQ,703002,0.00031417598225710034,2.0907388755646825e-08,-9.974234714799116e-07,-3.8152792742614204e-08,2.767761769973871e-05,-3.4090638827287035e-14
EXQ,703003,0.0003141759823839367,2.090704533469054e-08,7.675041586828553e-07,-1.387047605502977e-09,5.386901434912986e-05,-3.422259955138717e-14
EXQ,703004,0.00031417598196131324,2.090798494813691e-08,9.144880513291935e-06,2.2296529613651566e-07,3.1913882115464025e-05,-3.409063874911463e-14
EXQ,703005,0.0003141759819528353,2.090772974362298e-08,-3.857102414334421e-06,-5.179703592847261e-08,2.573305534970477e-05,-3.4090638829501853e-14
EXQ,703006,0.0003141759819585963,2.0907388822877958e-08,5.202802859210898e-08,-4.553432602116819e-08,2.804006589491097e-05,-3.409063882940156e-14
EXQ,703007,0.0003141759817076575,2.0907729719180607e-08,6.165172412854168e-08,-1.3756319282017526e-07,2.778875629465605e-05,-3.409063882828067e-14
EXQ,703008,0.00031417598170902715,2.0907388844869044e-08,4.4118864579393034e-07,-3.7150066849462e-08,2.7803728243368103e-05,-3.409063883225368e-14
EXQ,704001,0.0004477381615159726,2.8364953435221576e-07,8.220451383939801e-08,-6.002003360956519e-09,1.738776978731541e-05,-1.004864169842772e-15
EXQ,704002,0.0004477381615169634,2.8364952417064225e-07,-1.1508581231115291e-06,-1.1096534656295181e-07,1.8884469083285582e-05,-1.0048641697303419e-15
EXQ,704003,0.00044773816149861,2.83649511181355e-07,1.261582770869075e-06,1.4520453521638214e-08,1.323432037626781e-06,-1.3843441794647979e-15
EXQ,704004,0.00044773816151004534,2.836495418208344e-07,1.005403060313113e-05,1.2026157889427234e-07,2.0029610423996033e-05,-1.0048641118613183e-15
EXQ,704005,0.00044773816150287183,2.836495341653043e-07,-4.20017368251987e-06,-8.102022416256145e-08,1.67436020288114e-05,-1.0048641664538168e-15
EXQ,704006,0.0004477381615042248,2.836495240755663e-07,9.080732991697216e-08,-8.252078393222883e-08,1.6006555225673193e-05,-1.004864164912655e-15
EXQ,704007,0.00044773816149962426,2.8364953398096487e-07,1.7226563718497586e-08,-1.484315803669173e-07,1.7543241454673768e-05,-1.0048641641838342e-15
EXQ,704008,0.000447738161502435,2.8364952401032983e-07,6.286465484140476e-07,-5.655551840048862e-08,1.7004742395345e-05,-1.0048641627047123e-15
EXQ,705001,0.0005228824461671238,5.52963761178254e-07,2.2301263837705768e-08,1.0925019834961685e-07,7.684253585157331e-06,9.136752648812808e-13
EXQ,705002,0.000522882446169171,5.529728985291265e-07,-1.1104612481063245e-06,-4.6320120273899e-08,7.079134646328304e-06,9.136752648756741e-13
EXQ,705003,0.0005228824461764311,5.52982035138208e-07,1.261582770869075e-06,-1.0928012219902103e-07,2.7802028177330975e-05,9.136752648825161e-13
EXQ,705004,0.000522882454311212,5.529569080164273e-07,1.0280587899733908e-05,2.4313574992135996e-07,1.0433372227122482e-05,9.136752649371523e-13
EXQ,705005,0.0005228824542966482,5.529637617930281e-07,-4.258837835719414e-06,-8.347356052053212e-08,7.3766586196229885e-06,9.136752648839847e-13
EXQ,705006,0.0005228824542989004,5.529728985758386e-07,-7.017889758461754e-09,-9.510841700343355e-08,9.094520211626552e-06,9.136752648723896e-13
EXQ,705007,0.0005228824609233127,5.529637623290849e-07,-4.474936198620343e-08,-2.4952191955569824e-07,7.67396049357957e-06,9.136752648856883e-13
EXQ,705008,0.0005228824609192998,5.529728985622037e-07,7.544411651782305e-07,-1.1513549344203671e-07,6.464806752503182e-06,9.13675264873542e-13
EXQ,900000,1.5712234321160382e-11,2.297522259043106e-12,4.6692336432726026e-07,-3.0118868519494627e-09,7.948783448594322e-06,-1.8399317635662909e-13
EXQ,900001,1.1918663534916101e-11,-3.2965356735563706e-12,2.147115214895488e-07,-9.629024931958052e-10,8.788811219459303e-06,8.522204195794692e-14
EXQ,900002,1.1609992761779015e-11,-3.2973334732679743e-12,2.1469837373505218e-07,-9.629016540774567e-10,8.788813253690074e-06,8.597262242074133e-14
EXQ,900003,1.8624182598008783e-11,2.2976434853439972e-12,4.493178353761663e-07,-6.0585521592049744e-09,7.946739279928756e-06,-1.8399323384939541e-13
EXQ,900004,1.0403431735319461e-11,-3.307478036105211e-12,3.081488025559858e-07,3.652961744836165e-08,2.5470816911560962e-06,8.562055221675729e-14
EXQ,900005,1.68343299951827e-11,2.372569546923926e-12,7.667557145998719e-07,-1.2535125681345974e-07,-1.1078793976898012e-08,-1.8399319017584603e-13
EXQ,900006,1.6834329995182697e-11,9.92620620605083e-13,2.8846388800638907e-06,1.5113071204413449e-06,-5.648287712856077e-07,-1.8399319017584596e-13
EXQ,900007,1.5432301887307485e-11,2.372569544390091e-12,1.0551564302174789e-06,1.4579795302839814e-07,-1.5596896960768225e-07,-1.8399318747881014e-13
EXQ,900008,1.543230188604275e-11,9.926206206050828e-13,2.8435056379378895e-06,-1.5532245270359019e-06,-3.7777407671114535e-07,-1.8399319017584596e-13
EXQ,900009,1.4647570929942768e-11,1.682595083764505e-12,-4.049447295670415e-06,1.4313137355948127e-06,-3.439014847182625e-06,-1.8399319017584596e-13
EXQ,900010,1.7619060951282697e-11,1.682595083764505e-12,-4.080554054088455e-06,-1.3016190977831435e-06,-3.436215884382989e-06,-1.8399319017584583e-13
EXQ,900011,1.4647570933321778e-11,9.926206206049394e-13,1.1031130815998135e-05,-2.013993263194597e-06,-2.5974138094765898e-06,-1.839931901761148e-13
EXQ,900012,1.761906095466949e-11,9.926206206052658e-13,1.1013697756071935e-05,2.0160651247194695e-06,-2.6078263743500457e-06,-1.839931901755031e-13
EXQ,900013,1.464757093500745e-11,-6.173197934336164e-13,-1.93817535127878e-07,4.484066138336853e-08,-5.23999487025834e-06,-1.8399319017566042e-13
EXQ,900014,1.7619060956300637e-11,-6.173197934334937e-13,5.34019026793209e-10,-1.9863693307083083e-08,-5.243953583389919e-06,-1.8399319017604152e-13
EXQ,900015,1.4647570861669115e-11,-2.4572516953634047e-12,-3.1084755825910326e-06,1.3975989527748566e-07,-4.718015247831068e-06,-1.839931904419341e-13
EXQ,900016,1.7619060766544212e-11,-2.457251695367073e-12,-1.1661425487175884e-05,-1.1042649446089649e-06,-3.1859932537399316e-06,-1.839931904517253e-13
EXQ,900017,0.00013134855752709824,2.906970119257298e-08,3.057779279097168e-05,-8.498706733866457e-06,1.4150730729005908e-05,3.0686071304431334e-13
EXQ,900018,0.00013134855752739913,2.9072009379884493e-08,-3.775623453861873e-05,1.3099536064166668e-05,1.3443634707730604e-05,3.068607130589452e-13
EXQ,900019,0.00013134855624840567,2.9071239322124624e-08,-7.017199331793583e-06,1.7709727939023412e-06,-1.3405036673051978e-05,3.068607130466098e-13
EXQ,900020,0.00013134855129260514,2.9071239322124624e-08,-4.270605310666402e-06,-7.968823969147488e-07,-1.4081471918078542e-05,3.0686071304321116e-13
EXQ,900021,0.00013134855624840567,2.9074307929255056e-08,2.810461098490414e-06,-1.7737366171621707e-07,-1.3894124021116044e-05,3.0686071304263874e-13
EXQ,900022,0.00013134855129260514,2.9074307929255052e-08,2.3674874469197734e-05,2.5379105786145236e-06,-1.9563347936817577e-05,3.068607130432615e-13
EXQ,900023,0.00013134855624840567,2.9072003405300314e-08,2.0277924590857926e-05,1.0098459775322112e-05,-5.266013782002327e-06,3.068607130856074e-13
EXQ,900024,0.00013134855624840567,2.9077376536385497e-08,2.0258455993491804e-05,-4.852915972036707e-06,-1.8847443761092865e-05,3.068607130653556e-13
EXQ,900025,0.00013134855129260514,2.9077376536385497e-08,4.06518437808616e-05,6.797590635712622e-06,-1.3486326306039627e-05,3.0686071305457934e-13
EXQ,900026,0.0003141759815581209,2.0906435130441474e-08,-5.63619939161088e-07,-1.6743453886072914e-09,5.268661178440005e-06,-3.0716188177043143e-14
EXQ,900027,0.0003141759816336827,2.0906281549499097e-08,3.852882097952873e-07,-4.3652706191512554e-07,-1.3391724840224947e-05,-3.071618850546525e-14
EXQ,900028,0.0003141759815581209,2.09062815494991e-08,1.3671462454499462e-06,-3.7972793499777897e-07,-3.786812302798764e-06,-3.0716188508703675e-14
EXQ,900029,0.0003141759815581209,2.0906127968556572e-08,-7.411389611319914e-07,2.290866149369223e-07,6.4143173355121005e-06,-3.0716188225103844e-14
EXQ,900030,0.00044773816135034047,2.836490982972978e-07,8.429037723549522e-07,-3.7348961500423455e-07,1.0388189525662335e-05,-4.2437567079746955e-14
EXQ,900031,0.00044773816145473683,2.8364900493465005e-07,-1.983620103089359e-05,2.153480170148317e-07,-5.197922806339434e-07,-4.2437567060305036e-14
EXQ,900032,0.00044773816135034047,2.8364900493465e-07,-2.0390748045636887e-05,2.2851663605299227e-07,8.931223129627657e-06,-4.243756702682098e-14
EXQ,900033,0.00044773816176240923,2.8364900493465005e-07,-1.8488653515494683e-05,1.289322703008437e-07,-1.0826939011220486e-06,-4.243756704868657e-14
EXQ,900034,0.0004477381612889856,2.836486721198144e-07,1.978272564422962e-05,-5.636295678408746e-06,7.233071352042677e-06,-4.2437544588719296e-14
EXQ,900035,0.0004477381612889881,2.836482515919044e-07,-1.1751210705466126e-05,3.1185184140869564e-06,7.228389645447749e-06,-4.24375445951807e-14
EXQ,900036,0.00044773816145473683,2.836475047666556e-07,-7.028150221771379e-05,-1.4131531333013314e-07,2.2427077983952714e-05,-4.2437567037094174e-14
EXQ,900037,0.0004477381621401037,2.836475047666556e-07,-0.0001068816407496493,-3.577825963927914e-06,2.3403725335841753e-05,-4.243756704545693e-14
EXQ,900038,0.0005561511609551988,5.970303238053115e-06,1.3005934726791094e-06,-7.385366875305681e-07,-5.934194596663852e-06,2.6286399984869356e-10
EXQ,900039,0.0005561469157016013,5.970303238053114e-06,-5.590821380417546e-07,3.264527448480573e-07,-5.93740273265784e-06,2.628639998486892e-10
EXQ,900040,0.0005561511609551988,5.972931878051603e-06,-7.385428294188903e-07,-2.4733018614219165e-07,-6.021015581255513e-06,2.628639998486815e-10
EXQ,900041,0.0005561469157016013,5.972931878051601e-06,1.9986524189843063e-05,2.500566591282137e-06,-1.1167505596999983e-05,2.6286399984868545e-10
EXQ,900042,0.0005561511609551988,5.9755605180500894e-06,1.9503651151005997e-06,-1.7058176013002585e-07,-7.08734635060682e-06,2.6286399984869294e-10
EXQ,900043,0.0005561469157016013,5.975560518050089e-06,2.459325698056655e-05,2.6709481869416086e-06,-1.9599481699719875e-06,2.6286399984869367e-10
EXQ,900044,0.0005561511609551989,5.9788594612481915e-06,-6.745662076756924e-05,4.3313033904678416e-08,2.2901758559125408e-05,2.6286399984869584e-10
EXQ,900045,0.0005561469157016012,5.978859461248191e-06,-0.00010456114408465788,-4.344102863077204e-06,2.3809570218960095e-05,2.628639998486949e-10
EXQ,900046,0.0005561522439457867,5.971617559854171e-06,1.9807720885953384e-05,-5.240208511604341e-06,7.136147256434774e-06,2.6286399982637856e-10
EXQ,900047,0.0005561522439457841,5.9742461960048965e-06,-1.1747589068271744e-05,3.095699301479232e-06,7.129929456226336e-06,2.6286399982638124e-10
EXQ,900048,0.0001313485576943594,2.906790636922856e-08,8.949382764841011e-07,1.524838738839608e-09,4.4219956210835215e-05,-4.199500658864562e-14
EXQ,900049,0.00013134855627160407,2.9066598932640624e-08,5.610374307311122e-07,-1.1704162335766112e-08,3.707757133015187e-05,3.066410691251305e-13
EXQ,900050,0.00013134855515923368,2.9066597064441653e-08,5.609830794759871e-07,-1.1704161421153263e-08,3.707757808900265e-05,3.070803310602899e-13
EXQ,900051,0.00013134855835869895,2.9067906378310166e-08,8.607986984016204e-07,7.48775012133907e-09,4.4234861704808925e-05,-4.199548052506457e-14
EXQ,900052,0.00013134855129260536,2.9066559696253026e-08,5.420232076468782e-06,5.614101867919164e-07,2.5434845771812836e-05,3.068607127672027e-13
EXQ,900053,0.0001313485580189065,2.9067924613878048e-08,-1.8927363283819536e-06,5.72645323394993e-07,2.4176724869620347e-06,-4.199558085574726e-14
EXQ,900054,0.0001313485580189065,2.9067609647021625e-08,-2.925956259381297e-06,1.9044158570233632e-06,-2.0585162733212782e-06,-4.199558085574719e-14
EXQ,900055,0.00013134855769890015,2.9067924613878048e-08,-1.0532889623041227e-06,-5.196368236060945e-07,1.7622266172186007e-06,-4.199558085574719e-14
EXQ,900056,0.00013134855769890015,2.9067609647021622e-08,-9.529852710076931e-07,-1.9592518580160996e-06,-1.8295364448904303e-06,-4.199558085574723e-14
EXQ,900057,0.00013134855751978898,2.9067767130449838e-08,-4.8267444367219796e-05,1.1214835555303259e-05,-9.417125699658893e-06,-4.1995580855747044e-14
EXQ,900058,0.0001313485581980176,2.9067767130449838e-08,-4.8649763873568235e-05,-1.0595073899823457e-05,-9.318855841887502e-06,-4.199558085574712e-14
EXQ,900059,0.000131348557519789,2.9067609647021625e-08,1.071123101313987e-05,-2.845778444604e-06,-1.426782845904222e-05,-4.19955808561906e-14
EXQ,900060,0.00013134855819801764,2.9067609647021625e-08,1.0274417088987158e-05,3.4050599804762713e-06,-1.4354227061190076e-05,-4.1995580855701845e-14
EXQ,900061,0.000131348557519789,2.9067242185689143e-08,2.5192935411166435e-07,7.226698237725972e-08,-1.4059869660635667e-05,-4.199558085561414e-14
EXQ,900062,0.00013134855819801766,2.9067242185689136e-08,8.433100409724767e-07,7.151555503919905e-10,-1.4072756267252545e-05,-4.1995580855873855e-14
EXQ,900063,0.00013134855751978898,2.9066822229880293e-08,7.925426038709434e-06,2.2980059204958288e-07,-1.6430341099183245e-05,-4.19955813901448e-14
EXQ,900064,0.00013134855819801748,2.9066822229880276e-08,-6.019447047023122e-06,-1.7878188698196e-06,-1.4260295627968112e-05,-4.1995581423519034e-14
EXQ,900065,0.00031417598147039924,2.0908103276139746e-08,1.1713680065672456e-06,-1.57985939151752e-08,3.478206987794713e-05,-3.409023800963536e-14
EXQ,900066,0.0003141759815477943,2.0907055629986056e-08,5.136587783596883e-07,2.6544824619265156e-08,2.9873385862223704e-05,-3.083427466771157e-14
EXQ,900067,0.0003141759816318748,2.0907055210082072e-08,5.13614626529715e-07,2.65448276839829e-08,2.9873391284340805e-05,-3.068653032924076e-14
EXQ,900068,0.00031417598200994296,2.090810323653838e-08,1.124667100883864e-06,-1.8333410792637746e-08,3.4786805604479294e-05,-3.4089399982802034e-14
EXQ,900069,0.0003141759821297491,2.090705713325384e-08,4.482735200334004e-06,4.845461079200392e-07,2.4737569975968584e-05,-3.0716189259938666e-14
EXQ,900070,0.00031417598214591227,2.09081130859805e-08,1.7443650963771041e-07,1.1170330853907646e-07,1.4189479484712372e-06,-3.4090638861773414e-14
EXQ,900071,0.0003141759821459122,2.0907857406189033e-08,1.416576032047046e-06,2.7458622689181386e-06,-1.711644070072161e-06,-3.4090638861939694e-14
EXQ,900072,0.0003141759818861415,2.0908113085980495e-08,1.018110575062802e-06,-4.8781938063047865e-08,8.271331480282716e-07,-3.40906388619395e-14
EXQ,900073,0.00031417598188614155,2.090785740618903e-08,2.510908509126475e-06,-2.8090990495025952e-06,-1.3089567791540716e-06,-3.4090638861939195e-14
EXQ,900074,0.000314175981740745,2.090798524608477e-08,-3.305529416004147e-05,8.321076820904768e-06,-9.202648110001752e-06,-3.409063886193932e-14
EXQ,900075,0.00031417598229130877,2.090798524608477e-08,-3.323215461085682e-05,-7.757376939763017e-06,-9.1781046874933e-06,-3.4090638861939403e-14
EXQ,900076,0.00031417598174074494,2.0907857406189033e-08,1.7913800119876786e-05,-3.7544356874524676e-06,-1.123440617874462e-05,-3.409063886165758e-14
EXQ,900077,0.0003141759822913088,2.0907857406189033e-08,1.782159591809185e-05,4.134002623233975e-06,-1.1302049091976279e-05,-3.409063886166644e-14
EXQ,900078,0.00031417598174074494,2.0907559113098992e-08,2.934842785149243e-07,1.3977254081335072e-07,-1.3955257854787631e-05,-3.409063886190615e-14
EXQ,900079,0.00031417598229130877,2.090755911309899e-08,-6.425026368951041e-07,-2.3792722741887353e-07,-1.3717063006745213e-05,-3.4090638861993683e-14
EXQ,900080,0.000314175981740745,2.090721820671038e-08,-7.204900561402286e-07,5.207559173029491e-09,-1.4367351064085366e-05,-3.409063884479479e-14
EXQ,900081,0.00031417598229130877,2.0907218206710377e-08,-5.891982799775705e-06,-5.824774038117442e-07,-1.370040446499924e-05,-3.409063884362111e-14
EXQ,900082,0.00044773816121323855,2.83649545083207e-07,1.3158369929478878e-06,-5.041161617471951e-08,2.3190958186664517e-05,-1.0048174014009457e-15
EXQ,900083,0.00044773816143356887,2.836495798418168e-07,6.16098631575687e-06,-1.2911099280090163e-06,2.5243666476122926e-05,-4.212402456852962e-14
EXQ,900084,0.00044773816185111155,2.836495610360402e-07,6.927352328644099e-07,-2.7304839750399994e-07,3.509613857534994e-05,-4.239332394282289e-14
EXQ,900085,0.00044773816122903895,2.83649544741519e-07,1.2601686637043047e-06,-4.670908655382281e-08,2.31974078469372e-05,-1.0046852267289076e-15
EXQ,900086,0.00044773816214010325,2.836495332823245e-07,-2.616574756945373e-07,-1.8395514316200762e-07,8.161099856581622e-06,-4.2437556979353016e-14
EXQ,900087,0.00044773816153312595,2.836495455351507e-07,1.6743283586113475e-06,-2.2195282281127814e-07,8.287975840454808e-07,-1.004864499691003e-15
EXQ,900088,0.000447738161533126,2.8364953799866115e-07,1.9573905470500306e-06,1.355812336329343e-06,-8.65592860922968e-07,-1.004865280869283e-15
EXQ,900089,0.00044773816152546893,2.836495455351507e-07,2.3771315331949565e-06,2.8992098022828194e-07,2.1047933107317705e-07,-1.0048652808692424e-15
EXQ,900090,0.00044773816152546893,2.836495379986611e-07,3.1807101710940533e-06,-1.4659367579815622e-06,-4.5712094549145555e-07,-1.0048652808692777e-15
EXQ,900091,0.00044773816152118324,2.836495417669059e-07,-2.2370907648809306e-05,6.197059508703916e-06,-5.7796179796414765e-06,-1.0048652808689018e-15
EXQ,900092,0.00044773816153741185,2.836495417669059e-07,-2.2728239472469523e-05,-5.677982991998427e-06,-5.6870547910189745e-06,-1.0048652808696864e-15
EXQ,900093,0.0004477381615211831,2.836495379986611e-07,1.0570454339497879e-05,-1.7101960233369377e-06,-7.393715820756323e-06,-1.0048652813294832e-15
EXQ,900094,0.0004477381615374117,2.836495379986611e-07,1.0129959901267104e-05,2.035860492445834e-06,-7.463661792047531e-06,-1.0048652806445603e-15
EXQ,900095,0.0004477381615211832,2.8364952920608996e-07,-4.161014318315056e-07,-4.999044911431855e-07,-8.728995260521909e-06,-1.004865280788286e-15
EXQ,900096,0.00044773816153741174,2.836495292060899e-07,1.279688134075238e-06,6.478315761844618e-07,-8.88298153766265e-06,-1.0048652810070034e-15
EXQ,900097,0.00044773816152118314,2.836495191574372e-07,1.1706068476393683e-05,2.518001480906617e-06,-1.1497707953018447e-05,-1.0048651609206476e-15
EXQ,900098,0.0004477381615374118,2.836495191574371e-07,-2.2511241817080688e-05,-6.247363335398747e-06,-5.229911867868888e-06,-1.0048652847650821e-15
EXQ,900099,0.0005228824602481353,5.529537631188399e-07,1.3721643604589022e-06,-2.4030821100713307e-08,9.073090172056021e-06,9.149984837621016e-13
EXQ,900100,0.0005561511600453088,5.9662945605792466e-06,5.661455250169068e-06,-1.4864581124904193e-06,2.0725965501505625e-05,2.628690901013751e-10
EXQ,900101,0.0005228824459008165,5.529538178076837e-07,1.3113602779238432e-06,-4.3484216049814494e-08,9.076004850623835e-06,9.13675182498447e-13
EXQ,900102,0.0005561469148385235,5.9662945604144605e-06,5.255527564735217e-07,9.713641438135122e-07,1.3076986753606835e-05,2.6286855428092493e-10
EXQ,900103,0.0005228824500935223,5.529534828809102e-07,3.3577510060475937e-06,-5.374403129513919e-07,3.059412895815926e-08,9.136752667876593e-13
EXQ,900104,0.0005228824500935223,5.529603354453943e-07,1.4371506085033052e-06,3.7038686895779314e-07,4.611431020717425e-07,9.136752660381256e-13
EXQ,900105,0.0005228824570557278,5.52953482880899e-07,2.5880382344357426e-06,6.92134819917498e-07,-6.717644393394606e-07,9.136752660381254e-13
EXQ,900106,0.0005228824570557278,5.529603354453942e-07,2.069327190924048e-06,-4.6708287954641787e-07,8.289452518565447e-07,9.136752660381246e-13
EXQ,900107,0.0005228824609525528,5.529569091631412e-07,-7.334945769387873e-06,2.615563300425293e-06,7.825675016954097e-07,9.136752711004661e-13
EXQ,900108,0.0005228824461966973,5.529569091631414e-07,-7.410318195477345e-06,-2.3447154007243298e-06,7.925568258643548e-07,9.136752709063269e-13
EXQ,900109,0.0005228824609525528,5.529603354453943e-07,2.814682570618064e-06,1.000282705446548e-08,-3.5564816427997646e-06,9.13675266039234e-13
EXQ,900110,0.0005228824461966972,5.529603354453943e-07,2.7610238338848007e-06,2.358670786658942e-07,-3.591228421399316e-06,9.136752660371124e-13
EXQ,900111,0.0005228824609525528,5.529683301039722e-07,-1.1291714356012417e-06,2.009778982665833e-07,-3.657634960627228e-06,9.13675266037587e-13
EXQ,900112,0.0005228824461966972,5.529683301039722e-07,-1.2800658448991884e-06,-2.0744423506136054e-07,-3.5237351901287734e-06,9.136752660387456e-13
EXQ,900113,0.0005228824618157407,5.529774684979432e-07,1.925762395410107e-05,-5.695375067530805e-06,-7.77206632769427e-06,9.182301068640559e-13
EXQ,900114,0.0005228824470597753,5.529774684979431e-07,5.641356376777913e-06,3.7170536794108874e-06,-5.361959510122793e-06,9.182301068701446e-13
EXQ,900115,0.0003141759814927055,2.0906746118313137e-08,3.057616964870249e-05,-8.492499240135275e-06,1.4103123098738966e-05,-3.071618842373562e-14
EXQ,900116,0.00031417598149240464,2.090650625349041e-08,-3.7748913214193385e-05,1.3444156305924232e-05,1.3473621952463458e-05,-3.071618852442202e-14
EXQ,900117,0.0003141759816336827,2.090658871138419e-08,-4.001025392832567e-06,1.327445320871882e-06,-1.2830528725937182e-05,-3.07161885114173e-14
EXQ,900118,0.0003141759821297491,2.0906588711384185e-08,3.864966367521383e-07,-1.6825201018834577e-07,-1.350736949469358e-05,-3.071618850871425e-14
EXQ,900119,0.0003141759821297491,2.0906281549499097e-08,1.9790473566057495e-05,2.7354058724223685e-06,-1.9007453565174788e-05,-3.0716188508486845e-14
EXQ,900120,0.0003141759816336827,2.0906512228074583e-08,2.1515270808472425e-05,1.025064936539332e-05,-4.550145658075494e-06,-3.071618856063461e-14
EXQ,900121,0.0003141759816336827,2.0905974387614013e-08,-5.73973230083931e-06,5.684497027569016e-07,-1.29538709601512e-05,-3.07161885096553e-14
EXQ,900122,0.0003141759821297491,2.0905974387614013e-08,1.608078885506574e-05,1.9799435993212747e-06,-7.644517864946463e-06,-3.071618850933974e-14
EXQ,900123,0.0004477381614547369,2.836488861094623e-07,-2.0417674343660907e-07,3.037652876107955e-07,-1.0266486286311972e-05,-4.2437567026006506e-14
EXQ,900124,0.0004477381621401035,2.8364888610946224e-07,-1.3990399965284678e-06,-4.839848384115016e-07,-1.040755233904835e-05,-4.2437567026795096e-14
EXQ,900125,0.00044773816145473694,2.83648461733792e-07,-7.049131375875561e-07,-2.705110806966465e-07,-1.0134580001395619e-05,-4.243756702147693e-14
EXQ,900126,0.0004477381621401035,2.83648461733792e-07,1.9808001140731668e-05,2.528159635004067e-06,-1.5464538218744427e-05,-4.2437567025514036e-14
EXQ,900127,0.00044773816145473694,2.8364803735812177e-07,1.996662109622758e-06,-3.0747318047350045e-07,-1.1132655974641821e-05,-4.243756702953368e-14
EXQ,900128,0.0004477381621401035,2.836480373581217e-07,2.2575736451513525e-05,2.5875248497124594e-06,-5.6945626045831415e-06,-4.243756702827419e-14
EXQ,900129,1.598152156515341e-11,9.92620620605974e-13,-2.2375440225317832e-07,-3.621373403690677e-07,-4.141541620828328e-06,-1.8399319017757385e-13
EXQ,900130,1.5981521563888757e-11,-6.173197934335782e-13,7.785173775535336e-08,1.6512127377007307e-08,-5.257066357517365e-06,-1.839931901758346e-13
EXQ,900131,1.598152144782117e-11,-2.4572516953642937e-12,-3.473951672088937e-06,-4.422290008786472e-07,-4.735261103291801e-06,-1.8399319044373481e-13
EXQ,900132,1.6834329995252843e-11,1.6825950837931481e-12,1.2516707413781753e-06,-9.956304310766643e-07,-2.5305299810283586e-07,-1.8399319001328737e-13
EXQ,900133,1.5432301886305362e-11,1.6825950838089807e-12,1.813242600426214e-06,1.1006036381570953e-06,-1.7738572662890636e-07,-1.839931905677869e-13
EXQ,900134,0.0001313485540236655,2.9071239322124624e-08,4.033811927465118e-07,9.871533400989493e-08,-1.3879933631330807e-05,3.068607130428655e-13
EXQ,900135,0.0001313485540236655,2.907430792925506e-08,4.5983774804637585e-06,1.1082008433891935e-06,-1.4427039628608296e-05,3.068607130445159e-13
EXQ,900136,0.0001313485540236655,2.907737653638549e-08,-3.0484227044640636e-06,4.572319328687669e-07,-1.4543396699831067e-05,3.068607130419233e-13
EXQ,900137,0.0004477381617624091,2.836475047666556e-07,-7.418718874957113e-05,-1.9573966421710778e-06,2.4072557559735265e-05,-4.243756704629842e-14
EXQ,900138,0.0005561492551911999,5.970303238053115e-06,-2.4745225640584795e-06,-1.6880918751087138e-07,-6.587064278960108e-06,2.628639998486888e-10
EXQ,900139,0.0005561492551911999,5.972931878051603e-06,9.164658301509232e-07,1.1051458450204762e-06,-6.104563838279834e-06,2.6286399984868664e-10
EXQ,900140,0.0005561492551911999,5.975560518050089e-06,4.132429850824295e-06,1.2066247136490968e-06,-7.122399936065016e-06,2.628639998486926e-10
EXQ,900141,0.0005561492551911998,5.978859461248191e-06,-7.155673098554781e-05,-1.9881827607921503e-06,2.4514803434729363e-05,2.628639998486972e-10
EXQ,900142,0.00013134855782425696,2.906760964702163e-08,-4.751442665690745e-06,-6.944668408418458e-07,-1.2814265499361934e-05,-4.199558085684007e-14
EXQ,900143,0.00013134855782425696,2.906724218568914e-08,7.238200294017319e-07,4.137403591572895e-08,-1.4078124204740178e-05,-4.1995580855737893e-14
EXQ,900144,0.0001313485578242569,2.906682222988029e-08,7.331146906200583e-06,-7.242919581422913e-07,-1.6460989750425493e-05,-4.1995581392395524e-14
EXQ,900145,0.0001313485580189065,2.9067767130449848e-08,-7.435345468445504e-06,-6.990415550855444e-06,1.919257596779369e-07,-4.1995580829370255e-14
EXQ,900146,0.00013134855769890013,2.906776713044985e-08,-4.858179244608055e-06,7.272657458216967e-06,1.32309060502789e-07,-4.1995580919343824e-14
EXQ,900147,0.00031417598198790205,2.0907857406189033e-08,-3.0574199063129822e-06,-8.058307871748861e-07,-1.1725126988274915e-05,-3.409063886106339e-14
EXQ,900148,0.00031417598198790205,2.0907559113098992e-08,9.388230335733811e-07,-3.1567226775236555e-08,-1.4028731234176885e-05,-3.4090638861954303e-14
EXQ,900149,0.0003141759819879021,2.0907218206710377e-08,-1.3721505979375928e-06,-2.8103840312865394e-07,-1.4469105247441477e-05,-3.409063884535526e-14
EXQ,900150,0.0003141759821459122,2.090798524608476e-08,-2.6540566300971942e-06,-5.347856446468029e-06,-1.0232417774370086e-07,-3.409063891897062e-14
EXQ,900151,0.0003141759818861415,2.090798524608475e-08,-3.770515866590804e-07,5.671964256206906e-06,-4.7477132933572594e-08,-3.409063872443267e-14
EXQ,900152,0.00044773816152846843,2.836495379986611e-07,-2.3215223859999144e-08,-5.401041276464613e-07,-6.294748132768209e-06,-1.0048652810879772e-15
EXQ,900153,0.00044773816152846843,2.8364952920608996e-07,-2.8532183352359747e-06,2.4694377024229163e-08,-8.831018949618752e-06,-1.0048652809118056e-15
EXQ,900154,0.00044773816152846843,2.8364951915743714e-07,2.0860070078265026e-05,-1.5001360026862614e-06,-1.3197260692778981e-05,-1.0048651763939422e-15
EXQ,900155,0.00044773816153312595,2.8364954176690596e-07,-1.457479525882177e-09,-4.190873332002957e-06,-1.8085623767834927e-09,-1.0048653203857447e-15
EXQ,900156,0.0004477381615254688,2.836495417669059e-07,2.2897021967571786e-06,4.4863309653208545e-06,-1.71956979210906e-08,-1.004865185592443e-15
EXQ,900157,0.0005228824543284073,5.529603354453942e-07,5.024019293332038e-07,-2.85815622402794e-07,-1.5260423144140783e-06,9.13675266040359e-13
EXQ,900158,0.000522882454328407,5.529683301039722e-07,-3.3438532654115174e-08,1.928688391209394e-08,-4.749700620625686e-06,9.13675266038157e-13
EXQ,900159,0.0005228824551915456,5.529774684979498e-07,-1.2877101254125141e-05,-1.5131633549144102e-06,-1.5422909008253646e-06,9.1823012528504e-13
EXQ,900160,0.0005228824500935224,5.529569091631466e-07,3.0656248928274466e-06,-2.4449515662763552e-06,2.9633303995545467e-07,9.136752660012428e-13
EXQ,900161,0.0005228824570557278,5.529569091631465e-07,4.42975685278026e-06,2.7869696134641456e-06,1.1954156553203236e-07,9.136752661270512e-13
EXQ,900162,0.000314175981856375,2.0906588711384185e-08,1.1379820802227266e-06,1.1234653003337031e-07,-1.389650744816429e-05,-3.0716188507332136e-14
EXQ,900163,0.000314175981856375,2.0906281549499094e-08,5.282282048918387e-08,9.472917872810073e-07,-1.3626753301696608e-05,-3.071618850931596e-14
EXQ,900164,0.00031417598185637505,2.0905974387614013e-08,1.3080591764194613e-07,1.253521638821403e-06,-1.3700880334073853e-05,-3.071618850827379e-14
EXQ,900165,0.0004477381617624092,2.8364888610946224e-07,1.4347462296079614e-06,-6.019745903033706e-09,-1.0044683354645017e-05,-4.2437567022067244e-14
EXQ,900166,0.00044773816176240923,2.83648461733792e-07,6.914026915300444e-07,1.079679921281803e-06,-1.0302670751872116e-05,-4.243756702640712e-14
EXQ,900167,0.00044773816176240923,2.8364803735812177e-07,3.111205638279459e-06,1.0700693709540774e-06,-1.108288705990789e-05,-4.24375670276603e-14
EXQ,900168,0.0001313485540236655,2.9072003405300102e-08,2.6178460974379232e-05,-3.528371206660855e-06,-3.3710924285928344e-06,3.0686071304355775e-13
EXQ,900169,0.000314175981856375,2.0906512228074798e-08,2.6729850328887894e-05,-3.726912371620154e-06,-3.2159019985612866e-06,-3.071618851249495e-14
EYG,1,-2.8607702781265373e-16,-1.2371554131161747e-13,5.3173152836924354e-14,2.489932173020507e-13,-4.5588777775821015e-17,-3.5364587039054166e-16
EYG,101,2.0380342942215904e-15,-5.1600008463760466e-14,7.425955710945631e-14,9.308182260487782e-14,4.614416606930049e-16,1.5069020597185282e-16
EYG,201,4.91207988060841e-16,-7.973688916584778e-14,2.3434543367355765e-13,1.0525259986029043e-13,6.483656278820187e-16,-5.8258722132242095e-21
EYG,1001,-3.058698460391451e-16,-7.292907591885596e-14,-3.6839052304053244e-14,1.4078981782524718e-13,-4.807509920683965e-16,2.649989795019104e-19
EYG,1101,3.8602882535441795e-17,-6.189360322823831e-14,-9.459167136474048e-14,8.169942717930255e-14,5.095248993989402e-17,-5.825872214090095e-21
EYG,1201,-3.5385748132198785e-16,-8.726608791948281e-14,-7.194764723958233e-14,1.1519114215615232e-13,-4.67095186558908e-16,-5.8258722132242095e-21
EYG,2001,-9.13251191757091e-15,-4.5627691380622916e-14,-4.007938052671479e-13,5.3636287967019605e-14,-3.557703556705198e-14,-2.7144391554395508e-17
EYG,2101,2.6511858337364927e-16,-4.663876739666347e-14,-7.029255251138975e-14,8.258068826476887e-14,1.7123221294999328e-15,5.474663464461378e-17
EYG,2201,-7.181963094239108e-17,-7.83146499535479e-14,-1.5216348120159988e-13,1.0337524411118748e-13,-9.477380186383811e-17,-5.8258722132242095e-21
EYG,100001,-3.777524619597173e-11,2.1421212175708983e-10,4.840683510823636e-07,-1.8399285602574432e-05,3.7343823691037265e-08,-4.613168174663664e-12
EYG,100101,-3.824872505103436e-11,1.6776037503919302e-10,2.4195563915296827e-06,-6.386282425880017e-06,-2.3827587486713934e-07,-4.613448940941087e-12
EYG,100201,-3.777728221102037e-11,1.221072619499263e-10,6.3129792639188234e-06,-3.4726505447774976e-05,-2.1394649444838956e-07,-4.613168165067597e-12
EYG,100301,-1.8885546792916698e-11,3.797967687061483e-11,2.6395674291197275e-13,-3.995921767351312e-13,5.575305849456087e-15,-2.3065840869032025e-12
EYG,100401,-2.2670211839819283e-11,1.8320155743072135e-11,9.64735119367698e-12,-8.598991163834203e-13,-3.897498843820358e-14,-2.7678811388042925e-12
EYG,100451,-1.8894472037676612e-11,3.3805012829889006e-12,4.488160380664379e-13,-3.9849849153814803e-13,-1.798734024957174e-14,-2.3065840869032025e-12
EYG,101001,-4.328290308140324e-12,2.1439117330879807e-10,4.6274395623081376e-07,-2.4290547268763404e-05,1.2303121901767672e-07,-4.6131681933784806e-12
EYG,101101,-4.330944391042756e-12,1.6826516757963597e-10,-2.5481838946214154e-06,-2.6955547569092555e-05,-1.681424063789502e-08,-4.613168165753241e-12
EYG,101201,-4.328432612089542e-12,1.221373787450572e-10,-1.93818158942211e-06,-3.8005568641177175e-05,1.541073115331993e-07,-4.613168165067597e-12
EYG,101301,-2.164879813836577e-12,3.799816834279019e-11,-6.096628824574658e-14,-4.4840966312361957e-13,1.1669533949432562e-16,-2.3065840869032025e-12
EYG,101401,-2.1649313104190544e-12,1.4924143913534826e-11,-4.9518543986109476e-14,-4.268050807155481e-13,-1.9255638459947993e-17,-2.3065840869032025e-12
EYG,101451,-2.164987166080512e-12,3.3988634331695094e-12,-7.880487701517632e-14,-4.4697456786283266e-13,-1.6671458380702645e-16,-2.3065840869032025e-12
EYG,102001,3.673051001101693e-11,2.1436811127692555e-10,-1.467300117782162e-05,-2.657610132992646e-05,3.094433629393841e-06,-4.61316812194645e-12
EYG,102101,3.7196934283031885e-11,1.6774689288354246e-10,-2.40199249601526e-06,-7.178953280533285e-06,1.4553797669839884e-08,-4.61326563166571e-12
EYG,102201,3.672763607783631e-11,1.2210157299305597e-10,-4.09909801310454e-06,-3.410710192213232e-05,3.129692500558964e-08,-4.613168165067597e-12
EYG,102301,2.2261788093620096e-11,4.556033237688241e-11,-2.1882582286040304e-13,-7.664118249737057e-13,1.2150270778604539e-15,-2.7666464140159604e-12
EYG,102401,2.2273356960013553e-11,1.831734226059282e-11,-9.566757699392132e-12,-8.532488972264747e-13,4.83085770764594e-14,-2.767875599365525e-12
EYG,102451,2.2278479382402224e-11,4.041177769640475e-12,-3.9358118629094447e-13,-7.615443655066395e-13,2.0334258317681175e-14,-2.7691526919001147e-12
EYG,200001,1.2261346533104311e-07,0.00027670700681037226,8.19507209706547e-07,-5.7529268848674555e-05,-4.08165623780837e-08,-1.6277711452854933e-12
EYG,200101,1.226134663442955e-07,0.0002767069904651051,8.337515174315617e-06,-7.425225824321912e-05,-4.188032745222204e-07,-1.6277711462624075e-12
EYG,200201,1.226134642336685e-07,0.0002767069742570899,1.2625958293492213e-05,-7.072047402386996e-05,9.486749648288748e-07,-1.6277711462911698e-12
EYG,200301,1.2261346814206052e-07,0.0002767069579034392,7.1106717056670305e-06,-7.778740317602358e-05,-1.746579746615246e-06,-1.6277711433812086e-12
EYG,200401,1.2261346724430623e-07,0.00027670694083443596,8.296422077698204e-05,-6.808364686508071e-05,1.8873762710957185e-06,-1.6278462066699052e-12
EYG,200451,1.2261345364077224e-07,0.0002767069334842818,1.209055494366702e-05,-7.814825483656114e-05,6.027538685287152e-06,-1.6277711425757728e-12
EYG,201001,1.2262523417252288e-07,0.0002767070068011058,8.778478427722137e-07,-6.177163365359443e-05,-5.897017931910277e-07,-1.6277710953977751e-12
EYG,201101,1.226252694234265e-07,0.0002767069905309249,-4.979000734226617e-06,-5.929958833395221e-05,5.703808121507423e-07,-1.627771146294587e-12
EYG,201201,1.226252676047435e-07,0.00027670697427814616,-3.876363106896573e-06,-5.760422128185534e-05,-5.235313153940347e-07,-1.6277711462260924e-12
EYG,201301,1.2262526739251093e-07,0.0002767069579134163,-1.6423572137088493e-06,-6.168085387357683e-05,5.439780798909436e-08,-1.6277711434571693e-12
EYG,201401,1.2262526652429178e-07,0.00027670694163375246,-1.3339689895525134e-06,-6.880894564137701e-05,9.925265939682647e-08,-1.6277711435255254e-12
EYG,201451,1.2262526705797603e-07,0.0002767069334958741,-2.1229069698259535e-06,-6.215434832861556e-05,1.4790438175857735e-07,-1.6277711434793943e-12
EYG,202001,1.2263975617184343e-07,0.0002767070067905433,-4.8153166875122334e-05,-7.181519864024782e-05,-1.283805097217082e-06,-1.6277711545506838e-12
EYG,202101,1.2263975802565249e-07,0.00027670699047031735,-7.345603725232026e-06,-7.931072609229612e-05,-4.5783207589983754e-07,-1.6277711462433192e-12
EYG,202201,1.226397542897726e-07,0.0002767069742516099,-8.198195874045599e-06,-7.319808811933423e-05,-3.227879510819672e-08,-1.627771146295699e-12
EYG,202301,1.2263988362397764e-07,0.00027670695786073646,-3.54516083018419e-06,-0.00011296678460208441,6.61323652460474e-07,-1.6272635581300714e-12
EYG,202401,1.2263988678027492e-07,0.0002767069408323909,-8.164963319820939e-05,-6.870560319337283e-05,-2.1898030880469743e-06,-1.6278621951834201e-12
EYG,202451,1.2263990492757677e-07,0.0002767069334443008,-6.643011276334663e-06,-0.00011321174110140827,-2.21155108545804e-06,-1.628288744103065e-12
EYG,300001,6.937870619477095e-07,0.0005944185642516792,1.2107384196087251e-06,-4.412428915500518e-05,4.098330950920406e-07,5.574825762205056e-13
EYG,300101,6.937870604988856e-07,0.000594418569754064,1.2738205909354726e-05,-5.651714490157616e-05,-4.5303417789018476e-07,5.574825740196721e-13
EYG,300201,6.937870632985301e-07,0.0005944185753140828,1.7096544205418105e-05,-5.450370218759625e-05,4.905007799509641e-07,5.574825736701277e-13
EYG,300301,6.937870598646038e-07,0.0005944185809048667,1.2155776316140452e-05,-5.284971306396725e-05,-9.976984266881878e-07,5.574825739610878e-13
EYG,300401,6.9378705963275e-07,0.0005944185864588915,8.350838299652231e-05,-5.7841725472944865e-05,2.6649018375279555e-06,5.574825738736969e-13
EYG,300451,6.937870798803763e-07,0.0005944185892701306,2.1354734344327892e-05,-5.3977815939743e-05,5.317799892539056e-06,5.574825739896913e-13
EYG,301001,6.937830678791535e-07,0.0005944185641556308,-1.4395735456195292e-06,-4.903548329024937e-05,1.4501963210375301e-05,5.574825590651357e-13
EYG,301101,6.937830203323239e-07,0.0005944185697322022,-6.904259815832915e-06,-4.8421006068391316e-05,-9.88633727722901e-07,5.574825740439896e-13
EYG,301201,6.93783018756846e-07,0.0005944185753032723,-5.179231961726267e-06,-4.861251688972669e-05,-2.5652053580100514e-08,5.574825736465582e-13
EYG,301301,6.937830195272186e-07,0.0005944185808880874,-3.01264234939417e-06,-4.8504585183998604e-05,-8.732821464679131e-08,5.574825739459977e-13
EYG,301401,6.937830200455766e-07,0.0005944185864727336,-2.2122982474882955e-06,-4.935483039522016e-05,2.907924400466162e-07,5.57482573852319e-13
EYG,301451,6.93783017000725e-07,0.0005944185892502241,-3.974419442517316e-06,-4.8929189644156334e-05,5.836604885437926e-08,5.574825739580823e-13
EYG,302001,6.937780859941306e-07,0.0005944185641712251,-8.020680934369467e-05,-5.592138114078693e-05,2.303257774460674e-06,5.574825405957681e-13
EYG,302101,6.937780575554398e-07,0.0005944185697588315,-1.0966372535447275e-05,-5.503981070582349e-05,-1.583979087288576e-06,5.574825740206275e-13
EYG,302201,6.937780581701672e-07,0.0005944185753204619,-1.1143072513974495e-05,-5.627093527625461e-05,5.978774001629398e-08,5.574825739458769e-13
EYG,302301,6.937780566059021e-07,0.0005944185809817259,-7.282038135463697e-06,-4.729163611298323e-05,1.8215571808317556e-06,5.574825739478759e-13
EYG,302401,6.937780598835732e-07,0.0005944185864583509,-8.075163607082042e-05,-5.8897449617064414e-05,-2.5575783563076904e-06,5.574825739513909e-13
EYG,302451,6.937780495928707e-07,0.0005944185893440629,-1.4786376326899709e-05,-4.765868594864392e-05,-5.924930363861337e-06,5.574825740511078e-13
EYG,400001,2.8245723636944915e-06,0.000825237394825693,1.5403806339412115e-05,-2.955479822112669e-05,1.435325731954386e-06,9.420249078441197e-13
EYG,400101,2.8245723712284328e-06,0.0008252374043646474,1.568986567168432e-05,-6.191600409624553e-05,9.99860985372442e-07,9.420549376943933e-13
EYG,400201,2.824572370312207e-06,0.0008252374137821638,2.0073391736039886e-05,-6.483283192017879e-05,1.1480578180477421e-06,9.420549383525577e-13
EYG,400301,2.8245723739681316e-06,0.0008252374231998209,1.5648682787443687e-05,-6.494977656170717e-05,-5.1677595043611e-08,9.420549383442818e-13
EYG,400401,2.8245723667050325e-06,0.0008252374326240163,8.397099543831164e-05,-6.430506054972166e-05,3.683253939794528e-06,9.420549384814963e-13
EYG,400451,2.8245723880568755e-06,0.0008252374373311605,2.850660344004428e-05,-6.399308010630277e-05,-9.946866316612628e-07,9.420549379269028e-13
EYG,400501,2.824572413466738e-06,0.0008252374420141294,0.00011345958511574032,-7.207436404131509e-05,-8.560477888688282e-06,9.420549392794624e-13
EYG,401001,2.824565574806118e-06,0.0008252373949483372,-0.00012839265034048024,-5.971675588320603e-05,-2.056681413263695e-05,9.42054464516489e-13
EYG,401101,2.824565552886973e-06,0.0008252374043926579,-8.233346760273484e-06,-5.648444660779671e-05,1.300019985803278e-06,9.42054937581767e-13
EYG,401201,2.8245655387474945e-06,0.0008252374138135107,-5.96953032754112e-06,-5.6424701163723125e-05,8.922485962468026e-07,9.420549383677422e-13
EYG,401301,2.824565540595476e-06,0.000825237423233896,-3.909291102461809e-06,-5.615084289667492e-05,1.1346704449254143e-06,9.420549383717224e-13
EYG,401401,2.824565541709362e-06,0.0008252374326471158,-2.761172560388725e-06,-5.900199397914605e-05,9.537736400111486e-07,9.42054938512355e-13
EYG,401451,2.8245655368771847e-06,0.0008252374373634274,-5.399397972189511e-06,-5.6668693285573956e-05,2.328497584563331e-06,9.420549378153297e-13
EYG,401501,2.8245655265363765e-06,0.0008252374420833912,-3.195683812833613e-05,-5.687711190116018e-05,4.323939357353023e-06,9.420549395972411e-13
EYG,402001,2.8245571556270735e-06,0.0008252373949629023,-0.00011142697410741165,-6.296890093706852e-05,-1.2424824866181945e-05,9.420549952817695e-13
EYG,402101,2.8245571613947758e-06,0.0008252374043553229,-1.3469018433576074e-05,-6.489822406693261e-05,7.865720441991617e-07,9.420549382508886e-13
EYG,402201,2.82455715619492e-06,0.0008252374137789151,-1.3202704223915998e-05,-6.453225027288717e-05,9.444034384000162e-07,9.420549383662813e-13
EYG,402301,2.824557153925695e-06,0.0008252374231805127,-9.933306184196749e-06,-6.665600870220658e-05,2.3192636020425226e-06,9.420549383686764e-13
EYG,402401,2.8245571618822856e-06,0.0008252374326199011,-8.012395366198305e-05,-6.516247956185962e-05,-1.9593313746608552e-06,9.42054938462425e-13
EYG,402451,2.824557139621082e-06,0.0008252374373111246,-2.1210739468119386e-05,-6.685811678778263e-05,2.5006545978038965e-06,9.420549379791488e-13
EYG,402501,2.8245571101142335e-06,0.0008252374420154161,-0.00010801112347278081,-7.184632965479983e-05,1.1560712782547039e-05,9.42054939253713e-13
EYG,500001,1.3215096226818197e-05,0.0011842873145251672,7.934554576437261e-05,-9.07744853598784e-05,2.4704228229643242e-05,2.3780745289897186e-08
EYG,500101,1.3215096218068845e-05,0.0011845251218636271,1.7071293865993137e-05,-6.970278025187838e-05,4.374219108265523e-07,2.3780745259866278e-08
EYG,500201,1.3215096221491842e-05,0.0011847629293213328,2.14855614077449e-05,-6.8999430262974e-05,1.779985254387191e-06,2.378074525986619e-08
EYG,500301,1.3215096211664037e-05,0.0011850007367732946,1.7331184239022453e-05,-6.859441543200534e-05,-1.300416594019239e-06,2.3780745259866212e-08
EYG,500401,1.3215096235912927e-05,0.0011852385442322289,8.428718903295368e-05,-7.198782874247746e-05,5.525357629344839e-06,2.3780745259866076e-08
EYG,500451,1.3215096209911296e-05,0.0011853574479520708,3.1975319332825344e-05,-6.948195548742119e-05,-1.1207483517281585e-06,2.37807452598666e-08
EYG,500501,1.3215096177045951e-05,0.0011854763517024712,0.00011347404645600173,-7.189163675942135e-05,-7.868239494378015e-06,2.378074525986575e-08
EYG,501001,1.3042685708356544e-05,0.0011842853323422607,-0.00017512653716378432,-6.038615182648427e-05,8.209389524522357e-07,2.3780825399653617e-08
EYG,501101,1.3042685802837364e-05,0.0011845251218045548,-9.047430634315493e-06,-4.940754015974424e-05,-5.123582681406764e-06,2.378074526038003e-08
EYG,501201,1.3042685818251688e-05,0.0011847629292571526,-6.300531665941595e-06,-4.945620676371724e-05,1.9973248471387185e-06,2.3780745259866176e-08
EYG,501301,1.3042685816818725e-05,0.0011850007367090387,-4.3473483182857966e-06,-4.9409095884127055e-05,1.1308285083725364e-06,2.3780745259866162e-08
EYG,501401,1.3042685816157694e-05,0.001185238544177466,-3.018739083029434e-06,-5.3440810809371436e-05,1.0238377035438342e-06,2.3780745259866017e-08
EYG,501451,1.3042685823612746e-05,0.0011853574478913936,-6.096070525241845e-06,-5.038069497895053e-05,2.8958867208910924e-06,2.3780745259866834e-08
EYG,501501,1.3042685830943977e-05,0.0011854763516332093,-3.196215467099531e-05,-5.692448848714409e-05,4.0932896569011296e-06,2.3780745259865434e-08
EYG,502001,1.2831037159039898e-05,0.0011842873143932415,-0.00011287080500376303,-6.0927926134432085e-05,3.826836030916667e-06,2.3780745259839497e-08
EYG,502101,1.2831037174681856e-05,0.0011845251218764066,-1.4819085771918608e-05,-7.228623442197615e-05,-2.5723082043127695e-06,2.3780745259866285e-08
EYG,502201,1.2831037184018434e-05,0.0011847629293279492,-1.4204258137021163e-05,-7.218149859939432e-05,1.3360625573592521e-06,2.3780745259866172e-08
EYG,502301,1.2831037193489809e-05,0.0011850007367837584,-1.1261655181661077e-05,-7.144529355892365e-05,4.086108743754713e-06,2.378074525986617e-08
EYG,502401,1.2831037165653831e-05,0.0011852385442407372,-7.990692701069725e-05,-7.483584551150908e-05,-3.7582247684101206e-06,2.378074525986608e-08
EYG,502451,1.283103719042388e-05,0.0011853574479641752,-2.4330709396020255e-05,-7.188866932370897e-05,2.5694653729735097e-06,2.378074525986657e-08
EYG,502501,1.283103723026435e-05,0.0011854763517011842,-0.00010803036269788463,-7.155929087875835e-05,1.0860447417244348e-05,2.3780745259865775e-08
EYG,600003,1.2259448520833075e-07,0.00027670709438348075,-2.9450691472626335e-06,-5.137803100928349e-05,-5.156035335637612e-07,-2.726418722668231e-12
EYG,600004,6.937897602868471e-07,0.0005944185503705391,-2.2607222949567054e-05,-2.9032455299118705e-05,-4.364766582071834e-06,4.245830336584189e-13
EYG,600005,2.824592559065304e-06,0.0008252372951275512,-1.7565306432638933e-05,-9.11853165392038e-06,-3.414308263617108e-06,3.1475525196058903e-12
EYG,600006,8.50755735689599e-06,0.0008922505238290013,1.4797558011978869e-06,-3.00297851740998e-06,1.1559231704725571e-06,1.0767496291118932e-12
EYG,601002,-1.2335181476519885e-10,6.015049572843369e-10,6.481076992915113e-07,-1.550904580586167e-05,-4.471091322538377e-07,-1.215662167155807e-11
EYG,601003,1.225942780005957e-07,0.0002767070923659308,1.7263349798742354e-06,-4.067560885805852e-05,-1.8375357051929702e-06,-2.726418682170831e-12
EYG,601004,6.937900400870577e-07,0.0005944185508418261,2.7766319574692694e-06,-2.7885632297627246e-05,-2.459953633286837e-06,4.2458305210741274e-13
EYG,601005,2.824596468325486e-06,0.0008252372997859289,1.9426565897396965e-06,-1.1474394735126773e-05,-1.4729572860398167e-06,3.1475525320901597e-12
EYG,601006,8.507559056999604e-06,0.0008922505247621253,1.479758281103702e-06,-3.0029790207805214e-06,1.1559230401894753e-06,1.0773057805567398e-12
EYG,602002,5.789125764088537e-11,6.060029072207368e-10,1.5411358356187933e-05,-8.173732979262466e-06,3.583132229314037e-06,-1.2156621612499372e-11
EYG,602003,1.2263651840563578e-07,0.00027670709438348053,2.9156312398470553e-05,-3.766283616755408e-05,5.2995580290507645e-06,-2.7264186759073913e-12
EYG,602004,6.937832140825723e-07,0.0005944185503705373,2.276335690627024e-06,-4.248338155717897e-05,5.750172651668038e-07,4.2458241538651003e-13
EYG,603002,7.297762446219407e-11,6.015049565605001e-10,-3.9838400073813167e-07,-1.5715793318434976e-05,1.546010548248697e-07,-1.2156621537643327e-11
EYG,603003,1.2263830966279367e-07,0.0002767070923659308,-1.0614347200575316e-06,-4.183969051595488e-05,8.403605199961305e-07,-2.7264186821678525e-12
EYG,603004,6.937831830710821e-07,0.0005944185508418261,-1.5524981839740272e-06,-2.9309240869422552e-05,1.0820609168881552e-06,4.2458305210388273e-13
EYG,603005,2.8245456353523944e-06,0.0008252372997859289,-2.7354262508912936e-06,-1.2308073521117616e-05,1.3583101882379816e-06,3.1475525321940145e-12
EYG,603006,8.50754197079851e-06,0.0008922505246025006,-9.637342381623382e-07,-3.298654647037276e-06,1.193444338452718e-06,1.077278606914224e-12
EYG,605005,2.824545631394079e-06,0.0008252373938805808,-0.00011744366897436078,-4.6721795286725643e-05,-9.341388011541906e-07,3.1475134937569082e-12
EYG,609002,-9.517994531823335e-12,2.1515718675085557e-10,4.84068342030669e-07,-1.8399286907501173e-05,3.7343824033025176e-08,-4.612760559604461e-12
EYG,612002,-3.1086152359278326e-11,2.1536541383195314e-10,-1.2321830462562287e-05,-7.359721954478724e-07,3.734382218381089e-08,-4.613168158040707e-12
EYG,612003,1.2261818586735782e-07,0.000276707007217315,-1.9200675689613547e-05,2.531287452122959e-05,-4.081655693893659e-08,-1.6277711309183e-12
EYG,612004,6.937846368985106e-07,0.0005944185641123086,1.6565985040315844e-05,1.9414682593434552e-05,4.0983372666451966e-07,5.574825648104044e-13
EYG,612005,2.824566899950026e-06,0.0008252373945901868,-7.88031540252322e-05,-2.6821452619952324e-05,-1.0338318484751258e-05,9.420249072610082e-13
EYG,612006,1.3042685650435659e-05,0.0011842833502867366,-0.00017512653770575045,-6.0386151872761635e-05,8.209390932194394e-07,2.3780907182528867e-08
EYG,700001,2.7389383856479434e-16,-6.339297418338224e-14,-1.3747767334265848e-13,8.367836635424032e-14,3.615957224945561e-16,-1.5352339587307188e-20
EYG,700002,1.2954679786324615e-16,-6.345233780328304e-14,-1.4851651782479646e-13,8.375681937694301e-14,1.710576267057486e-16,-1.5352339587460775e-20
EYG,700003,-9.805357389550734e-16,-1.6225965643270012e-13,-1.950383766437792e-12,1.7563241667873855e-13,-1.7134741903661017e-15,-2.438316560995112e-18
EYG,700004,1.3759010000362873e-16,-5.834450781327669e-14,-3.8446451734946785e-14,7.701432097051113e-14,1.8159197793790881e-16,-1.5352339587870384e-20
EYG,700005,-2.035819883833781e-16,-5.551536836609826e-14,-4.39564996402623e-14,7.32799266895227e-14,-2.687551779756218e-16,-1.535233958727764e-20
EYG,700006,8.511181089720883e-17,-5.5517182255727023e-14,-7.528682394438281e-14,7.328241406827294e-14,1.123206359109986e-16,-1.5352339587460658e-20
EYG,700007,-5.320201163034457e-16,-6.213626505206427e-14,1.940330800062588e-13,8.201951030281574e-14,-7.023609636537893e-16,-1.5352339587301898e-20
EYG,700008,-1.7793666932271043e-16,-6.224203720407121e-14,1.8861993354638724e-13,8.215922258772141e-14,-2.3497081389620186e-16,-1.535233958746198e-20
EYG,701001,7.297919405651708e-11,4.693945155370114e-10,-3.7034803173207174e-06,-2.7608695046340913e-05,-1.1924744154009014e-07,-1.2156621644173868e-11
EYG,701002,7.297560009769504e-11,3.4782799288060087e-10,-4.000853281755932e-06,-2.7634487271320058e-05,-5.638244516177183e-08,-1.2156621644295483e-11
EYG,701003,7.298009900927414e-11,2.2596278218690314e-10,-7.101410007815215e-05,-3.0561603844948207e-05,2.250996720074946e-07,-1.2156613754083699e-11
EYG,701004,-3.5215674599570544e-11,5.605899389753364e-10,-1.0357003708980793e-06,-2.5410068879047108e-05,-5.9940049054283e-08,-1.2156621644619831e-11
EYG,701005,-3.521680968053104e-11,4.694251523803974e-10,-1.184134319979892e-06,-2.4177896113214983e-05,8.864479572753376e-08,-1.215662164415047e-11
EYG,701006,-3.5216532416729325e-11,3.4785897942760904e-10,-2.0281349244008102e-06,-2.417862468848917e-05,-3.7085077651340046e-08,-1.215662164429539e-11
EYG,701007,-1.2335380539061083e-10,4.693998391320112e-10,5.227013777875155e-06,-2.7061382011740943e-05,2.31639323406659e-07,-1.2156621644169679e-11
EYG,701008,-1.2335193620031238e-10,3.4783325889269097e-10,5.081190235175671e-06,-2.7107385751058273e-05,7.743141578125074e-08,-1.2156621644296436e-11
EYG,702001,1.2263831047583466e-07,0.0002767070636776669,-6.874926495261381e-06,-7.285489897919019e-05,-6.213792011947923e-07,-2.7264187306258865e-12
EYG,702002,1.2263830767542997e-07,0.000276707036413307,-7.53980994668114e-06,-7.298824922147852e-05,9.438363174805351e-07,-2.7264187305961136e-12
EYG,702003,1.2263830600792792e-07,0.0002767070089107861,-0.0001297738299612042,-7.555495791560098e-05,-4.592445445060385e-07,-2.7264257378088426e-12
EYG,702004,1.2261404496415517e-07,0.0002767070841364112,-1.917826538578293e-06,-6.381317055891887e-05,-2.137382149611922e-07,-2.7264187305570035e-12
EYG,702005,1.2261404416631046e-07,0.0002767070636932274,-2.185848518249836e-06,-5.9512157870191545e-05,2.806042095251921e-07,-2.7264187306137736e-12
EYG,702006,1.2261404596467523e-07,0.0002767070364290189,-3.8587562613788235e-06,-5.949320767363062e-05,1.598522399407651e-07,-2.7264187305974444e-12
EYG,702007,1.225942771343713e-07,0.0002767070636802577,9.698341671466464e-06,-7.053640469416981e-05,9.289839996853719e-07,-2.7264187306235443e-12
EYG,702008,1.225942779103149e-07,0.00027670703641584485,9.506956735843471e-06,-7.069483303866757e-05,1.1492746077401996e-07,-2.7264187305994316e-12
EYG,703001,6.937831824527903e-07,0.0005944185551410129,-8.68813062331068e-06,-6.295286861040736e-05,-2.467448441407545e-07,4.2458303311395804e-13
EYG,703002,6.937831801150827e-07,0.0005944185593871022,-9.806541107887197e-06,-6.305382767948357e-05,1.0357325820768497e-06,4.245830331153456e-13
EYG,703003,6.937831889646358e-07,0.0005944185633477133,-0.0001358584561054392,-6.748852146152437e-05,1.228434715835142e-06,4.246138542240441e-13
EYG,703004,6.937869614997136e-07,0.000594418551943165,-2.391376982640929e-06,-5.6136126109663896e-05,-1.9772415460912826e-08,4.2458303315501056e-13
EYG,703005,6.937869629590337e-07,0.0005944185551209182,-2.7269466217225734e-06,-5.274526775939687e-05,4.7628411146999625e-07,4.245830330984656e-13
EYG,703006,6.937869545714244e-07,0.0005944185593666014,-5.16808212297435e-06,-5.2755256700785674e-05,-4.3265687241507875e-07,4.2458303312251287e-13
EYG,703007,6.937900419984769e-07,0.0005944185551372771,1.2223711768913107e-05,-6.127723594283766e-05,8.35357090213323e-07,4.245830331106587e-13
EYG,703008,6.937900409739044e-07,0.0005944185593831518,1.224632623613424e-05,-6.142146238272652e-05,3.432157254063577e-07,4.245830331250334e-13
EYG,704001,2.824545637346561e-06,0.0008252373304768535,-9.324086702484408e-06,-3.161990106781771e-05,4.3557640041121534e-07,3.147552513504527e-12
EYG,704002,2.824545633786143e-06,0.0008252373619529084,-1.092985609104121e-05,-3.164051237706423e-05,3.018893840051649e-06,3.1475525135476486e-12
EYG,704003,2.8245456338356218e-06,0.0008252373936647521,-0.00011744367135846824,-4.672179519346978e-05,-9.34138592241502e-07,3.147532877609096e-12
EYG,704004,2.8245736504054297e-06,0.0008252373068554815,-2.5268160102340953e-06,-2.8446819188074862e-05,7.308863025573312e-07,3.147552513685344e-12
EYG,704005,2.824573653157262e-06,0.0008252373304539518,-2.860038249232145e-06,-2.7028656134657934e-05,5.89676079679263e-07,3.1475525134858928e-12
EYG,704006,2.8245736396317403e-06,0.0008252373619291309,-6.044623367919526e-06,-2.7073712680070035e-05,4.121836285436573e-06,3.147552513567556e-12
EYG,704007,2.8245964727239213e-06,0.0008252373304720412,1.306685318014982e-05,-3.092841009211721e-05,8.842221012031333e-07,3.1475525134989725e-12
EYG,704008,2.8245964820953744e-06,0.0008252373619470851,1.3531264851420404e-05,-3.10674925503599e-05,5.163801577441449e-07,3.147552513571845e-12
EYG,705001,8.50754192842594e-06,0.0008922505359525776,-9.397603399331848e-06,-6.642541809558563e-06,6.788044115155124e-07,1.0767496317349086e-12
EYG,705002,8.507541940862778e-06,0.0008922505467198232,-1.124382420726854e-05,-6.512774257798302e-06,3.5118898273908505e-06,1.0767496313980833e-12
EYG,705003,8.507541929737497e-06,0.0008922505575116389,-0.00011744367135846824,-2.022876587691915e-06,2.619719408204794e-06,1.0767496317270415e-12
EYG,705004,8.507551512855402e-06,0.0008922505278687452,-2.524754296665357e-06,-6.240063724875871e-06,9.74808112307767e-07,1.0767496317315958e-12
EYG,705005,8.507551510918348e-06,0.000892250535941499,-2.8382665962803577e-06,-6.408878466342406e-06,2.7240639462092993e-07,1.0767496317274565e-12
EYG,705006,8.507551530467159e-06,0.0008922505467094677,-6.332280710907337e-06,-6.56957085839861e-06,5.254004675276571e-06,1.0767496313724777e-12
EYG,705007,8.507559319043048e-06,0.0008922505359519544,1.3103900739246841e-05,-7.062672065608672e-06,7.138210841780013e-07,1.0767496317362247e-12
EYG,705008,8.507559307696952e-06,0.0008922505467205822,1.3991836128562412e-05,-7.4164743683026926e-06,-3.859709388827575e-06,1.0767496313686798e-12
EYG,900000,-1.2136526697386826e-10,6.052892858234503e-10,5.58463227696962e-07,-1.7754925400551405e-05,-2.810194017919065e-08,-1.2156201535963103e-11
EYG,900001,-3.8061673316694284e-11,2.1561772600004983e-10,4.840721459867363e-07,-1.839928444497329e-05,3.7343821129520085e-08,-4.612641156490739e-12
EYG,900002,-2.1052021791276943e-11,2.1561272859767404e-10,4.840646852229117e-07,-1.8399285053041485e-05,3.7343826400974105e-08,-4.613168542626585e-12
EYG,900003,7.100359755725876e-11,6.05295565836018e-10,-3.7294797746089597e-07,-1.7757665832428407e-05,-1.95253965218132e-08,-1.215620156249737e-11
EYG,900004,3.715219255451054e-11,2.1541711462975656e-10,-1.394272754776451e-05,-1.7939168493166297e-06,1.7832461381605636e-06,-4.613119420648419e-12
EYG,900005,2.1129633801268825e-11,6.060029073028134e-10,1.9129694696432872e-05,2.7851113929563566e-06,1.236188860363121e-05,-1.215662167155807e-11
EYG,900006,2.1129633801268812e-11,5.14828244766128e-10,-2.5712967894781905e-05,1.990794226467492e-07,-5.925625123657602e-07,-1.215662167155807e-11
EYG,900007,-7.15038233336449e-11,6.060029072787194e-10,-1.2772664840939748e-05,4.411889804349165e-06,-1.2207110619494303e-05,-1.2156621666527206e-11
EYG,900008,-7.150382333600369e-11,5.148282447661279e-10,1.8565792628018524e-05,-2.49828922325953e-06,3.970321518262224e-06,-1.215662167155807e-11
EYG,900009,-1.2335181476519888e-10,5.604155760344708e-10,5.55659441401511e-06,5.00736778887148e-06,-1.676753220345373e-06,-1.215662167155807e-11
EYG,900010,7.29776252304639e-11,5.604155760344708e-10,-2.815685175309441e-06,2.9369880256130465e-06,1.074107800062963e-06,-1.2156621671558066e-11
EYG,900011,-1.2335181476527531e-10,5.148282447662842e-10,8.382822758506585e-06,4.3252667002231405e-06,4.3982557283834024e-07,-1.215662167126514e-11
EYG,900012,7.297762523052418e-11,5.14828244766279e-10,-5.5523529302382455e-06,6.375185547846604e-06,-6.305048381923618e-08,-1.2156621671274951e-11
EYG,900013,-1.2335181476525967e-10,4.084578051401266e-10,5.248691212767183e-06,-2.1903101273789185e-06,-5.492241596247008e-08,-1.2156621671558448e-11
EYG,900014,7.29776252304508e-11,4.0845780514012217e-10,-4.108316713130121e-06,-1.455775361097964e-06,8.856967951024801e-08,-1.2156621671558385e-11
EYG,900015,-1.2335181255226908e-10,2.868915884169781e-10,3.257968593273861e-06,-1.388580391852966e-06,6.110040766844861e-07,-1.2156621686668154e-11
EYG,900016,7.297762430088094e-11,2.8689158841691546e-10,-6.468113824226573e-06,-1.2802213802396859e-06,9.35981391872219e-07,-1.2156621686830761e-11
EYG,900017,1.226067536342917e-07,0.000276706990537821,0.0002831664958829309,-6.550475537610925e-05,1.1908357685517977e-05,-1.627771145112944e-12
EYG,900018,1.2260675362142637e-07,0.0002767069783528839,0.00018024517103010568,-5.3494943114707254e-05,1.1939016857690801e-05,-1.6277711451102283e-12
EYG,900019,1.2261346533104311e-07,0.0002767069823938051,1.5894084604217882e-05,-6.641551034670264e-06,-1.2767661643553437e-06,-1.6277711452154515e-12
EYG,900020,1.226397538350396e-07,0.0002767069823938051,-8.133476406625858e-06,-3.5464787297770097e-06,2.5018640255810394e-07,-1.627771145224318e-12
EYG,900021,1.2261346533104314e-07,0.0002767069661160936,7.3151035255495444e-06,-4.665827666753325e-06,1.0232920297575878e-06,-1.627771145364227e-12
EYG,900022,1.2263975383504324e-07,0.00027670696611609353,-5.993062217810047e-06,-5.075575644670305e-06,-8.537581206288013e-07,-1.6277711454036967e-12
EYG,900023,1.2261346533104303e-07,0.0002767069783406549,1.647989803018195e-05,-2.393366975001941e-05,1.0780260698446211e-06,-1.627771145291054e-12
EYG,900024,1.2261346533104322e-07,0.0002767069498383822,5.0249415693817936e-05,-1.0332955421470175e-05,-1.1381540990177938e-05,-1.6277711461057747e-12
EYG,900025,1.2263975383504703e-07,0.00027670694983838214,-4.716876003483916e-05,-9.060784641070221e-06,1.2069996711954533e-05,-1.6277711460644704e-12
EYG,900026,6.937884333548469e-07,0.0005944185754013307,0.00014844916345755512,-5.2813962942605656e-05,2.445592312454493e-05,5.574825762102199e-13
EYG,900027,6.937870619477095e-07,0.0005944185781887437,1.7495547076300288e-05,-1.118935767336706e-05,8.657235360352194e-07,5.574825762370512e-13
EYG,900028,6.937884333548468e-07,0.0005944185781887436,5.042234629901867e-05,-1.4535976799749458e-05,9.947093632936136e-07,5.574825762205055e-13
EYG,900029,6.937884333548468e-07,0.0005944185809761565,0.00013949157923661415,-5.1192833182575396e-05,-2.310816261970225e-05,5.574825762363676e-13
EYG,900030,2.8245746810757645e-06,0.0008252374042459421,0.00016210358546170744,-5.8180155404450276e-05,4.9310569816887136e-05,9.42024907786565e-13
EYG,900031,2.8245723636944915e-06,0.0008252374063183968,1.6546496139202052e-05,-1.1637377099276005e-05,-8.492587209108116e-07,9.420249072082916e-13
EYG,900032,2.8245746810757645e-06,0.0008252374063183969,5.1074094090162025e-05,-1.537322579107132e-05,4.918232065693054e-05,9.420249078441199e-13
EYG,900033,2.8245655340139114e-06,0.0008252374063183969,-9.786596829362925e-06,-2.2009916342422515e-06,-6.130386925757114e-09,9.420249070582842e-13
EYG,900034,2.824576245574615e-06,0.0008252374136718657,0.0003199981429019701,-7.937021293574725e-05,9.966747439088764e-07,9.420269358554624e-13
EYG,900035,2.8245762455981134e-06,0.0008252374230924337,0.00031330280159781065,-7.864936629931683e-05,9.746128335407158e-07,9.420269358456014e-13
EYG,900036,2.824572363694496e-06,0.0008252374396189773,6.754334251551984e-05,-2.7946067783789676e-05,-2.3145730838026734e-05,9.420249077646164e-13
EYG,900037,2.824557149992227e-06,0.0008252374396189773,-6.022336971695832e-05,-2.355222451820794e-05,2.2598215141489126e-05,9.420249078500386e-13
EYG,900038,1.3215096226818195e-05,0.0011846440257045159,2.1643116105399176e-05,-6.058290082612524e-06,-1.212066988018901e-06,2.378074528989719e-08
EYG,900039,1.2831037190386355e-05,0.0011846440257045157,-1.0428643979053647e-05,-4.666792795949444e-06,2.1717465748695782e-07,2.3780745289897183e-08
EYG,900040,1.3215096226818195e-05,0.0011848818331574148,1.6146536213079307e-05,-6.5347475650159445e-06,4.988555244048241e-07,2.3780745289897186e-08
EYG,900041,1.2831037190386358e-05,0.0011848818331574146,-1.017695048456359e-05,-3.5190241369471344e-06,-1.7952804714826387e-06,2.3780745289897186e-08
EYG,900042,1.3215096226818195e-05,0.0011851196406103138,5.986053480280934e-05,-1.2070484685856887e-05,-1.1070651438506624e-05,2.3780745289897186e-08
EYG,900043,1.2831037190386355e-05,0.0011851196406103136,-5.62400951008569e-05,-8.730341638332517e-06,1.0189830151921621e-05,2.3780745289897186e-08
EYG,900044,1.3215096226818192e-05,0.0011854180889637018,6.972133405009617e-05,-1.8525429337652317e-05,-2.2220722765443324e-05,2.378074528989725e-08
EYG,900045,1.2831037190386358e-05,0.0011854180889637018,-6.231162870145459e-05,-9.683771745772306e-06,2.180589673427314e-05,2.3780745289897196e-08
EYG,900046,1.3313072896675065e-05,0.0011847629294252904,0.0003201602105854967,-7.700053505778149e-05,1.0244976814001649e-06,2.3780745287869174e-08
EYG,900047,1.331307289665157e-05,0.0011850007368778702,0.0003134491066428644,-7.642451966518641e-05,9.421781791332477e-07,2.3780745287869194e-08
EYG,900048,1.2259472957912997e-07,0.0002767070935278595,1.0440319122511914e-06,-5.360460729343756e-05,8.475712020101206e-08,-2.7262117487402913e-12
EYG,900049,1.2261346464180788e-07,0.0002767070070898853,8.195151952896017e-07,-5.752926763148228e-05,-4.0816549747140756e-08,-1.627774969107124e-12
EYG,900050,1.2261936531415628e-07,0.0002767070070853437,8.194990639537736e-07,-5.752926752958988e-05,-4.0816567726630316e-08,-1.6277672034993282e-12
EYG,900051,1.2263787159091583e-07,0.00027670709352779684,-6.958196404737694e-07,-5.3598760175847445e-05,1.286543655798837e-07,-2.7262127036479464e-12
EYG,900052,1.2263975383500256e-07,0.00027670700721731497,-4.841447799157564e-05,-1.0818885839042106e-05,-7.852479546774075e-07,-1.627771160754908e-12
EYG,900053,1.2262668148702675e-07,0.00027670709438348075,6.085252966420347e-05,8.405861385949011e-06,3.3696240552342996e-05,-2.726418722668231e-12
EYG,900054,1.2262668148702675e-07,0.00027670707393534033,-6.564768272741115e-05,5.717171965345484e-07,-4.934033957006047e-07,-2.7264187226682304e-12
EYG,900055,1.2260590617636002e-07,0.0002767070943834807,-4.340710386489933e-05,1.2936456238683576e-05,-3.360653483120377e-05,-2.7264187226682312e-12
EYG,900056,1.2260590617636e-07,0.00027670707393534033,4.847773712408744e-05,-6.045245864829068e-06,9.45890718639337e-06,-2.7264187226682304e-12
EYG,900057,1.2259427800050782e-07,0.00027670708415941057,1.2802562816563208e-05,1.1913965858821141e-05,-4.0117846432446466e-06,-2.72641872266823e-12
EYG,900058,1.2263830966287893e-07,0.00027670708415941057,-6.643480131856276e-06,5.991119857391984e-06,2.5520660582944536e-06,-2.7264187226682304e-12
EYG,900059,1.2259427800050776e-07,0.00027670707393534033,1.907427716871418e-05,1.2004170233878056e-05,1.4203039096645546e-06,-2.726418722725393e-12
EYG,900060,1.2263830966287896e-07,0.00027670707393534033,-1.2814722583750158e-05,1.6647429454065657e-05,-4.3658571685217517e-07,-2.726418722730168e-12
EYG,900061,1.225942780005078e-07,0.00027670705007917654,9.357769365948974e-06,-4.920402580096004e-06,-2.312297577654885e-07,-2.7264187226684647e-12
EYG,900062,1.2263830966287888e-07,0.00027670705007917643,-6.096872994637026e-06,-3.659087193308956e-06,1.939281521370024e-08,-2.7264187226684094e-12
EYG,900063,1.2259427800100566e-07,0.00027670702281498927,6.430790386934032e-06,-3.228206576633106e-06,1.1782905368109222e-06,-2.7264187248455718e-12
EYG,900064,1.2263830966291633e-07,0.00027670702281498927,-2.9050137532419387e-05,-5.204010788425613e-06,5.7974636213533475e-06,-2.7264187247357155e-12
EYG,900065,6.937899731377614e-07,0.0005944185494936619,1.3319920785820831e-06,-4.4018974065167376e-05,4.467283771626653e-08,4.243376801092884e-13
EYG,900066,6.93787028726237e-07,0.0005944185639387213,1.210746463790659e-06,-4.412428813429581e-05,4.0983288943143317e-07,5.575837098729406e-13
EYG,900067,6.937850876561033e-07,0.0005944185640520584,1.2107254258331856e-06,-4.4124288075279234e-05,4.0983428481991073e-07,5.576431373784583e-13
EYG,900068,6.937832545951355e-07,0.00059441854949383,-8.820259949143191e-07,-4.40511131039265e-05,8.323259888227308e-08,4.2433678034591527e-13
EYG,900069,6.937780586042524e-07,0.0005944185641123083,-7.956127450200527e-05,-1.333123243455383e-05,2.8733627051619464e-06,5.57482543845358e-13
EYG,900070,6.937849939177112e-07,0.0005944185503705391,4.89418417664294e-05,6.905203598044e-06,2.881558330715095e-05,4.2458303365837647e-13
EYG,900071,6.937849939177114e-07,0.0005944185535549119,-5.8289279187417214e-05,4.1607189392616735e-07,-6.699166607836578e-07,4.2458303365841903e-13
EYG,900072,6.937882292404274e-07,0.0005944185503705391,-3.423279113957007e-05,1.065946842789385e-05,-2.849289791402311e-05,4.245830336584188e-13
EYG,900073,6.937882292404278e-07,0.0005944185535549117,4.2340437676960285e-05,-5.72615535027255e-06,8.366331905680226e-06,4.24583033658419e-13
EYG,900074,6.937900400870663e-07,0.0005944185519627254,1.2563842614119004e-05,1.0485558933278984e-05,-3.892987768570859e-06,4.2458303365841903e-13
EYG,900075,6.937831830710727e-07,0.0005944185519627254,-6.503518337589335e-06,5.7525093099381815e-06,2.426806775003952e-06,4.245830336584188e-13
EYG,900076,6.937900400870665e-07,0.0005944185535549116,1.9554004164987395e-05,9.7213924506408e-06,8.592915981934294e-07,4.2458303364031627e-13
EYG,900077,6.937831830710729e-07,0.0005944185535549116,-1.2769729906170253e-05,1.4386536480499238e-05,-1.1009588305340391e-07,4.245830336472021e-13
EYG,900078,6.937900400870665e-07,0.0005944185572700133,1.222539905376626e-05,-5.258872746809177e-06,-2.962147408835602e-07,4.245830336584648e-13
EYG,900079,6.937831830710726e-07,0.0005944185572700133,-8.427455331853543e-06,-3.0428476853754516e-06,-2.861398665983624e-08,4.2458303365868717e-13
EYG,900080,6.937900400869882e-07,0.0005944185615158438,8.256406255660106e-06,-2.718058157510814e-06,1.3382668044952678e-06,4.245830335174158e-13
EYG,900081,6.937831830709398e-07,0.0005944185615158437,-4.003115542080614e-05,-6.616646740833001e-06,8.85675765758746e-06,4.2458303365954943e-13
EYG,900082,2.824595984454522e-06,0.0008252372940727115,1.4506083907964287e-06,-2.2204663417531657e-05,1.0207390512750408e-06,3.1472317466701634e-12
EYG,900083,2.8245722735983828e-06,0.0008252373953135468,1.8321026238208037e-05,-3.346141721729003e-05,1.2794308914117522e-05,9.422454239248943e-13
EYG,900084,2.8245655548912864e-06,0.0008252373958556158,-0.00013348679786126871,-5.027874884062741e-05,-1.6121475334468455e-05,9.421711854678572e-13
EYG,900085,2.8245461759964632e-06,0.0008252372940639342,-9.515769302012692e-07,-2.2109727628315823e-05,1.0268353879149343e-06,3.1472338038584206e-12
EYG,900086,2.82455714998713e-06,0.0008252373945901871,-0.00011478769413138103,-1.1851846731744641e-05,-1.301290427906606e-05,9.420250051310622e-13
EYG,900087,2.824559059663838e-06,0.0008252372951275511,2.3901265594075504e-05,3.4985019617965136e-06,1.4884049410186376e-05,3.147552518237463e-12
EYG,900088,2.8245590596638378e-06,0.0008252373187341949,-3.270888660737617e-05,4.097889197596062e-08,-1.7490790965663737e-08,3.14755251960589e-12
EYG,900089,2.8245830440140374e-06,0.0008252372951275512,-1.7300194469594396e-05,5.136563967292038e-06,-1.4209113443100978e-05,3.14755251960589e-12
EYG,900090,2.8245830440140374e-06,0.0008252373187341949,2.1758608181052012e-05,-3.812464859081394e-06,3.94152585226109e-06,3.1475525196058903e-12
EYG,900091,2.8245964683255333e-06,0.000825237306930873,7.380598529513131e-06,4.9835173655888615e-06,-2.817778116306613e-06,3.14755251960589e-12
EYG,900092,2.8245456353523423e-06,0.000825237306930873,-6.126893301251629e-06,2.7255446027607455e-06,1.5698682472402184e-06,3.1475525196058895e-12
EYG,900093,2.8245964683255325e-06,0.000825237318734195,1.501770390738551e-05,3.727432193588682e-06,-6.374797269962743e-07,3.1475525194852047e-12
EYG,900094,2.824545635352342e-06,0.000825237318734195,-1.0149186044084619e-05,7.20132507121272e-06,1.3752292943302726e-07,3.147552519494076e-12
EYG,900095,2.824596468325534e-06,0.0008252373462752796,1.3140363096720328e-05,-3.2349383234753608e-06,-4.2059423815245487e-07,3.1475525196053915e-12
EYG,900096,2.8245456353523423e-06,0.0008252373462752796,-7.285369986419957e-06,-2.117824785314895e-06,-6.229265875142956e-07,3.1475525196064396e-12
EYG,900097,2.8245964683249065e-06,0.0008252373777508049,2.955629147562436e-05,-2.0627208397194952e-05,-4.182104841945818e-06,3.1475525231863545e-12
EYG,900098,2.8245456353523414e-06,0.0008252373777508049,-6.925325813221472e-05,4.841513175858359e-06,1.5177657594693324e-05,3.147552519368105e-12
EYG,900099,8.50755883565738e-06,0.0008922505238281001,1.479758430817568e-06,-3.0029787709641104e-06,1.1559231085602716e-06,1.076511874199341e-12
EYG,900100,1.321509626197689e-05,0.0011842813679122416,8.546036515377659e-05,-6.954037273248161e-05,2.1057012834310954e-05,2.3780990098444306e-08
EYG,900101,8.50754205199653e-06,0.0008922505235059498,-9.63734083760832e-07,-3.2986544030685535e-06,1.1934443966915115e-06,1.0764849860313412e-12
EYG,900102,1.2831037078209235e-05,0.0011842813692503412,-0.00011184405872038196,6.308944609728203e-06,4.412817184987028e-06,2.3780990956869324e-08
EYG,900103,8.507546524794721e-06,0.0008922505238290013,1.461187586493589e-06,8.673061780831459e-07,2.9454441959330196e-06,1.0767496288100268e-12
EYG,900104,8.507546524794721e-06,0.0008922505319046236,-1.0804771379509806e-05,-1.7777399425013372e-07,2.857965769572364e-07,1.0767496291118936e-12
EYG,900105,8.507554729626895e-06,0.0008922505238290011,-2.2242990256296667e-06,-5.136024689299889e-07,-2.2748528350807203e-06,1.0767496291118928e-12
EYG,900106,8.507554729626892e-06,0.0008922505319046235,4.261516018621691e-06,-1.9680962013625207e-06,5.822304832680493e-07,1.0767496291118936e-12
EYG,900107,8.507559321964043e-06,0.0008922505278668124,1.7591861881032566e-06,9.186651873349141e-07,-1.198719832872019e-06,1.0767496367120564e-12
EYG,900108,8.507541932457555e-06,0.0008922505278668124,-3.260563944292847e-06,9.187954859478272e-07,1.1953563864156556e-06,1.0767496378582946e-12
EYG,900109,8.507559321964061e-06,0.0008922505319046235,9.408884589133433e-06,-8.978305697178933e-07,-2.137986168636523e-06,1.0767496291294395e-12
EYG,900110,8.507541932457551e-06,0.0008922505319046234,-7.082804044783634e-06,1.2621840764143448e-06,7.571812298635785e-07,1.0767496291305886e-12
EYG,900111,8.507559321964063e-06,0.0008922505413261828,7.921997861824824e-06,-1.1129746931426056e-06,6.490663745690214e-07,1.0767496291130668e-12
EYG,900112,8.507541932457551e-06,0.0008922505413261826,-6.835077179120258e-06,-1.2465498998548143e-06,-7.709282739954313e-07,1.0767496291116331e-12
EYG,900113,8.507559444105555e-06,0.0008922505521822144,7.646013698084959e-05,-2.835430671621003e-05,-1.4876433262878023e-05,1.3224536531101207e-12
EYG,900114,8.507542044634717e-06,0.0008922505521822143,-5.896932200458311e-05,9.773711685790542e-06,1.2359215023770463e-05,1.3224536545243637e-12
EYG,900115,6.937893640555562e-07,0.0005944185698213446,0.00028257400167729926,-7.203313773575616e-05,1.1832657184906493e-05,5.574825760491391e-13
EYG,900116,6.937893640684216e-07,0.0005944185739898205,0.00018026053401307604,-5.264349003586609e-05,1.1859146668130424e-05,5.574825760452409e-13
EYG,900117,6.937870619477094e-07,0.000594418572613918,1.9435851986890332e-05,-6.480068876555974e-06,-1.1226899906534135e-06,5.57482576295613e-13
EYG,900118,6.937780586041034e-07,0.0005944185726139179,-9.701811867889235e-06,-2.6686676140717767e-06,4.073027085111032e-07,5.574825762068248e-13
EYG,900119,6.937780586041032e-07,0.0005944185781887437,-7.561498975629663e-06,-2.8127198758479287e-06,-1.0477710524528064e-06,5.574825763101247e-13
EYG,900120,6.937870619477096e-07,0.0005944185740020495,2.0031450016407915e-05,-2.329979184913126e-05,8.782865796526399e-07,5.574825758759157e-13
EYG,900121,6.937870619477094e-07,0.0005944185837635695,5.2869024221077216e-05,-9.995597046219284e-06,-1.1089066298994776e-05,5.574825761989393e-13
EYG,900122,6.937780586041032e-07,0.0005944185837635695,-5.0135435832592374e-05,-7.232812149769462e-06,1.1178490005135882e-05,5.574825761186912e-13
EYG,900123,2.8245723636944915e-06,0.0008252374089560666,1.9354818840802677e-05,-6.181531548700885e-06,-9.757509895418692e-07,9.420249079643085e-13
EYG,900124,2.8245571499922304e-06,0.0008252374089560666,-1.3958937015744729e-05,-3.316182161910004e-06,-4.7395872761191934e-07,9.420249078474821e-13
EYG,900125,2.824572363694492e-06,0.0008252374183763156,1.698723522955152e-05,-6.022926315797552e-06,3.862444826941943e-07,9.420249078413286e-13
EYG,900126,2.8245571499922304e-06,0.0008252374183763157,-1.067775470593624e-05,-3.377836978068541e-06,-1.3052025054842279e-06,9.42024907824678e-13
EYG,900127,2.824572363694492e-06,0.0008252374277965647,5.500608358267886e-05,-1.0964652351331303e-05,-1.1126975589945197e-05,9.420249078481074e-13
EYG,900128,2.8245571499922304e-06,0.0008252374277965647,-5.118709620026399e-05,-7.725436004126676e-06,1.0413213821016504e-05,9.420249078638595e-13
EYG,900129,-3.5216307646397824e-11,5.148282447664805e-10,-4.3681036590703867e-07,-8.519917652840537e-06,4.051493405518285e-08,-1.2156621671539868e-11
EYG,900130,-3.521630764642378e-11,4.084578051401477e-10,-1.7159148956227813e-06,-5.901981599777809e-07,1.1318216054500401e-07,-1.2156621671558023e-11
EYG,900131,-3.521630727890354e-11,2.8689158841698763e-10,-9.429382768445381e-07,-6.831784283887994e-07,-3.4722984399793735e-07,-1.2156621686698204e-11
EYG,900132,2.1129633801269403e-11,5.60415576039888e-10,-1.9728385079058113e-05,5.4545212262232565e-06,5.988705533123622e-06,-1.2156621671556714e-11
EYG,900133,-7.150382333600149e-11,5.604155760428822e-10,2.3432080498096472e-05,1.7873467290464498e-06,-4.17849051504328e-06,-1.2156621671561348e-11
EYG,900134,1.226252666718465e-07,0.000276706982393805,-7.392704166885061e-06,-6.463308925147451e-07,1.4951210182492268e-07,-1.6277711452836931e-12
EYG,900135,1.2262526667184646e-07,0.0002767069661160936,-1.8644187461928827e-06,-3.060478174537871e-07,-2.157987035526208e-07,-1.6277711453757137e-12
EYG,900136,1.2262526667184643e-07,0.0002767069498383822,-1.0941643727176537e-06,-5.832817633748303e-06,-8.856734996348875e-08,-1.6277711452875172e-12
EYG,900137,2.824565534013909e-06,0.0008252374396189774,-1.7732321154007836e-05,-9.742046144249069e-06,6.314144589439181e-06,9.420249079350813e-13
EYG,900138,1.3042685823466443e-05,0.0011846440257045159,1.3431044481477386e-06,-1.5944537095925055e-06,3.6476728778043197e-07,2.378074528989719e-08
EYG,900139,1.3042685823466443e-05,0.0011848818331574148,-6.114174557558293e-06,-1.3663794230241321e-06,-1.0722597523144942e-06,2.3780745289897186e-08
EYG,900140,1.3042685823466443e-05,0.0011851196406103136,-3.4855254798379804e-06,-6.956605785809313e-06,-7.419528490843501e-07,2.3780745289897206e-08
EYG,900141,1.3042685823466445e-05,0.0011854180889637018,-1.8460427579067855e-05,-8.199627837986431e-06,6.004873725560589e-06,2.3780745289897193e-08
EYG,900142,1.2261404453624715e-07,0.00027670707393534033,-1.6247121405430382e-07,-2.1998414078899033e-05,8.29189821427858e-08,-2.7264187226590943e-12
EYG,900143,1.226140445362472e-07,0.00027670705007917654,-3.0999090157181365e-06,-8.267156612925883e-07,1.3950710552477616e-07,-2.726418722668253e-12
EYG,900144,1.2261404453638527e-07,0.00027670702281498927,-2.727732559557249e-06,-2.2164346830350115e-06,-6.443629846955483e-07,-2.726418724863064e-12
EYG,900145,1.2262668148702672e-07,0.00027670708415941057,-4.5777046547057664e-05,1.3933949273130549e-05,1.6891718033347557e-05,-2.726418722667313e-12
EYG,900146,1.2260590617636e-07,0.0002767070841594105,5.7197109003286196e-05,5.246002704002501e-06,-1.2249068484477615e-05,-2.7264187226704438e-12
EYG,900147,6.937869618600723e-07,0.0005944185535549117,-8.701687866068988e-07,-1.931913477957199e-05,-6.398442696773455e-09,4.245830336462178e-13
EYG,900148,6.937869618600723e-07,0.0005944185572700133,-4.906031110429491e-06,-1.2777882949737827e-06,3.5257150718179746e-07,4.245830336582664e-13
EYG,900149,6.937869618600235e-07,0.0005944185615158437,-1.958151633407229e-06,-2.8186399871181656e-06,-8.659147628775084e-07,4.2458303362985464e-13
EYG,900150,6.937849939177113e-07,0.0005944185519627254,-4.208494499851945e-05,1.2168100373970712e-05,1.4320049521839688e-05,4.245830336576461e-13
EYG,900151,6.937882292404277e-07,0.0005944185519627253,5.084414586131225e-05,4.136403560161138e-06,-1.0208327935313693e-05,4.2458303366028246e-13
EYG,900152,2.824573648569766e-06,0.0008252373187341951,-2.203831590679592e-06,-1.0284706739754723e-05,-2.4137684248212855e-07,3.147552519590824e-12
EYG,900153,2.8245736485697658e-06,0.0008252373462752796,4.930832756953972e-08,-1.2767625083155826e-06,-6.992339650687045e-07,3.1475525196055316e-12
EYG,900154,2.824573648569556e-06,0.0008252373777508047,-8.729624596639825e-05,-8.021500257635885e-06,2.138533599263208e-05,3.147552523661231e-12
EYG,900155,2.8245590596638378e-06,0.0008252373069308731,-2.3299866322035236e-05,5.958366481800088e-06,7.561467962972557e-06,3.147552519609828e-12
EYG,900156,2.8245830440140365e-06,0.000825237306930873,2.5293780968244138e-05,1.6970226525209304e-06,-5.205971290464697e-06,3.147552519596397e-12
EYG,900157,8.507551515529252e-06,0.0008922505319046234,-3.191057193373941e-06,-2.661130558555288e-06,-2.431407123912694e-07,1.076749629106606e-12
EYG,900158,8.507551515529252e-06,0.0008922505413261827,1.6064018237127716e-06,-9.0149606069207e-07,-8.530974216249477e-07,1.0767496291123828e-12
EYG,900159,8.507551633197591e-06,0.0008922505521822149,-8.632095086018577e-05,-1.1327369779690594e-05,2.2288801977535048e-05,1.322455320130348e-12
EYG,900160,8.50754652479472e-06,0.0008922505278668124,-8.038018200334996e-06,1.2602384908225932e-06,1.641590021378142e-06,1.076749629106158e-12
EYG,900161,8.507554729626895e-06,0.0008922505278668122,4.704611092311506e-06,-8.001630599665076e-08,-8.657897282376705e-07,1.0767496291257214e-12
EYG,900162,6.937830201990318e-07,0.0005944185726139179,-6.382413545655123e-06,-1.2396843541918853e-06,2.9788478926829634e-07,5.574825763182793e-13
EYG,900163,6.937830201990319e-07,0.0005944185781887437,-5.317775740394965e-06,-1.750871431721248e-07,-2.9520589281924575e-07,5.574825762308625e-13
EYG,900164,6.937830201990319e-07,0.0005944185837635695,-1.9538344065241104e-06,-6.499547854529158e-06,-1.7558824837167178e-07,5.574825762306876e-13
EYG,900165,2.82456553401391e-06,0.0008252374089560666,-7.833833214152008e-06,-1.756948582646524e-06,-1.0285288029547561e-06,9.420249079968086e-13
EYG,900166,2.8245655340139105e-06,0.0008252374183763157,-4.433925931894125e-06,-1.75784163363026e-06,-8.13522800795043e-07,9.420249078441574e-13
EYG,900167,2.8245655340139105e-06,0.0008252374277965648,-3.2787103325267645e-06,-6.691493080605568e-06,-6.981939526118039e-07,9.420249078367282e-13
EYG,900168,1.2262526667184648e-07,0.0002767069783406549,-6.6156121434167465e-06,4.385970555807642e-06,-9.545431966394592e-07,-1.6277711451900563e-12
EYG,900169,6.937830201990318e-07,0.0005944185740020495,-6.498129105025855e-06,3.76167934305953e-06,-4.2407729441220626e-07,5.574825758170717e-13
EYQ,1,-9.373705741746144e-17,-3.634909414290991e-14,1.583586670235696e-14,7.317568997744634e-14,-2.296761339747562e-17,-1.0393724540044132e-16
EYQ,101,6.284724128110204e-16,-1.5219272613684366e-14,2.2768971920500412e-14,2.7413992980183887e-14,1.458857949631297e-16,4.4365828581642267e-17
EYQ,201,1.425947009809842e-16,-2.341704825735615e-14,7.267577139618125e-14,3.0910476284241314e-14,1.8821653271594588e-16,-1.7070148501427898e-21
EYQ,1001,-9.800492482047189e-17,-2.145618771356013e-14,-1.0591624603490264e-14,4.138491226656857e-14,-1.546342979706789e-16,8.676268577652292e-20
EYQ,1101,1.1830641449203804e-17,-1.8201428956198062e-14,-2.978054959959989e-14,2.4025848480042367e-14,1.5615475451158192e-17,-1.707014850396763e-21
EYQ,1201,-1.0485939410294401e-16,-2.5662376563713174e-14,-2.2064831934791865e-14,3.3874309631056815e-14,-1.3841537033802745e-16,-1.7070148501427898e-21
EYQ,2001,-2.650231671911686e-15,-1.337065951034599e-14,-1.1637080053906372e-13,1.573226389141382e-14,-1.0327402897284918e-14,-7.872949734002889e-18
EYQ,2101,6.281880673901508e-17,-1.3719706204898357e-14,-2.13867659374946e-14,2.4257906332084406e-14,4.890302893499145e-16,1.6034271134535976e-17
EYQ,2201,-2.1905818201705835e-17,-2.3002822519416312e-14,-4.751290227711156e-14,3.036369831340316e-14,-2.890744326306067e-17,-1.7070148501427898e-21
EYQ,100001,-1.1068271703264413e-11,6.26607601964906e-11,1.5065291304479846e-07,-5.407696800777227e-06,1.225472893134592e-08,-1.3516854287393688e-12
EYQ,100101,-1.120718719852489e-11,4.905050812591093e-11,7.435418163684228e-07,-1.883506506095069e-06,-7.349517256521278e-08,-1.351768088664513e-12
EYQ,100201,-1.1068864293536783e-11,3.5673548229232425e-11,1.9577963633484094e-06,-1.0198444595278037e-05,-6.210742197677635e-08,-1.3516854259352586e-12
EYQ,100301,-5.533530763231702e-12,1.10759674419323e-11,8.148261096935506e-14,-1.1736015518296794e-13,1.6267228578295472e-15,-6.758427142478903e-13
EYQ,100401,-6.642443523685688e-12,5.305773734192476e-12,2.83988939886354e-12,-2.525036193763451e-13,-1.1392329515395191e-14,-8.110054868054122e-13
EYQ,100451,-5.536127555179364e-12,9.382134526728383e-13,1.3990349756843715e-13,-1.1706111479224162e-13,-5.2288078645484034e-15,-6.758427142478903e-13
EYQ,101001,-1.2680638104041325e-12,6.27134150917764e-11,1.4391224838658356e-07,-7.141987120556703e-06,3.882681333243486e-08,-1.3516854344646352e-12
EYQ,101101,-1.2689174421116169e-12,4.919822124412198e-11,-8.022515700146691e-07,-7.926981942712471e-06,-5.153037824871552e-09,-1.3516854261363653e-12
EYQ,101201,-1.2681550980935592e-12,3.568252954249291e-11,-5.943995762265719e-07,-1.1176314040273738e-05,4.56669782565348e-08,-1.3516854259352586e-12
EYQ,101301,-6.342735370577415e-13,1.1081464086796838e-11,-1.9022768500767903e-14,-1.3187129757898989e-13,3.6245855821822975e-17,-6.758427142478903e-13
EYQ,101401,-6.342905059665145e-13,4.32062770160377e-12,-1.540495949105636e-14,-1.255109015259595e-13,-8.552063398720795e-18,-6.758427142478903e-13
EYQ,101451,-6.343103846206366e-13,9.436563281918282e-13,-2.526835819928393e-14,-1.314303061169569e-13,-6.103170996532433e-17,-6.758427142478903e-13
EYQ,102001,1.0762337220476406e-11,6.270658242591995e-11,-4.260312803515229e-06,-7.808565787904082e-06,8.981564981854897e-07,-1.3516854131936526e-12
EYQ,102101,1.0899113923804471e-11,4.904638406738978e-11,-7.325066360833845e-07,-2.11168866055914e-06,7.054162820271464e-09,-1.3517139685858749e-12
EYQ,102201,1.0761513428791176e-11,3.5671891326274534e-11,-1.279939455794275e-06,-1.0018043942368905e-05,9.545701503155288e-09,-1.3516854259352586e-12
EYQ,102301,6.522838436304917e-12,1.328668385875513e-11,-6.742676057616781e-14,-2.2502319771588318e-13,5.459926944291175e-16,-8.106425960075336e-13
EYQ,102401,6.526286709568996e-12,5.304918547465534e-12,-2.8144743070156204e-12,-2.5060401187052813e-13,1.4182520772127059e-14,-8.11003821363693e-13
EYQ,102451,6.527867661319141e-12,1.1213249329455457e-12,-1.225057210200051e-13,-2.2357999284399526e-13,5.5804703520483946e-15,-8.113791170205946e-13
EYQ,200001,3.826231161757742e-08,8.13537348204093e-05,2.574699329228497e-07,-1.6919923568127905e-05,-1.4552154693651648e-08,-4.82959495618249e-13
EYQ,200101,3.826231193473345e-08,8.13537299714517e-05,2.581585611500589e-06,-2.1791150588940533e-05,-1.2273087290533327e-07,-4.829594958822118e-13
EYQ,200201,3.82623113026728e-08,8.135372516265149e-05,3.915592654021047e-06,-2.083783163924419e-05,2.774162870825844e-07,-4.829594958877995e-13
EYQ,200301,3.826231245568108e-08,8.13537203107635e-05,2.1950418463713597e-06,-2.2910490681446595e-05,-5.077204116830544e-07,-4.82959495037636e-13
EYQ,200401,3.8262312220032e-08,8.135371524810211e-05,2.445411355579716e-05,-2.003142145394564e-05,5.529967255127414e-07,-4.829814534951901e-13
EYQ,200451,3.826230812291378e-08,8.135371306548203e-05,3.768829053992009e-06,-2.300915646953219e-05,1.7541523645448307e-06,-4.829594948005995e-13
EYQ,201001,3.8265802501638775e-08,8.135373481812022e-05,2.7706593645398743e-07,-1.8155824662062086e-05,-1.946648758426123e-07,-4.829594797464835e-13
EYQ,201101,3.826581397912648e-08,8.135372999064311e-05,-1.5704051339631738e-06,-1.7432661412286392e-05,1.783319918110142e-07,-4.82959495891657e-13
EYQ,201201,3.826581335477608e-08,8.135372516832512e-05,-1.1887991303883119e-06,-1.6926353868224423e-05,-1.5367866026678784e-07,-4.829594958702618e-13
EYQ,201301,3.826581329499939e-08,8.13537203131553e-05,-5.124501092475365e-07,-1.8122771203274283e-05,1.7030992260908332e-08,-4.829594950601442e-13
EYQ,201401,3.826581302450003e-08,8.135371548301926e-05,-4.149907608783146e-07,-2.022128367394781e-05,3.1811349429760815e-08,-4.829594950799089e-13
EYQ,201451,3.8265813208933405e-08,8.135371306848943e-05,-6.806986543102927e-07,-1.826827147878473e-05,4.9126170092400535e-08,-4.829594950669556e-13
EYQ,202001,3.8270112104839525e-08,8.135373481525199e-05,-1.3977158250962912e-05,-2.1131465111155927e-05,-3.6793033266140014e-07,-4.82959498040268e-13
EYQ,202101,3.827011263427572e-08,8.135372997330329e-05,-2.2574726255451467e-06,-2.3351680006853958e-05,-1.2745760220898038e-07,-4.829594958769506e-13
EYQ,202201,3.827011156107004e-08,8.135372516102745e-05,-2.5598788640756475e-06,-2.1559434248789794e-05,-9.190297208732003e-09,-4.829594958916069e-13
EYQ,202301,3.827014988076653e-08,8.135372029795199e-05,-1.092303506197525e-06,-3.322845374941894e-05,1.9277811429412104e-07,-4.828096272200285e-13
EYQ,202401,3.8270150838053994e-08,8.135371524752294e-05,-2.4039077426419993e-05,-2.0214922289579787e-05,-6.416525356859628e-07,-4.829862097684176e-13
EYQ,202451,3.827015647860537e-08,8.135371305360542e-05,-2.069748516189928e-06,-3.33010834066589e-05,-6.368281659054774e-07,-4.831123326008637e-13
EYQ,300001,2.2275834595921436e-07,0.0001739849728259522,3.8485819568639424e-07,-1.2623796088348283e-05,1.3538462183084942e-07,1.692489921268472e-13
EYQ,300101,2.2275834546993718e-07,0.0001739849744921835,3.980522436981561e-06,-1.6011930072324322e-05,-1.3777096518052085e-07,1.6924899142842354e-13
EYQ,300201,2.2275834630591905e-07,0.00017398497617973264,5.3334599377062185e-06,-1.5270483608039022e-05,1.488874358959725e-07,1.6924899130509626e-13
EYQ,300301,2.2275834530072176e-07,0.00017398497787691529,3.7828146438989475e-06,-1.4780937479667205e-05,-2.9115235294443794e-07,1.6924899140769747e-13
EYQ,300401,2.2275834522031687e-07,0.00017398497956387117,2.471751583772345e-05,-1.6303045009572824e-05,7.585491833739904e-07,1.692489913764786e-13
EYQ,300451,2.2275835181635955e-07,0.00017398498041712863,6.70934339144574e-06,-1.5168126351546521e-05,1.5958237587805352e-06,1.6924899141642498e-13
EYQ,301001,2.2275713380794915e-07,0.0001739849727927735,-4.783856249753163e-07,-1.3834589117573235e-05,4.716606048154108e-06,1.6924898550109938e-13
EYQ,301101,2.2275711895380483e-07,0.0001739849744860081,-2.192542268807303e-06,-1.3697298305382067e-05,-3.2553131678265684e-07,1.692489914366243e-13
EYQ,301201,2.227571184482318e-07,0.00017398497617744679,-1.597287366559511e-06,-1.3777423301201595e-05,-2.7985765728104527e-09,1.6924899130053644e-13
EYQ,301301,2.2275711865943131e-07,0.00017398497787286978,-9.450984901420972e-07,-1.3739271728904909e-05,-2.2431708093493367e-08,1.6924899140290898e-13
EYQ,301401,2.2275711883887527e-07,0.0001739849795681768,-6.960012800902315e-07,-1.3974919253764103e-05,9.53742643808463e-08,1.6924899137040056e-13
EYQ,301451,2.227571177936933e-07,0.00017398498041148772,-1.2824654336846572e-06,-1.3858369067678367e-05,1.505114368961074e-08,1.6924899140736532e-13
EYQ,302001,2.2275562038044293e-07,0.00017398497279755008,-2.3273139305144418e-05,-1.575039217173131e-05,6.708908735858332e-07,1.692489796292544e-13
EYQ,302101,2.2275561224239034e-07,0.00017398497449358226,-3.3936173591750635e-06,-1.543371881282157e-05,-4.5078753558584794e-07,1.6924899142996913e-13
EYQ,302201,2.227556124163419e-07,0.0001739849761821898,-3.5006134564724535e-06,-1.5797376763003948e-05,1.9098867219397268e-08,1.6924899140288093e-13
EYQ,302301,2.2275561195556543e-07,0.00017398497790004026,-2.2675572132088057e-06,-1.316091862458383e-05,5.336070045710071e-07,1.6924899140346113e-13
EYQ,302401,2.2275561296506398e-07,0.00017398497956365924,-2.3832998874603234e-05,-1.657136356223887e-05,-7.246227026209649e-07,1.6924899139926065e-13
EYQ,302451,2.2275560932395524e-07,0.0001739849804387863,-4.654227787828949e-06,-1.3265240338293869e-05,-1.766867387904153e-06,1.6924899143405106e-13
EYQ,400001,9.281704651040181e-07,0.00024007801336571743,5.019463457087e-06,-8.622576172137677e-06,4.6609037911356246e-07,2.48310721222616e-13
EYQ,400101,9.2817046778318e-07,0.00024007801589559966,4.9644715662175435e-06,-1.9823983381238256e-05,3.534445983207993e-07,2.4832169585284313e-13
EYQ,400201,9.281704673865801e-07,0.0002400780183783141,6.332941669009935e-06,-2.1022427570237946e-05,3.895108387239862e-07,2.483216961099593e-13
EYQ,400301,9.28170468475207e-07,0.00024007802086069356,4.933248695114131e-06,-2.105135882147287e-05,4.215054608718004e-08,2.483216961074489e-13
EYQ,400401,9.281704662460881e-07,0.00024007802334440173,2.4968354698935004e-05,-2.0582409897773595e-05,1.13788514246466e-06,2.4832169616069093e-13
EYQ,400451,9.28170473647869e-07,0.00024007802458505878,9.05278471644925e-06,-2.0506116144259235e-05,-5.3362104792492e-07,2.4832169593983725e-13
EYQ,400501,9.281704822641466e-07,0.00024007802581103095,3.874027917073498e-05,-2.4601762318290477e-05,-2.9706625267798124e-06,2.48321696360755e-13
EYQ,401001,9.281686783215291e-07,0.00024007801341551676,-4.194533768430383e-05,-1.9202449412892548e-05,-6.422272894060798e-06,2.483215086792101e-13
EYQ,401101,9.281686712161107e-07,0.000240078015906662,-2.63977872100809e-06,-1.8154954401156886e-05,4.1974181901211845e-07,2.483216958056249e-13
EYQ,401201,9.281686665325873e-07,0.0002400780183899278,-1.8636133223034268e-06,-1.810646676337995e-05,3.0791466434597594e-07,2.483216961152052e-13
EYQ,401301,9.281686671351424e-07,0.00024007802087308696,-1.2458692286078603e-06,-1.802547481998054e-05,3.866441776811198e-07,2.483216961163819e-13
EYQ,401401,9.281686675142864e-07,0.00024007802335419693,-8.849222463124547e-07,-1.8897122349713283e-05,3.232743588340604e-07,2.483216961728032e-13
EYQ,401451,9.281686658496811e-07,0.0002400780245975389,-1.7665102305577833e-06,-1.8221903071937953e-05,7.957794437621186e-07,2.483216958955124e-13
EYQ,401501,9.281686622807006e-07,0.00024007802583464748,-1.0883312224627235e-05,-1.9422291928793457e-05,1.4844098536910575e-06,2.483216964691909e-13
EYQ,402001,9.281664569565221e-07,0.00024007801341898076,-3.233698623110381e-05,-2.0097866782354036e-05,-3.4985518471918277e-06,2.483217182076494e-13
EYQ,402101,9.281664585127338e-07,0.0002400780158920684,-4.213642201445335e-06,-2.077533691163289e-05,2.8614982966874243e-07,2.4832169606919817e-13
EYQ,402201,9.281664570489203e-07,0.0002400780183762168,-4.192855930814642e-06,-2.0673907403008543e-05,3.2865891796514785e-07,2.4832169611474783e-13
EYQ,402301,9.281664563612152e-07,0.00024007802085386482,-3.135273550365241e-06,-2.1298076412295577e-05,7.31301453582372e-07,2.483216961154984e-13
EYQ,402401,9.281664588728749e-07,0.0002400780233425451,-2.371333406274036e-05,-2.0858200862616185e-05,-5.42778888866344e-07,2.4832169615454034e-13
EYQ,402451,9.281664512502426e-07,0.00024007802457857086,-6.74907962858853e-06,-2.1365850991230198e-05,1.047795385752517e-06,2.4832169595699145e-13
EYQ,402501,9.281664411216625e-07,0.000240078025811436,-3.706158724591819e-05,-2.453062487491582e-05,3.998443677569749e-06,2.483216963517315e-13
EYQ,500001,4.49214488697146e-06,0.00036262841167123604,2.6965911106742715e-05,-3.138375902125762e-05,8.635984785634866e-06,8.69070422544993e-09
EYQ,500101,4.492144883969472e-06,0.0003627153186723539,5.44396605018663e-06,-2.4198532301269883e-05,1.3913770529745282e-07,8.690704214474974e-09
EYQ,500201,4.492144885107093e-06,0.0003628022257160506,6.811690506937678e-06,-2.3672031060866098e-05,5.985204882249909e-07,8.690704214474944e-09
EYQ,500301,4.492144882210483e-06,0.0003628891327579751,5.4907345258472045e-06,-2.3543310106232737e-05,-3.156303594538846e-07,8.69070421447495e-09
EYQ,500401,4.492144889365831e-06,0.0003629760398020469,2.5136928921675144e-05,-2.484759112429437e-05,1.7048813700591563e-06,8.690704214474901e-09
EYQ,500451,4.492144880048534e-06,0.00036301949332128954,1.0211839996252488e-05,-2.412506224490705e-05,-6.814155275571603e-07,8.69070421447509e-09
EYQ,500501,4.492144869811331e-06,0.0003630629468527311,3.8746978216580016e-05,-2.4543374509742532e-05,-2.7028081900961146e-06,8.690704214474794e-09
EYQ,501001,4.429137243351433e-06,0.0003626276872846002,-5.827098499030449e-05,-2.0660421826772994e-05,2.6203873301456885e-07,8.690734253982183e-09
EYQ,501101,4.429137274370404e-06,0.00036271531865214455,-2.91797332411274e-06,-1.706609349943114e-05,-1.6855956879103643e-06,8.690704214662724e-09
EYQ,501201,4.429137279538197e-06,0.00036280222569431313,-1.9785674321300094e-06,-1.712103211484936e-05,6.76871982747795e-07,8.690704214474938e-09
EYQ,501301,4.429137279071336e-06,0.0003628891327362421,-1.3953985321682042e-06,-1.7104149163071974e-05,3.9481829723763096e-07,8.690704214474934e-09
EYQ,501401,4.429137278817184e-06,0.00036297603978303623,-9.794336223744266e-07,-1.8253501308264146e-05,3.475021383440941e-07,8.690704214474883e-09
EYQ,501451,4.429137281382296e-06,0.0003630194933005573,-2.0090847238614115e-06,-1.7380087072458994e-05,9.921361753282693e-07,8.690704214475171e-09
EYQ,501501,4.429137283907537e-06,0.00036306294682911445,-1.0885236929084169e-05,-1.9437526038417243e-05,1.403280772770057e-06,8.690704214474683e-09
EYQ,502001,4.351790004349016e-06,0.0003626284116236277,-3.286521491216159e-05,-2.106728497513227e-05,1.1419295625530605e-06,8.690704214465698e-09
EYQ,502101,4.351790008907505e-06,0.000362715318676742,-4.666128882460725e-06,-2.5158200781642365e-05,-6.574986550288798e-07,8.690704214474977e-09
EYQ,502201,4.351790011547852e-06,0.0003628022257185574,-4.545555113314555e-06,-2.5112312794525513e-05,4.498973404496229e-07,8.69070421447494e-09
EYQ,502301,4.351790014341467e-06,0.0003628891327616506,-3.5847829124289475e-06,-2.48973083679844e-05,1.2639100187557014e-06,8.690704214474938e-09
EYQ,502401,4.351790006015261e-06,0.00036297603980515287,-2.3694428618946597e-05,-2.5924507789642706e-05,-1.0881800713542932e-06,8.690704214474905e-09
EYQ,502451,4.3517900148969376e-06,0.00036301949332538224,-7.783349013773575e-06,-2.5047753907824982e-05,1.1893303218378526e-06,8.690704214475082e-09
EYQ,502501,4.351790027494651e-06,0.0003630629468523261,-3.7070064812537806e-05,-2.44381143376201e-05,3.7251496379558416e-06,8.690704214474802e-09
EYQ,600003,3.825649686117359e-08,8.135376169897678e-05,-8.754366446116138e-07,-1.5036524444544503e-05,-1.4715426390220298e-07,-8.352927488545886e-13
EYQ,600004,2.227588537607988e-07,0.0001739849702157639,-6.616436401471849e-06,-8.472553864749584e-06,-1.2718547243579889e-06,8.011643485541493e-14
EYQ,600005,9.281769765154257e-07,0.00024007798123887018,-4.638028338485225e-06,-2.417850686672696e-06,-8.47076257383077e-07,1.014681757299738e-12
EYQ,600006,2.8289198999144348e-06,0.00025324148838181575,4.0180267120863794e-07,2.1821238603629776e-07,3.8934362552650307e-07,6.242960132308252e-13
EYQ,601002,-3.6687981549969773e-11,1.78670534013864e-10,1.833561032294504e-07,-4.577771950566038e-06,-1.3168483250460704e-07,-3.639414608373154e-12
EYQ,601003,3.825643337895161e-08,8.135376108086012e-05,4.881914930123823e-07,-1.1901493390061864e-05,-5.321570598257981e-07,-8.35292735690131e-13
EYQ,601004,2.2275890655752775e-07,0.00017398497030469309,7.862546256744354e-07,-8.137075296574706e-06,-7.106276486023257e-07,8.011644082413436e-14
EYQ,601005,9.281782367501531e-07,0.00024007798274059913,4.5874336692281357e-07,-3.0377081310058955e-06,-3.652486201890561e-07,1.0146817613905522e-12
EYQ,601006,2.8289208943231625e-06,0.00025324148901983913,4.0180312266385943e-07,2.182123275884982e-07,3.8934358259068593e-07,6.244722550135483e-13
EYQ,602002,1.7572050817770594e-11,1.800171173918761e-10,4.5552666157365425e-06,-2.413316500185314e-06,1.0544681070873198e-06,-3.639414590691249e-12
EYQ,602003,3.8269374569439124e-08,8.135376169897672e-05,8.54612586461863e-06,-1.1025368742532399e-05,1.5542123797963264e-06,-8.352927345442766e-13
EYQ,602004,2.227576185288921e-07,0.0001739849702157633,6.791170217198663e-07,-1.2386483028706767e-05,1.6825804903832757e-07,8.011631491140685e-14
EYQ,603002,2.2088564145240604e-11,1.7867053377498904e-10,-1.1071650245722835e-07,-4.6383610583508405e-06,4.3874728286198483e-08,-3.639414564179838e-12
EYQ,603003,3.8269923356792595e-08,8.135376108086012e-05,-3.0133696310190385e-07,-1.224821996456531e-05,2.4647433428940634e-07,-8.352927356981222e-13
EYQ,603004,2.2275761267710828e-07,0.00017398497030469309,-4.3445995373021967e-07,-8.547652307264747e-06,3.0987342479202704e-07,8.011644083680449e-14
EYQ,603005,9.281618496398049e-07,0.00024007798274059913,-8.024775684202647e-07,-3.289825579023697e-06,3.9006624550428396e-07,1.0146817613986927e-12
EYQ,603006,2.828910988938361e-06,0.0002532414890030392,-2.5694676030924414e-07,2.4136382378834154e-07,3.9816662136519005e-07,6.24468229056218e-13
EYQ,605005,9.281618484406625e-07,0.0002400780130796274,-3.4037779488850866e-05,-1.314951463011994e-05,-2.627253981339599e-07,1.0146703232676826e-12
EYQ,609002,-2.7886893317452208e-12,6.29380148194335e-11,1.5065291057280305e-07,-5.407697184302478e-06,1.2254729046729348e-08,-1.3515655064436888e-12
EYQ,612002,-9.10832783644581e-12,6.299868156290692e-11,-3.6131028932527788e-06,-2.1630809900175187e-07,1.2254728309972583e-08,-1.351685423867827e-12
EYQ,612003,3.826371220011275e-08,8.135373494114918e-05,-5.630662693377855e-06,7.444765265200461e-06,-1.455215293325582e-08,-4.829594913555901e-13
EYQ,612004,2.22757609726101e-07,0.00017398497278363996,4.7779373652062495e-06,5.5544688836381045e-06,1.3538482658342475e-07,1.6924898866032488e-13
EYQ,612005,9.281690249018352e-07,0.0002400780133036398,-2.57817175931273e-05,-8.760216214470177e-06,-3.197688502478991e-06,2.4831072101770433e-13
EYQ,612006,4.429137223570673e-06,0.0003626269629437189,-5.8270985215838114e-05,-2.066042184240216e-05,2.6203877880720064e-07,8.690764893959725e-09
EYQ,700001,8.212512345520743e-17,-1.8677978419638743e-14,-3.8731711212337e-14,2.4654824945800507e-14,1.0842206909176729e-16,-4.596139493083971e-21
EYQ,700002,3.585635450276607e-17,-1.8695172236450243e-14,-4.222135228019857e-14,2.4677548639368288e-14,4.7347293490228056e-17,-4.596139493129339e-21
EYQ,700003,-3.0016421838018675e-16,-4.749757569330225e-14,-5.725865059822183e-13,5.172958699784062e-14,-5.245747659285761e-16,-7.433679141166805e-19
EYQ,700004,4.074542377610354e-17,-1.7180387219825083e-14,-1.0661964092795163e-14,2.2677983672990196e-14,5.377607420253551e-17,-4.596139493250157e-21
EYQ,700005,-6.174632250582574e-17,-1.634079326294976e-14,-1.2396907704871036e-14,2.156974054324283e-14,-8.151303065478227e-17,-4.596139493075314e-21
EYQ,700006,2.612143640866939e-17,-1.6343136982148103e-14,-2.2229918081713888e-14,2.1572862107957466e-14,3.447241075037729e-17,-4.596139493129294e-21
EYQ,700007,-1.5944631269379813e-16,-1.8302041090431117e-14,5.4639367198063985e-14,2.415858767184142e-14,-2.1049721272870629e-16,-4.596139493082412e-21
EYQ,700008,-4.855821781209771e-17,-1.83357984678038e-14,5.414085768385914e-14,2.4203175265288653e-14,-6.412492759289354e-17,-4.596139493129675e-21
EYQ,701001,2.2089025625292454e-11,1.3911906449470812e-10,-1.043384912206912e-06,-8.13457079573667e-06,-3.575539454334623e-08,-3.639414600199523e-12
EYQ,701002,2.208797406810392e-11,1.0272483000661471e-10,-1.1373915730348649e-06,-8.142040543818863e-06,-1.560474936343474e-08,-3.639414600235448e-12
EYQ,701003,2.208932148294886e-11,6.62376389899448e-11,-2.083541802164116e-05,-8.982995182867598e-06,6.886364933655822e-08,-3.639412186661749e-12
EYQ,701004,-1.0302041576837298e-11,1.6642075065048257e-10,-2.872202678556297e-07,-7.482364299151536e-06,-1.7750360691013633e-08,-3.6394146003311166e-12
EYQ,701005,-1.0302373000429243e-11,1.3912803737649318e-10,-3.3395752607914785e-07,-7.116696516605106e-06,2.6886116713584737e-08,-3.639414600192669e-12
EYQ,701006,-1.030229876337986e-11,1.0273390028836235e-10,-5.988467950434351e-07,-7.1176988556709045e-06,-1.138142568398404e-08,-3.6394146002354124e-12
EYQ,701007,-3.668856407726207e-11,1.3912062817698197e-10,1.4719177016076216e-06,-7.97084524034856e-06,6.942239633750245e-08,-3.6394146001982895e-12
EYQ,701008,-3.6688014702709235e-11,1.0272637063746401e-10,1.4584884652162465e-06,-7.985528632700941e-06,2.1129200921217556e-08,-3.639414600235714e-12
EYQ,702001,3.826992359778475e-08,8.135375229160425e-05,-1.9299581350863423e-06,-2.13321297289331e-05,-1.815744208157338e-07,-8.352927512483381e-13
EYQ,702002,3.826992278082432e-08,8.135374393862741e-05,-2.1386385677233233e-06,-2.137066352380583e-05,2.763923260960446e-07,-8.352927512392032e-13
EYQ,702003,3.826992223707261e-08,8.135373551093209e-05,-3.795079558523459e-05,-2.211139690303401e-05,-1.400826088319951e-07,-8.352948177070518e-13
EYQ,702004,3.826248937853191e-08,8.135375855938714e-05,-5.290434689080457e-07,-1.868566887212533e-05,-6.082666860306027e-08,-8.352927512268407e-13
EYQ,702005,3.8262489140354824e-08,8.135375229614005e-05,-6.139541522288258e-07,-1.7424323785979654e-05,8.35125879581899e-08,-8.352927512448083e-13
EYQ,702006,3.826248970795074e-08,8.135374394320219e-05,-1.1395498726603138e-06,-1.742043864066546e-05,5.1181393365141256e-08,-8.352927512396089e-13
EYQ,702007,3.8256433122007636e-08,8.135375229236437e-05,2.720790987878375e-06,-2.0651125930602476e-05,2.730566557245501e-07,-8.352927512476482e-13
EYQ,702008,3.8256433372688056e-08,8.135374393936561e-05,2.7237979938498484e-06,-2.069969891890551e-05,3.379693596230804e-08,-8.352927512402096e-13
EYQ,703001,2.227576124858083e-07,0.00017398497111612756,-2.418551756633136e-06,-1.8328794748722356e-05,-6.68407227952681e-08,8.011643487915718e-14
EYQ,703002,2.227576118223409e-07,0.0001739849719173719,-2.767425963892758e-06,-1.835774966310549e-05,3.0910674856759567e-07,8.011643487875534e-14
EYQ,703003,2.2275761447810816e-07,0.00017398497262729253,-3.949199130164255e-05,-1.9581351992411263e-05,3.805943979712842e-07,8.012621038185737e-14
EYQ,703004,2.2275832560574722e-07,0.00017398497051115586,-6.510318796155825e-07,-1.6332050167750947e-05,7.119777062813258e-10,8.011643488923076e-14
EYQ,703005,2.2275832606061858e-07,0.00017398497110998644,-7.58618192189238e-07,-1.53355174419861e-05,1.4907765841003058e-07,8.011643487444049e-14
EYQ,703006,2.2275832339501222e-07,0.00017398497191110454,-1.527673602133525e-06,-1.534102799902097e-05,-1.3638524159215072e-07,8.011643488098068e-14
EYQ,703007,2.2275890717340178e-07,0.00017398497111498782,3.3990067769632365e-06,-1.7834024851610288e-05,2.5515619753894323e-07,8.011643487816029e-14
EYQ,703008,2.2275890677758204e-07,0.00017398497191616367,3.495147081000979e-06,-1.7879731988204512e-05,9.768843824093882e-08,8.011643488183213e-14
EYQ,704001,9.281618503414503e-07,0.00024007799263343882,-2.5643291954870243e-06,-8.341101593991917e-06,1.6482755160106245e-07,1.0146817556103637e-12
EYQ,704002,9.281618492592167e-07,0.0002400780027804382,-3.0632433390882794e-06,-8.344780256292458e-06,9.117429194960011e-07,1.0146817556249789e-12
EYQ,704003,9.281618491928732e-07,0.00024007801300726515,-3.403778016958922e-05,-1.3149514598149924e-05,-2.6272533889302964e-07,1.0146759995265992e-12
EYQ,704004,9.281708809131897e-07,0.00024007798501825574,-6.744950986878775e-07,-7.479545069224511e-06,2.491365936688754e-07,1.014681755671969e-12
EYQ,704005,9.281708818531465e-07,0.00024007799262569014,-7.83683469800489e-07,-7.107808968083685e-06,1.953734721338886e-07,1.0146817556039712e-12
EYQ,704006,9.281708773372358e-07,0.00024007800277238778,-1.79029906047056e-06,-7.124078908153951e-06,1.3239483277685107e-06,1.014681755631793e-12
EYQ,704007,9.281782381317107e-07,0.00024007799263185318,3.586558595382066e-06,-8.156450090966536e-06,2.6792559857420185e-07,1.01468175560845e-12
EYQ,704008,9.281782415528732e-07,0.000240078002778506,3.8431542669980486e-06,-8.200013546631372e-06,2.0105049090354073e-07,1.0146817556332996e-12
EYQ,705001,2.8289109555793394e-06,0.0002532414954103389,-2.562945936122256e-06,-5.687562879395406e-07,2.3128581061319293e-07,6.242960137278609e-13
EYQ,705002,2.828910959239828e-06,0.00025324150165319226,-3.136642816309325e-06,-5.18553516995833e-07,1.0785599377688732e-06,6.242960136006474e-13
EYQ,705003,2.8289109560213576e-06,0.0002532415079023465,-3.403778016958922e-05,1.5885849903320351e-06,8.513433917300317e-07,6.242960137238278e-13
EYQ,705004,2.828916512258445e-06,0.0002532414907266258,-6.641025729913603e-07,-7.80048860022629e-07,3.405983673877297e-07,6.242960137195881e-13
EYQ,705005,2.8289165115357094e-06,0.00025324149540838285,-7.694160712352218e-07,-9.50121142270614e-07,7.960082261834943e-08,6.24296013726787e-13
EYQ,705006,2.8289165179875263e-06,0.0002532415016515129,-1.8769968288921592e-06,-1.0078532383063751e-06,1.7608753868683672e-06,6.242960135920432e-13
EYQ,705007,2.828921038256135e-06,0.00025324149541036456,3.5622345815606248e-06,-7.645515534731332e-07,2.571754191688765e-07,6.24296013728547e-13
EYQ,705008,2.8289210343198506e-06,0.0002532415016536943,3.9694961976967646e-06,-8.819985978998463e-07,-1.3902528746399082e-06,6.242960135905821e-13
EYQ,900000,-3.609333436033862e-11,1.797819130267323e-10,1.5676197195676774e-07,-5.24080372919677e-06,-9.323878557789325e-09,-3.6392916358921144e-12
EYQ,900001,-1.1152153317227358e-11,6.30733322579495e-11,1.5065403009663007e-07,-5.407696460565579e-06,1.2254727945209625e-08,-1.3515305252592721e-12
EYQ,900002,-6.168250712015776e-12,6.30719024956783e-11,1.5065183538203349e-07,-5.407696639248992e-06,1.2254729769024413e-08,-1.3516855638206847e-12
EYQ,900003,2.149755067552109e-11,1.7978368900454146e-10,-1.0373284705631743e-07,-5.2405921271031485e-06,-6.82898118480972e-09,-3.639291615776879e-12
EYQ,900004,1.0886004795126504e-11,6.301368909118516e-11,-4.0483577654195025e-06,-5.199651585008893e-07,5.17563977585717e-07,-1.3516712882793552e-12
EYQ,900005,6.566461070545163e-12,1.800171174189621e-10,5.655722231653148e-06,8.218684402127073e-07,3.640578014367674e-06,-3.639414608373154e-12
EYQ,900006,6.566461070545163e-12,1.5272150785616346e-10,-7.543518648401398e-06,6.047945374750995e-08,-1.7638822520798748e-07,-3.639414608373154e-12
EYQ,900007,-2.116587824455219e-11,1.8001711741102082e-10,-3.7759776464864395e-06,1.303924536725205e-06,-3.600795409937379e-06,-3.639414606867219e-12
EYQ,900008,-2.1165878245258274e-11,1.5272150785616346e-10,5.467577483442898e-06,-7.273665331385505e-07,1.1712832845603653e-06,-3.639414608373154e-12
EYQ,900009,-3.6687981549969773e-11,1.6636931263756275e-10,1.6166484803471488e-06,1.4791129461146788e-06,-4.874827153405461e-07,-3.639414608373154e-12
EYQ,900010,2.2088564375256643e-11,1.6636931263756278e-10,-8.107025543940458e-07,8.631011372783235e-07,3.115904809717626e-07,-3.639414608373153e-12
EYQ,900011,-3.668798154999214e-11,1.5272150785620957e-10,2.4210527511573214e-06,1.2860064851024537e-06,1.3716099023581216e-07,-3.639414608286661e-12
EYQ,900012,2.208856437527436e-11,1.5272150785620805e-10,-1.5984762064115726e-06,1.8791421876096147e-06,-2.297117657061499e-08,-3.6394146082895424e-12
EYQ,900013,-3.66879815499875e-11,1.2087663003293723e-10,1.489853875153064e-06,-6.364198961773529e-07,-2.0465957038405585e-08,-3.639414608373269e-12
EYQ,900014,2.2088564375252934e-11,1.2087663003293593e-10,-1.1636183003751027e-06,-4.254733495240542e-07,2.6960965854927692e-08,-3.639414608373245e-12
EYQ,900015,-3.6687980887419545e-11,8.448248394689396e-11,9.464971208866811e-07,-4.0665164597669923e-07,1.7346158040036228e-07,-3.6394146130019096e-12
EYQ,900016,2.208856408457866e-11,8.448248394687536e-11,-1.867150388826882e-06,-3.732208551076302e-07,2.7510923465858745e-07,-3.639414613050282e-12
EYQ,900017,3.8260320313081273e-08,8.135372999235035e-05,8.232194203887905e-05,-1.8910648915135795e-05,3.415811250255359e-06,-4.829594955666503e-13
EYQ,900018,3.826032030941503e-08,8.135372637701816e-05,5.2806638857329386e-05,-1.5598454755581044e-05,3.4245182292860396e-06,-4.829594955657993e-13
EYQ,900019,3.8262311617577425e-08,8.135372757601687e-05,4.820769101525053e-06,-1.9844245722664196e-06,-3.840797862231186e-07,-4.829594955981738e-13
EYQ,900020,3.827011141343168e-08,8.135372757601687e-05,-2.525697398531444e-06,-1.042875285926268e-06,7.941390551220773e-08,-4.829594956002926e-13
EYQ,900021,3.826231161757744e-08,8.135372274642192e-05,2.312213405278511e-06,-1.4044635930895115e-06,3.145887440125005e-07,-4.829594956413625e-13
EYQ,900022,3.8270111413432755e-08,8.135372274642192e-05,-1.8655279153644701e-06,-1.4963809099740844e-06,-2.6557857264882256e-07,-4.829594956532206e-13
EYQ,900023,3.8262311617577405e-08,8.135372637344772e-05,5.022000698609405e-06,-7.002156948214853e-06,3.0263164396665516e-07,-4.829594956164699e-13
EYQ,900024,3.826231161757746e-08,8.135371791682697e-05,1.4846453391484707e-05,-3.054602251549294e-06,-3.340883052882992e-06,-4.829594958598544e-13
EYQ,900025,3.8270111413433887e-08,8.135371791682696e-05,-1.3905698543393454e-05,-2.6637520117256695e-06,3.546064621503196e-06,-4.829594958474227e-13
EYQ,900026,2.2275876231173504e-07,0.00017398497621093202,4.2139240633984626e-05,-1.4799717694062727e-05,6.834140316749364e-06,1.6924899212420726e-13
EYQ,900027,2.227583459592143e-07,0.000173984977057177,5.321063097930567e-06,-3.205383178083727e-06,2.6745849908884846e-07,1.6924899213171268e-13
EYQ,900028,2.2275876231173496e-07,0.00017398497705717697,1.4709995259972038e-05,-4.137104981456537e-06,3.0391533991048907e-07,1.692489921268472e-13
EYQ,900029,2.2275876231173496e-07,0.00017398497790342192,3.9399840279422296e-05,-1.431998159027065e-05,-6.419714885874198e-06,1.692489921318613e-13
EYQ,900030,9.281710759483925e-07,0.00024007801584882465,5.1841022803177865e-05,-1.8626887543554826e-05,1.5820734347793868e-05,2.4831072120214693e-13
EYQ,900031,9.281704651040184e-07,0.00024007801639510824,5.199728015162349e-06,-3.7119761225964876e-06,-2.668951141027794e-07,2.4831072097207545e-13
EYQ,900032,9.281710759483924e-07,0.0002400780163951082,1.6221637157635493e-05,-4.909071960279917e-06,1.5777709525368527e-05,2.4831072122261596e-13
EYQ,900033,9.281686648512897e-07,0.0002400780163951083,-3.1291293385577108e-06,-6.943164182631777e-07,-1.1438185830084465e-08,2.4831072091283253e-13
EYQ,900034,9.281714884013185e-07,0.0002400780183339881,0.00010712804374548778,-2.7106892943016042e-05,3.3363319061789135e-07,2.483114623705101e-13
EYQ,900035,9.281714884082442e-07,0.0002400780208172071,0.0001049277070757495,-2.685824277001815e-05,3.2733084453497044e-07,2.483114623675736e-13
EYQ,900036,9.281704651040195e-07,0.00024007802517289227,2.281907495364914e-05,-9.327958663698825e-06,-8.045259318964165e-06,2.483107211703174e-13
EYQ,900037,9.281664548858695e-07,0.00024007802517289227,-2.050200374026608e-05,-7.82593139677987e-06,7.855811406764998e-06,2.4831072119792817e-13
EYQ,900038,4.49214488697146e-06,0.0003627587722346178,6.9459254090921004e-06,-1.996021548880479e-06,-3.881760705577826e-07,8.690704225449934e-09
EYQ,900039,4.351790013730443e-06,0.00036275877223461775,-3.4955830881348533e-06,-1.638611300115732e-06,3.398733904549686e-08,8.69070422544993e-09
EYQ,900040,4.49214488697146e-06,0.0003628456792768722,5.216550625041048e-06,-2.165111229842105e-06,1.2607214633303477e-07,8.69070422544993e-09
EYQ,900041,4.351790013730443e-06,0.0003628456792768722,-3.3497349272179857e-06,-1.2441195150230887e-06,-5.720704186171223e-07,8.690704225449932e-09
EYQ,900042,4.49214488697146e-06,0.0003629325863191269,1.8029471094986767e-05,-3.788894824263245e-06,-3.2857206400224325e-06,8.690704225449934e-09
EYQ,900043,4.351790013730443e-06,0.00036293258631912677,-1.687181674655173e-05,-2.7818739096443635e-06,2.9651665709417e-06,8.690704225449932e-09
EYQ,900044,4.492144886971458e-06,0.00036304165465715616,2.3638084925570865e-05,-6.307714784637732e-06,-7.7177140740386e-06,8.69070422544996e-09
EYQ,900045,4.351790013730445e-06,0.00036304165465715616,-2.129677081946516e-05,-3.3492710334248617e-06,7.572579844891421e-06,8.690704225449944e-09
EYQ,900046,4.5279505881231844e-06,0.0003628022257536887,0.00010722707338645308,-2.5740891897982746e-05,3.42250578284366e-07,8.690704224708783e-09
EYQ,900047,4.527950588116259e-06,0.00036288913279583165,0.00010502192827165028,-2.5536950209994314e-05,3.177879495928621e-07,8.69070422470879e-09
EYQ,900048,3.825657181777817e-08,8.135376142084247e-05,2.920444763916024e-07,-1.568850658883868e-05,2.8717218362881076e-08,-8.352327929085728e-13
EYQ,900049,3.8262311384886615e-08,8.135373490140127e-05,2.5747226704060703e-07,-1.6919923210728082e-05,-1.4552150569586832e-08,-4.829607612509044e-13
EYQ,900050,3.8264062113637647e-08,8.135373489993749e-05,2.5746754490711657e-07,-1.6919923180707818e-05,-1.4552156478759298e-08,-4.829581943236994e-13
EYQ,900051,3.8269789293549035e-08,8.135376142101138e-05,-1.9271839813818467e-07,-1.5690346634913912e-05,4.156696521366085e-08,-8.352331680214899e-13
EYQ,900052,3.827011141342694e-08,8.135373494114916e-05,-1.4051880283948938e-05,-3.1662241274809498e-06,-2.2351596277603716e-07,-4.829595000372143e-13
EYQ,900053,3.826636083324481e-08,8.135376169897678e-05,1.7826467955995593e-05,2.4596394837165847e-06,9.861099222740427e-06,-8.352927488545885e-13
EYQ,900054,3.826636083324481e-08,8.135375543428118e-05,-1.9168503928353944e-05,1.7031945198027824e-07,-1.5099837908846625e-07,-8.352927488545887e-13
EYQ,900055,3.825999590249854e-08,8.135376169897678e-05,-1.2696322383978711e-05,3.791701599675275e-06,-9.840912674539555e-06,-8.352927488545884e-13
EYQ,900056,3.825999590249854e-08,8.135375543428118e-05,1.418701710122321e-05,-1.7542169401065308e-06,2.775926590181378e-06,-8.352927488545886e-13
EYQ,900057,3.825643337892468e-08,8.135375856662898e-05,3.7043248617669465e-06,3.5024386752330513e-06,-1.163265578698098e-06,-8.352927488545885e-13
EYQ,900058,3.8269923356818674e-08,8.135375856662898e-05,-1.9211656302994752e-06,1.7528628432040348e-06,7.384552628018514e-07,-8.352927488545885e-13
EYQ,900059,3.8256433378924667e-08,8.135375543428118e-05,5.494601816779233e-06,3.5357010444629245e-06,4.2766034182736677e-07,-8.352927488722262e-13
EYQ,900060,3.826992335681868e-08,8.135375543428118e-05,-3.6899075838409556e-06,4.876029225253402e-06,-1.3750996671131326e-07,-8.352927488736272e-13
EYQ,900061,3.825643337892467e-08,8.135374812546962e-05,2.650160760054203e-06,-1.4258892133380033e-06,-7.682331607906589e-08,-8.352927488546626e-13
EYQ,900062,3.826992335681866e-08,8.13537481254696e-05,-1.7092170181577705e-06,-1.0661372450867889e-06,7.682301066594963e-09,-8.352927488546398e-13
EYQ,900063,3.8256433379077185e-08,8.135373977254214e-05,1.855182455615798e-06,-9.453058783813691e-07,3.3473676088401953e-07,-8.352927495910628e-13
EYQ,900064,3.826992335682354e-08,8.135373977254213e-05,-8.40451744412741e-06,-1.509651740868409e-06,1.6879939454113087e-06,-8.352927495568522e-13
EYQ,900065,2.2275889425352684e-07,0.00017398496993207082,3.694719416211884e-07,-1.2845153840310345e-05,1.415395485670038e-08,8.003976613268495e-14
EYQ,900066,2.2275833563594594e-07,0.00017398497272791243,3.8486055802078786e-07,-1.2623795783398198e-05,1.35384556166477e-07,1.6928031044541292e-13
EYQ,900067,2.2275774691775715e-07,0.00017398497276466723,3.8485421935439685e-07,-1.2623795766174744e-05,1.3538500686138993e-07,1.6929905998333932e-13
EYQ,900068,2.2275762655339178e-07,0.00017398496993146852,-2.417312580937367e-07,-1.2843413092594203e-05,2.519878110739677e-08,8.003976864067575e-14
EYQ,900069,2.2275561258804795e-07,0.0001739849727836398,-2.3085076008928023e-05,-3.770821993348148e-06,8.3706832413638e-07,1.6924898045269594e-13
EYQ,900070,2.2275795437370112e-07,0.00017398497021576387,1.4289069599999017e-05,2.0148008449425447e-06,8.383387517072409e-06,8.011643485540665e-14
EYQ,900071,2.2275795437370115e-07,0.00017398497081663714,-1.6888820091434965e-05,1.2595524286909357e-07,-2.0011491874529347e-07,8.011643485541494e-14
EYQ,900072,2.2275856486093474e-07,0.00017398497021576387,-1.0009529464927702e-05,3.1124297621288106e-06,-8.308800547192844e-06,8.01164348554149e-14
EYQ,900073,2.2275856486093469e-07,0.00017398497081663712,1.2327998860933994e-05,-1.64792279072007e-06,2.437513515018808e-06,8.01164348554149e-14
EYQ,900074,2.2275890655752936e-07,0.0001739849705162005,3.610887362953112e-06,3.0605169155532974e-06,-1.1210350179226163e-06,8.011643485541502e-14
EYQ,900075,2.2275761267710645e-07,0.00017398497051620052,-1.8494793693136106e-06,1.6692922632485468e-06,6.931746444020913e-07,8.011643485541515e-14
EYQ,900076,2.2275890655752933e-07,0.0001739849708166371,5.590474041767082e-06,2.8564548318413627e-06,2.666126028552749e-07,8.011643485157022e-14
EYQ,900077,2.2275761267710648e-07,0.0001739849708166371,-3.6228595581929555e-06,4.190626645268317e-06,-4.3329928867159875e-08,8.011643485367082e-14
EYQ,900078,2.2275890655752941e-07,0.00017398497151765598,3.4267430363168018e-06,-1.515872712891356e-06,-1.0203350620296905e-07,8.011643485542682e-14
EYQ,900079,2.2275761267710642e-07,0.00017398497151765598,-2.3510664249431513e-06,-8.735038206574933e-07,-7.962713798008675e-09,8.011643485549782e-14
EYQ,900080,2.227589065575146e-07,0.0001739849723188203,2.4023174090740737e-06,-7.822829883619569e-07,3.7123986398051477e-07,8.011643468884083e-14
EYQ,900081,2.2275761267705452e-07,0.00017398497231882029,-1.15802794162761e-05,-1.920862134203151e-06,2.578001595904047e-06,8.0116434734531e-14
EYQ,900082,9.281780811417798e-07,0.0002400779808932215,3.975586600908765e-07,-5.8759790012613915e-06,3.4086577584006635e-07,1.0145795894509033e-12
EYQ,900083,9.281704331170017e-07,0.00024007801362753618,5.9421966763019374e-06,-1.0686989662704913e-05,3.994433587392272e-06,2.4838970274972637e-13
EYQ,900084,9.281686721675916e-07,0.00024007801380547457,-4.353201839851182e-05,-1.625470262861146e-05,-4.995719024946807e-06,2.483614216042259e-13
EYQ,900085,9.281620243811746e-07,0.00024007798089253365,-2.568180884839594e-07,-5.883202131291697e-06,3.426607591413369e-07,1.014579419633946e-12
EYQ,900086,9.281664548838306e-07,0.00024007801330363992,-3.3286094233671165e-05,-2.985941662337367e-06,-3.681447022315773e-06,2.483107581104756e-13
EYQ,900087,9.281661772574831e-07,0.00024007798123887016,6.387417402534826e-06,9.250529750398964e-07,3.947924621251868e-06,1.0146817568574465e-12
EYQ,900088,9.28166177257483e-07,0.00024007798884898338,-8.682683078283687e-06,9.344720867670174e-09,1.004886250687365e-08,1.0146817572997381e-12
EYQ,900089,9.281739091324734e-07,0.00024007798123887018,-4.5796959180427084e-06,1.3604934271306232e-06,-3.738500384946332e-06,1.014681757299738e-12
EYQ,900090,9.281739091324734e-07,0.00024007798884898333,5.7366981412756554e-06,-1.0228064003640578e-06,1.0265628187806042e-06,1.0146817572997377e-12
EYQ,900091,9.281782367501683e-07,0.00024007798504392672,1.9012967444502983e-06,1.3155857037778798e-06,-7.685750954848868e-07,1.014681757299738e-12
EYQ,900092,9.281618496397881e-07,0.00024007798504392672,-1.7213299246884117e-06,6.87853322090067e-07,4.085546324441139e-07,1.0146817572997381e-12
EYQ,900093,9.281782367501683e-07,0.00024007798884898335,4.062850865430054e-06,9.560690282791784e-07,-2.074750081751737e-07,1.0146817572588434e-12
EYQ,900094,9.281618496397881e-07,0.00024007798884898335,-2.7307167564546036e-06,1.9001706890921747e-06,2.5200101919534335e-08,1.0146817572617658e-12
EYQ,900095,9.281782367501685e-07,0.00024007799772744875,3.7108784831245747e-06,-8.671746038066863e-07,-1.5593715771759622e-07,1.014681757299567e-12
EYQ,900096,9.281618496397877e-07,0.00024007799772744873,-1.9816619135476557e-06,-5.810977948917265e-07,-1.9438361345288975e-07,1.0146817572999263e-12
EYQ,900097,9.28178236749966e-07,0.0002400780078742663,9.030986695040607e-06,-6.552294376060605e-06,-1.3979389606362504e-06,1.014681758618324e-12
EYQ,900098,9.281618496397878e-07,0.0002400780078742663,-2.010461329734912e-05,1.921394029057512e-06,4.405606279642013e-06,1.0146817572294488e-12
EYQ,900099,2.828920763911057e-06,0.00025324148851723027,4.0180317300527186e-07,2.1821235694479597e-07,3.893436049458996e-07,6.242200260378214e-13
EYQ,900100,4.492144896712385e-06,0.0003626262385007041,2.910923416943291e-05,-2.3937460604412648e-05,7.427497731151197e-06,8.69079594998123e-09
EYQ,900101,2.8289110353890435e-06,0.0002532414884838606,-2.569467087644187e-07,2.4136385359999254e-07,3.981666412132999e-07,6.242098378155952e-13
EYQ,900102,4.351789974217925e-06,0.0003626262389620287,-3.2561219200952354e-05,2.533302072158793e-06,1.2994053071295531e-06,8.690796244552245e-09
EYQ,900103,2.828913619496542e-06,0.00025324148838181575,-6.641491407563398e-07,-6.571969433208288e-08,3.016797261501689e-07,6.242960130322391e-13
EYQ,900104,2.8289136194965414e-06,0.00025324149306403586,-2.0911306759428813e-06,-6.14932728842027e-08,7.661049794919784e-08,6.242960132308252e-13
EYQ,900105,2.8289183766321626e-06,0.00025324148838181575,6.035198489036348e-07,-4.194044720790068e-08,3.098397067464961e-09,6.242960132308251e-13
EYQ,900106,2.8289183766321626e-06,0.00025324149306403586,4.0321492382947923e-07,-4.781892006944311e-07,4.943205025851794e-08,6.242960132308252e-13
EYQ,900107,2.828921039254648e-06,0.0002532414907229258,3.6495198273402206e-07,1.3505557261217027e-07,-2.8636587137165513e-07,6.24296016941568e-13
EYQ,900108,2.828910956874048e-06,0.0002532414907229258,-9.338447042489641e-07,1.9970503264729536e-07,3.142316814990214e-07,6.24296017062211e-13
EYQ,900109,2.8289210392546587e-06,0.00025324149306403586,2.4696298135819477e-06,-4.821541142638399e-07,-6.297290880630208e-07,6.242960132404441e-13
EYQ,900110,2.8289109568740445e-06,0.00025324149306403586,-1.853909285518961e-06,1.0466055774956179e-07,1.8903864185012814e-07,6.242960132403971e-13
EYQ,900111,2.8289210392546587e-06,0.000253241498526626,1.7292205112726458e-06,-1.2587493934404482e-07,2.207400689302755e-07,6.242960132312085e-13
EYQ,900112,2.828910956874045e-06,0.000253241498526626,-1.7850289063861163e-06,-3.321885937474764e-07,-2.415232656439244e-07,6.242960132307143e-13
EYQ,900113,2.8289210824085724e-06,0.0002532415048027486,2.601910186308185e-05,-9.537078337857508e-06,-5.232637940591109e-06,7.16328655412938e-13
EYQ,900114,2.8289109963865797e-06,0.00025324150480274856,-1.725142809404768e-05,3.6272313007849114e-06,3.606248762912318e-06,7.163286559093798e-13
EYQ,900115,2.2275904477643613e-07,0.00017398497451690608,8.212852554057636e-05,-2.1049761135601054e-05,3.3910113482697375e-06,1.6924899207571567e-13
EYQ,900116,2.2275904478010235e-07,0.00017398497578254653,5.281148337753044e-05,-1.532479821470361e-05,3.3985901191506857e-06,1.692489920743974e-13
EYQ,900117,2.2275834595921436e-07,0.0001739849753646871,5.968103882844451e-06,-1.93220221699033e-06,-3.3744328144352834e-07,1.692489921540719e-13
EYQ,900118,2.227556125879915e-07,0.00017398497536468707,-3.060499033979145e-06,-7.531581112474552e-07,1.2387125708969848e-07,1.6924899212282195e-13
EYQ,900119,2.227556125879915e-07,0.000173984977057177,-2.3993058737813007e-06,-7.861026802275278e-07,-3.2260556390481616e-07,1.6924899215314107e-13
EYQ,900120,2.2275834595921444e-07,0.00017398497578611705,6.171640469828954e-06,-6.793060824544706e-06,2.428092816482885e-07,1.6924899200259881e-13
EYQ,900121,2.2275834595921433e-07,0.00017398497874966695,1.568615386721006e-05,-2.9357047260702323e-06,-3.248099306922329e-06,1.6924899212110953e-13
EYQ,900122,2.2275561258799149e-07,0.00017398497874966692,-1.4806491283836643e-05,-2.0847455743226074e-06,3.274953598121134e-06,1.6924899209691384e-13
EYQ,900123,9.28170465104018e-07,0.00024007801709037828,6.109511278237292e-06,-1.964494234412417e-06,-3.2090174591701285e-07,2.4831072127068624e-13
EYQ,900124,9.281664548858705e-07,0.00024007801709037828,-4.411674654223296e-06,-1.0649412382373357e-06,-1.5724591441063692e-07,2.4831072122365756e-13
EYQ,900125,9.281704651040181e-07,0.00024007801957348545,5.403404865464974e-06,-1.9297493141532383e-06,1.0100972249198592e-07,2.4831072122182357e-13
EYQ,900126,9.281664548858705e-07,0.00024007801957348548,-3.4247926587673577e-06,-1.0877934197527912e-06,-4.2326710408146173e-07,2.4831072121691794e-13
EYQ,900127,9.281704651040182e-07,0.00024007802205659268,1.649510320579345e-05,-3.3637882246394247e-06,-3.2916907587798953e-06,2.4831072122320116e-13
EYQ,900128,9.281664548858705e-07,0.00024007802205659268,-1.5275695324725557e-05,-2.359278149203357e-06,3.032115099043426e-06,2.4831072122835624e-13
EYQ,900129,-1.0302225639262998e-11,1.5272150785626745e-10,-1.1129408094432198e-07,-2.505260505052135e-06,1.2366295242687866e-08,-3.639414608367815e-12
EYQ,900130,-1.0302225639270755e-11,1.2087663003294343e-10,-5.008355103406351e-07,-1.6695637427720186e-07,3.567973001563524e-08,-3.639414608373145e-12
EYQ,900131,-1.0302225532006629e-11,8.448248394689679e-11,-2.7236777085638907e-07,-1.980646640237724e-07,-1.0388939213177713e-07,-3.6394146130106766e-12
EYQ,900132,6.566461070545332e-12,1.663693126391609e-10,-5.786906295359748e-06,1.6066289746150207e-06,1.7627474185973422e-06,-3.639414608372759e-12
EYQ,900133,-2.116587824525764e-11,1.6636931264004424e-10,6.90333242870363e-06,5.32926020484424e-07,-1.2324583419189484e-06,-3.639414608374105e-12
EYQ,900134,3.826581307392068e-08,8.135372757601688e-05,-2.2528617671560438e-06,-2.1192099019107443e-07,3.1729309768383604e-08,-4.829594956180714e-13
EYQ,900135,3.826581307392067e-08,8.135372274642192e-05,-5.836573380912107e-07,-1.0701817630552218e-07,-6.667521318881942e-08,-4.82959495644765e-13
EYQ,900136,3.826581307392066e-08,8.135371791682696e-05,-3.442544928979717e-07,-1.7219594194640058e-06,-2.7956197788215855e-08,-4.8295949561881e-13
EYQ,900137,9.281686648512891e-07,0.00024007802517289227,-5.998036274259915e-06,-3.2917152866519273e-06,2.1684562606613835e-06,2.483107212225504e-13
EYQ,900138,4.429137281336948e-06,0.00036275877223461775,5.349316429261417e-07,-5.017499177057127e-07,1.0969982038513906e-07,8.690704225449932e-09
EYQ,900139,4.429137281336948e-06,0.00036284567927687226,-1.9454949950551804e-06,-4.326714591506927e-07,-3.5454643766991756e-07,8.690704225449932e-09
EYQ,900140,4.429137281336948e-06,0.0003629325863191269,-1.1444626169960599e-06,-2.068607552799185e-06,-2.4914831918197933e-07,8.690704225449937e-09
EYQ,900141,4.4291372813369485e-06,0.0003630416546571561,-6.2528675050259625e-06,-2.7804345825990945e-06,2.061312953578571e-06,8.690704225449942e-09
EYQ,900142,3.826248925135387e-08,8.135375543428116e-05,-1.8789678082298778e-08,-6.432539606168585e-06,2.4795224486612024e-08,-8.352927488519186e-13
EYQ,900143,3.826248925135388e-08,8.135374812546962e-05,-8.967298241861137e-07,-2.3116714042990511e-07,4.474001750439542e-08,-8.352927488545994e-13
EYQ,900144,3.826248925139469e-08,8.135373977254214e-05,-8.041349655282782e-07,-6.424231507954047e-07,-1.9284864693545199e-07,-8.352927495962763e-13
EYQ,900145,3.826636083324481e-08,8.135375856662899e-05,-1.3374166725662338e-05,4.079055007638175e-06,4.93997445518108e-06,-8.352927488543156e-13
EYQ,900146,3.825999590249853e-08,8.135375856662898e-05,1.6759465376505273e-05,1.5476461862786415e-06,-3.5837530821693564e-06,-8.352927488552463e-13
EYQ,900147,2.2275832571337663e-07,0.00017398497081663712,-2.085291485293357e-07,-5.613242616998393e-06,-4.0943963246873575e-09,8.011643485164986e-14
EYQ,900148,2.2275832571337658e-07,0.00017398497151765598,-1.4484634247375227e-06,-3.5678846179760734e-07,1.1131384738338031e-07,8.011643485536696e-14
EYQ,900149,2.227583257133616e-07,0.0001739849723188203,-5.323550399287504e-07,-8.147101755593196e-07,-2.620738605971894e-07,8.011643472498578e-14
EYQ,900150,2.2275795437370107e-07,0.00017398497051620047,-1.2190589963351592e-05,3.540726805493227e-06,4.1636389043466e-06,8.01164348551841e-14
EYQ,900151,2.2275856486093474e-07,0.00017398497051620047,1.4800752818981709e-05,1.2197605045391115e-06,-2.9778152472754835e-06,8.011643485597155e-14
EYQ,900152,9.281708803074282e-07,0.00024007798884898338,-6.169315199382009e-07,-2.719438187808217e-06,-8.330903310657866e-08,1.0146817572948003e-12
EYQ,900153,9.281708803074279e-07,0.00024007799772744878,1.45631224013587e-07,-3.544112240989506e-07,-2.285562095505137e-07,1.0146817572996135e-12
EYQ,900154,9.281708803073707e-07,0.0002400780078742663,-2.801195813325716e-05,-2.4489421861914747e-06,6.931178195961769e-06,1.0146817587744446e-12
EYQ,900155,9.28166177257483e-07,0.00024007798504392677,-6.140070371902195e-06,1.5560839032874162e-06,2.0129798985030425e-06,1.0146817573010373e-12
EYQ,900156,9.281739091324733e-07,0.00024007798504392677,6.6350173898573365e-06,4.500284202650039e-07,-1.3748240598122805e-06,1.014681757296605e-12
EYQ,900157,2.828916513108563e-06,0.00025324149306403586,-9.511871579498892e-07,-4.074384989688594e-07,-8.2786472761e-08,6.242960132299716e-13
EYQ,900158,2.828916513108563e-06,0.000253241498526626,7.500734554588258e-07,-2.11934686339755e-07,-2.9242552562960885e-07,6.242960132310014e-13
EYQ,900159,2.8289165546278003e-06,0.00025324150480274883,-2.858050304081463e-05,-3.6999593419567834e-06,7.445474646743095e-06,7.163292645998578e-13
EYQ,900160,2.8289136194965414e-06,0.00025324149072292586,-1.6593019034073915e-06,1.1045436121271568e-07,1.9175195803756947e-07,6.242960132290018e-13
EYQ,900161,2.8289183766321617e-06,0.0002532414907229258,5.765820005373213e-07,-1.361611761716402e-07,2.7406775954160688e-08,6.242960132352217e-13
EYQ,900162,2.227571189040215e-07,0.00017398497536468707,-1.9322456235182375e-06,-4.049576672784534e-07,7.99839814319919e-08,1.6924899216047475e-13
EYQ,900163,2.227571189040214e-07,0.000173984977057177,-1.605694360117021e-06,-1.0581456238406836e-07,-9.104406588266418e-08,1.6924899212988822e-13
EYQ,900164,2.2275711890402145e-07,0.00017398497874966692,-6.137280195834069e-07,-1.9311884408801924e-06,-5.693872473783287e-08,1.69248992129768e-13
EYQ,900165,9.281686648512895e-07,0.00024007801709037825,-2.467430635075015e-06,-5.506098447953936e-07,-3.4350758932620967e-07,2.483107212827271e-13
EYQ,900166,9.281686648512895e-07,0.00024007801957348548,-1.3968083452867145e-06,-5.57702065353817e-07,-2.6563279304434387e-07,2.483107212226319e-13
EYQ,900167,9.281686648512895e-07,0.00024007802205659268,-1.060450184204153e-06,-2.0013153200098886e-06,-2.3274240877046615e-07,2.4831072122050737e-13
EYQ,900168,3.826581307392066e-08,8.135372637344774e-05,-1.999960154502657e-06,1.2288794095421474e-06,-2.8676026580911643e-07,-4.829594955890146e-13
EYQ,900169,2.2275711890402145e-07,0.00017398497578611705,-1.9646355314936665e-06,1.033626379233648e-06,-1.1840362751921577e-07,1.6924899198908152e-13
