caso,elemento,tipo,eje,x_m,y_m,z_inferior_m,z_superior_m,nodo_inferior,nodo_superior,elementos_superiores,elementos_inferiores,P_compresion_kN,P_superior_kN,aporte_neto_nudo_kN,continuidad_nodal
G,1,COLUMN,E,0.0,0.0,0.0,3.96,1,100001,18,,515.3412769447593,411.16354342187583,104.1777335228835,OK
G,2,COLUMN,F,10.0,0.0,0.0,3.96,101,100101,19,,1005.0415544312781,2772.7281543852814,-1767.6865999540032,OK
G,3,COLUMN,G,20.0,0.0,0.0,3.96,201,100201,20,,3334.0893356245488,3286.5172764745485,47.572059150000314,OK
G,4,COLUMN,E,0.0,7.25,0.0,3.96,1001,101001,24,,522.1493316336479,410.01431912717754,112.13501250647033,OK
G,5,COLUMN,F,10.0,7.25,0.0,3.96,1101,101101,25,,3351.517844004312,2955.5149765178926,396.0028674864193,OK
G,6,COLUMN,G,20.0,7.25,0.0,3.96,1201,101201,26,,3387.7630605556874,3340.191001405688,47.572059149999404,OK
G,7,COLUMN,E,0.0,16.15,0.0,3.96,2001,102001,30,,746.6745669464641,1200.7455034262482,-454.0709364797841,OK
G,8,COLUMN,F,10.0,16.15,0.0,3.96,2101,102101,31,,986.5520713954635,2313.249578542225,-1326.6975071467618,OK
G,9,COLUMN,G,20.0,16.15,0.0,3.96,2201,102201,32,,2497.4147350229064,2449.842675872906,47.572059150000314,OK
G,10,COLUMN,1B,-20.8,16.15,0.0,3.96,700001,701001,36,,3129.5800849713755,2473.478302942909,656.1017820284665,OK
G,11,COLUMN,1C,-10.8,16.15,0.0,3.96,700002,701002,37,,3141.069721570329,2505.034205890297,636.035515680032,OK
G,12,COLUMN,1D,-0.8,16.15,0.0,3.96,700003,701003,38,,495.77402299774155,462.3064621038627,33.46756089387884,OK
G,13,COLUMN,2A,-28.3,7.25,0.0,3.96,700004,701004,39,,3466.0073807185117,2735.2082199553165,730.7991607631952,OK
G,14,COLUMN,2B,-20.8,7.25,0.0,3.96,700005,701005,40,,3903.1973862231953,3096.006028898734,807.1913573244615,OK
G,15,COLUMN,2C,-10.8,7.25,0.0,3.96,700006,701006,41,,4137.288898157076,3275.7608369063146,861.5280612507613,OK
G,16,COLUMN,3B,-20.8,0.0,0.0,3.96,700007,701007,42,,2482.3176341031585,1971.1670348399127,511.1505992632458,OK
G,17,COLUMN,3C,-10.8,0.0,0.0,3.96,700008,701008,43,,2516.0833748703217,2006.675744399376,509.4076304709456,OK
G,18,COLUMN,E,0.0,0.0,3.96,7.92,100001,200001,44,1,411.16354342187583,304.1699017659007,106.99364165597513,OK
G,19,COLUMN,F,10.0,0.0,3.96,7.92,100101,200101,45,2,2772.7281543852814,2014.470092211883,758.2580621733985,OK
G,20,COLUMN,G,20.0,0.0,3.96,7.92,100201,200201,46,3,3286.5172764745485,2648.0456940799527,638.4715823945958,OK
G,21,COLUMN,H,30.0,0.0,3.96,7.92,100301,200301,47,,3023.26777664241,2526.836692927218,496.431083715192,OK
G,22,COLUMN,I,40.0,0.0,3.96,7.92,100401,200401,48,,1170.6135314635437,1371.71811801807,-201.10458655452635,OK
G,23,COLUMN,I_prima,45.0,0.0,3.96,7.92,100451,200451,49,,1550.457826880714,1375.9756217951208,174.48220508559325,OK
G,24,COLUMN,E,0.0,7.25,3.96,7.92,101001,201001,50,4,410.01431912717754,322.97525334301776,87.03906578415979,OK
G,25,COLUMN,F,10.0,7.25,3.96,7.92,101101,201101,51,5,2955.5149765178926,2239.861630129946,715.6533463879464,OK
G,26,COLUMN,G,20.0,7.25,3.96,7.92,101201,201201,52,6,3340.191001405688,2493.450580791485,846.7404206142028,OK
G,27,COLUMN,H,30.0,7.25,3.96,7.92,101301,201301,53,,3374.459508225082,2513.437260863332,861.02224736175,OK
G,28,COLUMN,I,40.0,7.25,3.96,7.92,101401,201401,54,,2487.768113113095,1824.4582484254192,663.3098646876756,OK
G,29,COLUMN,I_prima,45.0,7.25,3.96,7.92,101451,201451,55,,2226.9912530125916,1946.847916425414,280.1433365871776,OK
G,30,COLUMN,E,0.0,16.15,3.96,7.92,102001,202001,56,7,1200.7455034262482,570.1672940104478,630.5782094158004,OK
G,31,COLUMN,F,10.0,16.15,3.96,7.92,102101,202101,57,8,2313.249578542225,1731.1151456927175,582.1344328495077,OK
G,32,COLUMN,G,20.0,16.15,3.96,7.92,102201,202201,58,9,2449.842675872906,1833.2640703494787,616.5786055234273,OK
G,33,COLUMN,H,30.0,16.15,3.96,7.92,102301,202301,59,,1620.2094457212156,1875.6601596299097,-255.45071390869407,OK
G,34,COLUMN,I,40.0,16.15,3.96,7.92,102401,202401,60,,1197.5493188578448,1340.0263879568313,-142.47706909898648,OK
G,35,COLUMN,I_prima,45.0,16.15,3.96,7.92,102451,202451,61,,1139.0123844000577,1475.6838345300635,-336.6714501300057,OK
G,36,COLUMN,1B,-20.8,16.15,3.96,7.92,701001,702001,62,10,2473.478302942909,1819.772883120124,653.705419822785,OK
G,37,COLUMN,1C,-10.8,16.15,3.96,7.92,701002,702002,63,11,2505.034205890297,1857.3148843125318,647.7193215777652,OK
G,38,COLUMN,1D,-0.8,16.15,3.96,7.92,701003,702003,64,12,462.3064621038627,488.969478336395,-26.6630162325323,OK
G,39,COLUMN,2A,-28.3,7.25,3.96,7.92,701004,702004,65,13,2735.2082199553165,2010.260530112219,724.9476898430976,OK
G,40,COLUMN,2B,-20.8,7.25,3.96,7.92,701005,702005,66,14,3096.006028898734,2296.5986002532036,799.4074286455302,OK
G,41,COLUMN,2C,-10.8,7.25,3.96,7.92,701006,702006,67,15,3275.7608369063146,2427.129300729151,848.6315361771635,OK
G,42,COLUMN,3B,-20.8,0.0,3.96,7.92,701007,702007,68,16,1971.1670348399127,1457.0603324054487,514.1067024344641,OK
G,43,COLUMN,3C,-10.8,0.0,3.96,7.92,701008,702008,69,17,2006.675744399376,1495.6961635129069,510.9795808864692,OK
G,44,COLUMN,E,0.0,0.0,7.92,11.88,200001,300001,70,18,304.1699017659007,129.86818806991099,174.30171369598972,OK
G,45,COLUMN,F,10.0,0.0,7.92,11.88,200101,300101,71,19,2014.470092211883,1274.8893262725874,739.5807659392956,OK
G,46,COLUMN,G,20.0,0.0,7.92,11.88,200201,300201,72,20,2648.0456940799527,1863.7291070727863,784.3165870071664,OK
G,47,COLUMN,H,30.0,0.0,7.92,11.88,200301,300301,73,21,2526.836692927218,1879.6580362564187,647.1786566707992,OK
G,48,COLUMN,I,40.0,0.0,7.92,11.88,200401,300401,74,22,1371.71811801807,952.5173208977437,419.20079712032634,OK
G,49,COLUMN,I_prima,45.0,0.0,7.92,11.88,200451,300451,75,23,1375.9756217951208,1217.7050814154322,158.27054037968855,OK
G,50,COLUMN,E,0.0,7.25,7.92,11.88,201001,301001,76,24,322.97525334301776,734.5846075487069,-411.60935420568916,OK
G,51,COLUMN,F,10.0,7.25,7.92,11.88,201101,301101,77,25,2239.861630129946,1527.725170048234,712.1364600817121,OK
G,52,COLUMN,G,20.0,7.25,7.92,11.88,201201,301201,78,26,2493.450580791485,1663.5091875970065,829.9413931944787,OK
G,53,COLUMN,H,30.0,7.25,7.92,11.88,201301,301301,79,27,2513.437260863332,1670.2929575856003,843.1443032777318,OK
G,54,COLUMN,I,40.0,7.25,7.92,11.88,201401,301401,80,28,1824.4582484254192,1145.699376756341,678.7588716690782,OK
G,55,COLUMN,I_prima,45.0,7.25,7.92,11.88,201451,301451,81,29,1946.847916425414,1680.7774644232352,266.07045200217885,OK
G,56,COLUMN,E,0.0,16.15,7.92,11.88,202001,302001,82,30,570.1672940104478,-66.28727027211318,636.454564282561,OK
G,57,COLUMN,F,10.0,16.15,7.92,11.88,202101,302101,83,31,1731.1151456927175,1152.1282088825867,578.9869368101308,OK
G,58,COLUMN,G,20.0,16.15,7.92,11.88,202201,302201,84,32,1833.2640703494787,1215.6958108950132,617.5682594544655,OK
G,59,COLUMN,H,30.0,16.15,7.92,11.88,202301,302301,85,33,1875.6601596299097,1244.301129465397,631.3590301645127,OK
G,60,COLUMN,I,40.0,16.15,7.92,11.88,202401,302401,86,34,1340.0263879568313,834.9912676775858,505.03512027924546,OK
G,61,COLUMN,I_prima,45.0,16.15,7.92,11.88,202451,302451,87,35,1475.6838345300635,1282.4191633106982,193.26467121936525,OK
G,62,COLUMN,1B,-20.8,16.15,7.92,11.88,702001,703001,88,36,1819.772883120124,1167.2406497810807,652.5322333390434,OK
G,63,COLUMN,1C,-10.8,16.15,7.92,11.88,702002,703002,89,37,1857.3148843125318,1208.7730824413993,648.5418018711325,OK
G,64,COLUMN,1D,-0.8,16.15,7.92,11.88,702003,703003,90,38,488.969478336395,709.9048859859843,-220.93540764958925,OK
G,65,COLUMN,2A,-28.3,7.25,7.92,11.88,702004,703004,91,39,2010.260530112219,1292.6261471534215,717.6343829587975,OK
G,66,COLUMN,2B,-20.8,7.25,7.92,11.88,702005,703005,92,40,2296.5986002532036,1499.6451590089048,796.9534412442988,OK
G,67,COLUMN,2C,-10.8,7.25,7.92,11.88,702006,703006,93,41,2427.129300729151,1587.9280409939704,839.2012597351807,OK
G,68,COLUMN,3B,-20.8,0.0,7.92,11.88,702007,703007,94,42,1457.0603324054487,941.0670468299639,515.9932855754847,OK
G,69,COLUMN,3C,-10.8,0.0,7.92,11.88,702008,703008,95,43,1495.6961635129069,983.9343148233894,511.7618486895175,OK
G,70,COLUMN,E,0.0,0.0,11.88,15.84,300001,400001,96,44,129.86818806991099,328.1025030016005,-198.2343149316895,OK
G,71,COLUMN,F,10.0,0.0,11.88,15.84,300101,400101,97,45,1274.8893262725874,647.8155266497506,627.0737996228368,OK
G,72,COLUMN,G,20.0,0.0,11.88,15.84,300201,400201,98,46,1863.7291070727863,1099.3707699724953,764.358337100291,OK
G,73,COLUMN,H,30.0,0.0,11.88,15.84,300301,400301,99,47,1879.6580362564187,1102.6543308528899,777.0037054035288,OK
G,74,COLUMN,I,40.0,0.0,11.88,15.84,300401,400401,100,48,952.5173208977437,597.0556819576133,355.46163894013046,OK
G,75,COLUMN,I_prima,45.0,0.0,11.88,15.84,300451,400451,101,49,1217.7050814154322,621.0554887654408,596.6495926499914,OK
G,76,COLUMN,E,0.0,7.25,11.88,15.84,301001,401001,103,50,734.5846075487069,437.28953635995526,297.29507118875165,OK
G,77,COLUMN,F,10.0,7.25,11.88,15.84,301101,401101,104,51,1527.725170048234,769.0980575646527,758.6271124835814,OK
G,78,COLUMN,G,20.0,7.25,11.88,15.84,301201,401201,105,52,1663.5091875970065,833.1436534722898,830.3655341247168,OK
G,79,COLUMN,H,30.0,7.25,11.88,15.84,301301,401301,106,53,1670.2929575856003,826.5362247545668,843.7567328310336,OK
G,80,COLUMN,I,40.0,7.25,11.88,15.84,301401,401401,107,54,1145.699376756341,558.870231366279,586.8291453900621,OK
G,81,COLUMN,I_prima,45.0,7.25,11.88,15.84,301451,401451,108,55,1680.7774644232352,822.906152304655,857.8713121185801,OK
G,82,COLUMN,E,0.0,16.15,11.88,15.84,302001,402001,110,56,-66.28727027211318,601.2439659221374,-667.5312361942506,OK
G,83,COLUMN,F,10.0,16.15,11.88,15.84,302101,402101,111,57,1152.1282088825867,552.8016895889652,599.3265192936215,OK
G,84,COLUMN,G,20.0,16.15,11.88,15.84,302201,402201,112,58,1215.6958108950132,600.6671172193535,615.0286936756597,OK
G,85,COLUMN,H,30.0,16.15,11.88,15.84,302301,402301,113,59,1244.301129465397,611.639044766676,632.6620846987211,OK
G,86,COLUMN,I,40.0,16.15,11.88,15.84,302401,402401,114,60,834.9912676775858,399.9686513268179,435.0226163507679,OK
G,87,COLUMN,I_prima,45.0,16.15,11.88,15.84,302451,402451,115,61,1282.4191633106982,624.8991826032816,657.5199807074166,OK
G,88,COLUMN,1B,-20.8,16.15,11.88,15.84,703001,704001,117,62,1167.2406497810807,519.2056611121008,648.03498866898,OK
G,89,COLUMN,1C,-10.8,16.15,11.88,15.84,703002,704002,118,63,1208.7730824413993,595.646753027596,613.1263294138033,OK
G,90,COLUMN,1D,-0.8,16.15,11.88,15.84,703003,704003,119,64,709.9048859859843,23.786029575000004,686.1188564109842,OK
G,91,COLUMN,2A,-28.3,7.25,11.88,15.84,703004,704004,120,65,1292.6261471534215,579.5995731111209,713.0265740423006,OK
G,92,COLUMN,2B,-20.8,7.25,11.88,15.84,703005,704005,121,66,1499.6451590089048,708.3464653563896,791.2986936525152,OK
G,93,COLUMN,2C,-10.8,7.25,11.88,15.84,703006,704006,122,67,1587.9280409939704,750.2445383556217,837.6835026383487,OK
G,94,COLUMN,3B,-20.8,0.0,11.88,15.84,703007,704007,123,68,941.0670468299639,423.42021439344614,517.6468324365178,OK
G,95,COLUMN,3C,-10.8,0.0,11.88,15.84,703008,704008,124,69,983.9343148233894,469.5109181731122,514.4233966502773,OK
G,96,COLUMN,E,0.0,0.0,15.84,19.8,400001,500001,,70,328.1025030016005,0,328.1025030016005,OK
G,97,COLUMN,F,10.0,0.0,15.84,19.8,400101,500101,,71,647.8155266497506,0,647.8155266497506,OK
G,98,COLUMN,G,20.0,0.0,15.84,19.8,400201,500201,,72,1099.3707699724953,0,1099.3707699724953,OK
G,99,COLUMN,H,30.0,0.0,15.84,19.8,400301,500301,,73,1102.6543308528899,0,1102.6543308528899,OK
G,100,COLUMN,I,40.0,0.0,15.84,19.8,400401,500401,,74,597.0556819576133,0,597.0556819576133,OK
G,101,COLUMN,I_prima,45.0,0.0,15.84,19.8,400451,500451,,75,621.0554887654408,0,621.0554887654408,OK
G,102,COLUMN,J,50.0,0.0,15.84,19.8,400501,500501,,,23.009765501871627,0,23.009765501871627,OK
G,103,COLUMN,E,0.0,7.25,15.84,19.8,401001,501001,,76,437.28953635995526,0,437.28953635995526,OK
G,104,COLUMN,F,10.0,7.25,15.84,19.8,401101,501101,,77,769.0980575646527,0,769.0980575646527,OK
G,105,COLUMN,G,20.0,7.25,15.84,19.8,401201,501201,,78,833.1436534722898,0,833.1436534722898,OK
G,106,COLUMN,H,30.0,7.25,15.84,19.8,401301,501301,,79,826.5362247545668,0,826.5362247545668,OK
G,107,COLUMN,I,40.0,7.25,15.84,19.8,401401,501401,,80,558.870231366279,0,558.870231366279,OK
G,108,COLUMN,I_prima,45.0,7.25,15.84,19.8,401451,501451,,81,822.906152304655,0,822.906152304655,OK
G,109,COLUMN,J,50.0,7.25,15.84,19.8,401501,501501,,,29.90815786752318,0,29.90815786752318,OK
G,110,COLUMN,E,0.0,16.15,15.84,19.8,402001,502001,,82,601.2439659221374,0,601.2439659221374,OK
G,111,COLUMN,F,10.0,16.15,15.84,19.8,402101,502101,,83,552.8016895889652,0,552.8016895889652,OK
G,112,COLUMN,G,20.0,16.15,15.84,19.8,402201,502201,,84,600.6671172193535,0,600.6671172193535,OK
G,113,COLUMN,H,30.0,16.15,15.84,19.8,402301,502301,,85,611.639044766676,0,611.639044766676,OK
G,114,COLUMN,I,40.0,16.15,15.84,19.8,402401,502401,,86,399.9686513268179,0,399.9686513268179,OK
G,115,COLUMN,I_prima,45.0,16.15,15.84,19.8,402451,502451,,87,624.8991826032816,0,624.8991826032816,OK
G,116,COLUMN,J,50.0,16.15,15.84,19.8,402501,502501,,,22.24470551503513,0,22.24470551503513,OK
G,117,COLUMN,1B,-20.8,16.15,15.84,19.8,704001,705001,,88,519.2056611121008,0,519.2056611121008,OK
G,118,COLUMN,1C,-10.8,16.15,15.84,19.8,704002,705002,,89,595.646753027596,0,595.646753027596,OK
G,119,COLUMN,1D,-0.8,16.15,15.84,19.8,704003,705003,,90,23.786029575000004,0,23.786029575000004,OK
G,120,COLUMN,2A,-28.3,7.25,15.84,19.8,704004,705004,,91,579.5995731111209,0,579.5995731111209,OK
G,121,COLUMN,2B,-20.8,7.25,15.84,19.8,704005,705005,,92,708.3464653563896,0,708.3464653563896,OK
G,122,COLUMN,2C,-10.8,7.25,15.84,19.8,704006,705006,,93,750.2445383556217,0,750.2445383556217,OK
G,123,COLUMN,3B,-20.8,0.0,15.84,19.8,704007,705007,,94,423.42021439344614,0,423.42021439344614,OK
G,124,COLUMN,3C,-10.8,0.0,15.84,19.8,704008,705008,,95,469.5109181731122,0,469.5109181731122,OK
G,355,STEEL_COLUMN_SHS300x20,BEAM_MANUAL,10.0,-4.12,7.92,11.88,900017,900115,,,4.776052744292483,0,4.776052744292483,OK
G,356,STEEL_COLUMN_SHS300x20,BEAM_MANUAL,17.49,-4.12,7.92,11.88,900018,900116,,,0.6828651425556839,0,0.6828651425556839,OK
G,357,STEEL_COLUMN_SHS300x20,BEAM_MANUAL,20.0,-4.12,15.84,19.8,900034,900046,,,11.451566414339249,0,11.451566414339249,OK
G,358,STEEL_COLUMN_SHS300x20,BEAM_MANUAL,30.0,-4.12,15.84,19.8,900035,900047,,,11.3039180552621,0,11.3039180552621,OK
Q,1,COLUMN,E,0.0,0.0,0.0,3.96,1,100001,18,,105.19706066449704,84.83082753221701,20.36623313228003,OK
Q,2,COLUMN,F,10.0,0.0,0.0,3.96,101,100101,19,,252.2918566580936,729.7874373263144,-477.4955806682208,OK
Q,3,COLUMN,G,20.0,0.0,0.0,3.96,201,100201,20,,927.75651033812,927.7565103381202,-1.1368683772161603e-13,OK
Q,4,COLUMN,E,0.0,7.25,0.0,3.96,1001,101001,24,,107.42218884866502,84.23410033343762,23.188088515227392,OK
Q,5,COLUMN,F,10.0,7.25,0.0,3.96,1101,101101,25,,1142.2630848675958,1029.255153494874,113.00793137272171,OK
Q,6,COLUMN,G,20.0,7.25,0.0,3.96,1201,101201,26,,1151.8257408164677,1151.825740816468,-2.2737367544323206e-13,OK
Q,7,COLUMN,E,0.0,16.15,0.0,3.96,2001,102001,30,,211.11494689804977,339.9614927724176,-128.84654587436785,OK
Q,8,COLUMN,F,10.0,16.15,0.0,3.96,2101,102101,31,,297.4705434901056,726.1387811515172,-428.6682376614115,OK
Q,9,COLUMN,G,20.0,16.15,0.0,3.96,2201,102201,32,,746.1298240307887,746.1298240307887,0.0,OK
Q,10,COLUMN,1B,-20.8,16.15,0.0,3.96,700001,701001,36,,1032.4486426270198,797.7345089300012,234.7141336970186,OK
Q,11,COLUMN,1C,-10.8,16.15,0.0,3.96,700002,701002,37,,1087.6367356509109,846.2419542106675,241.39478144024338,OK
Q,12,COLUMN,1D,-0.8,16.15,0.0,3.96,700003,701003,38,,108.17435083664363,107.95667750878152,0.21767332786210147,OK
Q,13,COLUMN,2A,-28.3,7.25,0.0,3.96,700004,701004,39,,1147.0500642839913,881.5503227585685,265.4997415254228,OK
Q,14,COLUMN,2B,-20.8,7.25,0.0,3.96,700005,701005,40,,1524.4116804713847,1168.8441648880012,355.5675155833835,OK
Q,15,COLUMN,2C,-10.8,7.25,0.0,3.96,700006,701006,41,,1703.168035873716,1305.282489346664,397.88554652705193,OK
Q,16,COLUMN,3B,-20.8,0.0,0.0,3.96,700007,701007,42,,831.9373203662784,643.1375909753702,188.79972939090817,OK
Q,17,COLUMN,3C,-10.8,0.0,0.0,3.96,700008,701008,43,,886.9030456894498,687.229336788962,199.67370890048778,OK
Q,18,COLUMN,E,0.0,0.0,3.96,7.92,100001,200001,44,1,84.83082753221701,63.048986375899275,21.78184115631774,OK
Q,19,COLUMN,F,10.0,0.0,3.96,7.92,100101,200101,45,2,729.7874373263144,506.5653750614099,223.22206226490448,OK
Q,20,COLUMN,G,20.0,0.0,3.96,7.92,100201,200201,46,3,927.7565103381202,721.5806989001952,206.17581143792495,OK
Q,21,COLUMN,H,30.0,0.0,3.96,7.92,100301,200301,47,,894.9912375444699,740.818340011193,154.1728975332769,OK
Q,22,COLUMN,I,40.0,0.0,3.96,7.92,100401,200401,48,,302.819349449743,355.547811173923,-52.728461724179965,OK
Q,23,COLUMN,I_prima,45.0,0.0,3.96,7.92,100451,200451,49,,423.0425245966794,374.190706504035,48.85181809264441,OK
Q,24,COLUMN,E,0.0,7.25,3.96,7.92,101001,201001,50,4,84.23410033343762,70.45454279328608,13.779557540151544,OK
Q,25,COLUMN,F,10.0,7.25,3.96,7.92,101101,201101,51,5,1029.255153494874,778.8586973832884,250.39645611158574,OK
Q,26,COLUMN,G,20.0,7.25,3.96,7.92,101201,201201,52,6,1151.825740816468,845.4272131153876,306.3985277010803,OK
Q,27,COLUMN,H,30.0,7.25,3.96,7.92,101301,201301,53,,1234.5101658334047,923.1222910133278,311.38787482007695,OK
Q,28,COLUMN,I,40.0,7.25,3.96,7.92,101401,201401,54,,904.3362897411276,659.4580323643244,244.87825737680328,OK
Q,29,COLUMN,I_prima,45.0,7.25,3.96,7.92,101451,201451,55,,694.8778785382301,608.9185704404963,85.95930809773381,OK
Q,30,COLUMN,E,0.0,16.15,3.96,7.92,102001,202001,56,7,339.9614927724176,147.42144592045406,192.54004685196355,OK
Q,31,COLUMN,F,10.0,16.15,3.96,7.92,102101,202101,57,8,726.1387811515172,563.7520611226818,162.38672002883538,OK
Q,32,COLUMN,G,20.0,16.15,3.96,7.92,102201,202201,58,9,746.1298240307887,575.1954062259985,170.9344178047902,OK
Q,33,COLUMN,H,30.0,16.15,3.96,7.92,102301,202301,59,,471.69339524366285,588.1059381302939,-116.41254288663106,OK
Q,34,COLUMN,I,40.0,16.15,3.96,7.92,102401,202401,60,,333.3063005862025,411.14673021090147,-77.84042962469897,OK
Q,35,COLUMN,I_prima,45.0,16.15,3.96,7.92,102451,202451,61,,289.71302580248033,409.651362868044,-119.93833706556364,OK
Q,36,COLUMN,1B,-20.8,16.15,3.96,7.92,701001,702001,62,10,797.7345089300012,563.3537280573133,234.38078087268786,OK
Q,37,COLUMN,1C,-10.8,16.15,3.96,7.92,701002,702002,63,11,846.2419542106675,600.1897572461684,246.0521969644991,OK
Q,38,COLUMN,1D,-0.8,16.15,3.96,7.92,701003,702003,64,12,107.95667750878152,131.22615443120827,-23.269476922426747,OK
Q,39,COLUMN,2A,-28.3,7.25,3.96,7.92,701004,702004,65,13,881.5503227585685,616.8791938736005,264.6711288849681,OK
Q,40,COLUMN,2B,-20.8,7.25,3.96,7.92,701005,702005,66,14,1168.8441648880012,817.7744882963576,351.06967659164354,OK
Q,41,COLUMN,2C,-10.8,7.25,3.96,7.92,701006,702006,67,15,1305.282489346664,913.6954896965678,391.58699965009623,OK
Q,42,COLUMN,3B,-20.8,0.0,3.96,7.92,701007,702007,68,16,643.1375909753702,452.668370597877,190.46922037749323,OK
Q,43,COLUMN,3C,-10.8,0.0,3.96,7.92,701008,702008,69,17,687.229336788962,486.54314837050146,200.68618841846052,OK
Q,44,COLUMN,E,0.0,0.0,7.92,11.88,200001,300001,70,18,63.048986375899275,15.625216196310287,47.423770179588985,OK
Q,45,COLUMN,F,10.0,0.0,7.92,11.88,200101,300101,71,19,506.5653750614099,279.3825920792276,227.1827829821823,OK
Q,46,COLUMN,G,20.0,0.0,7.92,11.88,200201,300201,72,20,721.5806989001952,443.89392460590824,277.686774294287,OK
Q,47,COLUMN,H,30.0,0.0,7.92,11.88,200301,300301,73,21,740.818340011193,520.030103598074,220.78823641311897,OK
Q,48,COLUMN,I,40.0,0.0,7.92,11.88,200401,300401,74,22,355.547811173923,228.0738896625168,127.47392151140619,OK
Q,49,COLUMN,I_prima,45.0,0.0,7.92,11.88,200451,300451,75,23,374.190706504035,341.03744783328,33.15325867075501,OK
Q,50,COLUMN,E,0.0,7.25,7.92,11.88,201001,301001,76,24,70.45454279328608,241.14568050472153,-170.69113771143543,OK
Q,51,COLUMN,F,10.0,7.25,7.92,11.88,201101,301101,77,25,778.8586973832884,530.6393631056542,248.21933427763418,OK
Q,52,COLUMN,G,20.0,7.25,7.92,11.88,201201,301201,78,26,845.4272131153876,546.8390959693223,298.5881171460653,OK
Q,53,COLUMN,H,30.0,7.25,7.92,11.88,201301,301301,79,27,923.1222910133278,620.37659987184,302.7456911414878,OK
Q,54,COLUMN,I,40.0,7.25,7.92,11.88,201401,301401,80,28,659.4580323643244,421.3412947067328,238.11673765759156,OK
Q,55,COLUMN,I_prima,45.0,7.25,7.92,11.88,201451,301451,81,29,608.9185704404963,536.5808219778928,72.33774846260349,OK
Q,56,COLUMN,E,0.0,16.15,7.92,11.88,202001,302001,82,30,147.42144592045406,-47.044755647709586,194.46620156816365,OK
Q,57,COLUMN,F,10.0,16.15,7.92,11.88,202101,302101,83,31,563.7520611226818,402.40368648486907,161.3483746378127,OK
Q,58,COLUMN,G,20.0,16.15,7.92,11.88,202201,302201,84,32,575.1954062259985,403.54366923299574,171.65173699300271,OK
Q,59,COLUMN,H,30.0,16.15,7.92,11.88,202301,302301,85,33,588.1059381302939,412.3885692420518,175.7173688882421,OK
Q,60,COLUMN,I,40.0,16.15,7.92,11.88,202401,302401,86,34,411.14673021090147,274.7037856698057,136.44294454109576,OK
Q,61,COLUMN,I_prima,45.0,16.15,7.92,11.88,202451,302451,87,35,409.651362868044,370.74842600093444,38.90293686710953,OK
Q,62,COLUMN,1B,-20.8,16.15,7.92,11.88,702001,703001,88,36,563.3537280573133,329.0891197462084,234.26460831110495,OK
Q,63,COLUMN,1C,-10.8,16.15,7.92,11.88,702002,703002,89,37,600.1897572461684,353.6222522612606,246.56750498490777,OK
Q,64,COLUMN,1D,-0.8,16.15,7.92,11.88,702003,703003,90,38,131.22615443120827,214.24796611286197,-83.0218116816537,OK
Q,65,COLUMN,2A,-28.3,7.25,7.92,11.88,702004,703004,91,39,616.8791938736005,353.9560578484363,262.9231360251642,OK
Q,66,COLUMN,2B,-20.8,7.25,7.92,11.88,702005,703005,92,40,817.7744882963576,468.62571520655405,349.14877308980357,OK
Q,67,COLUMN,2C,-10.8,7.25,7.92,11.88,702006,703006,93,41,913.6954896965678,526.3389934780238,387.35649621854407,OK
Q,68,COLUMN,3B,-20.8,0.0,7.92,11.88,702007,703007,94,42,452.668370597877,261.182707522691,191.48566307518604,OK
Q,69,COLUMN,3C,-10.8,0.0,7.92,11.88,702008,703008,95,43,486.54314837050146,285.2593944530207,201.28375391748074,OK
Q,70,COLUMN,E,0.0,0.0,11.88,15.84,300001,400001,96,44,15.625216196310287,101.63319521559482,-86.00797901928453,OK
Q,71,COLUMN,F,10.0,0.0,11.88,15.84,300101,400101,97,45,279.3825920792276,136.07571936146044,143.30687271776716,OK
Q,72,COLUMN,G,20.0,0.0,11.88,15.84,300201,400201,98,46,443.89392460590824,244.67230366983566,199.22162093607258,OK
Q,73,COLUMN,H,30.0,0.0,11.88,15.84,300301,400301,99,47,520.030103598074,317.77952097779763,202.25058262027636,OK
Q,74,COLUMN,I,40.0,0.0,11.88,15.84,300401,400401,100,48,228.0738896625168,146.7138154633671,81.3600741991497,OK
Q,75,COLUMN,I_prima,45.0,0.0,11.88,15.84,300451,400451,101,49,341.03744783328,189.94101621661554,151.09643161666446,OK
Q,76,COLUMN,E,0.0,7.25,11.88,15.84,301001,401001,103,50,241.14568050472153,145.95698466455687,95.18869584016466,OK
Q,77,COLUMN,F,10.0,7.25,11.88,15.84,301101,401101,104,51,530.6393631056542,314.8113131874819,215.82804991817227,OK
Q,78,COLUMN,G,20.0,7.25,11.88,15.84,301201,401201,105,52,546.8390959693223,323.56543914336214,223.2736568259602,OK
Q,79,COLUMN,H,30.0,7.25,11.88,15.84,301301,401301,106,53,620.37659987184,392.0812343457139,228.2953655261261,OK
Q,80,COLUMN,I,40.0,7.25,11.88,15.84,301401,401401,107,54,421.3412947067328,271.27192326898995,150.06937143774286,OK
Q,81,COLUMN,I_prima,45.0,7.25,11.88,15.84,301451,401451,108,55,536.5808219778928,297.352201626982,239.22862035091083,OK
Q,82,COLUMN,E,0.0,16.15,11.88,15.84,302001,402001,110,56,-47.044755647709586,176.57696483610948,-223.62172048381908,OK
Q,83,COLUMN,F,10.0,16.15,11.88,15.84,302101,402101,111,57,402.40368648486907,240.27266986569086,162.1310166191782,OK
Q,84,COLUMN,G,20.0,16.15,11.88,15.84,302201,402201,112,58,403.54366923299574,248.27265469703676,155.27101453595898,OK
Q,85,COLUMN,H,30.0,16.15,11.88,15.84,302301,402301,113,59,412.3885692420518,251.75024676893648,160.63832247311532,OK
Q,86,COLUMN,I,40.0,16.15,11.88,15.84,302401,402401,114,60,274.7037856698057,170.76428608504514,103.93949958476057,OK
Q,87,COLUMN,I_prima,45.0,16.15,11.88,15.84,302451,402451,115,61,370.74842600093444,201.23737873481286,169.51104726612158,OK
Q,88,COLUMN,1B,-20.8,16.15,11.88,15.84,703001,704001,117,62,329.0891197462084,93.70818233926771,235.3809374069407,OK
Q,89,COLUMN,1C,-10.8,16.15,11.88,15.84,703002,704002,118,63,353.6222522612606,117.75616921796131,235.86608304329928,OK
Q,90,COLUMN,1D,-0.8,16.15,11.88,15.84,703003,704003,119,64,214.24796611286197,0.0,214.24796611286197,OK
Q,91,COLUMN,2A,-28.3,7.25,11.88,15.84,703004,704004,120,65,353.9560578484363,93.00073946945547,260.9553183789808,OK
Q,92,COLUMN,2B,-20.8,7.25,11.88,15.84,703005,704005,121,66,468.62571520655405,120.81840366040853,347.8073115461455,OK
Q,93,COLUMN,2C,-10.8,7.25,11.88,15.84,703006,704006,122,67,526.3389934780238,138.86279550982934,387.47619796819447,OK
Q,94,COLUMN,3B,-20.8,0.0,11.88,15.84,703007,704007,123,68,261.182707522691,69.27934185141069,191.90336567128028,OK
Q,95,COLUMN,3C,-10.8,0.0,11.88,15.84,703008,704008,124,69,285.2593944530207,82.24894491795722,203.01044953506351,OK
Q,96,COLUMN,E,0.0,0.0,15.84,19.8,400001,500001,,70,101.63319521559482,0,101.63319521559482,OK
Q,97,COLUMN,F,10.0,0.0,15.84,19.8,400101,500101,,71,136.07571936146044,0,136.07571936146044,OK
Q,98,COLUMN,G,20.0,0.0,15.84,19.8,400201,500201,,72,244.67230366983566,0,244.67230366983566,OK
Q,99,COLUMN,H,30.0,0.0,15.84,19.8,400301,500301,,73,317.77952097779763,0,317.77952097779763,OK
Q,100,COLUMN,I,40.0,0.0,15.84,19.8,400401,500401,,74,146.7138154633671,0,146.7138154633671,OK
Q,101,COLUMN,I_prima,45.0,0.0,15.84,19.8,400451,500451,,75,189.94101621661554,0,189.94101621661554,OK
Q,102,COLUMN,J,50.0,0.0,15.84,19.8,400501,500501,,,23.517714301304586,0,23.517714301304586,OK
Q,103,COLUMN,E,0.0,7.25,15.84,19.8,401001,501001,,76,145.95698466455687,0,145.95698466455687,OK
Q,104,COLUMN,F,10.0,7.25,15.84,19.8,401101,501101,,77,314.8113131874819,0,314.8113131874819,OK
Q,105,COLUMN,G,20.0,7.25,15.84,19.8,401201,501201,,78,323.56543914336214,0,323.56543914336214,OK
Q,106,COLUMN,H,30.0,7.25,15.84,19.8,401301,501301,,79,392.0812343457139,0,392.0812343457139,OK
Q,107,COLUMN,I,40.0,7.25,15.84,19.8,401401,501401,,80,271.27192326898995,0,271.27192326898995,OK
Q,108,COLUMN,I_prima,45.0,7.25,15.84,19.8,401451,501451,,81,297.352201626982,0,297.352201626982,OK
Q,109,COLUMN,J,50.0,7.25,15.84,19.8,401501,501501,,,37.963277546787666,0,37.963277546787666,OK
Q,110,COLUMN,E,0.0,16.15,15.84,19.8,402001,502001,,82,176.57696483610948,0,176.57696483610948,OK
Q,111,COLUMN,F,10.0,16.15,15.84,19.8,402101,502101,,83,240.27266986569086,0,240.27266986569086,OK
Q,112,COLUMN,G,20.0,16.15,15.84,19.8,402201,502201,,84,248.27265469703676,0,248.27265469703676,OK
Q,113,COLUMN,H,30.0,16.15,15.84,19.8,402301,502301,,85,251.75024676893648,0,251.75024676893648,OK
Q,114,COLUMN,I,40.0,16.15,15.84,19.8,402401,502401,,86,170.76428608504514,0,170.76428608504514,OK
Q,115,COLUMN,I_prima,45.0,16.15,15.84,19.8,402451,502451,,87,201.23737873481286,0,201.23737873481286,OK
Q,116,COLUMN,J,50.0,16.15,15.84,19.8,402501,502501,,,22.087275483388932,0,22.087275483388932,OK
Q,117,COLUMN,1B,-20.8,16.15,15.84,19.8,704001,705001,,88,93.70818233926771,0,93.70818233926771,OK
Q,118,COLUMN,1C,-10.8,16.15,15.84,19.8,704002,705002,,89,117.75616921796131,0,117.75616921796131,OK
Q,119,COLUMN,1D,-0.8,16.15,15.84,19.8,704003,705003,,90,0.0,0,0.0,OK
Q,120,COLUMN,2A,-28.3,7.25,15.84,19.8,704004,705004,,91,93.00073946945547,0,93.00073946945547,OK
Q,121,COLUMN,2B,-20.8,7.25,15.84,19.8,704005,705005,,92,120.81840366040853,0,120.81840366040853,OK
Q,122,COLUMN,2C,-10.8,7.25,15.84,19.8,704006,705006,,93,138.86279550982934,0,138.86279550982934,OK
Q,123,COLUMN,3B,-20.8,0.0,15.84,19.8,704007,705007,,94,69.27934185141069,0,69.27934185141069,OK
Q,124,COLUMN,3C,-10.8,0.0,15.84,19.8,704008,705008,,95,82.24894491795722,0,82.24894491795722,OK
Q,355,STEEL_COLUMN_SHS300x20,BEAM_MANUAL,10.0,-4.12,7.92,11.88,900017,900115,,,5.783662323850658,0,5.783662323850658,OK
Q,356,STEEL_COLUMN_SHS300x20,BEAM_MANUAL,17.49,-4.12,7.92,11.88,900018,900116,,,4.842643986021203,0,4.842643986021203,OK
Q,357,STEEL_COLUMN_SHS300x20,BEAM_MANUAL,20.0,-4.12,15.84,19.8,900034,900046,,,14.945734824761429,0,14.945734824761429,OK
Q,358,STEEL_COLUMN_SHS300x20,BEAM_MANUAL,30.0,-4.12,15.84,19.8,900035,900047,,,15.122302803428633,0,15.122302803428633,OK
EX,1,COLUMN,E,0.0,0.0,0.0,3.96,1,100001,18,,-3.062333193008527,-4.97809835314221,1.9157651601336827,OK
EX,2,COLUMN,F,10.0,0.0,0.0,3.96,101,100101,19,,2.9835487737835957,-1.187944138399947,4.171492912183543,OK
EX,3,COLUMN,G,20.0,0.0,0.0,3.96,201,100201,20,,0.8684296504299734,0.8684296504299734,0.0,OK
EX,4,COLUMN,E,0.0,7.25,0.0,3.96,1001,101001,24,,31.20951906559205,92.1566993853394,-60.947180319747346,OK
EX,5,COLUMN,F,10.0,7.25,0.0,3.96,1101,101101,25,,7.623205919278574,3.4277445398101767,4.195461379468397,OK
EX,6,COLUMN,G,20.0,7.25,0.0,3.96,1201,101201,26,,-0.5797957543243728,-0.5797957543243729,1.1102230246251565e-16,OK
EX,7,COLUMN,E,0.0,16.15,0.0,3.96,2001,102001,30,,11.346997661546968,9.533607533818701,1.8133901277282671,OK
EX,8,COLUMN,F,10.0,16.15,0.0,3.96,2101,102101,31,,3.3289909704717737,1.0648051001028127,2.2641858703689612,OK
EX,9,COLUMN,G,20.0,16.15,0.0,3.96,2201,102201,32,,-4.455234396725771,-4.455234396725772,8.881784197001252e-16,OK
EX,10,COLUMN,1B,-20.8,16.15,0.0,3.96,700001,701001,36,,-1.0453581111550214,-0.004631226463035773,-1.0407268846919857,OK
EX,11,COLUMN,1C,-10.8,16.15,0.0,3.96,700002,701002,37,,6.718808554565916,5.109504937251567,1.6093036173143487,OK
EX,12,COLUMN,1D,-0.8,16.15,0.0,3.96,700003,701003,38,,-3.4327361848453517,-3.607691873109862,0.17495568826451047,OK
EX,13,COLUMN,2A,-28.3,7.25,0.0,3.96,700004,701004,39,,-55.47788840394364,-49.36560958458799,-6.1122788193556445,OK
EX,14,COLUMN,2B,-20.8,7.25,0.0,3.96,700005,701005,40,,23.506546034212917,21.156695625071002,2.349850409141915,OK
EX,15,COLUMN,2C,-10.8,7.25,0.0,3.96,700006,701006,41,,0.36424178028102006,-0.2441845634299828,0.6084263437110029,OK
EX,16,COLUMN,3B,-20.8,0.0,0.0,3.96,700007,701007,42,,-0.7715257811880961,0.20238019707912303,-0.9739059782672191,OK
EX,17,COLUMN,3C,-10.8,0.0,0.0,3.96,700008,701008,43,,-1.338065974073041,-1.9852055046167245,0.6471395305436836,OK
EX,18,COLUMN,E,0.0,0.0,3.96,7.92,100001,200001,44,1,-4.97809835314221,0.6279770141282176,-5.606075367270427,OK
EX,19,COLUMN,F,10.0,0.0,3.96,7.92,100101,200101,45,2,-1.187944138399947,-0.7702819866680096,-0.4176621517319373,OK
EX,20,COLUMN,G,20.0,0.0,3.96,7.92,100201,200201,46,3,0.8684296504299734,-1.4430498261166596,2.311479476546633,OK
EX,21,COLUMN,H,30.0,0.0,3.96,7.92,100301,200301,47,,0.918670391204003,3.8942691113209285,-2.9755987201169254,OK
EX,22,COLUMN,I,40.0,0.0,3.96,7.92,100401,200401,48,,-50.24182387655108,-46.29875505270852,-3.943068823842559,OK
EX,23,COLUMN,I_prima,45.0,0.0,3.96,7.92,100451,200451,49,,113.52283587427951,64.73896235043021,48.783873523849294,OK
EX,24,COLUMN,E,0.0,7.25,3.96,7.92,101001,201001,50,4,92.1566993853394,-19.402717618640484,111.55941700397987,OK
EX,25,COLUMN,F,10.0,7.25,3.96,7.92,101101,201101,51,5,3.4277445398101767,1.4685374129133442,1.9592071268968325,OK
EX,26,COLUMN,G,20.0,7.25,3.96,7.92,101201,201201,52,6,-0.5797957543243729,0.12017271536630396,-0.6999684696906768,OK
EX,27,COLUMN,H,30.0,7.25,3.96,7.92,101301,201301,53,,-4.317225803789781,-3.0436974732454027,-1.2735283305443783,OK
EX,28,COLUMN,I,40.0,7.25,3.96,7.92,101401,201401,54,,-72.56252688747787,-45.38035085900873,-27.182176028469144,OK
EX,29,COLUMN,I_prima,45.0,7.25,3.96,7.92,101451,201451,55,,109.42819149072793,71.26538728892837,38.16280420179956,OK
EX,30,COLUMN,E,0.0,16.15,3.96,7.92,102001,202001,56,7,9.533607533818701,10.992950724289209,-1.4593431904705074,OK
EX,31,COLUMN,F,10.0,16.15,3.96,7.92,102101,202101,57,8,1.0648051001028127,0.4689538284158197,0.595851271686993,OK
EX,32,COLUMN,G,20.0,16.15,3.96,7.92,102201,202201,58,9,-4.455234396725772,-3.213674132019854,-1.2415602647059183,OK
EX,33,COLUMN,H,30.0,16.15,3.96,7.92,102301,202301,59,,-556.9771925422236,10.477721707037885,-567.4549142492615,OK
EX,34,COLUMN,I,40.0,16.15,3.96,7.92,102401,202401,60,,-38.69708199714299,-32.5565059532565,-6.14057604388649,OK
EX,35,COLUMN,I_prima,45.0,16.15,3.96,7.92,102451,202451,61,,619.6029845445063,47.579932250007545,572.0230522944987,OK
EX,36,COLUMN,1B,-20.8,16.15,3.96,7.92,701001,702001,62,10,-0.004631226463035773,-0.3058046309640365,0.3011734045010007,OK
EX,37,COLUMN,1C,-10.8,16.15,3.96,7.92,701002,702002,63,11,5.109504937251567,3.9362766571421646,1.1732282801094027,OK
EX,38,COLUMN,1D,-0.8,16.15,3.96,7.92,701003,702003,64,12,-3.607691873109862,-3.9232497340655033,0.3155578609556411,OK
EX,39,COLUMN,2A,-28.3,7.25,3.96,7.92,701004,702004,65,13,-49.36560958458799,-31.406462283459543,-17.95914730112845,OK
EX,40,COLUMN,2B,-20.8,7.25,3.96,7.92,701005,702005,66,14,21.156695625071002,12.805423110949992,8.35127251412101,OK
EX,41,COLUMN,2C,-10.8,7.25,3.96,7.92,701006,702006,67,15,-0.2441845634299828,0.308682643330752,-0.5528672067607348,OK
EX,42,COLUMN,3B,-20.8,0.0,3.96,7.92,701007,702007,68,16,0.20238019707912303,-0.1502105842407613,0.3525907813198843,OK
EX,43,COLUMN,3C,-10.8,0.0,3.96,7.92,701008,702008,69,17,-1.9852055046167245,-1.5313870380054528,-0.4538184666112717,OK
EX,44,COLUMN,E,0.0,0.0,7.92,11.88,200001,300001,70,18,0.6279770141282176,2.8830046090975023,-2.2550275949692846,OK
EX,45,COLUMN,F,10.0,0.0,7.92,11.88,200101,300101,71,19,-0.7702819866680096,0.9018445862168859,-1.6721265728848955,OK
EX,46,COLUMN,G,20.0,0.0,7.92,11.88,200201,300201,72,20,-1.4430498261166596,-3.5545116701529147,2.1114618440362554,OK
EX,47,COLUMN,H,30.0,0.0,7.92,11.88,200301,300301,73,21,3.8942691113209285,2.6213856672938243,1.2728834440271042,OK
EX,48,COLUMN,I,40.0,0.0,7.92,11.88,200401,300401,74,22,-46.29875505270852,-23.862804018733186,-22.435951033975336,OK
EX,49,COLUMN,I_prima,45.0,0.0,7.92,11.88,200451,300451,75,23,64.73896235043021,33.38624314310458,31.352719207325634,OK
EX,50,COLUMN,E,0.0,7.25,7.92,11.88,201001,301001,76,24,-19.402717618640484,8.15428321949075,-27.557000838131234,OK
EX,51,COLUMN,F,10.0,7.25,7.92,11.88,201101,301101,77,25,1.4685374129133442,0.6301267934255717,0.8384106194877725,OK
EX,52,COLUMN,G,20.0,7.25,7.92,11.88,201201,301201,78,26,0.12017271536630396,0.3328045488604138,-0.2126318334941098,OK
EX,53,COLUMN,H,30.0,7.25,7.92,11.88,201301,301301,79,27,-3.0436974732454027,-2.3746177528606,-0.6690797203848029,OK
EX,54,COLUMN,I,40.0,7.25,7.92,11.88,201401,301401,80,28,-45.38035085900873,-22.549681830709563,-22.830669028299166,OK
EX,55,COLUMN,I_prima,45.0,7.25,7.92,11.88,201451,301451,81,29,71.26538728892837,37.95556103644577,33.309826252482594,OK
EX,56,COLUMN,E,0.0,16.15,7.92,11.88,202001,302001,82,30,10.992950724289209,12.232270769954123,-1.2393200456649147,OK
EX,57,COLUMN,F,10.0,16.15,7.92,11.88,202101,302101,83,31,0.4689538284158197,0.1161294996473388,0.35282432876848085,OK
EX,58,COLUMN,G,20.0,16.15,7.92,11.88,202201,302201,84,32,-3.213674132019854,-1.8640165733335283,-1.3496575586863255,OK
EX,59,COLUMN,H,30.0,16.15,7.92,11.88,202301,302301,85,33,10.477721707037885,6.312164303564773,4.1655574034731115,OK
EX,60,COLUMN,I,40.0,16.15,7.92,11.88,202401,302401,86,34,-32.5565059532565,-14.82050392009061,-17.73600203316589,OK
EX,61,COLUMN,I_prima,45.0,16.15,7.92,11.88,202451,302451,87,35,47.579932250007545,22.757509046243264,24.82242320376428,OK
EX,62,COLUMN,1B,-20.8,16.15,7.92,11.88,702001,703001,88,36,-0.3058046309640365,0.47121863646524836,-0.7770232674292848,OK
EX,63,COLUMN,1C,-10.8,16.15,7.92,11.88,702002,703002,89,37,3.9362766571421646,2.67007297129845,1.2662036858437147,OK
EX,64,COLUMN,1D,-0.8,16.15,7.92,11.88,702003,703003,90,38,-3.9232497340655033,-7.01313746961226,3.0898877355467564,OK
EX,65,COLUMN,2A,-28.3,7.25,7.92,11.88,702004,703004,91,39,-31.406462283459543,-14.241738376759974,-17.16472390669957,OK
EX,66,COLUMN,2B,-20.8,7.25,7.92,11.88,702005,703005,92,40,12.805423110949992,5.4402908776628935,7.365132233287098,OK
EX,67,COLUMN,2C,-10.8,7.25,7.92,11.88,702006,703006,93,41,0.308682643330752,-0.1618078992461009,0.4704905425768529,OK
EX,68,COLUMN,3B,-20.8,0.0,7.92,11.88,702007,703007,94,42,-0.1502105842407613,0.7203161365961308,-0.8705267208368921,OK
EX,69,COLUMN,3C,-10.8,0.0,7.92,11.88,702008,703008,95,43,-1.5313870380054528,-2.190642800400126,0.6592557623946733,OK
EX,70,COLUMN,E,0.0,0.0,11.88,15.84,300001,400001,96,44,2.8830046090975023,-5.3016849601118565,8.18468956920936,OK
EX,71,COLUMN,F,10.0,0.0,11.88,15.84,300101,400101,97,45,0.9018445862168859,0.8134460930473772,0.08839849316950865,OK
EX,72,COLUMN,G,20.0,0.0,11.88,15.84,300201,400201,98,46,-3.5545116701529147,-1.8124320859954195,-1.7420795841574952,OK
EX,73,COLUMN,H,30.0,0.0,11.88,15.84,300301,400301,99,47,2.6213856672938243,1.3177708038756144,1.3036148634182099,OK
EX,74,COLUMN,I,40.0,0.0,11.88,15.84,300401,400401,100,48,-23.862804018733186,-8.562521023101203,-15.300282995631983,OK
EX,75,COLUMN,I_prima,45.0,0.0,11.88,15.84,300451,400451,101,49,33.38624314310458,12.555894536735916,20.830348606368663,OK
EX,76,COLUMN,E,0.0,7.25,11.88,15.84,301001,401001,103,50,8.15428321949075,-33.03185611071428,41.18613933020503,OK
EX,77,COLUMN,F,10.0,7.25,11.88,15.84,301101,401101,104,51,0.6301267934255717,-1.6942134299164755,2.3243402233420474,OK
EX,78,COLUMN,G,20.0,7.25,11.88,15.84,301201,401201,105,52,0.3328045488604138,0.45070775642335664,-0.11790320756294287,OK
EX,79,COLUMN,H,30.0,7.25,11.88,15.84,301301,401301,106,53,-2.3746177528606,-1.2502663119585846,-1.1243514409020152,OK
EX,80,COLUMN,I,40.0,7.25,11.88,15.84,301401,401401,107,54,-22.549681830709563,-7.990071369456706,-14.559610461252857,OK
EX,81,COLUMN,I_prima,45.0,7.25,11.88,15.84,301451,401451,108,55,37.95556103644577,15.19748435243214,22.75807668401363,OK
EX,82,COLUMN,E,0.0,16.15,11.88,15.84,302001,402001,110,56,12.232270769954123,-0.5024586813348564,12.73472945128898,OK
EX,83,COLUMN,F,10.0,16.15,11.88,15.84,302101,402101,111,57,0.1161294996473388,0.9417759374531173,-0.8256464378057785,OK
EX,84,COLUMN,G,20.0,16.15,11.88,15.84,302201,402201,112,58,-1.8640165733335283,-0.9470390452347778,-0.9169775280987505,OK
EX,85,COLUMN,H,30.0,16.15,11.88,15.84,302301,402301,113,59,6.312164303564773,2.938140813547886,3.3740234900168873,OK
EX,86,COLUMN,I,40.0,16.15,11.88,15.84,302401,402401,114,60,-14.82050392009061,-4.738765479445058,-10.081738440645552,OK
EX,87,COLUMN,I_prima,45.0,16.15,11.88,15.84,302451,402451,115,61,22.757509046243264,8.2428003942182,14.514708652025064,OK
EX,88,COLUMN,1B,-20.8,16.15,11.88,15.84,703001,704001,117,62,0.47121863646524836,0.971281287545342,-0.5000626510800936,OK
EX,89,COLUMN,1C,-10.8,16.15,11.88,15.84,703002,704002,118,63,2.67007297129845,-0.30887182797862844,2.9789447992770786,OK
EX,90,COLUMN,1D,-0.8,16.15,11.88,15.84,703003,704003,119,64,-7.01313746961226,0.0,-7.01313746961226,OK
EX,91,COLUMN,2A,-28.3,7.25,11.88,15.84,703004,704004,120,65,-14.241738376759974,-3.767704849707895,-10.474033527052079,OK
EX,92,COLUMN,2B,-20.8,7.25,11.88,15.84,703005,704005,121,66,5.4402908776628935,1.0748739364641131,4.365416941198781,OK
EX,93,COLUMN,2C,-10.8,7.25,11.88,15.84,703006,704006,122,67,-0.1618078992461009,1.595571055688121,-1.757378954934222,OK
EX,94,COLUMN,3B,-20.8,0.0,11.88,15.84,703007,704007,123,68,0.7203161365961308,0.9767515356726643,-0.25643539907653345,OK
EX,95,COLUMN,3C,-10.8,0.0,11.88,15.84,703008,704008,124,69,-2.190642800400126,-1.4027413809840397,-0.7879014194160865,OK
EX,96,COLUMN,E,0.0,0.0,15.84,19.8,400001,500001,,70,-5.3016849601118565,0,-5.3016849601118565,OK
EX,97,COLUMN,F,10.0,0.0,15.84,19.8,400101,500101,,71,0.8134460930473772,0,0.8134460930473772,OK
EX,98,COLUMN,G,20.0,0.0,15.84,19.8,400201,500201,,72,-1.8124320859954195,0,-1.8124320859954195,OK
EX,99,COLUMN,H,30.0,0.0,15.84,19.8,400301,500301,,73,1.3177708038756144,0,1.3177708038756144,OK
EX,100,COLUMN,I,40.0,0.0,15.84,19.8,400401,500401,,74,-8.562521023101203,0,-8.562521023101203,OK
EX,101,COLUMN,I_prima,45.0,0.0,15.84,19.8,400451,500451,,75,12.555894536735916,0,12.555894536735916,OK
EX,102,COLUMN,J,50.0,0.0,15.84,19.8,400501,500501,,,-1.0256698730929399,0,-1.0256698730929399,OK
EX,103,COLUMN,E,0.0,7.25,15.84,19.8,401001,501001,,76,-33.03185611071428,0,-33.03185611071428,OK
EX,104,COLUMN,F,10.0,7.25,15.84,19.8,401101,501101,,77,-1.6942134299164755,0,-1.6942134299164755,OK
EX,105,COLUMN,G,20.0,7.25,15.84,19.8,401201,501201,,78,0.45070775642335664,0,0.45070775642335664,OK
EX,106,COLUMN,H,30.0,7.25,15.84,19.8,401301,501301,,79,-1.2502663119585846,0,-1.2502663119585846,OK
EX,107,COLUMN,I,40.0,7.25,15.84,19.8,401401,501401,,80,-7.990071369456706,0,-7.990071369456706,OK
EX,108,COLUMN,I_prima,45.0,7.25,15.84,19.8,401451,501451,,81,15.19748435243214,0,15.19748435243214,OK
EX,109,COLUMN,J,50.0,7.25,15.84,19.8,401501,501501,,,-0.964457269552892,0,-0.964457269552892,OK
EX,110,COLUMN,E,0.0,16.15,15.84,19.8,402001,502001,,82,-0.5024586813348564,0,-0.5024586813348564,OK
EX,111,COLUMN,F,10.0,16.15,15.84,19.8,402101,502101,,83,0.9417759374531173,0,0.9417759374531173,OK
EX,112,COLUMN,G,20.0,16.15,15.84,19.8,402201,502201,,84,-0.9470390452347778,0,-0.9470390452347778,OK
EX,113,COLUMN,H,30.0,16.15,15.84,19.8,402301,502301,,85,2.938140813547886,0,2.938140813547886,OK
EX,114,COLUMN,I,40.0,16.15,15.84,19.8,402401,502401,,86,-4.738765479445058,0,-4.738765479445058,OK
EX,115,COLUMN,I_prima,45.0,16.15,15.84,19.8,402451,502451,,87,8.2428003942182,0,8.2428003942182,OK
EX,116,COLUMN,J,50.0,16.15,15.84,19.8,402501,502501,,,-0.8485014058297541,0,-0.8485014058297541,OK
EX,117,COLUMN,1B,-20.8,16.15,15.84,19.8,704001,705001,,88,0.971281287545342,0,0.971281287545342,OK
EX,118,COLUMN,1C,-10.8,16.15,15.84,19.8,704002,705002,,89,-0.30887182797862844,0,-0.30887182797862844,OK
EX,119,COLUMN,1D,-0.8,16.15,15.84,19.8,704003,705003,,90,0.0,0,0.0,OK
EX,120,COLUMN,2A,-28.3,7.25,15.84,19.8,704004,705004,,91,-3.767704849707895,0,-3.767704849707895,OK
EX,121,COLUMN,2B,-20.8,7.25,15.84,19.8,704005,705005,,92,1.0748739364641131,0,1.0748739364641131,OK
EX,122,COLUMN,2C,-10.8,7.25,15.84,19.8,704006,705006,,93,1.595571055688121,0,1.595571055688121,OK
EX,123,COLUMN,3B,-20.8,0.0,15.84,19.8,704007,705007,,94,0.9767515356726643,0,0.9767515356726643,OK
EX,124,COLUMN,3C,-10.8,0.0,15.84,19.8,704008,705008,,95,-1.4027413809840397,0,-1.4027413809840397,OK
EX,355,STEEL_COLUMN_SHS300x20,BEAM_MANUAL,10.0,-4.12,7.92,11.88,900017,900115,,,0.008289416211908512,0,0.008289416211908512,OK
EX,356,STEEL_COLUMN_SHS300x20,BEAM_MANUAL,17.49,-4.12,7.92,11.88,900018,900116,,,-0.01336426555867997,0,-0.01336426555867997,OK
EX,357,STEEL_COLUMN_SHS300x20,BEAM_MANUAL,20.0,-4.12,15.84,19.8,900034,900046,,,-0.10252497547127823,0,-0.10252497547127823,OK
EX,358,STEEL_COLUMN_SHS300x20,BEAM_MANUAL,30.0,-4.12,15.84,19.8,900035,900047,,,-0.018441767034775357,0,-0.018441767034775357,OK
EY,1,COLUMN,E,0.0,0.0,0.0,3.96,1,100001,18,,-2.0753456642254005,-1.4432860730188521,-0.6320595912065483,OK
EY,2,COLUMN,F,10.0,0.0,0.0,3.96,101,100101,19,,-10.487225115773409,-25.790830542895087,15.303605427121678,OK
EY,3,COLUMN,G,20.0,0.0,0.0,3.96,201,100201,20,,-25.553919508805397,-25.553919508805382,-1.4210854715202004e-14,OK
EY,4,COLUMN,E,0.0,7.25,0.0,3.96,1001,101001,24,,-1.9834682063331153,-1.7937418330040027,-0.18972637332911257,OK
EY,5,COLUMN,F,10.0,7.25,0.0,3.96,1101,101101,25,,10.84873476160899,10.350755672579691,0.49797908902929855,OK
EY,6,COLUMN,G,20.0,7.25,0.0,3.96,1201,101201,26,,7.363420585196795,7.363420585196796,-1.7763568394002505e-15,OK
EY,7,COLUMN,E,0.0,16.15,0.0,3.96,2001,102001,30,,62.33156427164704,142.2249039266857,-79.89333965503866,OK
EY,8,COLUMN,F,10.0,16.15,0.0,3.96,2101,102101,31,,10.262318904016944,21.158045850300432,-10.895726946283489,OK
EY,9,COLUMN,G,20.0,16.15,0.0,3.96,2201,102201,32,,17.565664443668084,17.565664443668087,-3.552713678800501e-15,OK
EY,10,COLUMN,1B,-20.8,16.15,0.0,3.96,700001,701001,36,,15.667224815945218,13.405851234704672,2.261373581240546,OK
EY,11,COLUMN,1C,-10.8,16.15,0.0,3.96,700002,701002,37,,16.945782525621752,14.982562663931928,1.963219861689824,OK
EY,12,COLUMN,1D,-0.8,16.15,0.0,3.96,700003,701003,38,,301.783529869665,249.62444108805946,52.15908878160556,OK
EY,13,COLUMN,2A,-28.3,7.25,0.0,3.96,700004,701004,39,,4.374667556022586,3.721731297685801,0.6529362583367848,OK
EY,14,COLUMN,2B,-20.8,7.25,0.0,3.96,700005,701005,40,,5.0089628682876395,4.23325713856341,0.7757057297242298,OK
EY,15,COLUMN,2C,-10.8,7.25,0.0,3.96,700006,701006,41,,8.633374225604832,7.794220592573298,0.8391536330315343,OK
EY,16,COLUMN,3B,-20.8,0.0,0.0,3.96,700007,701007,42,,-22.110771350491447,-18.89846029702025,-3.212311053471197,OK
EY,17,COLUMN,3C,-10.8,0.0,0.0,3.96,700008,701008,43,,-21.547352256786123,-18.76165366701356,-2.7856985897725615,OK
EY,18,COLUMN,E,0.0,0.0,3.96,7.92,100001,200001,44,1,-1.4432860730188521,-1.6890246828999615,0.2457386098811094,OK
EY,19,COLUMN,F,10.0,0.0,3.96,7.92,100101,200101,45,2,-25.790830542895087,-19.13279695177508,-6.658033591120006,OK
EY,20,COLUMN,G,20.0,0.0,3.96,7.92,100201,200201,46,3,-25.553919508805382,-18.563479713486796,-6.990439795318586,OK
EY,21,COLUMN,H,30.0,0.0,3.96,7.92,100301,200301,47,,-30.46639633622522,-21.66085301481591,-8.80554332140931,OK
EY,22,COLUMN,I,40.0,0.0,3.96,7.92,100401,200401,48,,-352.6952065602041,-2.5365499879222146,-350.15865657228187,OK
EY,23,COLUMN,I_prima,45.0,0.0,3.96,7.92,100451,200451,49,,-51.83340888287519,-39.82363309674905,-12.009775786126141,OK
EY,24,COLUMN,E,0.0,7.25,3.96,7.92,101001,201001,50,4,-1.7937418330040027,10.002439438472253,-11.796181271476256,OK
EY,25,COLUMN,F,10.0,7.25,3.96,7.92,101101,201101,51,5,10.350755672579691,8.251316353517101,2.09943931906259,OK
EY,26,COLUMN,G,20.0,7.25,3.96,7.92,101201,201201,52,6,7.363420585196796,5.186875090488602,2.1765454947081944,OK
EY,27,COLUMN,H,30.0,7.25,3.96,7.92,101301,201301,53,,7.059869213923075,5.888826950086725,1.17104226383635,OK
EY,28,COLUMN,I,40.0,7.25,3.96,7.92,101401,201401,54,,5.722405455306459,3.7849601001842705,1.9374453551221889,OK
EY,29,COLUMN,I_prima,45.0,7.25,3.96,7.92,101451,201451,55,,9.137290287455171,7.986501925712827,1.150788361742344,OK
EY,30,COLUMN,E,0.0,16.15,3.96,7.92,102001,202001,56,7,142.2249039266857,136.15937758230132,6.065526344384381,OK
EY,31,COLUMN,F,10.0,16.15,3.96,7.92,102101,202101,57,8,21.158045850300432,15.538738800813233,5.619307049487199,OK
EY,32,COLUMN,G,20.0,16.15,3.96,7.92,102201,202201,58,9,17.565664443668087,12.659759719403905,4.9059047242641824,OK
EY,33,COLUMN,H,30.0,16.15,3.96,7.92,102301,202301,59,,15.183867938121248,16.044195536466564,-0.8603275983453162,OK
EY,34,COLUMN,I,40.0,16.15,3.96,7.92,102401,202401,60,,347.05102006913756,-3.6875358903218602,350.7385559594594,OK
EY,35,COLUMN,I_prima,45.0,16.15,3.96,7.92,102451,202451,61,,28.46090541454828,34.99960691813694,-6.538701503588662,OK
EY,36,COLUMN,1B,-20.8,16.15,3.96,7.92,701001,702001,62,10,13.405851234704672,7.634858155262552,5.77099307944212,OK
EY,37,COLUMN,1C,-10.8,16.15,3.96,7.92,701002,702002,63,11,14.982562663931928,9.577246693478529,5.405315970453399,OK
EY,38,COLUMN,1D,-0.8,16.15,3.96,7.92,701003,702003,64,12,249.62444108805946,25.68077847736553,223.94366261069393,OK
EY,39,COLUMN,2A,-28.3,7.25,3.96,7.92,701004,702004,65,13,3.721731297685801,1.9845239450483347,1.7372073526374663,OK
EY,40,COLUMN,2B,-20.8,7.25,3.96,7.92,701005,702005,66,14,4.23325713856341,2.275988219222863,1.9572689193405468,OK
EY,41,COLUMN,2C,-10.8,7.25,3.96,7.92,701006,702006,67,15,7.794220592573298,5.579712715247069,2.214507877326229,OK
EY,42,COLUMN,3B,-20.8,0.0,3.96,7.92,701007,702007,68,16,-18.89846029702025,-10.629474623544434,-8.268985673475816,OK
EY,43,COLUMN,3C,-10.8,0.0,3.96,7.92,701008,702008,69,17,-18.76165366701356,-11.596785354596404,-7.164868312417157,OK
EY,44,COLUMN,E,0.0,0.0,7.92,11.88,200001,300001,70,18,-1.6890246828999615,-61.285290601494,59.596265918594035,OK
EY,45,COLUMN,F,10.0,0.0,7.92,11.88,200101,300101,71,19,-19.13279695177508,-12.756524020982035,-6.376272930793046,OK
EY,46,COLUMN,G,20.0,0.0,7.92,11.88,200201,300201,72,20,-18.563479713486796,-12.980339684360063,-5.583140029126733,OK
EY,47,COLUMN,H,30.0,0.0,7.92,11.88,200301,300301,73,21,-21.66085301481591,-15.07446466782823,-6.586388346987679,OK
EY,48,COLUMN,I,40.0,0.0,7.92,11.88,200401,300401,74,22,-2.5365499879222146,-2.2059167076166424,-0.33063328030557226,OK
EY,49,COLUMN,I_prima,45.0,0.0,7.92,11.88,200451,300451,75,23,-39.82363309674905,-30.883768604174232,-8.939864492574817,OK
EY,50,COLUMN,E,0.0,7.25,7.92,11.88,201001,301001,76,24,10.002439438472253,548.2021311978394,-538.1996917593672,OK
EY,51,COLUMN,F,10.0,7.25,7.92,11.88,201101,301101,77,25,8.251316353517101,5.752689151595727,2.4986272019213738,OK
EY,52,COLUMN,G,20.0,7.25,7.92,11.88,201201,301201,78,26,5.186875090488602,3.495064622337616,1.6918104681509862,OK
EY,53,COLUMN,H,30.0,7.25,7.92,11.88,201301,301301,79,27,5.888826950086725,3.8766840305541623,2.0121429195325624,OK
EY,54,COLUMN,I,40.0,7.25,7.92,11.88,201401,301401,80,28,3.7849601001842705,2.390677759126021,1.3942823410582497,OK
EY,55,COLUMN,I_prima,45.0,7.25,7.92,11.88,201451,301451,81,29,7.986501925712827,6.1884792894479395,1.7980226362648875,OK
EY,56,COLUMN,E,0.0,16.15,7.92,11.88,202001,302001,82,30,136.15937758230132,132.63693451911007,3.522443063191247,OK
EY,57,COLUMN,F,10.0,16.15,7.92,11.88,202101,302101,83,31,15.538738800813233,10.80981376987593,4.728925030937303,OK
EY,58,COLUMN,G,20.0,16.15,7.92,11.88,202201,302201,84,32,12.659759719403905,8.918488678716113,3.741271040687792,OK
EY,59,COLUMN,H,30.0,16.15,7.92,11.88,202301,302301,85,33,16.044195536466564,11.446997766091348,4.597197770375216,OK
EY,60,COLUMN,I,40.0,16.15,7.92,11.88,202401,302401,86,34,-3.6875358903218602,-2.533017913872461,-1.1545179764493994,OK
EY,61,COLUMN,I_prima,45.0,16.15,7.92,11.88,202451,302451,87,35,34.99960691813694,27.721876060365634,7.2777308577713065,OK
EY,62,COLUMN,1B,-20.8,16.15,7.92,11.88,702001,703001,88,36,7.634858155262552,2.6318161825548754,5.003041972707676,OK
EY,63,COLUMN,1C,-10.8,16.15,7.92,11.88,702002,703002,89,37,9.577246693478529,4.717997887371182,4.859248806107346,OK
EY,64,COLUMN,1D,-0.8,16.15,7.92,11.88,702003,703003,90,38,25.68077847736553,-78.2622286573244,103.94300713468994,OK
EY,65,COLUMN,2A,-28.3,7.25,7.92,11.88,702004,703004,91,39,1.9845239450483347,0.54637267964236,1.4381512654059747,OK
EY,66,COLUMN,2B,-20.8,7.25,7.92,11.88,702005,703005,92,40,2.275988219222863,0.5410724349828798,1.7349157842399832,OK
EY,67,COLUMN,2C,-10.8,7.25,7.92,11.88,702006,703006,93,41,5.579712715247069,3.741426096044524,1.8382866192025453,OK
EY,68,COLUMN,3B,-20.8,0.0,7.92,11.88,702007,703007,94,42,-10.629474623544434,-3.478747221619086,-7.150727401925348,OK
EY,69,COLUMN,3C,-10.8,0.0,7.92,11.88,702008,703008,95,43,-11.596785354596404,-5.416163360064295,-6.1806219945321095,OK
EY,70,COLUMN,E,0.0,0.0,11.88,15.84,300001,400001,96,44,-61.285290601494,-278.09524307291053,216.80995247141652,OK
EY,71,COLUMN,F,10.0,0.0,11.88,15.84,300101,400101,97,45,-12.756524020982035,-6.006602427828596,-6.749921593153439,OK
EY,72,COLUMN,G,20.0,0.0,11.88,15.84,300201,400201,98,46,-12.980339684360063,-6.166332895678874,-6.814006788681189,OK
EY,73,COLUMN,H,30.0,0.0,11.88,15.84,300301,400301,99,47,-15.07446466782823,-7.2699678584546925,-7.804496809373538,OK
EY,74,COLUMN,I,40.0,0.0,11.88,15.84,300401,400401,100,48,-2.2059167076166424,-1.4966801335580002,-0.7092365740586422,OK
EY,75,COLUMN,I_prima,45.0,0.0,11.88,15.84,300451,400451,101,49,-30.883768604174232,-15.020803689696326,-15.862964914477907,OK
EY,76,COLUMN,E,0.0,7.25,11.88,15.84,301001,401001,103,50,548.2021311978394,203.7848027711419,344.4173284266975,OK
EY,77,COLUMN,F,10.0,7.25,11.88,15.84,301101,401101,104,51,5.752689151595727,3.536151314161624,2.216537837434103,OK
EY,78,COLUMN,G,20.0,7.25,11.88,15.84,301201,401201,105,52,3.495064622337616,1.4751455998879435,2.019919022449672,OK
EY,79,COLUMN,H,30.0,7.25,11.88,15.84,301301,401301,106,53,3.8766840305541623,1.9003022159955265,1.9763818145586358,OK
EY,80,COLUMN,I,40.0,7.25,11.88,15.84,301401,401401,107,54,2.390677759126021,1.1324643076128986,1.2582134515131222,OK
EY,81,COLUMN,I_prima,45.0,7.25,11.88,15.84,301451,401451,108,55,6.1884792894479395,3.03648643929547,3.1519928501524697,OK
EY,82,COLUMN,E,0.0,16.15,11.88,15.84,302001,402001,110,56,132.63693451911007,6.341512575018113,126.29542194409196,OK
EY,83,COLUMN,F,10.0,16.15,11.88,15.84,302101,402101,111,57,10.80981376987593,5.849250552532992,4.960563217342938,OK
EY,84,COLUMN,G,20.0,16.15,11.88,15.84,302201,402201,112,58,8.918488678716113,4.366849628922689,4.551639049793423,OK
EY,85,COLUMN,H,30.0,16.15,11.88,15.84,302301,402301,113,59,11.446997766091348,5.762740925666727,5.684256840424621,OK
EY,86,COLUMN,I,40.0,16.15,11.88,15.84,302401,402401,114,60,-2.533017913872461,-0.8324225428743903,-1.7005953709980706,OK
EY,87,COLUMN,I_prima,45.0,16.15,11.88,15.84,302451,402451,115,61,27.721876060365634,13.49489521830244,14.226980842063194,OK
EY,88,COLUMN,1B,-20.8,16.15,11.88,15.84,703001,704001,117,62,2.6318161825548754,0.270393611629251,2.3614225709256242,OK
EY,89,COLUMN,1C,-10.8,16.15,11.88,15.84,703002,704002,118,63,4.717997887371182,1.3013063564891405,3.4166915308820416,OK
EY,90,COLUMN,1D,-0.8,16.15,11.88,15.84,703003,704003,119,64,-78.2622286573244,0.0,-78.2622286573244,OK
EY,91,COLUMN,2A,-28.3,7.25,11.88,15.84,703004,704004,120,65,0.54637267964236,-0.027003039001552976,0.573375718643913,OK
EY,92,COLUMN,2B,-20.8,7.25,11.88,15.84,703005,704005,121,66,0.5410724349828798,-0.10709668071959458,0.6481691157024744,OK
EY,93,COLUMN,2C,-10.8,7.25,11.88,15.84,703006,704006,122,67,3.741426096044524,1.2288302074397937,2.5125958886047304,OK
EY,94,COLUMN,3B,-20.8,0.0,11.88,15.84,703007,704007,123,68,-3.478747221619086,-0.09275739191156518,-3.385989829707521,OK
EY,95,COLUMN,3C,-10.8,0.0,11.88,15.84,703008,704008,124,69,-5.416163360064295,-1.9440428586133145,-3.4721205014509806,OK
EY,96,COLUMN,E,0.0,0.0,15.84,19.8,400001,500001,,70,-278.09524307291053,0,-278.09524307291053,OK
EY,97,COLUMN,F,10.0,0.0,15.84,19.8,400101,500101,,71,-6.006602427828596,0,-6.006602427828596,OK
EY,98,COLUMN,G,20.0,0.0,15.84,19.8,400201,500201,,72,-6.166332895678874,0,-6.166332895678874,OK
EY,99,COLUMN,H,30.0,0.0,15.84,19.8,400301,500301,,73,-7.2699678584546925,0,-7.2699678584546925,OK
EY,100,COLUMN,I,40.0,0.0,15.84,19.8,400401,500401,,74,-1.4966801335580002,0,-1.4966801335580002,OK
EY,101,COLUMN,I_prima,45.0,0.0,15.84,19.8,400451,500451,,75,-15.020803689696326,0,-15.020803689696326,OK
EY,102,COLUMN,J,50.0,0.0,15.84,19.8,400501,500501,,,-0.06635930041125024,0,-0.06635930041125024,OK
EY,103,COLUMN,E,0.0,7.25,15.84,19.8,401001,501001,,76,203.7848027711419,0,203.7848027711419,OK
EY,104,COLUMN,F,10.0,7.25,15.84,19.8,401101,501101,,77,3.536151314161624,0,3.536151314161624,OK
EY,105,COLUMN,G,20.0,7.25,15.84,19.8,401201,501201,,78,1.4751455998879435,0,1.4751455998879435,OK
EY,106,COLUMN,H,30.0,7.25,15.84,19.8,401301,501301,,79,1.9003022159955265,0,1.9003022159955265,OK
EY,107,COLUMN,I,40.0,7.25,15.84,19.8,401401,501401,,80,1.1324643076128986,0,1.1324643076128986,OK
EY,108,COLUMN,I_prima,45.0,7.25,15.84,19.8,401451,501451,,81,3.03648643929547,0,3.03648643929547,OK
EY,109,COLUMN,J,50.0,7.25,15.84,19.8,401501,501501,,,0.023316883352039405,0,0.023316883352039405,OK
EY,110,COLUMN,E,0.0,16.15,15.84,19.8,402001,502001,,82,6.341512575018113,0,6.341512575018113,OK
EY,111,COLUMN,F,10.0,16.15,15.84,19.8,402101,502101,,83,5.849250552532992,0,5.849250552532992,OK
EY,112,COLUMN,G,20.0,16.15,15.84,19.8,402201,502201,,84,4.366849628922689,0,4.366849628922689,OK
EY,113,COLUMN,H,30.0,16.15,15.84,19.8,402301,502301,,85,5.762740925666727,0,5.762740925666727,OK
EY,114,COLUMN,I,40.0,16.15,15.84,19.8,402401,502401,,86,-0.8324225428743903,0,-0.8324225428743903,OK
EY,115,COLUMN,I_prima,45.0,16.15,15.84,19.8,402451,502451,,87,13.49489521830244,0,13.49489521830244,OK
EY,116,COLUMN,J,50.0,16.15,15.84,19.8,402501,502501,,,0.08745391519203262,0,0.08745391519203262,OK
EY,117,COLUMN,1B,-20.8,16.15,15.84,19.8,704001,705001,,88,0.270393611629251,0,0.270393611629251,OK
EY,118,COLUMN,1C,-10.8,16.15,15.84,19.8,704002,705002,,89,1.3013063564891405,0,1.3013063564891405,OK
EY,119,COLUMN,1D,-0.8,16.15,15.84,19.8,704003,705003,,90,0.0,0,0.0,OK
EY,120,COLUMN,2A,-28.3,7.25,15.84,19.8,704004,705004,,91,-0.027003039001552976,0,-0.027003039001552976,OK
EY,121,COLUMN,2B,-20.8,7.25,15.84,19.8,704005,705005,,92,-0.10709668071959458,0,-0.10709668071959458,OK
EY,122,COLUMN,2C,-10.8,7.25,15.84,19.8,704006,705006,,93,1.2288302074397937,0,1.2288302074397937,OK
EY,123,COLUMN,3B,-20.8,0.0,15.84,19.8,704007,705007,,94,-0.09275739191156518,0,-0.09275739191156518,OK
EY,124,COLUMN,3C,-10.8,0.0,15.84,19.8,704008,705008,,95,-1.9440428586133145,0,-1.9440428586133145,OK
EY,355,STEEL_COLUMN_SHS300x20,BEAM_MANUAL,10.0,-4.12,7.92,11.88,900017,900115,,,0.7746993946373635,0,0.7746993946373635,OK
EY,356,STEEL_COLUMN_SHS300x20,BEAM_MANUAL,17.49,-4.12,7.92,11.88,900018,900116,,,0.013387859293433833,0,0.013387859293433833,OK
EY,357,STEEL_COLUMN_SHS300x20,BEAM_MANUAL,20.0,-4.12,15.84,19.8,900034,900046,,,-0.2403249295029982,0,-0.2403249295029982,OK
EY,358,STEEL_COLUMN_SHS300x20,BEAM_MANUAL,30.0,-4.12,15.84,19.8,900035,900047,,,-0.21865605671390007,0,-0.21865605671390007,OK
R,1,COLUMN,E,0.0,0.0,0.0,3.96,1,100001,18,,763.8581516187799,608.6099028201276,155.2482487986523,OK
R,2,COLUMN,F,10.0,0.0,0.0,3.96,101,100101,19,,1564.7914729097422,4355.763090033851,-2790.971617124109,OK
R,3,COLUMN,G,20.0,0.0,0.0,3.96,201,100201,20,,5308.127231977175,5251.040760997175,57.08647097999983,OK
R,4,COLUMN,E,0.0,7.25,0.0,3.96,1001,101001,24,,802.5329021748678,684.2083730388213,118.32452913604652,OK
R,5,COLUMN,F,10.0,7.25,0.0,3.96,1101,101101,25,,5623.833674591141,4987.212155755366,636.6215188357746,OK
R,6,COLUMN,G,20.0,7.25,0.0,3.96,1201,101201,26,,5675.198848109428,5618.112377129427,57.08647098000074,OK
R,7,COLUMN,E,0.0,16.15,0.0,3.96,2001,102001,30,,1181.9485380646004,1881.8001313704574,-699.851593305857,OK
R,8,COLUMN,F,10.0,16.15,0.0,3.96,2101,102101,31,,1599.905751431056,3786.9982195539737,-2187.092468122918,OK
R,9,COLUMN,G,20.0,16.15,0.0,3.96,2201,102201,32,,4032.6455520464324,3975.559081066434,57.08647097999847,OK
R,10,COLUMN,1B,-20.8,16.15,0.0,3.96,700001,701001,36,,5195.387750336403,4080.9768179801476,1114.4109323562552,OK
R,11,COLUMN,1C,-10.8,16.15,0.0,3.96,700002,701002,37,,5292.266409001476,4190.372619753608,1101.893789247868,OK
R,12,COLUMN,1D,-0.8,16.15,0.0,3.96,700003,701003,38,,653.0916765253587,628.1336400359768,24.958036489381925,OK
R,13,COLUMN,2A,-28.3,7.25,0.0,3.96,700004,701004,39,,5719.384236910813,4475.81130747631,1243.5729294345037,OK
R,14,COLUMN,2B,-20.8,7.25,0.0,3.96,700005,701005,40,,6835.31576434114,5367.244446142756,1468.0713181983838,OK
R,15,COLUMN,2C,-10.8,7.25,0.0,3.96,700006,701006,41,,7346.883309334297,5755.774875784428,1591.108433549869,OK
R,16,COLUMN,3B,-20.8,0.0,0.0,3.96,700007,701007,42,,4149.509420073757,3271.6245110889845,877.8849089847722,OK
R,17,COLUMN,3C,-10.8,0.0,0.0,3.96,700008,701008,43,,4266.358063193078,3374.172293099037,892.1857700940413,OK
R,18,COLUMN,E,0.0,0.0,3.96,7.92,100001,200001,44,1,608.6099028201276,454.2815416183022,154.32836120182537,OK
R,19,COLUMN,F,10.0,0.0,3.96,7.92,100101,200101,45,2,4355.763090033851,3131.6792484340053,1224.0838415998455,OK
R,20,COLUMN,G,20.0,0.0,3.96,7.92,100201,200201,46,3,5251.040760997175,4192.282411106708,1058.758349890467,OK
R,21,COLUMN,H,30.0,0.0,3.96,7.92,100301,200301,47,,4890.7839201254,4078.963378371002,811.8205417543982,OK
R,22,COLUMN,I,40.0,0.0,3.96,7.92,100401,200401,48,,1894.298427227385,2107.550623273085,-213.25219604569998,OK
R,23,COLUMN,I_prima,45.0,0.0,3.96,7.92,100451,200451,49,,2559.177219875357,2238.7760102307498,320.4012096446072,OK
R,24,COLUMN,E,0.0,7.25,3.96,7.92,101001,201001,50,4,684.2083730388213,467.68377056077065,216.5246024780506,OK
R,25,COLUMN,F,10.0,7.25,3.96,7.92,101101,201101,51,5,4987.212155755366,3776.9355680341137,1210.2765877212528,OK
R,26,COLUMN,G,20.0,7.25,3.96,7.92,101201,201201,52,6,5618.112377129427,4174.2788717974,1443.833505332027,OK
R,27,COLUMN,H,30.0,7.25,3.96,7.92,101301,201301,53,,5772.093902844658,4304.294316211321,1467.7995866333376,OK
R,28,COLUMN,I,40.0,7.25,3.96,7.92,101401,201401,54,,4191.625793962058,3075.1513629887777,1116.4744309732805,OK
R,29,COLUMN,I_prima,45.0,7.25,3.96,7.92,101451,201451,55,,3730.0199068799698,3243.3198746559556,486.7000322240142,OK
R,30,COLUMN,E,0.0,16.15,3.96,7.92,102001,202001,56,7,1881.8001313704574,858.5373466333867,1023.2627847370707,OK
R,31,COLUMN,F,10.0,16.15,3.96,7.92,102101,202101,57,8,3786.9982195539737,2862.3046032846974,924.6936162692764,OK
R,32,COLUMN,G,20.0,16.15,3.96,7.92,102201,202201,58,9,3975.559081066434,2998.8215884546585,976.7374926117755,OK
R,33,COLUMN,H,30.0,16.15,3.96,7.92,102301,202301,59,,2154.4853474411357,3077.7094225051824,-923.2240750640467,OK
R,34,COLUMN,I,40.0,16.15,3.96,7.92,102401,202401,60,,1768.6150340555507,2158.6981276267566,-390.08309357120584,OK
R,35,COLUMN,I_prima,45.0,16.15,3.96,7.92,102451,202451,61,,2259.557056763525,2371.8966004886142,-112.33954372508924,OK
R,36,COLUMN,1B,-20.8,16.15,3.96,7.92,701001,702001,62,10,4080.9768179801476,2969.887580166631,1111.0892378135168,OK
R,37,COLUMN,1C,-10.8,16.15,3.96,7.92,701002,702002,63,11,4190.372619753608,3069.3193703668285,1121.0532493867795,OK
R,38,COLUMN,1D,-0.8,16.15,3.96,7.92,701003,702003,64,12,628.1336400359768,759.6371632281329,-131.50352319215608,OK
R,39,COLUMN,2A,-28.3,7.25,3.96,7.92,701004,702004,65,13,4475.81130747631,3250.222974537902,1225.5883329384078,OK
R,40,COLUMN,2B,-20.8,7.25,3.96,7.92,701005,702005,66,14,5367.244446142756,3910.3641494817593,1456.8802966609965,OK
R,41,COLUMN,2C,-10.8,7.25,3.96,7.92,701006,702006,67,15,5755.774875784428,4190.301878810322,1565.4729969741065,OK
R,42,COLUMN,3B,-20.8,0.0,3.96,7.92,701007,702007,68,16,3271.6245110889845,2385.2767916598345,886.34771942915,OK
R,43,COLUMN,3C,-10.8,0.0,3.96,7.92,701008,702008,69,17,3374.172293099037,2478.249726570201,895.9225665288359,OK
R,44,COLUMN,E,0.0,0.0,7.92,11.88,200001,300001,70,18,454.2815416183022,198.40912127959902,255.87242033870317,OK
R,45,COLUMN,F,10.0,0.0,7.92,11.88,200101,300101,71,19,3131.6792484340053,1925.5512527609696,1206.1279956730357,OK
R,46,COLUMN,G,20.0,0.0,7.92,11.88,200201,300201,72,20,4192.282411106708,2858.976911992069,1333.3054991146396,OK
R,47,COLUMN,H,30.0,0.0,7.92,11.88,200301,300301,73,21,4078.963378371002,2990.251237189894,1088.712141181108,OK
R,48,COLUMN,I,40.0,0.0,7.92,11.88,200401,300401,74,22,2107.550623273085,1443.895745940235,663.65487733285,OK
R,49,COLUMN,I_prima,45.0,0.0,7.92,11.88,200451,300451,75,23,2238.7760102307498,1974.6726679882217,264.103342242528,OK
R,50,COLUMN,E,0.0,7.25,7.92,11.88,201001,301001,76,24,467.68377056077065,1061.1683600683639,-593.4845895075932,OK
R,51,COLUMN,F,10.0,7.25,7.92,11.88,201101,301101,77,25,3776.9355680341137,2574.9436075354374,1201.9919604986762,OK
R,52,COLUMN,G,20.0,7.25,7.92,11.88,201201,301201,78,26,4174.2788717974,2761.003484365074,1413.2753874323257,OK
R,53,COLUMN,H,30.0,7.25,7.92,11.88,201301,301301,79,27,4304.294316211321,2869.8160909337207,1434.4782252776,OK
R,54,COLUMN,I,40.0,7.25,7.92,11.88,201401,301401,80,28,3075.1513629887777,1945.9601014528776,1129.1912615359001,OK
R,55,COLUMN,I_prima,45.0,7.25,7.92,11.88,201451,301451,81,29,3243.3198746559556,2796.6540333577277,446.66584129822786,OK
R,56,COLUMN,E,0.0,16.15,7.92,11.88,202001,302001,82,30,858.5373466333867,-175.41262407347736,1033.9499707068642,OK
R,57,COLUMN,F,10.0,16.15,7.92,11.88,202101,302101,83,31,2862.3046032846974,1942.7689721018473,919.53563118285,OK
R,58,COLUMN,G,20.0,16.15,7.92,11.88,202201,302201,84,32,2998.8215884546585,2019.6293519026751,979.1922365519833,OK
R,59,COLUMN,H,30.0,16.15,7.92,11.88,202301,302301,85,33,3077.7094225051824,2072.120984163493,1005.5884383416892,OK
R,60,COLUMN,I,40.0,16.15,7.92,11.88,202401,302401,86,34,2158.6981276267566,1375.478306291113,783.2198213356435,OK
R,61,COLUMN,I_prima,45.0,16.15,7.92,11.88,202451,302451,87,35,2371.8966004886142,2067.840263993443,304.0563364951713,OK
R,62,COLUMN,1B,-20.8,16.15,7.92,11.88,702001,703001,88,36,2969.887580166631,1861.0009791148095,1108.8866010518213,OK
R,63,COLUMN,1C,-10.8,16.15,7.92,11.88,702002,703002,89,37,3069.3193703668285,1946.3195124335452,1122.9998579332832,OK
R,64,COLUMN,1D,-0.8,16.15,7.92,11.88,702003,703003,90,38,759.6371632281329,1169.7011892152166,-410.0640259870837,OK
R,65,COLUMN,2A,-28.3,7.25,7.92,11.88,702004,703004,91,39,3250.222974537902,2035.1325475136814,1215.0904270242204,OK
R,66,COLUMN,2B,-20.8,7.25,7.92,11.88,702005,703005,92,40,3910.3641494817593,2459.840107116338,1450.5240423654213,OK
R,67,COLUMN,2C,-10.8,7.25,7.92,11.88,702006,703006,93,41,4190.301878810322,2641.136365755217,1549.1655130551048,OK
R,68,COLUMN,3B,-20.8,0.0,7.92,11.88,702007,703007,94,42,2385.2767916598345,1496.5561245734502,888.7206670863843,OK
R,69,COLUMN,3C,-10.8,0.0,7.92,11.88,702008,703008,95,43,2478.249726570201,1579.9566620666108,898.2930645035901,OK
R,70,COLUMN,E,0.0,0.0,11.88,15.84,300001,400001,96,44,198.40912127959902,615.1966872257286,-416.7875659461296,OK
R,71,COLUMN,F,10.0,0.0,11.88,15.84,300101,400101,97,45,1925.5512527609696,970.3373773445231,955.2138754164465,OK
R,72,COLUMN,G,20.0,0.0,11.88,15.84,300201,400201,98,46,2858.976911992069,1662.186101527866,1196.7908104642029,OK
R,73,COLUMN,H,30.0,0.0,11.88,15.84,300301,400301,99,47,2990.251237189894,1771.31173382062,1218.9395033692738,OK
R,74,COLUMN,I,40.0,0.0,11.88,15.84,300401,400401,100,48,1443.895745940235,915.4651388686724,528.4306070715626,OK
R,75,COLUMN,I_prima,45.0,0.0,11.88,15.84,300451,400451,101,49,1974.6726679882217,1025.734975317736,948.9376926704858,OK
R,76,COLUMN,E,0.0,7.25,11.88,15.84,301001,401001,103,50,1061.1683600683639,641.5262988117823,419.64206125658154,OK
R,77,COLUMN,F,10.0,7.25,11.88,15.84,301101,401101,104,51,2574.9436075354374,1361.2372903088296,1213.7063172266078,OK
R,78,COLUMN,G,20.0,7.25,11.88,15.84,301201,401201,105,52,2761.003484365074,1452.6820219326191,1308.321462432455,OK
R,79,COLUMN,H,30.0,7.25,11.88,15.84,301301,401301,106,53,2869.8160909337207,1539.1868947599319,1330.6291961737888,OK
R,80,COLUMN,I,40.0,7.25,11.88,15.84,301401,401401,107,54,1945.9601014528776,1043.6931662785667,902.2669351743109,OK
R,81,COLUMN,I_prima,45.0,7.25,11.88,15.84,301451,401451,108,55,2796.6540333577277,1415.0275166581307,1381.626516699597,OK
R,82,COLUMN,E,0.0,16.15,11.88,15.84,302001,402001,110,56,-175.41262407347736,966.3960888626349,-1141.8087129361122,OK
R,83,COLUMN,F,10.0,16.15,11.88,15.84,302101,402101,111,57,1942.7689721018473,998.742411642486,944.0265604593613,OK
R,84,COLUMN,G,20.0,16.15,11.88,15.84,302201,402201,112,58,2019.6293519026751,1066.3145718239505,953.3147800787247,OK
R,85,COLUMN,H,30.0,16.15,11.88,15.84,302301,402301,113,59,2072.120984163493,1087.0388894804928,985.0820946830004,OK
R,86,COLUMN,I,40.0,16.15,11.88,15.84,302401,402401,114,60,1375.478306291113,715.4910877805078,659.9872185106053,OK
R,87,COLUMN,I_prima,45.0,16.15,11.88,15.84,302451,402451,115,61,2067.840263993443,1034.157134390374,1033.683129603069,OK
R,88,COLUMN,1B,-20.8,16.15,11.88,15.84,703001,704001,117,62,1861.0009791148095,754.9341568181143,1106.0668222966951,OK
R,89,COLUMN,1C,-10.8,16.15,11.88,15.84,703002,704002,118,63,1946.3195124335452,878.9972509616534,1067.3222614718918,OK
R,90,COLUMN,1D,-0.8,16.15,11.88,15.84,703003,704003,119,64,1169.7011892152166,28.54323548999968,1141.1579537252169,OK
R,91,COLUMN,2A,-28.3,7.25,11.88,15.84,703004,704004,120,65,2035.1325475136814,822.7144562109715,1212.4180913027099,OK
R,92,COLUMN,2B,-20.8,7.25,11.88,15.84,703005,704005,121,66,2459.840107116338,1020.0535536174067,1439.7865534989314,OK
R,93,COLUMN,2C,-10.8,7.25,11.88,15.84,703006,704006,122,67,2641.136365755217,1095.6091684115183,1545.5271973436986,OK
R,94,COLUMN,3B,-20.8,0.0,11.88,15.84,703007,704007,123,68,1496.5561245734502,605.904565698382,890.6515588750682,OK
R,95,COLUMN,3C,-10.8,0.0,11.88,15.84,703008,704008,124,69,1579.9566620666108,678.0226426997533,901.9340193668575,OK
R,96,COLUMN,E,0.0,0.0,15.84,19.8,400001,500001,,70,615.1966872257286,0,615.1966872257286,OK
R,97,COLUMN,F,10.0,0.0,15.84,19.8,400101,500101,,71,970.3373773445231,0,970.3373773445231,OK
R,98,COLUMN,G,20.0,0.0,15.84,19.8,400201,500201,,72,1662.186101527866,0,1662.186101527866,OK
R,99,COLUMN,H,30.0,0.0,15.84,19.8,400301,500301,,73,1771.31173382062,0,1771.31173382062,OK
R,100,COLUMN,I,40.0,0.0,15.84,19.8,400401,500401,,74,915.4651388686724,0,915.4651388686724,OK
R,101,COLUMN,I_prima,45.0,0.0,15.84,19.8,400451,500451,,75,1025.734975317736,0,1025.734975317736,OK
R,102,COLUMN,J,50.0,0.0,15.84,19.8,400501,500501,,,59.73589087867487,0,59.73589087867487,OK
R,103,COLUMN,E,0.0,7.25,15.84,19.8,401001,501001,,76,641.5262988117823,0,641.5262988117823,OK
R,104,COLUMN,F,10.0,7.25,15.84,19.8,401101,501101,,77,1361.2372903088296,0,1361.2372903088296,OK
R,105,COLUMN,G,20.0,7.25,15.84,19.8,401201,501201,,78,1452.6820219326191,0,1452.6820219326191,OK
R,106,COLUMN,H,30.0,7.25,15.84,19.8,401301,501301,,79,1539.1868947599319,0,1539.1868947599319,OK
R,107,COLUMN,I,40.0,7.25,15.84,19.8,401401,501401,,80,1043.6931662785667,0,1043.6931662785667,OK
R,108,COLUMN,I_prima,45.0,7.25,15.84,19.8,401451,501451,,81,1415.0275166581307,0,1415.0275166581307,OK
R,109,COLUMN,J,50.0,7.25,15.84,19.8,401501,501501,,,88.25981749838698,0,88.25981749838698,OK
R,110,COLUMN,E,0.0,16.15,15.84,19.8,402001,502001,,82,966.3960888626349,0,966.3960888626349,OK
R,111,COLUMN,F,10.0,16.15,15.84,19.8,402101,502101,,83,998.742411642486,0,998.742411642486,OK
R,112,COLUMN,G,20.0,16.15,15.84,19.8,402201,502201,,84,1066.3145718239505,0,1066.3145718239505,OK
R,113,COLUMN,H,30.0,16.15,15.84,19.8,402301,502301,,85,1087.0388894804928,0,1087.0388894804928,OK
R,114,COLUMN,I,40.0,16.15,15.84,19.8,402401,502401,,86,715.4910877805078,0,715.4910877805078,OK
R,115,COLUMN,I_prima,45.0,16.15,15.84,19.8,402451,502451,,87,1034.157134390374,0,1034.157134390374,OK
R,116,COLUMN,J,50.0,16.15,15.84,19.8,402501,502501,,,56.91079535546204,0,56.91079535546204,OK
R,117,COLUMN,1B,-20.8,16.15,15.84,19.8,704001,705001,,88,754.9341568181143,0,754.9341568181143,OK
R,118,COLUMN,1C,-10.8,16.15,15.84,19.8,704002,705002,,89,878.9972509616534,0,878.9972509616534,OK
R,119,COLUMN,1D,-0.8,16.15,15.84,19.8,704003,705003,,90,28.54323548999968,0,28.54323548999968,OK
R,120,COLUMN,2A,-28.3,7.25,15.84,19.8,704004,705004,,91,822.7144562109715,0,822.7144562109715,OK
R,121,COLUMN,2B,-20.8,7.25,15.84,19.8,704005,705005,,92,1020.0535536174067,0,1020.0535536174067,OK
R,122,COLUMN,2C,-10.8,7.25,15.84,19.8,704006,705006,,93,1095.6091684115183,0,1095.6091684115183,OK
R,123,COLUMN,3B,-20.8,0.0,15.84,19.8,704007,705007,,94,605.904565698382,0,605.904565698382,OK
R,124,COLUMN,3C,-10.8,0.0,15.84,19.8,704008,705008,,95,678.0226426997533,0,678.0226426997533,OK
R,355,STEEL_COLUMN_SHS300x20,BEAM_MANUAL,10.0,-4.12,7.92,11.88,900017,900115,,,13.60261211033804,0,13.60261211033804,OK
R,356,STEEL_COLUMN_SHS300x20,BEAM_MANUAL,17.49,-4.12,7.92,11.88,900018,900116,,,7.584431961844949,0,7.584431961844949,OK
R,357,STEEL_COLUMN_SHS300x20,BEAM_MANUAL,20.0,-4.12,15.84,19.8,900034,900046,,,34.65598597866529,0,34.65598597866529,OK
R,358,STEEL_COLUMN_SHS300x20,BEAM_MANUAL,30.0,-4.12,15.84,19.8,900035,900047,,,34.78676912522578,0,34.78676912522578,OK
EXG,1,COLUMN,E,0.0,0.0,0.0,3.96,1,100001,18,,-2.6640126650811595,-4.3354777968452725,1.671465131764113,OK
EXG,2,COLUMN,F,10.0,0.0,0.0,3.96,101,100101,19,,2.5971798796827796,-1.04417742247494,3.6413573021577195,OK
EXG,3,COLUMN,G,20.0,0.0,0.0,3.96,201,100201,20,,0.7765365094145649,0.7765365094145651,-2.220446049250313e-16,OK
EXG,4,COLUMN,E,0.0,7.25,0.0,3.96,1001,101001,24,,27.202796623059466,80.35560960270463,-53.15281297964516,OK
EXG,5,COLUMN,F,10.0,7.25,0.0,3.96,1101,101101,25,,6.6520756256572815,2.995932987840317,3.6561426378169646,OK
EXG,6,COLUMN,G,20.0,7.25,0.0,3.96,1201,101201,26,,-0.5069420458037092,-0.5069420458037089,-2.220446049250313e-16,OK
EXG,7,COLUMN,E,0.0,16.15,0.0,3.96,2001,102001,30,,9.899804735788633,8.334669606054828,1.5651351297338056,OK
EXG,8,COLUMN,F,10.0,16.15,0.0,3.96,2101,102101,31,,2.8997046940505418,0.9240983102759276,1.9756063837746143,OK
EXG,9,COLUMN,G,20.0,16.15,0.0,3.96,2201,102201,32,,-3.883189151393966,-3.883189151393967,8.881784197001252e-16,OK
EXG,10,COLUMN,1B,-20.8,16.15,0.0,3.96,700001,701001,36,,-0.9023345366893298,0.005143601145690073,-0.90747813783502,OK
EXG,11,COLUMN,1C,-10.8,16.15,0.0,3.96,700002,701002,37,,5.913815907366315,4.511587309877037,1.4022285974892776,OK
EXG,12,COLUMN,1D,-0.8,16.15,0.0,3.96,700003,701003,38,,-2.9851641518061514,-3.136737785310651,0.15157363350449948,OK
EXG,13,COLUMN,2A,-28.3,7.25,0.0,3.96,700004,701004,39,,-48.526867513467835,-43.20281710556997,-5.3240504078978645,OK
EXG,14,COLUMN,2B,-20.8,7.25,0.0,3.96,700005,701005,40,,20.559836431572677,18.514233870246684,2.0456025613259925,OK
EXG,15,COLUMN,2C,-10.8,7.25,0.0,3.96,700006,701006,41,,0.3686973506109515,-0.16163997718119,0.5303373277921415,OK
EXG,16,COLUMN,3B,-20.8,0.0,0.0,3.96,700007,701007,42,,-0.6654933679426662,0.18364869264097072,-0.849142060583637,OK
EXG,17,COLUMN,3C,-10.8,0.0,0.0,3.96,700008,701008,43,,-1.1010328648376342,-1.6647557039864198,0.5637228391487856,OK
EXG,18,COLUMN,E,0.0,0.0,3.96,7.92,100001,200001,44,1,-4.3354777968452725,0.5399632443067448,-4.875441041152017,OK
EXG,19,COLUMN,F,10.0,0.0,3.96,7.92,100101,200101,45,2,-1.04417742247494,-0.6769764543947518,-0.3672009680801882,OK
EXG,20,COLUMN,G,20.0,0.0,3.96,7.92,100201,200201,46,3,0.7765365094145651,-1.2399096705668082,2.016446179981373,OK
EXG,21,COLUMN,H,30.0,0.0,3.96,7.92,100301,200301,47,,0.7896853212827986,3.382306338536172,-2.5926210172533732,OK
EXG,22,COLUMN,I,40.0,0.0,3.96,7.92,100401,200401,48,,-43.79587201393862,-40.35464009880937,-3.4412319151292508,OK
EXG,23,COLUMN,I_prima,45.0,0.0,3.96,7.92,100451,200451,49,,98.96107887120458,56.43070531332823,42.530373557876345,OK
EXG,24,COLUMN,E,0.0,7.25,3.96,7.92,101001,201001,50,4,80.35560960270463,-16.65944732876841,97.01505693147304,OK
EXG,25,COLUMN,F,10.0,7.25,3.96,7.92,101101,201101,51,5,2.995932987840317,1.288623143836958,1.707309844003359,OK
EXG,26,COLUMN,G,20.0,7.25,3.96,7.92,101201,201201,52,6,-0.5069420458037089,0.10287898126983733,-0.6098210270735462,OK
EXG,27,COLUMN,H,30.0,7.25,3.96,7.92,101301,201301,53,,-3.7628785082047,-2.652829418858694,-1.1100490893460058,OK
EXG,28,COLUMN,I,40.0,7.25,3.96,7.92,101401,201401,54,,-63.256455468010465,-39.554975960625875,-23.70147950738459,OK
EXG,29,COLUMN,I_prima,45.0,7.25,3.96,7.92,101451,201451,55,,95.39060309879716,62.114824878293184,33.27577822050397,OK
EXG,30,COLUMN,E,0.0,16.15,3.96,7.92,102001,202001,56,7,8.334669606054828,9.606464700898478,-1.2717950948436503,OK
EXG,31,COLUMN,F,10.0,16.15,3.96,7.92,102101,202101,57,8,0.9240983102759276,0.4048769525938209,0.5192213576821068,OK
EXG,32,COLUMN,G,20.0,16.15,3.96,7.92,102201,202201,58,9,-3.883189151393967,-2.801981184847793,-1.0812079665461738,OK
EXG,33,COLUMN,H,30.0,16.15,3.96,7.92,102301,202301,59,,-485.466406515789,9.130905376448085,-494.5973118922371,OK
EXG,34,COLUMN,I,40.0,16.15,3.96,7.92,102401,202401,60,,-33.733383364439504,-28.379129388995235,-5.354253975444269,OK
EXG,35,COLUMN,I_prima,45.0,16.15,3.96,7.92,102451,202451,61,,540.054432548636,41.46990491468149,498.5845276339545,OK
EXG,36,COLUMN,1B,-20.8,16.15,3.96,7.92,701001,702001,62,10,0.005143601145690073,-0.25724286855452705,0.2623864697002171,OK
EXG,37,COLUMN,1C,-10.8,16.15,3.96,7.92,701002,702002,63,11,4.511587309877037,3.4882449379094664,1.023342371967571,OK
EXG,38,COLUMN,1D,-0.8,16.15,3.96,7.92,701003,702003,64,12,-3.136737785310651,-3.409824675810364,0.27308689049971324,OK
EXG,39,COLUMN,2A,-28.3,7.25,3.96,7.92,701004,702004,65,13,-43.20281710556997,-27.545879078355448,-15.656938027214522,OK
EXG,40,COLUMN,2B,-20.8,7.25,3.96,7.92,701005,702005,66,14,18.514233870246684,11.23534891619871,7.2788849540479745,OK
EXG,41,COLUMN,2C,-10.8,7.25,3.96,7.92,701006,702006,67,15,-0.16163997718119,0.31842051640005237,-0.48006049358124236,OK
EXG,42,COLUMN,3B,-20.8,0.0,3.96,7.92,701007,702007,68,16,0.18364869264097072,-0.12365038517128572,0.30729907781225646,OK
EXG,43,COLUMN,3C,-10.8,0.0,3.96,7.92,701008,702008,69,17,-1.6647557039864198,-1.2703659602016797,-0.3943897437847401,OK
EXG,44,COLUMN,E,0.0,0.0,7.92,11.88,200001,300001,70,18,0.5399632443067448,2.530034355911028,-1.990071111604283,OK
EXG,45,COLUMN,F,10.0,0.0,7.92,11.88,200101,300101,71,19,-0.6769764543947518,0.7816119043395369,-1.4585883587342887,OK
EXG,46,COLUMN,G,20.0,0.0,7.92,11.88,200201,300201,72,20,-1.2399096705668082,-3.081614532713777,1.841704862146969,OK
EXG,47,COLUMN,H,30.0,0.0,7.92,11.88,200301,300301,73,21,3.382306338536172,2.269404557773221,1.1129017807629507,OK
EXG,48,COLUMN,I,40.0,0.0,7.92,11.88,200401,300401,74,22,-40.35464009880937,-20.725271434147526,-19.629368664661843,OK
EXG,49,COLUMN,I_prima,45.0,0.0,7.92,11.88,200451,300451,75,23,56.43070531332823,29.006130967800633,27.4245743455276,OK
EXG,50,COLUMN,E,0.0,7.25,7.92,11.88,201001,301001,76,24,-16.65944732876841,6.8814863880452775,-23.54093371681369,OK
EXG,51,COLUMN,F,10.0,7.25,7.92,11.88,201101,301101,77,25,1.288623143836958,0.5559434059012681,0.7326797379356899,OK
EXG,52,COLUMN,G,20.0,7.25,7.92,11.88,201201,301201,78,26,0.10287898126983733,0.2884066560569348,-0.18552767478709745,OK
EXG,53,COLUMN,H,30.0,7.25,7.92,11.88,201301,301301,79,27,-2.652829418858694,-2.072462541718151,-0.580366877140543,OK
EXG,54,COLUMN,I,40.0,7.25,7.92,11.88,201401,301401,80,28,-39.554975960625875,-19.582149914015616,-19.97282604661026,OK
EXG,55,COLUMN,I_prima,45.0,7.25,7.92,11.88,201451,301451,81,29,62.114824878293184,32.9845597404125,29.130265137880684,OK
EXG,56,COLUMN,E,0.0,16.15,7.92,11.88,202001,302001,82,30,9.606464700898478,10.692854482265645,-1.086389781367167,OK
EXG,57,COLUMN,F,10.0,16.15,7.92,11.88,202101,302101,83,31,0.4048769525938209,0.09660050200430714,0.30827645058951375,OK
EXG,58,COLUMN,G,20.0,16.15,7.92,11.88,202201,302201,84,32,-2.801981184847793,-1.625232180878631,-1.1767490039691622,OK
EXG,59,COLUMN,H,30.0,16.15,7.92,11.88,202301,302301,85,33,9.130905376448085,5.497151340572168,3.633754035875917,OK
EXG,60,COLUMN,I,40.0,16.15,7.92,11.88,202401,302401,86,34,-28.379129388995235,-12.846080203066883,-15.533049185928352,OK
EXG,61,COLUMN,I_prima,45.0,16.15,7.92,11.88,202451,302451,87,35,41.46990491468149,19.7362370653121,21.733667849369393,OK
EXG,62,COLUMN,1B,-20.8,16.15,7.92,11.88,702001,703001,88,36,-0.25724286855452705,0.42283487702941824,-0.6800777455839453,OK
EXG,63,COLUMN,1C,-10.8,16.15,7.92,11.88,702002,703002,89,37,3.4882449379094664,2.3853077539277794,1.102937183981687,OK
EXG,64,COLUMN,1D,-0.8,16.15,7.92,11.88,702003,703003,90,38,-3.409824675810364,-6.098381910998916,2.688557235188552,OK
EXG,65,COLUMN,2A,-28.3,7.25,7.92,11.88,702004,703004,91,39,-27.545879078355448,-12.554345164567081,-14.991533913788366,OK
EXG,66,COLUMN,2B,-20.8,7.25,7.92,11.88,702005,703005,92,40,11.23534891619871,4.803559205533774,6.431789710664936,OK
EXG,67,COLUMN,2C,-10.8,7.25,7.92,11.88,702006,703006,93,41,0.31842051640005237,-0.0898380270650669,0.40825854346511925,OK
EXG,68,COLUMN,3B,-20.8,0.0,7.92,11.88,702007,703007,94,42,-0.12365038517128572,0.6378672811829716,-0.7615176663542573,OK
EXG,69,COLUMN,3C,-10.8,0.0,7.92,11.88,702008,703008,95,43,-1.2703659602016797,-1.8426744474971006,0.5723084872954209,OK
EXG,70,COLUMN,E,0.0,0.0,11.88,15.84,300001,400001,96,44,2.530034355911028,-4.866793508768984,7.396827864680011,OK
EXG,71,COLUMN,F,10.0,0.0,11.88,15.84,300101,400101,97,45,0.7816119043395369,0.6882366958586035,0.09337520848093339,OK
EXG,72,COLUMN,G,20.0,0.0,11.88,15.84,300201,400201,98,46,-3.081614532713777,-1.568996161038884,-1.512618371674893,OK
EXG,73,COLUMN,H,30.0,0.0,11.88,15.84,300301,400301,99,47,2.269404557773221,1.1390630380880464,1.1303415196851747,OK
EXG,74,COLUMN,I,40.0,0.0,11.88,15.84,300401,400401,100,48,-20.725271434147526,-7.397519121230255,-13.327752312917271,OK
EXG,75,COLUMN,I_prima,45.0,0.0,11.88,15.84,300451,400451,101,49,29.006130967800633,10.87117069282908,18.134960274971554,OK
EXG,76,COLUMN,E,0.0,7.25,11.88,15.84,301001,401001,103,50,6.8814863880452775,-28.811588251959996,35.69307464000527,OK
EXG,77,COLUMN,F,10.0,7.25,11.88,15.84,301101,401101,104,51,0.5559434059012681,-1.4653806785484982,2.021324084449766,OK
EXG,78,COLUMN,G,20.0,7.25,11.88,15.84,301201,401201,105,52,0.2884066560569348,0.3911221823306305,-0.10271552627369573,OK
EXG,79,COLUMN,H,30.0,7.25,11.88,15.84,301301,401301,106,53,-2.072462541718151,-1.0925667258713685,-0.9798958158467825,OK
EXG,80,COLUMN,I,40.0,7.25,11.88,15.84,301401,401401,107,54,-19.582149914015616,-6.899600647545765,-12.682549266469852,OK
EXG,81,COLUMN,I_prima,45.0,7.25,11.88,15.84,301451,401451,108,55,32.9845597404125,13.171183684816057,19.813376055596443,OK
EXG,82,COLUMN,E,0.0,16.15,11.88,15.84,302001,402001,110,56,10.692854482265645,-0.40342956195512936,11.096284044220774,OK
EXG,83,COLUMN,F,10.0,16.15,11.88,15.84,302101,402101,111,57,0.09660050200430714,0.8152305679630726,-0.7186300659587654,OK
EXG,84,COLUMN,G,20.0,16.15,11.88,15.84,302201,402201,112,58,-1.625232180878631,-0.825339924924317,-0.799892255954314,OK
EXG,85,COLUMN,H,30.0,16.15,11.88,15.84,302301,402301,113,59,5.497151340572168,2.556683494428664,2.9404678461435045,OK
EXG,86,COLUMN,I,40.0,16.15,11.88,15.84,302401,402401,114,60,-12.846080203066883,-4.066185834192296,-8.779894368874587,OK
EXG,87,COLUMN,I_prima,45.0,16.15,11.88,15.84,302451,402451,115,61,19.7362370653121,7.108536592029258,12.627700473282843,OK
EXG,88,COLUMN,1B,-20.8,16.15,11.88,15.84,703001,704001,117,62,0.42283487702941824,0.8600789585333509,-0.4372440815039327,OK
EXG,89,COLUMN,1C,-10.8,16.15,11.88,15.84,703002,704002,118,63,2.3853077539277794,-0.23388440928918597,2.6191921632169652,OK
EXG,90,COLUMN,1D,-0.8,16.15,11.88,15.84,703003,704003,119,64,-6.098381910998916,0.0,-6.098381910998916,OK
EXG,91,COLUMN,2A,-28.3,7.25,11.88,15.84,703004,704004,120,65,-12.554345164567081,-3.3472302127789266,-9.207114951788155,OK
EXG,92,COLUMN,2B,-20.8,7.25,11.88,15.84,703005,704005,121,66,4.803559205533774,0.9660012202638435,3.8375579852699304,OK
EXG,93,COLUMN,2C,-10.8,7.25,11.88,15.84,703006,704006,122,67,-0.0898380270650669,1.4140014688027178,-1.5038394958677848,OK
EXG,94,COLUMN,3B,-20.8,0.0,11.88,15.84,703007,704007,123,68,0.6378672811829716,0.8617018979387976,-0.22383461675582594,OK
EXG,95,COLUMN,3C,-10.8,0.0,11.88,15.84,703008,704008,124,69,-1.8426744474971006,-1.1691886467835562,-0.6734858007135445,OK
EXG,96,COLUMN,E,0.0,0.0,15.84,19.8,400001,500001,,70,-4.866793508768984,0,-4.866793508768984,OK
EXG,97,COLUMN,F,10.0,0.0,15.84,19.8,400101,500101,,71,0.6882366958586035,0,0.6882366958586035,OK
EXG,98,COLUMN,G,20.0,0.0,15.84,19.8,400201,500201,,72,-1.568996161038884,0,-1.568996161038884,OK
EXG,99,COLUMN,H,30.0,0.0,15.84,19.8,400301,500301,,73,1.1390630380880464,0,1.1390630380880464,OK
EXG,100,COLUMN,I,40.0,0.0,15.84,19.8,400401,500401,,74,-7.397519121230255,0,-7.397519121230255,OK
EXG,101,COLUMN,I_prima,45.0,0.0,15.84,19.8,400451,500451,,75,10.87117069282908,0,10.87117069282908,OK
EXG,102,COLUMN,J,50.0,0.0,15.84,19.8,400501,500501,,,-0.908753954329745,0,-0.908753954329745,OK
EXG,103,COLUMN,E,0.0,7.25,15.84,19.8,401001,501001,,76,-28.811588251959996,0,-28.811588251959996,OK
EXG,104,COLUMN,F,10.0,7.25,15.84,19.8,401101,501101,,77,-1.4653806785484982,0,-1.4653806785484982,OK
EXG,105,COLUMN,G,20.0,7.25,15.84,19.8,401201,501201,,78,0.3911221823306305,0,0.3911221823306305,OK
EXG,106,COLUMN,H,30.0,7.25,15.84,19.8,401301,501301,,79,-1.0925667258713685,0,-1.0925667258713685,OK
EXG,107,COLUMN,I,40.0,7.25,15.84,19.8,401401,501401,,80,-6.899600647545765,0,-6.899600647545765,OK
EXG,108,COLUMN,I_prima,45.0,7.25,15.84,19.8,401451,501451,,81,13.171183684816057,0,13.171183684816057,OK
EXG,109,COLUMN,J,50.0,7.25,15.84,19.8,401501,501501,,,-0.8554230497643006,0,-0.8554230497643006,OK
EXG,110,COLUMN,E,0.0,16.15,15.84,19.8,402001,502001,,82,-0.40342956195512936,0,-0.40342956195512936,OK
EXG,111,COLUMN,F,10.0,16.15,15.84,19.8,402101,502101,,83,0.8152305679630726,0,0.8152305679630726,OK
EXG,112,COLUMN,G,20.0,16.15,15.84,19.8,402201,502201,,84,-0.825339924924317,0,-0.825339924924317,OK
EXG,113,COLUMN,H,30.0,16.15,15.84,19.8,402301,502301,,85,2.556683494428664,0,2.556683494428664,OK
EXG,114,COLUMN,I,40.0,16.15,15.84,19.8,402401,502401,,86,-4.066185834192296,0,-4.066185834192296,OK
EXG,115,COLUMN,I_prima,45.0,16.15,15.84,19.8,402451,502451,,87,7.108536592029258,0,7.108536592029258,OK
EXG,116,COLUMN,J,50.0,16.15,15.84,19.8,402501,502501,,,-0.7543671973940318,0,-0.7543671973940318,OK
EXG,117,COLUMN,1B,-20.8,16.15,15.84,19.8,704001,705001,,88,0.8600789585333509,0,0.8600789585333509,OK
EXG,118,COLUMN,1C,-10.8,16.15,15.84,19.8,704002,705002,,89,-0.23388440928918597,0,-0.23388440928918597,OK
EXG,119,COLUMN,1D,-0.8,16.15,15.84,19.8,704003,705003,,90,0.0,0,0.0,OK
EXG,120,COLUMN,2A,-28.3,7.25,15.84,19.8,704004,705004,,91,-3.3472302127789266,0,-3.3472302127789266,OK
EXG,121,COLUMN,2B,-20.8,7.25,15.84,19.8,704005,705005,,92,0.9660012202638435,0,0.9660012202638435,OK
EXG,122,COLUMN,2C,-10.8,7.25,15.84,19.8,704006,705006,,93,1.4140014688027178,0,1.4140014688027178,OK
EXG,123,COLUMN,3B,-20.8,0.0,15.84,19.8,704007,705007,,94,0.8617018979387976,0,0.8617018979387976,OK
EXG,124,COLUMN,3C,-10.8,0.0,15.84,19.8,704008,705008,,95,-1.1691886467835562,0,-1.1691886467835562,OK
EXG,355,STEEL_COLUMN_SHS300x20,BEAM_MANUAL,10.0,-4.12,7.92,11.88,900017,900115,,,0.007080983493427237,0,0.007080983493427237,OK
EXG,356,STEEL_COLUMN_SHS300x20,BEAM_MANUAL,17.49,-4.12,7.92,11.88,900018,900116,,,-0.011886319163984117,0,-0.011886319163984117,OK
EXG,357,STEEL_COLUMN_SHS300x20,BEAM_MANUAL,20.0,-4.12,15.84,19.8,900034,900046,,,-0.08865019509796628,0,-0.08865019509796628,OK
EXG,358,STEEL_COLUMN_SHS300x20,BEAM_MANUAL,30.0,-4.12,15.84,19.8,900035,900047,,,-0.016380618588496824,0,-0.016380618588496824,OK
EXQ,1,COLUMN,E,0.0,0.0,0.0,3.96,1,100001,18,,-0.7966425132185138,-1.2852472773464438,0.4886047641279301,OK
EXQ,2,COLUMN,F,10.0,0.0,0.0,3.96,101,100101,19,,0.772739232753931,-0.28753559197811157,1.0602748247320426,OK
EXQ,3,COLUMN,G,20.0,0.0,0.0,3.96,201,100201,20,,0.18378737577546073,0.18378737577546073,0.0,OK
EXQ,4,COLUMN,E,0.0,7.25,0.0,3.96,1001,101001,24,,8.013459048043881,23.60229789045273,-15.588838842408848,OK
EXQ,5,COLUMN,F,10.0,7.25,0.0,3.96,1101,101101,25,,1.9422683637089784,0.8636284411379759,1.0786399225710026,OK
EXQ,6,COLUMN,G,20.0,7.25,0.0,3.96,1201,101201,26,,-0.1457077134120656,-0.14570771341206556,-2.7755575615628914e-17,OK
EXQ,7,COLUMN,E,0.0,16.15,0.0,3.96,2001,102001,30,,2.8943991148436132,2.3978961342689953,0.49650298057461795,OK
EXQ,8,COLUMN,F,10.0,16.15,0.0,3.96,2101,102101,31,,0.858574645422574,0.28141440840250925,0.5771602370200648,OK
EXQ,9,COLUMN,G,20.0,16.15,0.0,3.96,2201,102201,32,,-1.1440929245202125,-1.1440929245202123,-2.220446049250313e-16,OK
EXQ,10,COLUMN,1B,-20.8,16.15,0.0,3.96,700001,701001,36,,-0.2860485169082739,-0.019550066013275816,-0.2664984508949981,OK
EXQ,11,COLUMN,1C,-10.8,16.15,0.0,3.96,700002,701002,37,,1.6099964583066408,1.1958453841393282,0.41415107416731267,OK
EXQ,12,COLUMN,1D,-0.8,16.15,0.0,3.96,700003,701003,38,,-0.895150091191561,-0.941914432304762,0.04676434111320105,OK
EXQ,13,COLUMN,2A,-28.3,7.25,0.0,3.96,700004,701004,39,,-13.90212332931717,-12.325663227996886,-1.5764601013202846,OK
EXQ,14,COLUMN,2B,-20.8,7.25,0.0,3.96,700005,701005,40,,5.893453283791278,5.284956790005013,0.6084964937862649,OK
EXQ,15,COLUMN,2C,-10.8,7.25,0.0,3.96,700006,701006,41,,-0.008909000591556353,-0.16508788952793807,0.1561788889363817,OK
EXQ,16,COLUMN,3B,-20.8,0.0,0.0,3.96,700007,701007,42,,-0.2120659943724778,0.03746280964528997,-0.24952880401776778,OK
EXQ,17,COLUMN,3C,-10.8,0.0,0.0,3.96,700008,701008,43,,-0.4740660949619163,-0.6409003096377225,0.16683421467580617,OK
EXQ,18,COLUMN,E,0.0,0.0,3.96,7.92,100001,200001,44,1,-1.2852472773464438,0.17602454463054445,-1.4612718219769882,OK
EXQ,19,COLUMN,F,10.0,0.0,3.96,7.92,100101,200101,45,2,-0.28753559197811157,-0.18661161283760297,-0.1009239791405086,OK
EXQ,20,COLUMN,G,20.0,0.0,3.96,7.92,100201,200201,46,3,0.18378737577546073,-0.4062823382149442,0.590069713990405,OK
EXQ,21,COLUMN,H,30.0,0.0,3.96,7.92,100301,200301,47,,0.2579734206034662,1.0239304690871804,-0.7659570484837143,OK
EXQ,22,COLUMN,I,40.0,0.0,3.96,7.92,100401,200401,48,,-12.89197384005906,-11.888309142595672,-1.003664697463389,OK
EXQ,23,COLUMN,I_prima,45.0,0.0,3.96,7.92,100451,200451,49,,29.12367122408554,16.616624634605927,12.507046589479614,OK
EXQ,24,COLUMN,E,0.0,7.25,3.96,7.92,101001,201001,50,4,23.60229789045273,-5.486484041174591,29.08878193162732,OK
EXQ,25,COLUMN,F,10.0,7.25,3.96,7.92,101101,201101,51,5,0.8636284411379759,0.35983201453286695,0.5037964266051089,OK
EXQ,26,COLUMN,G,20.0,7.25,3.96,7.92,101201,201201,52,6,-0.14570771341206556,0.03458770577468368,-0.18029541918674924,OK
EXQ,27,COLUMN,H,30.0,7.25,3.96,7.92,101301,201301,53,,-1.108697323351198,-0.7817380071772689,-0.32695931617392915,OK
EXQ,28,COLUMN,I,40.0,7.25,3.96,7.92,101401,201401,54,,-18.612247824212886,-11.65082651872358,-6.961421305489306,OK
EXQ,29,COLUMN,I_prima,45.0,7.25,3.96,7.92,101451,201451,55,,28.07533244557918,18.301240345184357,9.774092100394821,OK
EXQ,30,COLUMN,E,0.0,16.15,3.96,7.92,102001,202001,56,7,2.3978961342689953,2.772993862363493,-0.3750977280944978,OK
EXQ,31,COLUMN,F,10.0,16.15,3.96,7.92,102101,202101,57,8,0.28141440840250925,0.12815421245483674,0.1532601959476725,OK
EXQ,32,COLUMN,G,20.0,16.15,3.96,7.92,102201,202201,58,9,-1.1440929245202123,-0.8233882643861975,-0.3207046601340148,OK
EXQ,33,COLUMN,H,30.0,16.15,3.96,7.92,102301,202301,59,,-143.02200433523961,2.693641699474969,-145.71564603471458,OK
EXQ,34,COLUMN,I,40.0,16.15,3.96,7.92,102401,202401,60,,-9.927456654759984,-8.354822405035959,-1.5726342497240253,OK
EXQ,35,COLUMN,I_prima,45.0,16.15,3.96,7.92,102451,202451,61,,159.09762866721942,12.220154994342716,146.8774736728767,OK
EXQ,36,COLUMN,1B,-20.8,16.15,3.96,7.92,701001,702001,62,10,-0.019550066013275816,-0.09712345941952885,0.07757339340625304,OK
EXQ,37,COLUMN,1C,-10.8,16.15,3.96,7.92,701002,702002,63,11,1.1958453841393282,0.8960721023330769,0.2997732818062513,OK
EXQ,38,COLUMN,1D,-0.8,16.15,3.96,7.92,701003,702003,64,12,-0.941914432304762,-1.0268569177862712,0.08494248548150918,OK
EXQ,39,COLUMN,2A,-28.3,7.25,3.96,7.92,701004,702004,65,13,-12.325663227996886,-7.721225410403955,-4.604437817592931,OK
EXQ,40,COLUMN,2B,-20.8,7.25,3.96,7.92,701005,702005,66,14,5.284956790005013,3.1401732084067167,2.144783581598296,OK
EXQ,41,COLUMN,2C,-10.8,7.25,3.96,7.92,701006,702006,67,15,-0.16508788952793807,-0.019474267584847632,-0.14561362194309044,OK
EXQ,42,COLUMN,3B,-20.8,0.0,3.96,7.92,701007,702007,68,16,0.03746280964528997,-0.05312023178307362,0.09058304142836358,OK
EXQ,43,COLUMN,3C,-10.8,0.0,3.96,7.92,701008,702008,69,17,-0.6409003096377225,-0.5220427554062044,-0.11885755423151811,OK
EXQ,44,COLUMN,E,0.0,0.0,7.92,11.88,200001,300001,70,18,0.17602454463054445,0.7059466199855808,-0.5299220753550364,OK
EXQ,45,COLUMN,F,10.0,0.0,7.92,11.88,200101,300101,71,19,-0.18661161283760297,0.24046659583450106,-0.427078208672104,OK
EXQ,46,COLUMN,G,20.0,0.0,7.92,11.88,200201,300201,72,20,-0.4062823382149442,-0.9457993025544114,0.5395169643394672,OK
EXQ,47,COLUMN,H,30.0,0.0,7.92,11.88,200301,300301,73,21,1.0239304690871804,0.7039655471239361,0.31996492196324433,OK
EXQ,48,COLUMN,I,40.0,0.0,7.92,11.88,200401,300401,74,22,-11.888309142595672,-6.275103163671097,-5.613205978924575,OK
EXQ,49,COLUMN,I_prima,45.0,0.0,7.92,11.88,200451,300451,75,23,16.616624634605927,8.760277688767681,7.856346945838245,OK
EXQ,50,COLUMN,E,0.0,7.25,7.92,11.88,201001,301001,76,24,-5.486484041174591,2.5456014272677545,-8.032085468442345,OK
EXQ,51,COLUMN,F,10.0,7.25,7.92,11.88,201101,301101,77,25,0.35983201453286695,0.1483684966291505,0.21146351790371645,OK
EXQ,52,COLUMN,G,20.0,7.25,7.92,11.88,201201,301201,78,26,0.03458770577468368,0.08879638720466128,-0.0542086814299776,OK
EXQ,53,COLUMN,H,30.0,7.25,7.92,11.88,201301,301301,79,27,-0.7817380071772689,-0.6043123752497956,-0.1774256319274733,OK
EXQ,54,COLUMN,I,40.0,7.25,7.92,11.88,201401,301401,80,28,-11.65082651872358,-5.935099600415072,-5.715726918308508,OK
EXQ,55,COLUMN,I_prima,45.0,7.25,7.92,11.88,201451,301451,81,29,18.301240345184357,9.942059941250868,8.35918040393349,OK
EXQ,56,COLUMN,E,0.0,16.15,7.92,11.88,202001,302001,82,30,2.772993862363493,3.0788566858848987,-0.3058628235214056,OK
EXQ,57,COLUMN,F,10.0,16.15,7.92,11.88,202101,302101,83,31,0.12815421245483674,0.03905777071772761,0.08909644173710912,OK
EXQ,58,COLUMN,G,20.0,16.15,7.92,11.88,202201,302201,84,32,-0.8233882643861975,-0.4775698489664862,-0.3458184154197113,OK
EXQ,59,COLUMN,H,30.0,16.15,7.92,11.88,202301,302301,85,33,2.693641699474969,1.6300311773898795,1.0636105220850895,OK
EXQ,60,COLUMN,I,40.0,16.15,7.92,11.88,202401,302401,86,34,-8.354822405035959,-3.9488784022010277,-4.405944002834931,OK
EXQ,61,COLUMN,I_prima,45.0,16.15,7.92,11.88,202451,302451,87,35,12.220154994342716,6.042591278965665,6.177563715377051,OK
EXQ,62,COLUMN,1B,-20.8,16.15,7.92,11.88,702001,703001,88,36,-0.09712345941952885,0.09676790854525129,-0.19389136796478013,OK
EXQ,63,COLUMN,1C,-10.8,16.15,7.92,11.88,702002,703002,89,37,0.8960721023330769,0.569537190767583,0.32653491156549386,OK
EXQ,64,COLUMN,1D,-0.8,16.15,7.92,11.88,702003,703003,90,38,-1.0268569177862712,-1.8295236735625027,0.8026667557762315,OK
EXQ,65,COLUMN,2A,-28.3,7.25,7.92,11.88,702004,703004,91,39,-7.721225410403955,-3.3748157616483736,-4.346409648755581,OK
EXQ,66,COLUMN,2B,-20.8,7.25,7.92,11.88,702005,703005,92,40,3.1401732084067167,1.2734749890478039,1.8666982193589128,OK
EXQ,67,COLUMN,2C,-10.8,7.25,7.92,11.88,702006,703006,93,41,-0.019474267584847632,-0.1439385341024134,0.12446426651756576,OK
EXQ,68,COLUMN,3B,-20.8,0.0,7.92,11.88,702007,703007,94,42,-0.05312023178307362,0.1648983989792662,-0.21801863076233982,OK
EXQ,69,COLUMN,3C,-10.8,0.0,7.92,11.88,702008,703008,95,43,-0.5220427554062044,-0.6959377944685081,0.17389503906230375,OK
EXQ,70,COLUMN,E,0.0,0.0,11.88,15.84,300001,400001,96,44,0.7059466199855808,-0.8698126275220321,1.575759247507613,OK
EXQ,71,COLUMN,F,10.0,0.0,11.88,15.84,300101,400101,97,45,0.24046659583450106,0.2504187162175954,-0.00995212038309437,OK
EXQ,72,COLUMN,G,20.0,0.0,11.88,15.84,300201,400201,98,46,-0.9457993025544114,-0.4868742406411848,-0.4589250619132266,OK
EXQ,73,COLUMN,H,30.0,0.0,11.88,15.84,300301,400301,99,47,0.7039655471239361,0.35741695900055,0.3465485881233861,OK
EXQ,74,COLUMN,I,40.0,0.0,11.88,15.84,300401,400401,100,48,-6.275103163671097,-2.3300146644553714,-3.9450884992157254,OK
EXQ,75,COLUMN,I_prima,45.0,0.0,11.88,15.84,300451,400451,101,49,8.760277688767681,3.3694653260663787,5.390812362701302,OK
EXQ,76,COLUMN,E,0.0,7.25,11.88,15.84,301001,401001,103,50,2.5456014272677545,-8.440593440239027,10.986194867506782,OK
EXQ,77,COLUMN,F,10.0,7.25,11.88,15.84,301101,401101,104,51,0.1483684966291505,-0.4576675772748681,0.6060360739040186,OK
EXQ,78,COLUMN,G,20.0,7.25,11.88,15.84,301201,401201,105,52,0.08879638720466128,0.11917186752454582,-0.030375480319884546,OK
EXQ,79,COLUMN,H,30.0,7.25,11.88,15.84,301301,401301,106,53,-0.6043123752497956,-0.3154004265654637,-0.28891194868433195,OK
EXQ,80,COLUMN,I,40.0,7.25,11.88,15.84,301401,401401,107,54,-5.935099600415072,-2.1809512376215117,-3.75414836279356,OK
EXQ,81,COLUMN,I_prima,45.0,7.25,11.88,15.84,301451,401451,108,55,9.942059941250868,4.052621292576024,5.889438648674844,OK
EXQ,82,COLUMN,E,0.0,16.15,11.88,15.84,302001,402001,110,56,3.0788566858848987,-0.1980577935054718,3.2769144793903706,OK
EXQ,83,COLUMN,F,10.0,16.15,11.88,15.84,302101,402101,111,57,0.03905777071772761,0.2530920166135151,-0.21403424589578748,OK
EXQ,84,COLUMN,G,20.0,16.15,11.88,15.84,302201,402201,112,58,-0.4775698489664862,-0.24339882351123296,-0.23417102545525323,OK
EXQ,85,COLUMN,H,30.0,16.15,11.88,15.84,302301,402301,113,59,1.6300311773898795,0.7629169501999146,0.8671142271899649,OK
EXQ,86,COLUMN,I,40.0,16.15,11.88,15.84,302401,402401,114,60,-3.9488784022010277,-1.3451671077174403,-2.6037112944835874,OK
EXQ,87,COLUMN,I_prima,45.0,16.15,11.88,15.84,302451,402451,115,61,6.042591278965665,2.268543035228284,3.7740482437373806,OK
EXQ,88,COLUMN,1B,-20.8,16.15,11.88,15.84,703001,704001,117,62,0.09676790854525129,0.22240607086577435,-0.12563816232052305,OK
EXQ,89,COLUMN,1C,-10.8,16.15,11.88,15.84,703002,704002,118,63,0.569537190767583,-0.1499742008338105,0.7195113916013935,OK
EXQ,90,COLUMN,1D,-0.8,16.15,11.88,15.84,703003,704003,119,64,-1.8295236735625027,0.0,-1.8295236735625027,OK
EXQ,91,COLUMN,2A,-28.3,7.25,11.88,15.84,703004,704004,120,65,-3.3748157616483736,-0.8409567253102531,-2.5338590363381206,OK
EXQ,92,COLUMN,2B,-20.8,7.25,11.88,15.84,703005,704005,121,66,1.2734749890478039,0.2177477050069694,1.0557272840408345,OK
EXQ,93,COLUMN,2C,-10.8,7.25,11.88,15.84,703006,704006,122,67,-0.1439385341024134,0.36314239173087437,-0.5070809258332878,OK
EXQ,94,COLUMN,3B,-20.8,0.0,11.88,15.84,703007,704007,123,68,0.1648983989792662,0.23010046128260217,-0.06520206230333597,OK
EXQ,95,COLUMN,3C,-10.8,0.0,11.88,15.84,703008,704008,124,69,-0.6959377944685081,-0.4671052205332087,-0.22883257393529943,OK
EXQ,96,COLUMN,E,0.0,0.0,15.84,19.8,400001,500001,,70,-0.8698126275220321,0,-0.8698126275220321,OK
EXQ,97,COLUMN,F,10.0,0.0,15.84,19.8,400101,500101,,71,0.2504187162175954,0,0.2504187162175954,OK
EXQ,98,COLUMN,G,20.0,0.0,15.84,19.8,400201,500201,,72,-0.4868742406411848,0,-0.4868742406411848,OK
EXQ,99,COLUMN,H,30.0,0.0,15.84,19.8,400301,500301,,73,0.35741695900055,0,0.35741695900055,OK
EXQ,100,COLUMN,I,40.0,0.0,15.84,19.8,400401,500401,,74,-2.3300146644553714,0,-2.3300146644553714,OK
EXQ,101,COLUMN,I_prima,45.0,0.0,15.84,19.8,400451,500451,,75,3.3694653260663787,0,3.3694653260663787,OK
EXQ,102,COLUMN,J,50.0,0.0,15.84,19.8,400501,500501,,,-0.23383485753998023,0,-0.23383485753998023,OK
EXQ,103,COLUMN,E,0.0,7.25,15.84,19.8,401001,501001,,76,-8.440593440239027,0,-8.440593440239027,OK
EXQ,104,COLUMN,F,10.0,7.25,15.84,19.8,401101,501101,,77,-0.4576675772748681,0,-0.4576675772748681,OK
EXQ,105,COLUMN,G,20.0,7.25,15.84,19.8,401201,501201,,78,0.11917186752454582,0,0.11917186752454582,OK
EXQ,106,COLUMN,H,30.0,7.25,15.84,19.8,401301,501301,,79,-0.3154004265654637,0,-0.3154004265654637,OK
EXQ,107,COLUMN,I,40.0,7.25,15.84,19.8,401401,501401,,80,-2.1809512376215117,0,-2.1809512376215117,OK
EXQ,108,COLUMN,I_prima,45.0,7.25,15.84,19.8,401451,501451,,81,4.052621292576024,0,4.052621292576024,OK
EXQ,109,COLUMN,J,50.0,7.25,15.84,19.8,401501,501501,,,-0.21807139016296098,0,-0.21807139016296098,OK
EXQ,110,COLUMN,E,0.0,16.15,15.84,19.8,402001,502001,,82,-0.1980577935054718,0,-0.1980577935054718,OK
EXQ,111,COLUMN,F,10.0,16.15,15.84,19.8,402101,502101,,83,0.2530920166135151,0,0.2530920166135151,OK
EXQ,112,COLUMN,G,20.0,16.15,15.84,19.8,402201,502201,,84,-0.24339882351123296,0,-0.24339882351123296,OK
EXQ,113,COLUMN,H,30.0,16.15,15.84,19.8,402301,502301,,85,0.7629169501999146,0,0.7629169501999146,OK
EXQ,114,COLUMN,I,40.0,16.15,15.84,19.8,402401,502401,,86,-1.3451671077174403,0,-1.3451671077174403,OK
EXQ,115,COLUMN,I_prima,45.0,16.15,15.84,19.8,402451,502451,,87,2.268543035228284,0,2.268543035228284,OK
EXQ,116,COLUMN,J,50.0,16.15,15.84,19.8,402501,502501,,,-0.18827125193252447,0,-0.18827125193252447,OK
EXQ,117,COLUMN,1B,-20.8,16.15,15.84,19.8,704001,705001,,88,0.22240607086577435,0,0.22240607086577435,OK
EXQ,118,COLUMN,1C,-10.8,16.15,15.84,19.8,704002,705002,,89,-0.1499742008338105,0,-0.1499742008338105,OK
EXQ,119,COLUMN,1D,-0.8,16.15,15.84,19.8,704003,705003,,90,0.0,0,0.0,OK
EXQ,120,COLUMN,2A,-28.3,7.25,15.84,19.8,704004,705004,,91,-0.8409567253102531,0,-0.8409567253102531,OK
EXQ,121,COLUMN,2B,-20.8,7.25,15.84,19.8,704005,705005,,92,0.2177477050069694,0,0.2177477050069694,OK
EXQ,122,COLUMN,2C,-10.8,7.25,15.84,19.8,704006,705006,,93,0.36314239173087437,0,0.36314239173087437,OK
EXQ,123,COLUMN,3B,-20.8,0.0,15.84,19.8,704007,705007,,94,0.23010046128260217,0,0.23010046128260217,OK
EXQ,124,COLUMN,3C,-10.8,0.0,15.84,19.8,704008,705008,,95,-0.4671052205332087,0,-0.4671052205332087,OK
EXQ,355,STEEL_COLUMN_SHS300x20,BEAM_MANUAL,10.0,-4.12,7.92,11.88,900017,900115,,,0.002416861153841582,0,0.002416861153841582,OK
EXQ,356,STEEL_COLUMN_SHS300x20,BEAM_MANUAL,17.49,-4.12,7.92,11.88,900018,900116,,,-0.0029559695666757334,0,-0.0029559695666757334,OK
EXQ,357,STEEL_COLUMN_SHS300x20,BEAM_MANUAL,20.0,-4.12,15.84,19.8,900034,900046,,,-0.027749687448227253,0,-0.027749687448227253,OK
EXQ,358,STEEL_COLUMN_SHS300x20,BEAM_MANUAL,30.0,-4.12,15.84,19.8,900035,900047,,,-0.00412234001779911,0,-0.00412234001779911,OK
EYG,1,COLUMN,E,0.0,0.0,0.0,3.96,1,100001,18,,-1.7956117643410128,-1.2449587862834384,-0.5506529780575744,OK
EYG,2,COLUMN,F,10.0,0.0,0.0,3.96,101,100101,19,,-9.090024965568665,-22.325134636973996,13.235109671405331,OK
EYG,3,COLUMN,G,20.0,0.0,0.0,3.96,201,100201,20,,-22.10964493759456,-22.10964493759456,0.0,OK
EYG,4,COLUMN,E,0.0,7.25,0.0,3.96,1001,101001,24,,-1.7162801814045971,-1.5457983447639068,-0.1704818366406904,OK
EYG,5,COLUMN,F,10.0,7.25,0.0,3.96,1101,101101,25,,9.371476353512286,8.936811886537676,0.4346644669746098,OK
EYG,6,COLUMN,G,20.0,7.25,0.0,3.96,1201,101201,26,,6.377712823630808,6.377712823630809,-8.881784197001252e-16,OK
EYG,7,COLUMN,E,0.0,16.15,0.0,3.96,2001,102001,30,,54.4237339521484,124.18881041065924,-69.76507645851083,OK
EYG,8,COLUMN,F,10.0,16.15,0.0,3.96,2101,102101,31,,8.90320172710139,18.32886121018557,-9.425659483084178,OK
EYG,9,COLUMN,G,20.0,16.15,0.0,3.96,2201,102201,32,,15.191990835493918,15.191990835493915,3.552713678800501e-15,OK
EYG,10,COLUMN,1B,-20.8,16.15,0.0,3.96,700001,701001,36,,13.73052476883664,11.76021207906982,1.9703126897668195,OK
EYG,11,COLUMN,1C,-10.8,16.15,0.0,3.96,700002,701002,37,,14.834625698864459,13.124096836389235,1.7105288624752237,OK
EYG,12,COLUMN,1D,-0.8,16.15,0.0,3.96,700003,701003,38,,263.1099355354299,217.85443179007203,45.255503745357856,OK
EYG,13,COLUMN,2A,-28.3,7.25,0.0,3.96,700004,701004,39,,3.8412842829999683,3.272605575871323,0.5686787071286452,OK
EYG,14,COLUMN,2B,-20.8,7.25,0.0,3.96,700005,701005,40,,4.389189651073823,3.713644282840022,0.6755453682338013,OK
EYG,15,COLUMN,2C,-10.8,7.25,0.0,3.96,700006,701006,41,,7.521837999939633,6.7905937578337525,0.7312442421058805,OK
EYG,16,COLUMN,3B,-20.8,0.0,0.0,3.96,700007,701007,42,,-19.37865425028655,-16.580316159503386,-2.798338090783165,OK
EYG,17,COLUMN,3C,-10.8,0.0,0.0,3.96,700008,701008,43,,-18.840198453058008,-16.41305991019749,-2.4271385428605186,OK
EYG,18,COLUMN,E,0.0,0.0,3.96,7.92,100001,200001,44,1,-1.2449587862834384,-1.4525293822100542,0.20757059592661586,OK
EYG,19,COLUMN,F,10.0,0.0,3.96,7.92,100101,200101,45,2,-22.325134636973996,-16.50979791372764,-5.815336723246357,OK
EYG,20,COLUMN,G,20.0,0.0,3.96,7.92,100201,200201,46,3,-22.10964493759456,-16.014462548312245,-6.095182389282314,OK
EYG,21,COLUMN,H,30.0,0.0,3.96,7.92,100301,200301,47,,-26.389515140082786,-18.714456847007266,-7.675058293075519,OK
EYG,22,COLUMN,I,40.0,0.0,3.96,7.92,100401,200401,48,,-307.3060892484737,-2.047656470006181,-305.2584327784675,OK
EYG,23,COLUMN,I_prima,45.0,0.0,3.96,7.92,100451,200451,49,,-44.83760877945789,-34.36559469498326,-10.47201408447463,OK
EYG,24,COLUMN,E,0.0,7.25,3.96,7.92,101001,201001,50,4,-1.5457983447639068,8.600520477973726,-10.146318822737634,OK
EYG,25,COLUMN,F,10.0,7.25,3.96,7.92,101101,201101,51,5,8.936811886537676,7.102676631717018,1.8341352548206578,OK
EYG,26,COLUMN,G,20.0,7.25,3.96,7.92,101201,201201,52,6,6.377712823630809,4.479725351736464,1.8979874718943446,OK
EYG,27,COLUMN,H,30.0,7.25,3.96,7.92,101301,201301,53,,6.106797462528416,5.0857057177370875,1.0210917447913284,OK
EYG,28,COLUMN,I,40.0,7.25,3.96,7.92,101401,201401,54,,4.951803322504238,3.2631281838672326,1.6886751386370058,OK
EYG,29,COLUMN,I_prima,45.0,7.25,3.96,7.92,101451,201451,55,,7.87435555893604,6.869856309367141,1.004499249568899,OK
EYG,30,COLUMN,E,0.0,16.15,3.96,7.92,102001,202001,56,7,124.18881041065924,118.90451309325232,5.284297317406924,OK
EYG,31,COLUMN,F,10.0,16.15,3.96,7.92,102101,202101,57,8,18.32886121018557,13.430766654560433,4.898094555625136,OK
EYG,32,COLUMN,G,20.0,16.15,3.96,7.92,102201,202201,58,9,15.191990835493915,10.915701873333088,4.276288962160827,OK
EYG,33,COLUMN,H,30.0,16.15,3.96,7.92,102301,202301,59,,13.155147608155277,13.862964830202563,-0.7078172220472858,OK
EYG,34,COLUMN,I,40.0,16.15,3.96,7.92,102401,202401,60,,302.43182176465587,-3.3052040470959736,305.73702581175183,OK
EYG,35,COLUMN,I_prima,45.0,16.15,3.96,7.92,102451,202451,61,,24.620842557092825,30.202849595360526,-5.582007038267701,OK
EYG,36,COLUMN,1B,-20.8,16.15,3.96,7.92,701001,702001,62,10,11.76021207906982,6.727945947726398,5.032266131343422,OK
EYG,37,COLUMN,1C,-10.8,16.15,3.96,7.92,701002,702002,63,11,13.124096836389235,8.410127450358669,4.713969386030566,OK
EYG,38,COLUMN,1D,-0.8,16.15,3.96,7.92,701003,702003,64,12,217.85443179007203,22.81975667789232,195.0346751121797,OK
EYG,39,COLUMN,2A,-28.3,7.25,3.96,7.92,701004,702004,65,13,3.272605575871323,1.7579676818560321,1.514637894015291,OK
EYG,40,COLUMN,2B,-20.8,7.25,3.96,7.92,701005,702005,66,14,3.713644282840022,2.007516170363708,1.7061281124763141,OK
EYG,41,COLUMN,2C,-10.8,7.25,3.96,7.92,701006,702006,67,15,6.7905937578337525,4.859307432433113,1.9312863254006398,OK
EYG,42,COLUMN,3B,-20.8,0.0,3.96,7.92,701007,702007,68,16,-16.580316159503386,-9.370582349249558,-7.209733810253828,OK
EYG,43,COLUMN,3C,-10.8,0.0,3.96,7.92,701008,702008,69,17,-16.41305991019749,-10.16507656404582,-6.247983346151669,OK
EYG,44,COLUMN,E,0.0,0.0,7.92,11.88,200001,300001,70,18,-1.4525293822100542,-52.68322085908756,51.23069147687751,OK
EYG,45,COLUMN,F,10.0,0.0,7.92,11.88,200101,300101,71,19,-16.50979791372764,-10.933711630748382,-5.576086282979256,OK
EYG,46,COLUMN,G,20.0,0.0,7.92,11.88,200201,300201,72,20,-16.014462548312245,-11.115904477346852,-4.898558070965393,OK
EYG,47,COLUMN,H,30.0,0.0,7.92,11.88,200301,300301,73,21,-18.714456847007266,-12.942197721632487,-5.772259125374779,OK
EYG,48,COLUMN,I,40.0,0.0,7.92,11.88,200401,300401,74,22,-2.047656470006181,-1.740045558963642,-0.3076109110425389,OK
EYG,49,COLUMN,I_prima,45.0,0.0,7.92,11.88,200451,300451,75,23,-34.36559469498326,-26.534328933092873,-7.831265761890386,OK
EYG,50,COLUMN,E,0.0,7.25,7.92,11.88,201001,301001,76,24,8.600520477973726,471.2371575669792,-462.6366370890055,OK
EYG,51,COLUMN,F,10.0,7.25,7.92,11.88,201101,301101,77,25,7.102676631717018,4.924065405642187,2.178611226074831,OK
EYG,52,COLUMN,G,20.0,7.25,7.92,11.88,201201,301201,78,26,4.479725351736464,2.9923270779804567,1.4873982737560074,OK
EYG,53,COLUMN,H,30.0,7.25,7.92,11.88,201301,301301,79,27,5.0857057177370875,3.3197531381509995,1.765952579586088,OK
EYG,54,COLUMN,I,40.0,7.25,7.92,11.88,201401,301401,80,28,3.2631281838672326,2.0399017414267835,1.223226442440449,OK
EYG,55,COLUMN,I_prima,45.0,7.25,7.92,11.88,201451,301451,81,29,6.869856309367141,5.290101502163866,1.5797548072032752,OK
EYG,56,COLUMN,E,0.0,16.15,7.92,11.88,202001,302001,82,30,118.90451309325232,115.81301290928761,3.091500183964712,OK
EYG,57,COLUMN,F,10.0,16.15,7.92,11.88,202101,302101,83,31,13.430766654560433,9.287977039189418,4.142789615371015,OK
EYG,58,COLUMN,G,20.0,16.15,7.92,11.88,202201,302201,84,32,10.915701873333088,7.63523858938091,3.2804632839521783,OK
EYG,59,COLUMN,H,30.0,16.15,7.92,11.88,202301,302301,85,33,13.862964830202563,9.83669264428175,4.026272185920812,OK
EYG,60,COLUMN,I,40.0,16.15,7.92,11.88,202401,302401,86,34,-3.3052040470959736,-2.3108569348439634,-0.9943471122520102,OK
EYG,61,COLUMN,I_prima,45.0,16.15,7.92,11.88,202451,302451,87,35,30.202849595360526,23.83369683088273,6.369152764477796,OK
EYG,62,COLUMN,1B,-20.8,16.15,7.92,11.88,702001,703001,88,36,6.727945947726398,2.361242122245051,4.366703825481347,OK
EYG,63,COLUMN,1C,-10.8,16.15,7.92,11.88,702002,703002,89,37,8.410127450358669,4.168932948726414,4.241194501632255,OK
EYG,64,COLUMN,1D,-0.8,16.15,7.92,11.88,702003,703003,90,38,22.81975667789232,-68.13731166136952,90.95706833926184,OK
EYG,65,COLUMN,2A,-28.3,7.25,7.92,11.88,702004,703004,91,39,1.7579676818560321,0.5028422998491564,1.2551253820068757,OK
EYG,66,COLUMN,2B,-20.8,7.25,7.92,11.88,702005,703005,92,40,2.007516170363708,0.49453444820814146,1.5129817221555664,OK
EYG,67,COLUMN,2C,-10.8,7.25,7.92,11.88,702006,703006,93,41,4.859307432433113,3.253983053172415,1.6053243792606975,OK
EYG,68,COLUMN,3B,-20.8,0.0,7.92,11.88,702007,703007,94,42,-9.370582349249558,-3.130643768136237,-6.2399385811133214,OK
EYG,69,COLUMN,3C,-10.8,0.0,7.92,11.88,702008,703008,95,43,-10.16507656404582,-4.770266536733757,-5.394810027312063,OK
EYG,70,COLUMN,E,0.0,0.0,11.88,15.84,300001,400001,96,44,-52.68322085908756,-237.3614988220749,184.67827796298735,OK
EYG,71,COLUMN,F,10.0,0.0,11.88,15.84,300101,400101,97,45,-10.933711630748382,-5.1180810416549924,-5.81563058909339,OK
EYG,72,COLUMN,G,20.0,0.0,11.88,15.84,300201,400201,98,46,-11.115904477346852,-5.27331859616118,-5.842585881185673,OK
EYG,73,COLUMN,H,30.0,0.0,11.88,15.84,300301,400301,99,47,-12.942197721632487,-6.236355660588269,-6.705842061044218,OK
EYG,74,COLUMN,I,40.0,0.0,11.88,15.84,300401,400401,100,48,-1.740045558963642,-1.1836728438112851,-0.556372715152357,OK
EYG,75,COLUMN,I_prima,45.0,0.0,11.88,15.84,300451,400451,101,49,-26.534328933092873,-12.869600535602347,-13.664728397490526,OK
EYG,76,COLUMN,E,0.0,7.25,11.88,15.84,301001,401001,103,50,471.2371575669792,173.48408132105683,297.75307624592233,OK
EYG,77,COLUMN,F,10.0,7.25,11.88,15.84,301101,401101,104,51,4.924065405642187,3.0200884370196164,1.9039769686225707,OK
EYG,78,COLUMN,G,20.0,7.25,11.88,15.84,301201,401201,105,52,2.9923270779804567,1.2576315000994642,1.7346955778809925,OK
EYG,79,COLUMN,H,30.0,7.25,11.88,15.84,301301,401301,106,53,3.3197531381509995,1.6232026402856377,1.6965504978653618,OK
EYG,80,COLUMN,I,40.0,7.25,11.88,15.84,301401,401401,107,54,2.0399017414267835,0.9570088097013718,1.0828929317254117,OK
EYG,81,COLUMN,I_prima,45.0,7.25,11.88,15.84,301451,401451,108,55,5.290101502163866,2.5862630164438114,2.7038384857200546,OK
EYG,82,COLUMN,E,0.0,16.15,11.88,15.84,302001,402001,110,56,115.81301290928761,5.3611287961923715,110.45188411309523,OK
EYG,83,COLUMN,F,10.0,16.15,11.88,15.84,302101,402101,111,57,9.287977039189418,5.009580690505358,4.278396348684059,OK
EYG,84,COLUMN,G,20.0,16.15,11.88,15.84,302201,402201,112,58,7.63523858938091,3.712985438058382,3.9222531513225274,OK
EYG,85,COLUMN,H,30.0,16.15,11.88,15.84,302301,402301,113,59,9.83669264428175,4.928519939997246,4.908172704284505,OK
EYG,86,COLUMN,I,40.0,16.15,11.88,15.84,302401,402401,114,60,-2.3108569348439634,-0.7972961293805977,-1.5135608054633658,OK
EYG,87,COLUMN,I_prima,45.0,16.15,11.88,15.84,302451,402451,115,61,23.83369683088273,11.575223715704974,12.258473115177756,OK
EYG,88,COLUMN,1B,-20.8,16.15,11.88,15.84,703001,704001,117,62,2.361242122245051,0.27297387708399495,2.0882682451610557,OK
EYG,89,COLUMN,1C,-10.8,16.15,11.88,15.84,703002,704002,118,63,4.168932948726414,1.165067572614219,3.003865376112195,OK
EYG,90,COLUMN,1D,-0.8,16.15,11.88,15.84,703003,704003,119,64,-68.13731166136952,0.0,-68.13731166136952,OK
EYG,91,COLUMN,2A,-28.3,7.25,11.88,15.84,703004,704004,120,65,0.5028422998491564,-0.007697113129884176,0.5105394129790406,OK
EYG,92,COLUMN,2B,-20.8,7.25,11.88,15.84,703005,704005,121,66,0.49453444820814146,-0.08062230836381795,0.5751567565719594,OK
EYG,93,COLUMN,2C,-10.8,7.25,11.88,15.84,703006,704006,122,67,3.253983053172415,1.0679159906140538,2.1860670625583616,OK
EYG,94,COLUMN,3B,-20.8,0.0,11.88,15.84,703007,704007,123,68,-3.130643768136237,-0.13789155624971575,-2.992752211886521,OK
EYG,95,COLUMN,3C,-10.8,0.0,11.88,15.84,703008,704008,124,69,-4.770266536733757,-1.7095928990257891,-3.060673637707968,OK
EYG,96,COLUMN,E,0.0,0.0,15.84,19.8,400001,500001,,70,-237.3614988220749,0,-237.3614988220749,OK
EYG,97,COLUMN,F,10.0,0.0,15.84,19.8,400101,500101,,71,-5.1180810416549924,0,-5.1180810416549924,OK
EYG,98,COLUMN,G,20.0,0.0,15.84,19.8,400201,500201,,72,-5.27331859616118,0,-5.27331859616118,OK
EYG,99,COLUMN,H,30.0,0.0,15.84,19.8,400301,500301,,73,-6.236355660588269,0,-6.236355660588269,OK
EYG,100,COLUMN,I,40.0,0.0,15.84,19.8,400401,500401,,74,-1.1836728438112851,0,-1.1836728438112851,OK
EYG,101,COLUMN,I_prima,45.0,0.0,15.84,19.8,400451,500451,,75,-12.869600535602347,0,-12.869600535602347,OK
EYG,102,COLUMN,J,50.0,0.0,15.84,19.8,400501,500501,,,-0.05392952014437297,0,-0.05392952014437297,OK
EYG,103,COLUMN,E,0.0,7.25,15.84,19.8,401001,501001,,76,173.48408132105683,0,173.48408132105683,OK
EYG,104,COLUMN,F,10.0,7.25,15.84,19.8,401101,501101,,77,3.0200884370196164,0,3.0200884370196164,OK
EYG,105,COLUMN,G,20.0,7.25,15.84,19.8,401201,501201,,78,1.2576315000994642,0,1.2576315000994642,OK
EYG,106,COLUMN,H,30.0,7.25,15.84,19.8,401301,501301,,79,1.6232026402856377,0,1.6232026402856377,OK
EYG,107,COLUMN,I,40.0,7.25,15.84,19.8,401401,501401,,80,0.9570088097013718,0,0.9570088097013718,OK
EYG,108,COLUMN,I_prima,45.0,7.25,15.84,19.8,401451,501451,,81,2.5862630164438114,0,2.5862630164438114,OK
EYG,109,COLUMN,J,50.0,7.25,15.84,19.8,401501,501501,,,0.019743398822547695,0,0.019743398822547695,OK
EYG,110,COLUMN,E,0.0,16.15,15.84,19.8,402001,502001,,82,5.3611287961923715,0,5.3611287961923715,OK
EYG,111,COLUMN,F,10.0,16.15,15.84,19.8,402101,502101,,83,5.009580690505358,0,5.009580690505358,OK
EYG,112,COLUMN,G,20.0,16.15,15.84,19.8,402201,502201,,84,3.712985438058382,0,3.712985438058382,OK
EYG,113,COLUMN,H,30.0,16.15,15.84,19.8,402301,502301,,85,4.928519939997246,0,4.928519939997246,OK
EYG,114,COLUMN,I,40.0,16.15,15.84,19.8,402401,502401,,86,-0.7972961293805977,0,-0.7972961293805977,OK
EYG,115,COLUMN,I_prima,45.0,16.15,15.84,19.8,402451,502451,,87,11.575223715704974,0,11.575223715704974,OK
EYG,116,COLUMN,J,50.0,16.15,15.84,19.8,402501,502501,,,0.07171913704359872,0,0.07171913704359872,OK
EYG,117,COLUMN,1B,-20.8,16.15,15.84,19.8,704001,705001,,88,0.27297387708399495,0,0.27297387708399495,OK
EYG,118,COLUMN,1C,-10.8,16.15,15.84,19.8,704002,705002,,89,1.165067572614219,0,1.165067572614219,OK
EYG,119,COLUMN,1D,-0.8,16.15,15.84,19.8,704003,705003,,90,0.0,0,0.0,OK
EYG,120,COLUMN,2A,-28.3,7.25,15.84,19.8,704004,705004,,91,-0.007697113129884176,0,-0.007697113129884176,OK
EYG,121,COLUMN,2B,-20.8,7.25,15.84,19.8,704005,705005,,92,-0.08062230836381795,0,-0.08062230836381795,OK
EYG,122,COLUMN,2C,-10.8,7.25,15.84,19.8,704006,705006,,93,1.0679159906140538,0,1.0679159906140538,OK
EYG,123,COLUMN,3B,-20.8,0.0,15.84,19.8,704007,705007,,94,-0.13789155624971575,0,-0.13789155624971575,OK
EYG,124,COLUMN,3C,-10.8,0.0,15.84,19.8,704008,705008,,95,-1.7095928990257891,0,-1.7095928990257891,OK
EYG,355,STEEL_COLUMN_SHS300x20,BEAM_MANUAL,10.0,-4.12,7.92,11.88,900017,900115,,,0.6655235844849466,0,0.6655235844849466,OK
EYG,356,STEEL_COLUMN_SHS300x20,BEAM_MANUAL,17.49,-4.12,7.92,11.88,900018,900116,,,0.011358165801933655,0,0.011358165801933655,OK
EYG,357,STEEL_COLUMN_SHS300x20,BEAM_MANUAL,20.0,-4.12,15.84,19.8,900034,900046,,,-0.18417236322513822,0,-0.18417236322513822,OK
EYG,358,STEEL_COLUMN_SHS300x20,BEAM_MANUAL,30.0,-4.12,15.84,19.8,900035,900047,,,-0.16536981193529338,0,-0.16536981193529338,OK
EYQ,1,COLUMN,E,0.0,0.0,0.0,3.96,1,100001,18,,-0.5594666460833841,-0.3966533300747559,-0.16281331600862825,OK
EYQ,2,COLUMN,F,10.0,0.0,0.0,3.96,101,100101,19,,-2.7944036954528046,-6.931401964089131,4.136998268636327,OK
EYQ,3,COLUMN,G,20.0,0.0,0.0,3.96,201,100201,20,,-6.888560031944935,-6.888560031944934,-8.881784197001252e-16,OK
EYQ,4,COLUMN,E,0.0,7.25,0.0,3.96,1001,101001,24,,-0.5343747603085163,-0.4958857921328973,-0.038488968175618976,OK
EYQ,5,COLUMN,F,10.0,7.25,0.0,3.96,1101,101101,25,,2.9545227963178475,2.8278935102936313,0.1266292860242162,OK
EYQ,6,COLUMN,G,20.0,7.25,0.0,3.96,1201,101201,26,,1.9714181416376022,1.9714181416376018,4.440892098500626e-16,OK
EYQ,7,COLUMN,E,0.0,16.15,0.0,3.96,2001,102001,30,,15.815653937313986,36.07216929223526,-20.256515354921273,OK
EYQ,8,COLUMN,F,10.0,16.15,0.0,3.96,2101,102101,31,,2.7182375362053897,5.658376761507211,-2.940139225301821,OK
EYQ,9,COLUMN,G,20.0,16.15,0.0,3.96,2201,102201,32,,4.747355087246663,4.747355087246662,8.881784197001252e-16,OK
EYQ,10,COLUMN,1B,-20.8,16.15,0.0,3.96,700001,701001,36,,3.8733987475217515,3.291276663260298,0.5821220842614534,OK
EYQ,11,COLUMN,1C,-10.8,16.15,0.0,3.96,700002,701002,37,,4.22231256573732,3.7169302989824353,0.5053822667548844,OK
EYQ,12,COLUMN,1D,-0.8,16.15,0.0,3.96,700003,701003,38,,77.34717988659641,63.53996926761776,13.807210618978651,OK
EYQ,13,COLUMN,2A,-28.3,7.25,0.0,3.96,700004,701004,39,,1.0667657085438542,0.8982505143648549,0.1685151941789993,OK
EYQ,14,COLUMN,2B,-20.8,7.25,0.0,3.96,700005,701005,40,,1.2395459794930133,1.0392251390528302,0.20032084044018306,OK
EYQ,15,COLUMN,2C,-10.8,7.25,0.0,3.96,700006,701006,41,,2.223074136281101,2.007255253430647,0.21581888285045414,OK
EYQ,16,COLUMN,3B,-20.8,0.0,0.0,3.96,700007,701007,42,,-5.4642320290695805,-4.63628564593219,-0.8279463831373901,OK
EYQ,17,COLUMN,3C,-10.8,0.0,0.0,3.96,700008,701008,43,,-5.414308103570349,-4.697187652650888,-0.7171204509194613,OK
EYQ,18,COLUMN,E,0.0,0.0,3.96,7.92,100001,200001,44,1,-0.3966533300747559,-0.4729899346332787,0.07633660455852281,OK
EYQ,19,COLUMN,F,10.0,0.0,3.96,7.92,100101,200101,45,2,-6.931401964089131,-5.246009677325478,-1.685392286763653,OK
EYQ,20,COLUMN,G,20.0,0.0,3.96,7.92,100201,200201,46,3,-6.888560031944934,-5.098045943557751,-1.7905140883871828,OK
EYQ,21,COLUMN,H,30.0,0.0,3.96,7.92,100301,200301,47,,-8.153773638405166,-5.892804037693148,-2.260969600712018,OK
EYQ,22,COLUMN,I,40.0,0.0,3.96,7.92,100401,200401,48,,-90.77826111472928,-0.9777975526528215,-89.80046356207646,OK
EYQ,23,COLUMN,I_prima,45.0,0.0,3.96,7.92,100451,200451,49,,-13.99162433179976,-10.916101603685352,-3.075522728114409,OK
EYQ,24,COLUMN,E,0.0,7.25,3.96,7.92,101001,201001,50,4,-0.4958857921328973,2.803848729614941,-3.299734521747838,OK
EYQ,25,COLUMN,F,10.0,7.25,3.96,7.92,101101,201101,51,5,2.8278935102936313,2.2972858589623626,0.5306076513312687,OK
EYQ,26,COLUMN,G,20.0,7.25,3.96,7.92,101201,201201,52,6,1.9714181416376018,1.4143023532722718,0.5571157883653299,OK
EYQ,27,COLUMN,H,30.0,7.25,3.96,7.92,101301,201301,53,,1.9061464106368642,1.606245804711771,0.29990060592509327,OK
EYQ,28,COLUMN,I,40.0,7.25,3.96,7.92,101401,201401,54,,1.5412064120281415,1.0436661342653026,0.4975402777628388,OK
EYQ,29,COLUMN,I_prima,45.0,7.25,3.96,7.92,101451,201451,55,,2.525875676334214,2.2332979177827754,0.29257775855143864,OK
EYQ,30,COLUMN,E,0.0,16.15,3.96,7.92,102001,202001,56,7,36.07216929223526,34.50971156868528,1.5624577235499757,OK
EYQ,31,COLUMN,F,10.0,16.15,3.96,7.92,102101,202101,57,8,5.658376761507211,4.215952150047857,1.4424246114593533,OK
EYQ,32,COLUMN,G,20.0,16.15,3.96,7.92,102201,202201,58,9,4.747355087246662,3.4881239740193255,1.2592311132273366,OK
EYQ,33,COLUMN,H,30.0,16.15,3.96,7.92,102301,202301,59,,4.057444732610801,4.362470048869722,-0.30502531625892093,OK
EYQ,34,COLUMN,I,40.0,16.15,3.96,7.92,102401,202401,60,,89.23842400272163,-0.7646585710950429,90.00308257381667,OK
EYQ,35,COLUMN,I_prima,45.0,16.15,3.96,7.92,102451,202451,61,,7.680140989322452,9.593536920394476,-1.9133959310720234,OK
EYQ,36,COLUMN,1B,-20.8,16.15,3.96,7.92,701001,702001,62,10,3.291276663260298,1.8138233154288508,1.4774533478314473,OK
EYQ,37,COLUMN,1C,-10.8,16.15,3.96,7.92,701002,702002,63,11,3.7169302989824353,2.3342376517061036,1.3826926472763317,OK
EYQ,38,COLUMN,1D,-0.8,16.15,3.96,7.92,701003,702003,64,12,63.53996926761776,5.72201223346153,57.81795703415622,OK
EYQ,39,COLUMN,2A,-28.3,7.25,3.96,7.92,701004,702004,65,13,0.8982505143648549,0.45311181653725474,0.4451386978276002,OK
EYQ,40,COLUMN,2B,-20.8,7.25,3.96,7.92,701005,702005,66,14,1.0392251390528302,0.5369436801073911,0.5022814589454391,OK
EYQ,41,COLUMN,2C,-10.8,7.25,3.96,7.92,701006,702006,67,15,2.007255253430647,1.4408124220698637,0.5664428313607832,OK
EYQ,42,COLUMN,3B,-20.8,0.0,3.96,7.92,701007,702007,68,16,-4.63628564593219,-2.5177826988051786,-2.118502947127012,OK
EYQ,43,COLUMN,3C,-10.8,0.0,3.96,7.92,701008,702008,69,17,-4.697187652650888,-2.8634184741184967,-1.8337691785323909,OK
EYQ,44,COLUMN,E,0.0,0.0,7.92,11.88,200001,300001,70,18,-0.4729899346332787,-17.2041911341596,16.73120119952632,OK
EYQ,45,COLUMN,F,10.0,0.0,7.92,11.88,200101,300101,71,19,-5.246009677325478,-3.6456382383588846,-1.6003714389665937,OK
EYQ,46,COLUMN,G,20.0,0.0,7.92,11.88,200201,300201,72,20,-5.098045943557751,-3.728884800958985,-1.3691611425987662,OK
EYQ,47,COLUMN,H,30.0,0.0,7.92,11.88,200301,300301,73,21,-5.892804037693148,-4.264548291686228,-1.6282557460069205,OK
EYQ,48,COLUMN,I,40.0,0.0,7.92,11.88,200401,300401,74,22,-0.9777975526528215,-0.9317550092488485,-0.04604254340397307,OK
EYQ,49,COLUMN,I_prima,45.0,0.0,7.92,11.88,200451,300451,75,23,-10.916101603685352,-8.69890730836238,-2.2171942953229724,OK
EYQ,50,COLUMN,E,0.0,7.25,7.92,11.88,201001,301001,76,24,2.803848729614941,153.93043201638434,-151.1265832867694,OK
EYQ,51,COLUMN,F,10.0,7.25,7.92,11.88,201101,301101,77,25,2.2972858589623626,1.657254099801399,0.6400317591609637,OK
EYQ,52,COLUMN,G,20.0,7.25,7.92,11.88,201201,301201,78,26,1.4143023532722718,1.0054790367520345,0.4088233165202373,OK
EYQ,53,COLUMN,H,30.0,7.25,7.92,11.88,201301,301301,79,27,1.606245804711771,1.113866089446273,0.49237971526549784,OK
EYQ,54,COLUMN,I,40.0,7.25,7.92,11.88,201401,301401,80,28,1.0436661342653026,0.7015551882905869,0.3421109459747157,OK
EYQ,55,COLUMN,I_prima,45.0,7.25,7.92,11.88,201451,301451,81,29,2.2332979177827754,1.7967631076584332,0.43653481012434225,OK
EYQ,56,COLUMN,E,0.0,16.15,7.92,11.88,202001,302001,82,30,34.50971156868528,33.64782782687473,0.8618837418105514,OK
EYQ,57,COLUMN,F,10.0,16.15,7.92,11.88,202101,302101,83,31,4.215952150047857,3.0436831654291057,1.1722689846187517,OK
EYQ,58,COLUMN,G,20.0,16.15,7.92,11.88,202201,302201,84,32,3.4881239740193255,2.566510195631542,0.9216137783877834,OK
EYQ,59,COLUMN,H,30.0,16.15,7.92,11.88,202301,302301,85,33,4.362470048869722,3.2206205805571657,1.141849468312556,OK
EYQ,60,COLUMN,I,40.0,16.15,7.92,11.88,202401,302401,86,34,-0.7646585710950429,-0.44431514251943915,-0.3203434285756037,OK
EYQ,61,COLUMN,I_prima,45.0,16.15,7.92,11.88,202451,302451,87,35,9.593536920394476,7.7763825820785355,1.81715433831594,OK
EYQ,62,COLUMN,1B,-20.8,16.15,7.92,11.88,702001,703001,88,36,1.8138233154288508,0.5411482037574589,1.272675111671392,OK
EYQ,63,COLUMN,1C,-10.8,16.15,7.92,11.88,702002,703002,89,37,2.3342376517061036,1.0981300934681397,1.236107558237964,OK
EYQ,64,COLUMN,1D,-0.8,16.15,7.92,11.88,702003,703003,90,38,5.72201223346153,-20.24981030337847,25.97182253684,OK
EYQ,65,COLUMN,2A,-28.3,7.25,7.92,11.88,702004,703004,91,39,0.45311181653725474,0.0870605042894271,0.3660513122478276,OK
EYQ,66,COLUMN,2B,-20.8,7.25,7.92,11.88,702005,703005,92,40,0.5369436801073911,0.0930758728622751,0.44386780724511604,OK
EYQ,67,COLUMN,2C,-10.8,7.25,7.92,11.88,702006,703006,93,41,1.4408124220698637,0.9748885063396492,0.4659239157302145,OK
EYQ,68,COLUMN,3B,-20.8,0.0,7.92,11.88,702007,703007,94,42,-2.5177826988051786,-0.6962067136800316,-1.821575985125147,OK
EYQ,69,COLUMN,3C,-10.8,0.0,7.92,11.88,702008,703008,95,43,-2.8634184741184967,-1.2917960870390028,-1.5716223870794939,OK
EYQ,70,COLUMN,E,0.0,0.0,11.88,15.84,300001,400001,96,44,-17.2041911341596,-81.46784542465443,64.26365429049483,OK
EYQ,71,COLUMN,F,10.0,0.0,11.88,15.84,300101,400101,97,45,-3.6456382383588846,-1.7770510128198236,-1.868587225539061,OK
EYQ,72,COLUMN,G,20.0,0.0,11.88,15.84,300201,400201,98,46,-3.728884800958985,-1.7860359167412598,-1.942848884217725,OK
EYQ,73,COLUMN,H,30.0,0.0,11.88,15.84,300301,400301,99,47,-4.264548291686228,-2.0672316869115157,-2.197316604774712,OK
EYQ,74,COLUMN,I,40.0,0.0,11.88,15.84,300401,400401,100,48,-0.9317550092488485,-0.6260227838678516,-0.30573222538099687,OK
EYQ,75,COLUMN,I_prima,45.0,0.0,11.88,15.84,300451,400451,101,49,-8.69890730836238,-4.3024222093258455,-4.396485099036534,OK
EYQ,76,COLUMN,E,0.0,7.25,11.88,15.84,301001,401001,103,50,153.93043201638434,60.601740887048855,93.32869112933548,OK
EYQ,77,COLUMN,F,10.0,7.25,11.88,15.84,301101,401101,104,51,1.657254099801399,1.0321302074657417,0.6251238923356572,OK
EYQ,78,COLUMN,G,20.0,7.25,11.88,15.84,301201,401201,105,52,1.0054790367520345,0.43503021324673574,0.5704488235052988,OK
EYQ,79,COLUMN,H,30.0,7.25,11.88,15.84,301301,401301,106,53,1.113866089446273,0.5542015297753016,0.5596645596709715,OK
EYQ,80,COLUMN,I,40.0,7.25,11.88,15.84,301401,401401,107,54,0.7015551882905869,0.3509130933364962,0.35064209495409077,OK
EYQ,81,COLUMN,I_prima,45.0,7.25,11.88,15.84,301451,401451,108,55,1.7967631076584332,0.9004511281742857,0.8963119794841474,OK
EYQ,82,COLUMN,E,0.0,16.15,11.88,15.84,302001,402001,110,56,33.64782782687473,1.9607793212657358,31.687048505608995,OK
EYQ,83,COLUMN,F,10.0,16.15,11.88,15.84,302101,402101,111,57,3.0436831654291057,1.6793459331941594,1.3643372322349463,OK
EYQ,84,COLUMN,G,20.0,16.15,11.88,15.84,302201,402201,112,58,2.566510195631542,1.3077349176010085,1.2587752780305337,OK
EYQ,85,COLUMN,H,30.0,16.15,11.88,15.84,302301,402301,113,59,3.2206205805571657,1.668448654947609,1.5521719256095567,OK
EYQ,86,COLUMN,I,40.0,16.15,11.88,15.84,302401,402401,114,60,-0.44431514251943915,-0.07024811298258922,-0.37406702953684995,OK
EYQ,87,COLUMN,I_prima,45.0,16.15,11.88,15.84,302451,402451,115,61,7.7763825820785355,3.839356442139916,3.9370261399386197,OK
EYQ,88,COLUMN,1B,-20.8,16.15,11.88,15.84,703001,704001,117,62,0.5411482037574589,-0.005160343662823828,0.5463085474202827,OK
EYQ,89,COLUMN,1C,-10.8,16.15,11.88,15.84,703002,704002,118,63,1.0981300934681397,0.27247787236326826,0.8256522211048715,OK
EYQ,90,COLUMN,1D,-0.8,16.15,11.88,15.84,703003,704003,119,64,-20.24981030337847,0.0,-20.24981030337847,OK
EYQ,91,COLUMN,2A,-28.3,7.25,11.88,15.84,703004,704004,120,65,0.0870605042894271,-0.03861190888545418,0.1256724131748813,OK
EYQ,92,COLUMN,2B,-20.8,7.25,11.88,15.84,703005,704005,121,66,0.0930758728622751,-0.05294881098867395,0.14602468385094905,OK
EYQ,93,COLUMN,2C,-10.8,7.25,11.88,15.84,703006,704006,122,67,0.9748885063396492,0.3218297465110208,0.6530587598286284,OK
EYQ,94,COLUMN,3B,-20.8,0.0,11.88,15.84,703007,704007,123,68,-0.6962067136800316,0.09026844929080159,-0.7864751629708332,OK
EYQ,95,COLUMN,3C,-10.8,0.0,11.88,15.84,703008,704008,124,69,-1.2917960870390028,-0.46890230011022277,-0.82289378692878,OK
EYQ,96,COLUMN,E,0.0,0.0,15.84,19.8,400001,500001,,70,-81.46784542465443,0,-81.46784542465443,OK
EYQ,97,COLUMN,F,10.0,0.0,15.84,19.8,400101,500101,,71,-1.7770510128198236,0,-1.7770510128198236,OK
EYQ,98,COLUMN,G,20.0,0.0,15.84,19.8,400201,500201,,72,-1.7860359167412598,0,-1.7860359167412598,OK
EYQ,99,COLUMN,H,30.0,0.0,15.84,19.8,400301,500301,,73,-2.0672316869115157,0,-2.0672316869115157,OK
EYQ,100,COLUMN,I,40.0,0.0,15.84,19.8,400401,500401,,74,-0.6260227838678516,0,-0.6260227838678516,OK
EYQ,101,COLUMN,I_prima,45.0,0.0,15.84,19.8,400451,500451,,75,-4.3024222093258455,0,-4.3024222093258455,OK
EYQ,102,COLUMN,J,50.0,0.0,15.84,19.8,400501,500501,,,-0.024859835897351447,0,-0.024859835897351447,OK
EYQ,103,COLUMN,E,0.0,7.25,15.84,19.8,401001,501001,,76,60.601740887048855,0,60.601740887048855,OK
EYQ,104,COLUMN,F,10.0,7.25,15.84,19.8,401101,501101,,77,1.0321302074657417,0,1.0321302074657417,OK
EYQ,105,COLUMN,G,20.0,7.25,15.84,19.8,401201,501201,,78,0.43503021324673574,0,0.43503021324673574,OK
EYQ,106,COLUMN,H,30.0,7.25,15.84,19.8,401301,501301,,79,0.5542015297753016,0,0.5542015297753016,OK
EYQ,107,COLUMN,I,40.0,7.25,15.84,19.8,401401,501401,,80,0.3509130933364962,0,0.3509130933364962,OK
EYQ,108,COLUMN,I_prima,45.0,7.25,15.84,19.8,401451,501451,,81,0.9004511281742857,0,0.9004511281742857,OK
EYQ,109,COLUMN,J,50.0,7.25,15.84,19.8,401501,501501,,,0.007147002510564402,0,0.007147002510564402,OK
EYQ,110,COLUMN,E,0.0,16.15,15.84,19.8,402001,502001,,82,1.9607793212657358,0,1.9607793212657358,OK
EYQ,111,COLUMN,F,10.0,16.15,15.84,19.8,402101,502101,,83,1.6793459331941594,0,1.6793459331941594,OK
EYQ,112,COLUMN,G,20.0,16.15,15.84,19.8,402201,502201,,84,1.3077349176010085,0,1.3077349176010085,OK
EYQ,113,COLUMN,H,30.0,16.15,15.84,19.8,402301,502301,,85,1.668448654947609,0,1.668448654947609,OK
EYQ,114,COLUMN,I,40.0,16.15,15.84,19.8,402401,502401,,86,-0.07024811298258922,0,-0.07024811298258922,OK
EYQ,115,COLUMN,I_prima,45.0,16.15,15.84,19.8,402451,502451,,87,3.839356442139916,0,3.839356442139916,OK
EYQ,116,COLUMN,J,50.0,16.15,15.84,19.8,402501,502501,,,0.03146985625921833,0,0.03146985625921833,OK
EYQ,117,COLUMN,1B,-20.8,16.15,15.84,19.8,704001,705001,,88,-0.005160343662823828,0,-0.005160343662823828,OK
EYQ,118,COLUMN,1C,-10.8,16.15,15.84,19.8,704002,705002,,89,0.27247787236326826,0,0.27247787236326826,OK
EYQ,119,COLUMN,1D,-0.8,16.15,15.84,19.8,704003,705003,,90,0.0,0,0.0,OK
EYQ,120,COLUMN,2A,-28.3,7.25,15.84,19.8,704004,705004,,91,-0.03861190888545418,0,-0.03861190888545418,OK
EYQ,121,COLUMN,2B,-20.8,7.25,15.84,19.8,704005,705005,,92,-0.05294881098867395,0,-0.05294881098867395,OK
EYQ,122,COLUMN,2C,-10.8,7.25,15.84,19.8,704006,705006,,93,0.3218297465110208,0,0.3218297465110208,OK
EYQ,123,COLUMN,3B,-20.8,0.0,15.84,19.8,704007,705007,,94,0.09026844929080159,0,0.09026844929080159,OK
EYQ,124,COLUMN,3C,-10.8,0.0,15.84,19.8,704008,705008,,95,-0.46890230011022277,0,-0.46890230011022277,OK
EYQ,355,STEEL_COLUMN_SHS300x20,BEAM_MANUAL,10.0,-4.12,7.92,11.88,900017,900115,,,0.21835232134337867,0,0.21835232134337867,OK
EYQ,356,STEEL_COLUMN_SHS300x20,BEAM_MANUAL,17.49,-4.12,7.92,11.88,900018,900116,,,0.004059407722372977,0,0.004059407722372977,OK
EYQ,357,STEEL_COLUMN_SHS300x20,BEAM_MANUAL,20.0,-4.12,15.84,19.8,900034,900046,,,-0.11230675302249496,0,-0.11230675302249496,OK
EYQ,358,STEEL_COLUMN_SHS300x20,BEAM_MANUAL,30.0,-4.12,15.84,19.8,900035,900047,,,-0.10657410208007849,0,-0.10657410208007849,OK
