kind,id,type,i,j,aux,x_m,y_m,z_m,level,status,restraint,axis,section_b_m,section_h_m
N,1,NODE,,,,0.0,0.0,0.0,0,MANUAL,true,E
N,101,NODE,,,,10.0,0.0,0.0,0,MANUAL,true,F
N,201,NODE,,,,20.0,0.0,0.0,0,MANUAL,true,G
N,1001,NODE,,,,0.0,7.25,0.0,0,MANUAL,true,E
N,1101,NODE,,,,10.0,7.25,0.0,0,MANUAL,true,F
N,1201,NODE,,,,20.0,7.25,0.0,0,MANUAL,true,G
N,2001,NODE,,,,0.0,16.15,0.0,0,MANUAL,true,E
N,2101,NODE,,,,10.0,16.15,0.0,0,MANUAL,true,F
N,2201,NODE,,,,20.0,16.15,0.0,0,MANUAL,true,G
N,700001,NODE,,,,-20.8,16.15,0.0,0,MANUAL,true,1B
N,700002,NODE,,,,-10.8,16.15,0.0,0,MANUAL,true,1C
N,700003,NODE,,,,-0.8,16.15,0.0,0,MANUAL,true,1D
N,700004,NODE,,,,-28.3,7.25,0.0,0,MANUAL,true,2A
N,700005,NODE,,,,-20.8,7.25,0.0,0,MANUAL,true,2B
N,700006,NODE,,,,-10.8,7.25,0.0,0,MANUAL,true,2C
N,700007,NODE,,,,-20.8,0.0,0.0,0,MANUAL,true,3B
N,700008,NODE,,,,-10.8,0.0,0.0,0,MANUAL,true,3C
N,100001,NODE,,,,0.0,0.0,3.96,1,MANUAL,false,E
N,100101,NODE,,,,10.0,0.0,3.96,1,MANUAL,false,F
N,100201,NODE,,,,20.0,0.0,3.96,1,MANUAL,false,G
N,100301,NODE,,,,30.0,0.0,3.96,1,MANUAL,true,H
N,100401,NODE,,,,40.0,0.0,3.96,1,MANUAL,true,I
N,100451,NODE,,,,45.0,0.0,3.96,1,MANUAL,true,I_prima
N,101001,NODE,,,,0.0,7.25,3.96,1,MANUAL,false,E
N,101101,NODE,,,,10.0,7.25,3.96,1,MANUAL,false,F
N,101201,NODE,,,,20.0,7.25,3.96,1,MANUAL,false,G
N,101301,NODE,,,,30.0,7.25,3.96,1,MANUAL,true,H
N,101401,NODE,,,,40.0,7.25,3.96,1,MANUAL,true,I
N,101451,NODE,,,,45.0,7.25,3.96,1,MANUAL,true,I_prima
N,102001,NODE,,,,0.0,16.15,3.96,1,MANUAL,false,E
N,102101,NODE,,,,10.0,16.15,3.96,1,MANUAL,false,F
N,102201,NODE,,,,20.0,16.15,3.96,1,MANUAL,false,G
N,102301,NODE,,,,30.0,16.15,3.96,1,MANUAL,true,H
N,102401,NODE,,,,40.0,16.15,3.96,1,MANUAL,true,I
N,102451,NODE,,,,45.0,16.15,3.96,1,MANUAL,true,I_prima
N,701001,NODE,,,,-20.8,16.15,3.96,1,MANUAL,false,1B
N,701002,NODE,,,,-10.8,16.15,3.96,1,MANUAL,false,1C
N,701003,NODE,,,,-0.8,16.15,3.96,1,MANUAL,false,1D
N,701004,NODE,,,,-28.3,7.25,3.96,1,MANUAL,false,2A
N,701005,NODE,,,,-20.8,7.25,3.96,1,MANUAL,false,2B
N,701006,NODE,,,,-10.8,7.25,3.96,1,MANUAL,false,2C
N,701007,NODE,,,,-20.8,0.0,3.96,1,MANUAL,false,3B
N,701008,NODE,,,,-10.8,0.0,3.96,1,MANUAL,false,3C
N,200001,NODE,,,,0.0,0.0,7.92,2,MANUAL,false,E
N,200101,NODE,,,,10.0,0.0,7.92,2,MANUAL,false,F
N,200201,NODE,,,,20.0,0.0,7.92,2,MANUAL,false,G
N,200301,NODE,,,,30.0,0.0,7.92,2,MANUAL,false,H
N,200401,NODE,,,,40.0,0.0,7.92,2,MANUAL,false,I
N,200451,NODE,,,,45.0,0.0,7.92,2,MANUAL,false,I_prima
N,201001,NODE,,,,0.0,7.25,7.92,2,MANUAL,false,E
N,201101,NODE,,,,10.0,7.25,7.92,2,MANUAL,false,F
N,201201,NODE,,,,20.0,7.25,7.92,2,MANUAL,false,G
N,201301,NODE,,,,30.0,7.25,7.92,2,MANUAL,false,H
N,201401,NODE,,,,40.0,7.25,7.92,2,MANUAL,false,I
N,201451,NODE,,,,45.0,7.25,7.92,2,MANUAL,false,I_prima
N,202001,NODE,,,,0.0,16.15,7.92,2,MANUAL,false,E
N,202101,NODE,,,,10.0,16.15,7.92,2,MANUAL,false,F
N,202201,NODE,,,,20.0,16.15,7.92,2,MANUAL,false,G
N,202301,NODE,,,,30.0,16.15,7.92,2,MANUAL,false,H
N,202401,NODE,,,,40.0,16.15,7.92,2,MANUAL,false,I
N,202451,NODE,,,,45.0,16.15,7.92,2,MANUAL,false,I_prima
N,702001,NODE,,,,-20.8,16.15,7.92,2,MANUAL,false,1B
N,702002,NODE,,,,-10.8,16.15,7.92,2,MANUAL,false,1C
N,702003,NODE,,,,-0.8,16.15,7.92,2,MANUAL,false,1D
N,702004,NODE,,,,-28.3,7.25,7.92,2,MANUAL,false,2A
N,702005,NODE,,,,-20.8,7.25,7.92,2,MANUAL,false,2B
N,702006,NODE,,,,-10.8,7.25,7.92,2,MANUAL,false,2C
N,702007,NODE,,,,-20.8,0.0,7.92,2,MANUAL,false,3B
N,702008,NODE,,,,-10.8,0.0,7.92,2,MANUAL,false,3C
N,300001,NODE,,,,0.0,0.0,11.88,3,MANUAL,false,E
N,300101,NODE,,,,10.0,0.0,11.88,3,MANUAL,false,F
N,300201,NODE,,,,20.0,0.0,11.88,3,MANUAL,false,G
N,300301,NODE,,,,30.0,0.0,11.88,3,MANUAL,false,H
N,300401,NODE,,,,40.0,0.0,11.88,3,MANUAL,false,I
N,300451,NODE,,,,45.0,0.0,11.88,3,MANUAL,false,I_prima
N,301001,NODE,,,,0.0,7.25,11.88,3,MANUAL,false,E
N,301101,NODE,,,,10.0,7.25,11.88,3,MANUAL,false,F
N,301201,NODE,,,,20.0,7.25,11.88,3,MANUAL,false,G
N,301301,NODE,,,,30.0,7.25,11.88,3,MANUAL,false,H
N,301401,NODE,,,,40.0,7.25,11.88,3,MANUAL,false,I
N,301451,NODE,,,,45.0,7.25,11.88,3,MANUAL,false,I_prima
N,302001,NODE,,,,0.0,16.15,11.88,3,MANUAL,false,E
N,302101,NODE,,,,10.0,16.15,11.88,3,MANUAL,false,F
N,302201,NODE,,,,20.0,16.15,11.88,3,MANUAL,false,G
N,302301,NODE,,,,30.0,16.15,11.88,3,MANUAL,false,H
N,302401,NODE,,,,40.0,16.15,11.88,3,MANUAL,false,I
N,302451,NODE,,,,45.0,16.15,11.88,3,MANUAL,false,I_prima
N,703001,NODE,,,,-20.8,16.15,11.88,3,MANUAL,false,1B
N,703002,NODE,,,,-10.8,16.15,11.88,3,MANUAL,false,1C
N,703003,NODE,,,,-0.8,16.15,11.88,3,MANUAL,false,1D
N,703004,NODE,,,,-28.3,7.25,11.88,3,MANUAL,false,2A
N,703005,NODE,,,,-20.8,7.25,11.88,3,MANUAL,false,2B
N,703006,NODE,,,,-10.8,7.25,11.88,3,MANUAL,false,2C
N,703007,NODE,,,,-20.8,0.0,11.88,3,MANUAL,false,3B
N,703008,NODE,,,,-10.8,0.0,11.88,3,MANUAL,false,3C
N,400001,NODE,,,,0.0,0.0,15.84,4,MANUAL,false,E
N,400101,NODE,,,,10.0,0.0,15.84,4,MANUAL,false,F
N,400201,NODE,,,,20.0,0.0,15.84,4,MANUAL,false,G
N,400301,NODE,,,,30.0,0.0,15.84,4,MANUAL,false,H
N,400401,NODE,,,,40.0,0.0,15.84,4,MANUAL,false,I
N,400451,NODE,,,,45.0,0.0,15.84,4,MANUAL,false,I_prima
N,400501,NODE,,,,50.0,0.0,15.84,4,MANUAL,false,J
N,401001,NODE,,,,0.0,7.25,15.84,4,MANUAL,false,E
N,401101,NODE,,,,10.0,7.25,15.84,4,MANUAL,false,F
N,401201,NODE,,,,20.0,7.25,15.84,4,MANUAL,false,G
N,401301,NODE,,,,30.0,7.25,15.84,4,MANUAL,false,H
N,401401,NODE,,,,40.0,7.25,15.84,4,MANUAL,false,I
N,401451,NODE,,,,45.0,7.25,15.84,4,MANUAL,false,I_prima
N,401501,NODE,,,,50.0,7.25,15.84,4,MANUAL,false,J
N,402001,NODE,,,,0.0,16.15,15.84,4,MANUAL,false,E
N,402101,NODE,,,,10.0,16.15,15.84,4,MANUAL,false,F
N,402201,NODE,,,,20.0,16.15,15.84,4,MANUAL,false,G
N,402301,NODE,,,,30.0,16.15,15.84,4,MANUAL,false,H
N,402401,NODE,,,,40.0,16.15,15.84,4,MANUAL,false,I
N,402451,NODE,,,,45.0,16.15,15.84,4,MANUAL,false,I_prima
N,402501,NODE,,,,50.0,16.15,15.84,4,MANUAL,false,J
N,704001,NODE,,,,-20.8,16.15,15.84,4,MANUAL,false,1B
N,704002,NODE,,,,-10.8,16.15,15.84,4,MANUAL,false,1C
N,704003,NODE,,,,-0.8,16.15,15.84,4,MANUAL,false,1D
N,704004,NODE,,,,-28.3,7.25,15.84,4,MANUAL,false,2A
N,704005,NODE,,,,-20.8,7.25,15.84,4,MANUAL,false,2B
N,704006,NODE,,,,-10.8,7.25,15.84,4,MANUAL,false,2C
N,704007,NODE,,,,-20.8,0.0,15.84,4,MANUAL,false,3B
N,704008,NODE,,,,-10.8,0.0,15.84,4,MANUAL,false,3C
N,500001,NODE,,,,0.0,0.0,19.8,5,MANUAL,false,E
N,500101,NODE,,,,10.0,0.0,19.8,5,MANUAL,false,F
N,500201,NODE,,,,20.0,0.0,19.8,5,MANUAL,false,G
N,500301,NODE,,,,30.0,0.0,19.8,5,MANUAL,false,H
N,500401,NODE,,,,40.0,0.0,19.8,5,MANUAL,false,I
N,500451,NODE,,,,45.0,0.0,19.8,5,MANUAL,false,I_prima
N,500501,NODE,,,,50.0,0.0,19.8,5,MANUAL,false,J
N,501001,NODE,,,,0.0,7.25,19.8,5,MANUAL,false,E
N,501101,NODE,,,,10.0,7.25,19.8,5,MANUAL,false,F
N,501201,NODE,,,,20.0,7.25,19.8,5,MANUAL,false,G
N,501301,NODE,,,,30.0,7.25,19.8,5,MANUAL,false,H
N,501401,NODE,,,,40.0,7.25,19.8,5,MANUAL,false,I
N,501451,NODE,,,,45.0,7.25,19.8,5,MANUAL,false,I_prima
N,501501,NODE,,,,50.0,7.25,19.8,5,MANUAL,false,J
N,502001,NODE,,,,0.0,16.15,19.8,5,MANUAL,false,E
N,502101,NODE,,,,10.0,16.15,19.8,5,MANUAL,false,F
N,502201,NODE,,,,20.0,16.15,19.8,5,MANUAL,false,G
N,502301,NODE,,,,30.0,16.15,19.8,5,MANUAL,false,H
N,502401,NODE,,,,40.0,16.15,19.8,5,MANUAL,false,I
N,502451,NODE,,,,45.0,16.15,19.8,5,MANUAL,false,I_prima
N,502501,NODE,,,,50.0,16.15,19.8,5,MANUAL,false,J
N,705001,NODE,,,,-20.8,16.15,19.8,5,MANUAL,false,1B
N,705002,NODE,,,,-10.8,16.15,19.8,5,MANUAL,false,1C
N,705003,NODE,,,,-0.8,16.15,19.8,5,MANUAL,false,1D
N,705004,NODE,,,,-28.3,7.25,19.8,5,MANUAL,false,2A
N,705005,NODE,,,,-20.8,7.25,19.8,5,MANUAL,false,2B
N,705006,NODE,,,,-10.8,7.25,19.8,5,MANUAL,false,2C
N,705007,NODE,,,,-20.8,0.0,19.8,5,MANUAL,false,3B
N,705008,NODE,,,,-10.8,0.0,19.8,5,MANUAL,false,3C
N,600001,NODE,,,,-32.05,-1.09,0.0,0,MANUAL_WALL_NODE,true,W1
N,600002,NODE,,,,-32.05,-0.5070000000000001,3.96,1,MANUAL_WALL_NODE,false,W1
N,600003,NODE,,,,-32.05,0.07599999999999985,7.92,2,MANUAL_WALL_NODE,false,W1
N,600004,NODE,,,,-32.05,0.6589999999999998,11.88,3,MANUAL_WALL_NODE,false,W1
N,600005,NODE,,,,-32.05,1.2419999999999998,15.84,4,MANUAL_WALL_NODE,false,W1
N,600006,NODE,,,,-32.05,1.825,19.8,5,MANUAL_WALL_NODE,false,W1
N,601001,NODE,,,,-32.05,0.0,0.0,0,MANUAL_WALL_NODE,true,W2
N,601002,NODE,,,,-31.679999999999996,0.0,3.96,1,MANUAL_WALL_NODE,false,W2
N,601003,NODE,,,,-31.31,0.0,7.92,2,MANUAL_WALL_NODE,false,W2
N,601004,NODE,,,,-30.939999999999998,0.0,11.88,3,MANUAL_WALL_NODE,false,W2
N,601005,NODE,,,,-30.57,0.0,15.84,4,MANUAL_WALL_NODE,false,W2
N,601006,NODE,,,,-30.2,0.0,19.8,5,MANUAL_WALL_NODE,false,W2
N,602001,NODE,,,,-32.05,14.325,0.0,0,MANUAL_WALL_NODE,true,W3
N,602002,NODE,,,,-32.05,14.908999999999999,3.96,1,MANUAL_WALL_NODE,false,W3
N,602003,NODE,,,,-32.05,15.493,7.92,2,MANUAL_WALL_NODE,false,W3
N,602004,NODE,,,,-32.05,16.077,11.88,3,MANUAL_WALL_NODE,false,W3
N,602005,NODE,,,,-32.05,16.661,15.84,4,MANUAL_WALL_NODE,false,W3
N,602006,NODE,,,,-32.05,17.245,19.8,5,MANUAL_WALL_NODE,false,W3
N,603001,NODE,,,,-32.05,16.15,0.0,0,MANUAL_WALL_NODE,true,W4
N,603002,NODE,,,,-31.679999999999996,16.15,3.96,1,MANUAL_WALL_NODE,false,W4
N,603003,NODE,,,,-31.31,16.15,7.92,2,MANUAL_WALL_NODE,false,W4
N,603004,NODE,,,,-30.939999999999998,16.15,11.88,3,MANUAL_WALL_NODE,false,W4
N,603005,NODE,,,,-30.57,16.15,15.84,4,MANUAL_WALL_NODE,false,W4
N,603006,NODE,,,,-30.2,16.15,19.8,5,MANUAL_WALL_NODE,false,W4
N,604001,NODE,,,,-0.575,-0.35,0.0,0,MANUAL_WALL_NODE,true,W5
N,604002,NODE,,,,-0.575,1.2399999999999998,3.96,1,MANUAL_WALL_NODE,false,W5
N,604003,NODE,,,,-0.575,2.829999999999999,7.92,2,MANUAL_WALL_NODE,false,W5
N,604004,NODE,,,,-0.575,4.42,11.88,3,MANUAL_WALL_NODE,false,W5
N,604005,NODE,,,,-0.575,6.009999999999999,15.84,4,MANUAL_WALL_NODE,false,W5
N,604006,NODE,,,,-0.575,7.6,19.8,5,MANUAL_WALL_NODE,false,W5
N,605001,NODE,,,,-0.575,9.65,0.0,0,MANUAL_WALL_NODE,true,W6
N,605002,NODE,,,,-0.575,11.275,3.96,1,MANUAL_WALL_NODE,false,W6
N,605003,NODE,,,,-0.575,12.899999999999999,7.92,2,MANUAL_WALL_NODE,false,W6
N,605004,NODE,,,,-0.575,14.524999999999999,11.88,3,MANUAL_WALL_NODE,false,W6
N,605005,NODE,,,,-0.575,16.15,15.84,4,MANUAL_WALL_NODE,false,W6
N,606005,NODE,,,,-0.575,6.545,15.84,4,MANUAL_WALL_NODE,false,W7
N,606006,NODE,,,,-0.575,13.045,19.8,5,MANUAL_WALL_NODE,false,W7
N,607001,NODE,,,,-0.575,13.045,0.0,0,MANUAL_WALL_NODE,true,W8
N,607002,NODE,,,,-1.104,13.045,3.96,1,MANUAL_WALL_NODE,false,W8
N,607003,NODE,,,,-1.633,13.045,7.92,2,MANUAL_WALL_NODE,false,W8
N,607004,NODE,,,,-2.162,13.045,11.88,3,MANUAL_WALL_NODE,false,W8
N,607005,NODE,,,,-2.691,13.045,15.84,4,MANUAL_WALL_NODE,false,W8
N,607006,NODE,,,,-3.2200000000000006,13.045,19.8,5,MANUAL_WALL_NODE,false,W8
N,608001,NODE,,,,-3.22,10.1,0.0,0,MANUAL_WALL_NODE,true,W9
N,608002,NODE,,,,-3.22,10.689,3.96,1,MANUAL_WALL_NODE,false,W9
N,608003,NODE,,,,-3.22,11.277999999999999,7.92,2,MANUAL_WALL_NODE,false,W9
N,608004,NODE,,,,-3.22,11.866999999999999,11.88,3,MANUAL_WALL_NODE,false,W9
N,608005,NODE,,,,-3.22,12.456,15.84,4,MANUAL_WALL_NODE,false,W9
N,608006,NODE,,,,-3.22,13.045,19.8,5,MANUAL_WALL_NODE,false,W9
N,609002,NODE,,,,-0.25,12.25,3.96,1,MANUAL_WALL_NODE,false,W10
N,609003,NODE,,,,1.4125,12.25,7.92,2,MANUAL_WALL_NODE,false,W10
N,609004,NODE,,,,3.075000000000001,12.25,11.88,3,MANUAL_WALL_NODE,false,W10
N,609005,NODE,,,,4.7375,12.25,15.84,4,MANUAL_WALL_NODE,false,W10
N,609006,NODE,,,,6.4,12.25,19.8,5,MANUAL_WALL_NODE,false,W10
N,610001,NODE,,,,3.6,10.0,0.0,0,MANUAL_WALL_NODE,true,W11
N,610002,NODE,,,,3.6,10.45,3.96,1,MANUAL_WALL_NODE,false,W11
N,610003,NODE,,,,3.6,10.9,7.92,2,MANUAL_WALL_NODE,false,W11
N,610004,NODE,,,,3.6,11.35,11.88,3,MANUAL_WALL_NODE,false,W11
N,610005,NODE,,,,3.6,11.8,15.84,4,MANUAL_WALL_NODE,false,W11
N,610006,NODE,,,,3.6,12.25,19.8,5,MANUAL_WALL_NODE,false,W11
N,611001,NODE,,,,6.4,10.0,0.0,0,MANUAL_WALL_NODE,true,W12
N,611002,NODE,,,,6.4,10.45,3.96,1,MANUAL_WALL_NODE,false,W12
N,611003,NODE,,,,6.4,10.9,7.92,2,MANUAL_WALL_NODE,false,W12
N,611004,NODE,,,,6.4,11.35,11.88,3,MANUAL_WALL_NODE,false,W12
N,611005,NODE,,,,6.4,11.8,15.84,4,MANUAL_WALL_NODE,false,W12
N,611006,NODE,,,,6.4,12.25,19.8,5,MANUAL_WALL_NODE,false,W12
N,612001,NODE,,,,-0.25,0.0,0.0,0,MANUAL_WALL_NODE,true,W13
N,612002,NODE,,,,-0.25,1.45,3.96,1,MANUAL_WALL_NODE,false,W13
N,612003,NODE,,,,-0.25,2.9,7.92,2,MANUAL_WALL_NODE,false,W13
N,612004,NODE,,,,-0.25,4.35,11.88,3,MANUAL_WALL_NODE,false,W13
N,612005,NODE,,,,-0.25,5.8,15.84,4,MANUAL_WALL_NODE,false,W13
N,612006,NODE,,,,-0.25,7.25,19.8,5,MANUAL_WALL_NODE,false,W13
N,613001,NODE,,,,3.3,2.305,0.0,0,MANUAL_WALL_NODE,true,W14
N,613002,NODE,,,,3.98,2.305,3.96,1,MANUAL_WALL_NODE,false,W14
N,613003,NODE,,,,4.66,2.305,7.92,2,MANUAL_WALL_NODE,false,W14
N,613004,NODE,,,,5.34,2.305,11.88,3,MANUAL_WALL_NODE,false,W14
N,613005,NODE,,,,6.02,2.305,15.84,4,MANUAL_WALL_NODE,false,W14
N,613006,NODE,,,,6.7,2.305,19.8,5,MANUAL_WALL_NODE,false,W14
N,614001,NODE,,,,3.3,2.305,0.0,0,MANUAL_WALL_NODE,true,W15
N,614002,NODE,,,,3.3,2.621,3.96,1,MANUAL_WALL_NODE,false,W15
N,614003,NODE,,,,3.3,2.937,7.92,2,MANUAL_WALL_NODE,false,W15
N,614004,NODE,,,,3.3,3.253,11.88,3,MANUAL_WALL_NODE,false,W15
N,614005,NODE,,,,3.3,3.569,15.84,4,MANUAL_WALL_NODE,false,W15
N,614006,NODE,,,,3.3,3.885,19.8,5,MANUAL_WALL_NODE,false,W15
N,615001,NODE,,,,6.7,2.305,0.0,0,MANUAL_WALL_NODE,true,W16
N,615002,NODE,,,,6.7,2.621,3.96,1,MANUAL_WALL_NODE,false,W16
N,615003,NODE,,,,6.7,2.937,7.92,2,MANUAL_WALL_NODE,false,W16
N,615004,NODE,,,,6.7,3.253,11.88,3,MANUAL_WALL_NODE,false,W16
N,615005,NODE,,,,6.7,3.569,15.84,4,MANUAL_WALL_NODE,false,W16
N,615006,NODE,,,,6.7,3.885,19.8,5,MANUAL_WALL_NODE,false,W16
N,616001,NODE,,,,3.6,12.25,0.0,0,MANUAL_WALL_NODE,true,W17
N,616002,NODE,,,,6.4,12.25,3.96,1,MANUAL_WALL_NODE,false,W17
N,617001,NODE,,,,-0.25,16.4,0.0,0,MANUAL_WALL_NODE,true,W18
N,617002,NODE,,,,4.68,16.4,3.96,1,MANUAL_WALL_NODE,false,W18
N,618001,NODE,,,,6.48,16.4,0.0,0,MANUAL_WALL_NODE,true,W19
N,618002,NODE,,,,10.25,16.4,3.96,1,MANUAL_WALL_NODE,false,W19
N,619001,NODE,,,,10.25,-0.25,0.0,0,MANUAL_WALL_NODE,true,W20
N,619002,NODE,,,,10.25,16.4,3.96,1,MANUAL_WALL_NODE,false,W20
N,620001,NODE,,,,-0.25,-0.25,0.0,0,MANUAL_WALL_NODE,true,W21
N,620002,NODE,,,,10.25,-0.25,3.96,1,MANUAL_WALL_NODE,false,W21
N,621001,NODE,,,,-0.25,-0.25,0.0,0,MANUAL_WALL_NODE,true,W22
N,621002,NODE,,,,-0.25,16.4,3.96,1,MANUAL_WALL_NODE,false,W22
N,622002,NODE,,,,30.0,16.4,3.96,1,MANUAL_WALL_NODE,false,W23
N,622003,NODE,,,,45.0,16.4,7.92,2,MANUAL_WALL_NODE,false,W23
N,623002,NODE,,,,40.15,0.0,3.96,1,MANUAL_WALL_NODE,false,W24
N,623003,NODE,,,,40.15,16.4,7.92,2,MANUAL_WALL_NODE,false,W24
N,900000,NODE,,,,-32.05,0.0,3.96,1,MANUAL_BEAM_NODE,false,BEAM_MANUAL
N,900001,NODE,,,,-0.25,0.0,3.96,1,MANUAL_BEAM_NODE,false,BEAM_MANUAL
N,900002,NODE,,,,-0.25,7.25,3.96,1,MANUAL_BEAM_NODE,false,BEAM_MANUAL
N,900003,NODE,,,,-32.05,16.15,3.96,1,MANUAL_BEAM_NODE,false,BEAM_MANUAL
N,900004,NODE,,,,-0.25,16.15,3.96,1,MANUAL_BEAM_NODE,false,BEAM_MANUAL
N,900005,NODE,,,,-32.05,11.885,3.96,1,MANUAL_BEAM_NODE,false,BEAM_MANUAL
N,900006,NODE,,,,-24.55,11.885,3.96,1,MANUAL_BEAM_NODE,false,BEAM_MANUAL
N,900007,NODE,,,,-32.05,4.265,3.96,1,MANUAL_BEAM_NODE,false,BEAM_MANUAL
N,900008,NODE,,,,-24.55,4.265,3.96,1,MANUAL_BEAM_NODE,false,BEAM_MANUAL
N,900009,NODE,,,,-28.3,0.0,3.96,1,MANUAL_BEAM_NODE,false,BEAM_MANUAL
N,900010,NODE,,,,-28.3,16.15,3.96,1,MANUAL_BEAM_NODE,false,BEAM_MANUAL
N,900011,NODE,,,,-24.55,0.0,3.96,1,MANUAL_BEAM_NODE,false,BEAM_MANUAL
N,900012,NODE,,,,-24.55,16.15,3.96,1,MANUAL_BEAM_NODE,false,BEAM_MANUAL
N,900013,NODE,,,,-15.8,0.0,3.96,1,MANUAL_BEAM_NODE,false,BEAM_MANUAL
N,900014,NODE,,,,-15.8,16.15,3.96,1,MANUAL_BEAM_NODE,false,BEAM_MANUAL
N,900015,NODE,,,,-5.8,0.0,3.96,1,MANUAL_BEAM_NODE,false,BEAM_MANUAL
N,900016,NODE,,,,-5.8,16.15,3.96,1,MANUAL_BEAM_NODE,false,BEAM_MANUAL
N,900017,NODE,,,,10.0,-4.12,7.92,2,MANUAL_BEAM_NODE,false,BEAM_MANUAL
N,900018,NODE,,,,17.49,-4.12,7.92,2,MANUAL_BEAM_NODE,false,BEAM_MANUAL
N,900019,NODE,,,,15.0,0.0,7.92,2,MANUAL_BEAM_NODE,false,BEAM_MANUAL
N,900020,NODE,,,,15.0,16.15,7.92,2,MANUAL_BEAM_NODE,false,BEAM_MANUAL
N,900021,NODE,,,,25.0,0.0,7.92,2,MANUAL_BEAM_NODE,false,BEAM_MANUAL
N,900022,NODE,,,,25.0,16.15,7.92,2,MANUAL_BEAM_NODE,false,BEAM_MANUAL
N,900023,NODE,,,,17.49,7.25,7.92,2,MANUAL_BEAM_NODE,false,BEAM_MANUAL
N,900024,NODE,,,,17.49,0.0,7.92,2,MANUAL_BEAM_NODE,false,BEAM_MANUAL
N,900025,NODE,,,,35.0,0.0,7.92,2,MANUAL_BEAM_NODE,false,BEAM_MANUAL
N,900026,NODE,,,,35.0,16.15,7.92,2,MANUAL_BEAM_NODE,false,BEAM_MANUAL
N,900027,NODE,,,,20.0,-2.46,11.88,3,MANUAL_BEAM_NODE,false,BEAM_MANUAL
N,900028,NODE,,,,25.0,0.0,11.88,3,MANUAL_BEAM_NODE,false,BEAM_MANUAL
N,900029,NODE,,,,25.0,-2.46,11.88,3,MANUAL_BEAM_NODE,false,BEAM_MANUAL
N,900030,NODE,,,,30.0,-2.46,11.88,3,MANUAL_BEAM_NODE,false,BEAM_MANUAL
N,900031,NODE,,,,17.49,0.0,11.88,3,MANUAL_BEAM_NODE,false,BEAM_MANUAL
N,900032,NODE,,,,17.49,7.25,11.88,3,MANUAL_BEAM_NODE,false,BEAM_MANUAL
N,900033,NODE,,,,10.0,-2.46,15.84,4,MANUAL_BEAM_NODE,false,BEAM_MANUAL
N,900034,NODE,,,,12.2,0.0,15.84,4,MANUAL_BEAM_NODE,false,BEAM_MANUAL
N,900035,NODE,,,,12.2,-2.46,15.84,4,MANUAL_BEAM_NODE,false,BEAM_MANUAL
N,900036,NODE,,,,12.2,7.25,15.84,4,MANUAL_BEAM_NODE,false,BEAM_MANUAL
N,900037,NODE,,,,20.0,-4.12,15.84,4,MANUAL_BEAM_NODE,false,BEAM_MANUAL
N,900038,NODE,,,,30.0,-4.12,15.84,4,MANUAL_BEAM_NODE,false,BEAM_MANUAL
N,900039,NODE,,,,47.55,0.0,15.84,4,MANUAL_BEAM_NODE,false,BEAM_MANUAL
N,900040,NODE,,,,47.55,16.15,15.84,4,MANUAL_BEAM_NODE,false,BEAM_MANUAL
N,900041,NODE,,,,15.0,0.0,19.8,5,MANUAL_BEAM_NODE,false,BEAM_MANUAL
N,900042,NODE,,,,15.0,16.15,19.8,5,MANUAL_BEAM_NODE,false,BEAM_MANUAL
N,900043,NODE,,,,25.0,0.0,19.8,5,MANUAL_BEAM_NODE,false,BEAM_MANUAL
N,900044,NODE,,,,25.0,16.15,19.8,5,MANUAL_BEAM_NODE,false,BEAM_MANUAL
N,900045,NODE,,,,35.0,0.0,19.8,5,MANUAL_BEAM_NODE,false,BEAM_MANUAL
N,900046,NODE,,,,35.0,16.15,19.8,5,MANUAL_BEAM_NODE,false,BEAM_MANUAL
N,900047,NODE,,,,47.55,0.0,19.8,5,MANUAL_BEAM_NODE,false,BEAM_MANUAL
N,900048,NODE,,,,47.55,16.15,19.8,5,MANUAL_BEAM_NODE,false,BEAM_MANUAL
N,900049,NODE,,,,20.0,-4.12,19.8,5,MANUAL_BEAM_NODE,false,BEAM_MANUAL
N,900050,NODE,,,,30.0,-4.12,19.8,5,MANUAL_BEAM_NODE,false,BEAM_MANUAL
N,900051,NODE,,,,-32.05,0.0,7.92,2,MANUAL_BEAM_NODE,false,BEAM_MANUAL
N,900052,NODE,,,,-0.25,0.0,7.92,2,MANUAL_BEAM_NODE,false,BEAM_MANUAL
N,900053,NODE,,,,-0.25,7.25,7.92,2,MANUAL_BEAM_NODE,false,BEAM_MANUAL
N,900054,NODE,,,,-32.05,16.15,7.92,2,MANUAL_BEAM_NODE,false,BEAM_MANUAL
N,900055,NODE,,,,-0.25,16.15,7.92,2,MANUAL_BEAM_NODE,false,BEAM_MANUAL
N,900056,NODE,,,,-32.05,11.885,7.92,2,MANUAL_BEAM_NODE,false,BEAM_MANUAL
N,900057,NODE,,,,-24.55,11.885,7.92,2,MANUAL_BEAM_NODE,false,BEAM_MANUAL
N,900058,NODE,,,,-32.05,4.265,7.92,2,MANUAL_BEAM_NODE,false,BEAM_MANUAL
N,900059,NODE,,,,-24.55,4.265,7.92,2,MANUAL_BEAM_NODE,false,BEAM_MANUAL
N,900060,NODE,,,,-28.3,0.0,7.92,2,MANUAL_BEAM_NODE,false,BEAM_MANUAL
N,900061,NODE,,,,-28.3,16.15,7.92,2,MANUAL_BEAM_NODE,false,BEAM_MANUAL
N,900062,NODE,,,,-24.55,0.0,7.92,2,MANUAL_BEAM_NODE,false,BEAM_MANUAL
N,900063,NODE,,,,-24.55,16.15,7.92,2,MANUAL_BEAM_NODE,false,BEAM_MANUAL
N,900064,NODE,,,,-15.8,0.0,7.92,2,MANUAL_BEAM_NODE,false,BEAM_MANUAL
N,900065,NODE,,,,-15.8,16.15,7.92,2,MANUAL_BEAM_NODE,false,BEAM_MANUAL
N,900066,NODE,,,,-5.8,0.0,7.92,2,MANUAL_BEAM_NODE,false,BEAM_MANUAL
N,900067,NODE,,,,-5.8,16.15,7.92,2,MANUAL_BEAM_NODE,false,BEAM_MANUAL
N,900068,NODE,,,,-32.05,0.0,11.88,3,MANUAL_BEAM_NODE,false,BEAM_MANUAL
N,900069,NODE,,,,-0.25,0.0,11.88,3,MANUAL_BEAM_NODE,false,BEAM_MANUAL
N,900070,NODE,,,,-0.25,7.25,11.88,3,MANUAL_BEAM_NODE,false,BEAM_MANUAL
N,900071,NODE,,,,-32.05,16.15,11.88,3,MANUAL_BEAM_NODE,false,BEAM_MANUAL
N,900072,NODE,,,,-0.25,16.15,11.88,3,MANUAL_BEAM_NODE,false,BEAM_MANUAL
N,900073,NODE,,,,-32.05,11.885,11.88,3,MANUAL_BEAM_NODE,false,BEAM_MANUAL
N,900074,NODE,,,,-24.55,11.885,11.88,3,MANUAL_BEAM_NODE,false,BEAM_MANUAL
N,900075,NODE,,,,-32.05,4.265,11.88,3,MANUAL_BEAM_NODE,false,BEAM_MANUAL
N,900076,NODE,,,,-24.55,4.265,11.88,3,MANUAL_BEAM_NODE,false,BEAM_MANUAL
N,900077,NODE,,,,-28.3,0.0,11.88,3,MANUAL_BEAM_NODE,false,BEAM_MANUAL
N,900078,NODE,,,,-28.3,16.15,11.88,3,MANUAL_BEAM_NODE,false,BEAM_MANUAL
N,900079,NODE,,,,-24.55,0.0,11.88,3,MANUAL_BEAM_NODE,false,BEAM_MANUAL
N,900080,NODE,,,,-24.55,16.15,11.88,3,MANUAL_BEAM_NODE,false,BEAM_MANUAL
N,900081,NODE,,,,-15.8,0.0,11.88,3,MANUAL_BEAM_NODE,false,BEAM_MANUAL
N,900082,NODE,,,,-15.8,16.15,11.88,3,MANUAL_BEAM_NODE,false,BEAM_MANUAL
N,900083,NODE,,,,-5.8,0.0,11.88,3,MANUAL_BEAM_NODE,false,BEAM_MANUAL
N,900084,NODE,,,,-5.8,16.15,11.88,3,MANUAL_BEAM_NODE,false,BEAM_MANUAL
N,900085,NODE,,,,-32.05,0.0,15.84,4,MANUAL_BEAM_NODE,false,BEAM_MANUAL
N,900086,NODE,,,,-0.25,0.0,15.84,4,MANUAL_BEAM_NODE,false,BEAM_MANUAL
N,900087,NODE,,,,-0.25,7.25,15.84,4,MANUAL_BEAM_NODE,false,BEAM_MANUAL
N,900088,NODE,,,,-32.05,16.15,15.84,4,MANUAL_BEAM_NODE,false,BEAM_MANUAL
N,900089,NODE,,,,-0.25,16.15,15.84,4,MANUAL_BEAM_NODE,false,BEAM_MANUAL
N,900090,NODE,,,,-32.05,11.885,15.84,4,MANUAL_BEAM_NODE,false,BEAM_MANUAL
N,900091,NODE,,,,-24.55,11.885,15.84,4,MANUAL_BEAM_NODE,false,BEAM_MANUAL
N,900092,NODE,,,,-32.05,4.265,15.84,4,MANUAL_BEAM_NODE,false,BEAM_MANUAL
N,900093,NODE,,,,-24.55,4.265,15.84,4,MANUAL_BEAM_NODE,false,BEAM_MANUAL
N,900094,NODE,,,,-28.3,0.0,15.84,4,MANUAL_BEAM_NODE,false,BEAM_MANUAL
N,900095,NODE,,,,-28.3,16.15,15.84,4,MANUAL_BEAM_NODE,false,BEAM_MANUAL
N,900096,NODE,,,,-24.55,0.0,15.84,4,MANUAL_BEAM_NODE,false,BEAM_MANUAL
N,900097,NODE,,,,-24.55,16.15,15.84,4,MANUAL_BEAM_NODE,false,BEAM_MANUAL
N,900098,NODE,,,,-15.8,0.0,15.84,4,MANUAL_BEAM_NODE,false,BEAM_MANUAL
N,900099,NODE,,,,-15.8,16.15,15.84,4,MANUAL_BEAM_NODE,false,BEAM_MANUAL
N,900100,NODE,,,,-5.8,0.0,15.84,4,MANUAL_BEAM_NODE,false,BEAM_MANUAL
N,900101,NODE,,,,-5.8,16.15,15.84,4,MANUAL_BEAM_NODE,false,BEAM_MANUAL
N,900102,NODE,,,,-32.05,0.0,19.8,5,MANUAL_BEAM_NODE,false,BEAM_MANUAL
N,900103,NODE,,,,-0.25,0.0,19.8,5,MANUAL_BEAM_NODE,false,BEAM_MANUAL
N,900104,NODE,,,,-32.05,16.15,19.8,5,MANUAL_BEAM_NODE,false,BEAM_MANUAL
N,900105,NODE,,,,-0.25,16.15,19.8,5,MANUAL_BEAM_NODE,false,BEAM_MANUAL
N,900106,NODE,,,,-32.05,11.885,19.8,5,MANUAL_BEAM_NODE,false,BEAM_MANUAL
N,900107,NODE,,,,-24.55,11.885,19.8,5,MANUAL_BEAM_NODE,false,BEAM_MANUAL
N,900108,NODE,,,,-32.05,4.265,19.8,5,MANUAL_BEAM_NODE,false,BEAM_MANUAL
N,900109,NODE,,,,-24.55,4.265,19.8,5,MANUAL_BEAM_NODE,false,BEAM_MANUAL
N,900110,NODE,,,,-28.3,0.0,19.8,5,MANUAL_BEAM_NODE,false,BEAM_MANUAL
N,900111,NODE,,,,-28.3,16.15,19.8,5,MANUAL_BEAM_NODE,false,BEAM_MANUAL
N,900112,NODE,,,,-24.55,0.0,19.8,5,MANUAL_BEAM_NODE,false,BEAM_MANUAL
N,900113,NODE,,,,-24.55,16.15,19.8,5,MANUAL_BEAM_NODE,false,BEAM_MANUAL
N,900114,NODE,,,,-15.8,0.0,19.8,5,MANUAL_BEAM_NODE,false,BEAM_MANUAL
N,900115,NODE,,,,-15.8,16.15,19.8,5,MANUAL_BEAM_NODE,false,BEAM_MANUAL
N,900116,NODE,,,,-5.8,0.0,19.8,5,MANUAL_BEAM_NODE,false,BEAM_MANUAL
N,900117,NODE,,,,-5.8,16.15,19.8,5,MANUAL_BEAM_NODE,false,BEAM_MANUAL
N,900118,NODE,,,,10.0,-4.12,11.88,3,MANUAL_BEAM_NODE,false,BEAM_MANUAL
N,900119,NODE,,,,17.49,-4.12,11.88,3,MANUAL_BEAM_NODE,false,BEAM_MANUAL
N,900120,NODE,,,,15.0,0.0,11.88,3,MANUAL_BEAM_NODE,false,BEAM_MANUAL
N,900121,NODE,,,,15.0,16.15,11.88,3,MANUAL_BEAM_NODE,false,BEAM_MANUAL
N,900122,NODE,,,,25.0,16.15,11.88,3,MANUAL_BEAM_NODE,false,BEAM_MANUAL
N,900123,NODE,,,,35.0,0.0,11.88,3,MANUAL_BEAM_NODE,false,BEAM_MANUAL
N,900124,NODE,,,,35.0,16.15,11.88,3,MANUAL_BEAM_NODE,false,BEAM_MANUAL
N,900125,NODE,,,,15.0,0.0,15.84,4,MANUAL_BEAM_NODE,false,BEAM_MANUAL
N,900126,NODE,,,,15.0,16.15,15.84,4,MANUAL_BEAM_NODE,false,BEAM_MANUAL
N,900127,NODE,,,,25.0,0.0,15.84,4,MANUAL_BEAM_NODE,false,BEAM_MANUAL
N,900128,NODE,,,,25.0,16.15,15.84,4,MANUAL_BEAM_NODE,false,BEAM_MANUAL
N,900129,NODE,,,,17.49,0.0,15.84,4,MANUAL_BEAM_NODE,false,BEAM_MANUAL
N,900130,NODE,,,,17.49,7.25,15.84,4,MANUAL_BEAM_NODE,false,BEAM_MANUAL
N,900131,NODE,,,,35.0,0.0,15.84,4,MANUAL_BEAM_NODE,false,BEAM_MANUAL
N,900132,NODE,,,,35.0,16.15,15.84,4,MANUAL_BEAM_NODE,false,BEAM_MANUAL
N,900133,NODE,,,,-24.55,7.25,3.96,1,MANUAL_BEAM_NODE,false,BEAM_MANUAL
N,900134,NODE,,,,-15.8,7.25,3.96,1,MANUAL_BEAM_NODE,false,BEAM_MANUAL
N,900135,NODE,,,,-5.8,7.25,3.96,1,MANUAL_BEAM_NODE,false,BEAM_MANUAL
N,900136,NODE,,,,-28.3,11.885,3.96,1,MANUAL_BEAM_NODE,false,BEAM_MANUAL
N,900137,NODE,,,,-28.3,4.265,3.96,1,MANUAL_BEAM_NODE,false,BEAM_MANUAL
N,900138,NODE,,,,15.0,7.25,7.92,2,MANUAL_BEAM_NODE,false,BEAM_MANUAL
N,900139,NODE,,,,25.0,7.25,7.92,2,MANUAL_BEAM_NODE,false,BEAM_MANUAL
N,900140,NODE,,,,35.0,7.25,7.92,2,MANUAL_BEAM_NODE,false,BEAM_MANUAL
N,900141,NODE,,,,47.55,7.25,15.84,4,MANUAL_BEAM_NODE,false,BEAM_MANUAL
N,900142,NODE,,,,15.0,7.25,19.8,5,MANUAL_BEAM_NODE,false,BEAM_MANUAL
N,900143,NODE,,,,25.0,7.25,19.8,5,MANUAL_BEAM_NODE,false,BEAM_MANUAL
N,900144,NODE,,,,35.0,7.25,19.8,5,MANUAL_BEAM_NODE,false,BEAM_MANUAL
N,900145,NODE,,,,47.55,7.25,19.8,5,MANUAL_BEAM_NODE,false,BEAM_MANUAL
N,900146,NODE,,,,-24.55,7.25,7.92,2,MANUAL_BEAM_NODE,false,BEAM_MANUAL
N,900147,NODE,,,,-15.8,7.25,7.92,2,MANUAL_BEAM_NODE,false,BEAM_MANUAL
N,900148,NODE,,,,-5.8,7.25,7.92,2,MANUAL_BEAM_NODE,false,BEAM_MANUAL
N,900149,NODE,,,,-28.3,11.885,7.92,2,MANUAL_BEAM_NODE,false,BEAM_MANUAL
N,900150,NODE,,,,-28.3,4.265,7.92,2,MANUAL_BEAM_NODE,false,BEAM_MANUAL
N,900151,NODE,,,,-24.55,7.25,11.88,3,MANUAL_BEAM_NODE,false,BEAM_MANUAL
N,900152,NODE,,,,-15.8,7.25,11.88,3,MANUAL_BEAM_NODE,false,BEAM_MANUAL
N,900153,NODE,,,,-5.8,7.25,11.88,3,MANUAL_BEAM_NODE,false,BEAM_MANUAL
N,900154,NODE,,,,-28.3,11.885,11.88,3,MANUAL_BEAM_NODE,false,BEAM_MANUAL
N,900155,NODE,,,,-28.3,4.265,11.88,3,MANUAL_BEAM_NODE,false,BEAM_MANUAL
N,900156,NODE,,,,-24.55,7.25,15.84,4,MANUAL_BEAM_NODE,false,BEAM_MANUAL
N,900157,NODE,,,,-15.8,7.25,15.84,4,MANUAL_BEAM_NODE,false,BEAM_MANUAL
N,900158,NODE,,,,-5.8,7.25,15.84,4,MANUAL_BEAM_NODE,false,BEAM_MANUAL
N,900159,NODE,,,,-28.3,11.885,15.84,4,MANUAL_BEAM_NODE,false,BEAM_MANUAL
N,900160,NODE,,,,-28.3,4.265,15.84,4,MANUAL_BEAM_NODE,false,BEAM_MANUAL
N,900161,NODE,,,,-24.55,7.25,19.8,5,MANUAL_BEAM_NODE,false,BEAM_MANUAL
N,900162,NODE,,,,-15.8,7.25,19.8,5,MANUAL_BEAM_NODE,false,BEAM_MANUAL
N,900163,NODE,,,,-5.8,7.25,19.8,5,MANUAL_BEAM_NODE,false,BEAM_MANUAL
N,900164,NODE,,,,-28.3,11.885,19.8,5,MANUAL_BEAM_NODE,false,BEAM_MANUAL
N,900165,NODE,,,,-28.3,4.265,19.8,5,MANUAL_BEAM_NODE,false,BEAM_MANUAL
N,900166,NODE,,,,15.0,7.25,11.88,3,MANUAL_BEAM_NODE,false,BEAM_MANUAL
N,900167,NODE,,,,25.0,7.25,11.88,3,MANUAL_BEAM_NODE,false,BEAM_MANUAL
N,900168,NODE,,,,35.0,7.25,11.88,3,MANUAL_BEAM_NODE,false,BEAM_MANUAL
N,900169,NODE,,,,15.0,7.25,15.84,4,MANUAL_BEAM_NODE,false,BEAM_MANUAL
N,900170,NODE,,,,25.0,7.25,15.84,4,MANUAL_BEAM_NODE,false,BEAM_MANUAL
N,900171,NODE,,,,35.0,7.25,15.84,4,MANUAL_BEAM_NODE,false,BEAM_MANUAL
N,800000,NODE,,,,-32.45,16.15,3.96,1,MANUAL_SLAB_NODE,false,SLAB
N,800001,NODE,,,,-0.45,16.15,3.96,1,MANUAL_SLAB_NODE,false,SLAB
N,800002,NODE,,,,-0.45,17.3,3.96,1,MANUAL_SLAB_NODE,false,SLAB
N,800003,NODE,,,,-32.45,17.3,3.96,1,MANUAL_SLAB_NODE,false,SLAB
N,800004,NODE,,,,-32.45,16.15,7.92,2,MANUAL_SLAB_NODE,false,SLAB
N,800005,NODE,,,,-0.45,16.15,7.92,2,MANUAL_SLAB_NODE,false,SLAB
N,800006,NODE,,,,-0.45,17.3,7.92,2,MANUAL_SLAB_NODE,false,SLAB
N,800007,NODE,,,,-32.45,17.3,7.92,2,MANUAL_SLAB_NODE,false,SLAB
N,800008,NODE,,,,-32.45,16.15,11.88,3,MANUAL_SLAB_NODE,false,SLAB
N,800009,NODE,,,,-0.45,16.15,11.88,3,MANUAL_SLAB_NODE,false,SLAB
N,800010,NODE,,,,-0.45,17.3,11.88,3,MANUAL_SLAB_NODE,false,SLAB
N,800011,NODE,,,,-32.45,17.3,11.88,3,MANUAL_SLAB_NODE,false,SLAB
N,800012,NODE,,,,-32.45,16.15,15.84,4,MANUAL_SLAB_NODE,false,SLAB
N,800013,NODE,,,,-0.45,16.15,15.84,4,MANUAL_SLAB_NODE,false,SLAB
N,800014,NODE,,,,-0.45,17.3,15.84,4,MANUAL_SLAB_NODE,false,SLAB
N,800015,NODE,,,,-32.45,17.3,15.84,4,MANUAL_SLAB_NODE,false,SLAB
N,800016,NODE,,,,-32.45,16.15,19.8,5,MANUAL_SLAB_NODE,false,SLAB
N,800017,NODE,,,,-0.45,16.15,19.8,5,MANUAL_SLAB_NODE,false,SLAB
N,800018,NODE,,,,-0.45,17.3,19.8,5,MANUAL_SLAB_NODE,false,SLAB
N,800019,NODE,,,,-32.45,17.3,19.8,5,MANUAL_SLAB_NODE,false,SLAB
N,800020,NODE,,,,45.5,16.15,7.92,2,MANUAL_SLAB_NODE,false,SLAB
N,800021,NODE,,,,45.5,17.3,7.92,2,MANUAL_SLAB_NODE,false,SLAB
N,800022,NODE,,,,-0.25,17.3,7.92,2,MANUAL_SLAB_NODE,false,SLAB
N,800023,NODE,,,,45.5,16.15,11.88,3,MANUAL_SLAB_NODE,false,SLAB
N,800024,NODE,,,,45.5,17.3,11.88,3,MANUAL_SLAB_NODE,false,SLAB
N,800025,NODE,,,,-0.25,17.3,11.88,3,MANUAL_SLAB_NODE,false,SLAB
N,800026,NODE,,,,51.15,16.15,15.84,4,MANUAL_SLAB_NODE,false,SLAB
N,800027,NODE,,,,51.15,17.3,15.84,4,MANUAL_SLAB_NODE,false,SLAB
N,800028,NODE,,,,-0.25,17.3,15.84,4,MANUAL_SLAB_NODE,false,SLAB
N,800029,NODE,,,,51.15,16.15,19.8,5,MANUAL_SLAB_NODE,false,SLAB
N,800030,NODE,,,,51.15,17.3,19.8,5,MANUAL_SLAB_NODE,false,SLAB
N,800031,NODE,,,,-0.25,17.3,19.8,5,MANUAL_SLAB_NODE,false,SLAB
N,800032,NODE,,,,-32.45,-1.09,3.96,1,MISSING_LOAD_PANEL_NODE,false,SLAB
N,800033,NODE,,,,-32.05,-1.09,3.96,1,MISSING_LOAD_PANEL_NODE,false,SLAB
N,800034,NODE,,,,-32.05,-0.25,3.96,1,MISSING_LOAD_PANEL_NODE,false,SLAB
N,800035,NODE,,,,-32.45,-0.25,3.96,1,MISSING_LOAD_PANEL_NODE,false,SLAB
N,800036,NODE,,,,-32.45,0.0,3.96,1,MISSING_LOAD_PANEL_NODE,false,SLAB
N,800037,NODE,,,,-32.05,2.405,3.96,1,MISSING_LOAD_PANEL_NODE,false,SLAB
N,800038,NODE,,,,-32.45,2.405,3.96,1,MISSING_LOAD_PANEL_NODE,false,SLAB
N,800039,NODE,,,,-32.45,4.265,3.96,1,MISSING_LOAD_PANEL_NODE,false,SLAB
N,800040,NODE,,,,-32.05,4.415,3.96,1,MISSING_LOAD_PANEL_NODE,false,SLAB
N,800041,NODE,,,,-32.45,4.415,3.96,1,MISSING_LOAD_PANEL_NODE,false,SLAB
N,800042,NODE,,,,-32.05,6.95,3.96,1,MISSING_LOAD_PANEL_NODE,false,SLAB
N,800043,NODE,,,,-32.45,6.95,3.96,1,MISSING_LOAD_PANEL_NODE,false,SLAB
N,800044,NODE,,,,-32.05,7.25,3.96,1,MISSING_LOAD_PANEL_NODE,false,SLAB
N,800045,NODE,,,,-32.45,7.25,3.96,1,MISSING_LOAD_PANEL_NODE,false,SLAB
N,800046,NODE,,,,-32.05,7.55,3.96,1,MISSING_LOAD_PANEL_NODE,false,SLAB
N,800047,NODE,,,,-32.45,7.55,3.96,1,MISSING_LOAD_PANEL_NODE,false,SLAB
N,800048,NODE,,,,-32.05,10.15,3.96,1,MISSING_LOAD_PANEL_NODE,false,SLAB
N,800049,NODE,,,,-32.45,10.15,3.96,1,MISSING_LOAD_PANEL_NODE,false,SLAB
N,800050,NODE,,,,-32.05,11.865,3.96,1,MISSING_LOAD_PANEL_NODE,false,SLAB
N,800051,NODE,,,,-32.45,11.865,3.96,1,MISSING_LOAD_PANEL_NODE,false,SLAB
N,800052,NODE,,,,-32.45,11.885,3.96,1,MISSING_LOAD_PANEL_NODE,false,SLAB
N,800053,NODE,,,,-32.05,12.15,3.96,1,MISSING_LOAD_PANEL_NODE,false,SLAB
N,800054,NODE,,,,-32.45,12.15,3.96,1,MISSING_LOAD_PANEL_NODE,false,SLAB
N,800055,NODE,,,,-32.05,12.82,3.96,1,MISSING_LOAD_PANEL_NODE,false,SLAB
N,800056,NODE,,,,-32.45,12.82,3.96,1,MISSING_LOAD_PANEL_NODE,false,SLAB
N,800057,NODE,,,,-32.05,15.85,3.96,1,MISSING_LOAD_PANEL_NODE,false,SLAB
N,800058,NODE,,,,-32.45,15.85,3.96,1,MISSING_LOAD_PANEL_NODE,false,SLAB
N,800059,NODE,,,,-31.6501,-1.09,3.96,1,MISSING_LOAD_PANEL_NODE,false,SLAB
N,800060,NODE,,,,-31.6501,-0.25,3.96,1,MISSING_LOAD_PANEL_NODE,false,SLAB
N,800061,NODE,,,,-31.6501,0.0,3.96,1,MISSING_LOAD_PANEL_NODE,false,SLAB
N,800062,NODE,,,,-30.15,-0.25,3.96,1,MISSING_LOAD_PANEL_NODE,false,SLAB
N,800063,NODE,,,,-30.15,0.0,3.96,1,MISSING_LOAD_PANEL_NODE,false,SLAB
N,800064,NODE,,,,-28.3,-0.25,3.96,1,MISSING_LOAD_PANEL_NODE,false,SLAB
N,800065,NODE,,,,-28.0,-0.25,3.96,1,MISSING_LOAD_PANEL_NODE,false,SLAB
N,800066,NODE,,,,-28.0,0.0,3.96,1,MISSING_LOAD_PANEL_NODE,false,SLAB
N,800067,NODE,,,,-24.55,-0.25,3.96,1,MISSING_LOAD_PANEL_NODE,false,SLAB
N,800068,NODE,,,,-20.8,-0.25,3.96,1,MISSING_LOAD_PANEL_NODE,false,SLAB
N,800069,NODE,,,,-15.8,-0.25,3.96,1,MISSING_LOAD_PANEL_NODE,false,SLAB
N,800070,NODE,,,,-10.8,-0.25,3.96,1,MISSING_LOAD_PANEL_NODE,false,SLAB
N,800071,NODE,,,,-5.8,-0.25,3.96,1,MISSING_LOAD_PANEL_NODE,false,SLAB
N,800072,NODE,,,,-3.22,-0.25,3.96,1,MISSING_LOAD_PANEL_NODE,false,SLAB
N,800073,NODE,,,,-3.22,0.0,3.96,1,MISSING_LOAD_PANEL_NODE,false,SLAB
N,800074,NODE,,,,-0.8,-0.25,3.96,1,MISSING_LOAD_PANEL_NODE,false,SLAB
N,800075,NODE,,,,-0.8,0.0,3.96,1,MISSING_LOAD_PANEL_NODE,false,SLAB
N,800076,NODE,,,,-0.4717,-0.25,3.96,1,MISSING_LOAD_PANEL_NODE,false,SLAB
N,800077,NODE,,,,-0.4717,0.0,3.96,1,MISSING_LOAD_PANEL_NODE,false,SLAB
N,800078,NODE,,,,-0.45,-0.25,3.96,1,MISSING_LOAD_PANEL_NODE,false,SLAB
N,800079,NODE,,,,-0.45,0.0,3.96,1,MISSING_LOAD_PANEL_NODE,false,SLAB
N,800080,NODE,,,,-0.25,-0.25,3.96,1,MISSING_LOAD_PANEL_NODE,false,SLAB
N,800081,NODE,,,,0.0,-0.25,3.96,1,MISSING_LOAD_PANEL_NODE,false,SLAB
N,800082,NODE,,,,0.0,2.405,3.96,1,MISSING_LOAD_PANEL_NODE,false,SLAB
N,800083,NODE,,,,-0.25,2.405,3.96,1,MISSING_LOAD_PANEL_NODE,false,SLAB
N,800084,NODE,,,,0.0,4.265,3.96,1,MISSING_LOAD_PANEL_NODE,false,SLAB
N,800085,NODE,,,,-0.25,4.265,3.96,1,MISSING_LOAD_PANEL_NODE,false,SLAB
N,800086,NODE,,,,0.0,4.415,3.96,1,MISSING_LOAD_PANEL_NODE,false,SLAB
N,800087,NODE,,,,-0.25,4.415,3.96,1,MISSING_LOAD_PANEL_NODE,false,SLAB
N,800088,NODE,,,,0.0,6.95,3.96,1,MISSING_LOAD_PANEL_NODE,false,SLAB
N,800089,NODE,,,,-0.25,6.95,3.96,1,MISSING_LOAD_PANEL_NODE,false,SLAB
N,800090,NODE,,,,0.0,7.55,3.96,1,MISSING_LOAD_PANEL_NODE,false,SLAB
N,800091,NODE,,,,-0.25,7.55,3.96,1,MISSING_LOAD_PANEL_NODE,false,SLAB
N,800092,NODE,,,,0.0,10.15,3.96,1,MISSING_LOAD_PANEL_NODE,false,SLAB
N,800093,NODE,,,,-0.25,10.15,3.96,1,MISSING_LOAD_PANEL_NODE,false,SLAB
N,800094,NODE,,,,0.0,11.865,3.96,1,MISSING_LOAD_PANEL_NODE,false,SLAB
N,800095,NODE,,,,-0.25,11.865,3.96,1,MISSING_LOAD_PANEL_NODE,false,SLAB
N,800096,NODE,,,,0.0,11.885,3.96,1,MISSING_LOAD_PANEL_NODE,false,SLAB
N,800097,NODE,,,,-0.25,11.885,3.96,1,MISSING_LOAD_PANEL_NODE,false,SLAB
N,800098,NODE,,,,0.0,12.15,3.96,1,MISSING_LOAD_PANEL_NODE,false,SLAB
N,800099,NODE,,,,-0.25,12.15,3.96,1,MISSING_LOAD_PANEL_NODE,false,SLAB
N,800100,NODE,,,,0.0,12.82,3.96,1,MISSING_LOAD_PANEL_NODE,false,SLAB
N,800101,NODE,,,,-0.25,12.82,3.96,1,MISSING_LOAD_PANEL_NODE,false,SLAB
N,800102,NODE,,,,0.0,15.85,3.96,1,MISSING_LOAD_PANEL_NODE,false,SLAB
N,800103,NODE,,,,-0.25,15.85,3.96,1,MISSING_LOAD_PANEL_NODE,false,SLAB
N,800104,NODE,,,,0.0,16.5,3.96,1,MISSING_LOAD_PANEL_NODE,false,SLAB
N,800105,NODE,,,,-0.25,16.5,3.96,1,MISSING_LOAD_PANEL_NODE,false,SLAB
N,800106,NODE,,,,3.4,-0.25,3.96,1,MISSING_LOAD_PANEL_NODE,false,SLAB
N,800107,NODE,,,,3.4,0.0,3.96,1,MISSING_LOAD_PANEL_NODE,false,SLAB
N,800108,NODE,,,,3.4,16.15,3.96,1,MISSING_LOAD_PANEL_NODE,false,SLAB
N,800109,NODE,,,,3.4,16.5,3.96,1,MISSING_LOAD_PANEL_NODE,false,SLAB
N,800110,NODE,,,,3.6,-0.25,3.96,1,MISSING_LOAD_PANEL_NODE,false,SLAB
N,800111,NODE,,,,3.6,0.0,3.96,1,MISSING_LOAD_PANEL_NODE,false,SLAB
N,800112,NODE,,,,3.6,16.15,3.96,1,MISSING_LOAD_PANEL_NODE,false,SLAB
N,800113,NODE,,,,3.6,16.5,3.96,1,MISSING_LOAD_PANEL_NODE,false,SLAB
N,800114,NODE,,,,6.3,-0.25,3.96,1,MISSING_LOAD_PANEL_NODE,false,SLAB
N,800115,NODE,,,,6.3,0.0,3.96,1,MISSING_LOAD_PANEL_NODE,false,SLAB
N,800116,NODE,,,,6.3,16.15,3.96,1,MISSING_LOAD_PANEL_NODE,false,SLAB
N,800117,NODE,,,,6.3,16.5,3.96,1,MISSING_LOAD_PANEL_NODE,false,SLAB
N,800118,NODE,,,,6.7,-0.25,3.96,1,MISSING_LOAD_PANEL_NODE,false,SLAB
N,800119,NODE,,,,6.7,0.0,3.96,1,MISSING_LOAD_PANEL_NODE,false,SLAB
N,800120,NODE,,,,6.7,16.15,3.96,1,MISSING_LOAD_PANEL_NODE,false,SLAB
N,800121,NODE,,,,6.7,16.5,3.96,1,MISSING_LOAD_PANEL_NODE,false,SLAB
N,800122,NODE,,,,10.0,-0.25,3.96,1,MISSING_LOAD_PANEL_NODE,false,SLAB
N,800123,NODE,,,,10.0,16.5,3.96,1,MISSING_LOAD_PANEL_NODE,false,SLAB
N,800124,NODE,,,,10.25,0.0,3.96,1,MISSING_LOAD_PANEL_NODE,false,SLAB
N,800125,NODE,,,,10.25,2.405,3.96,1,MISSING_LOAD_PANEL_NODE,false,SLAB
N,800126,NODE,,,,10.0,2.405,3.96,1,MISSING_LOAD_PANEL_NODE,false,SLAB
N,800127,NODE,,,,10.25,4.265,3.96,1,MISSING_LOAD_PANEL_NODE,false,SLAB
N,800128,NODE,,,,10.0,4.265,3.96,1,MISSING_LOAD_PANEL_NODE,false,SLAB
N,800129,NODE,,,,10.25,4.415,3.96,1,MISSING_LOAD_PANEL_NODE,false,SLAB
N,800130,NODE,,,,10.0,4.415,3.96,1,MISSING_LOAD_PANEL_NODE,false,SLAB
N,800131,NODE,,,,10.25,6.95,3.96,1,MISSING_LOAD_PANEL_NODE,false,SLAB
N,800132,NODE,,,,10.0,6.95,3.96,1,MISSING_LOAD_PANEL_NODE,false,SLAB
N,800133,NODE,,,,10.25,7.25,3.96,1,MISSING_LOAD_PANEL_NODE,false,SLAB
N,800134,NODE,,,,10.25,7.55,3.96,1,MISSING_LOAD_PANEL_NODE,false,SLAB
N,800135,NODE,,,,10.0,7.55,3.96,1,MISSING_LOAD_PANEL_NODE,false,SLAB
N,800136,NODE,,,,10.25,10.15,3.96,1,MISSING_LOAD_PANEL_NODE,false,SLAB
N,800137,NODE,,,,10.0,10.15,3.96,1,MISSING_LOAD_PANEL_NODE,false,SLAB
N,800138,NODE,,,,10.25,11.865,3.96,1,MISSING_LOAD_PANEL_NODE,false,SLAB
N,800139,NODE,,,,10.0,11.865,3.96,1,MISSING_LOAD_PANEL_NODE,false,SLAB
N,800140,NODE,,,,10.25,11.885,3.96,1,MISSING_LOAD_PANEL_NODE,false,SLAB
N,800141,NODE,,,,10.0,11.885,3.96,1,MISSING_LOAD_PANEL_NODE,false,SLAB
N,800142,NODE,,,,10.25,12.15,3.96,1,MISSING_LOAD_PANEL_NODE,false,SLAB
N,800143,NODE,,,,10.0,12.15,3.96,1,MISSING_LOAD_PANEL_NODE,false,SLAB
N,800144,NODE,,,,10.25,12.82,3.96,1,MISSING_LOAD_PANEL_NODE,false,SLAB
N,800145,NODE,,,,10.0,12.82,3.96,1,MISSING_LOAD_PANEL_NODE,false,SLAB
N,800146,NODE,,,,10.25,15.85,3.96,1,MISSING_LOAD_PANEL_NODE,false,SLAB
N,800147,NODE,,,,10.0,15.85,3.96,1,MISSING_LOAD_PANEL_NODE,false,SLAB
N,800148,NODE,,,,10.25,16.15,3.96,1,MISSING_LOAD_PANEL_NODE,false,SLAB
N,800149,NODE,,,,10.25,16.5,3.96,1,MISSING_LOAD_PANEL_NODE,false,SLAB
N,800150,NODE,,,,-32.45,-1.09,7.92,2,MISSING_LOAD_PANEL_NODE,false,SLAB
N,800151,NODE,,,,-32.05,-1.09,7.92,2,MISSING_LOAD_PANEL_NODE,false,SLAB
N,800152,NODE,,,,-32.05,-0.25,7.92,2,MISSING_LOAD_PANEL_NODE,false,SLAB
N,800153,NODE,,,,-32.45,-0.25,7.92,2,MISSING_LOAD_PANEL_NODE,false,SLAB
N,800154,NODE,,,,-32.45,0.0,7.92,2,MISSING_LOAD_PANEL_NODE,false,SLAB
N,800155,NODE,,,,-32.05,2.405,7.92,2,MISSING_LOAD_PANEL_NODE,false,SLAB
N,800156,NODE,,,,-32.45,2.405,7.92,2,MISSING_LOAD_PANEL_NODE,false,SLAB
N,800157,NODE,,,,-32.45,4.265,7.92,2,MISSING_LOAD_PANEL_NODE,false,SLAB
N,800158,NODE,,,,-32.05,4.415,7.92,2,MISSING_LOAD_PANEL_NODE,false,SLAB
N,800159,NODE,,,,-32.45,4.415,7.92,2,MISSING_LOAD_PANEL_NODE,false,SLAB
N,800160,NODE,,,,-32.05,6.95,7.92,2,MISSING_LOAD_PANEL_NODE,false,SLAB
N,800161,NODE,,,,-32.45,6.95,7.92,2,MISSING_LOAD_PANEL_NODE,false,SLAB
N,800162,NODE,,,,-32.05,7.25,7.92,2,MISSING_LOAD_PANEL_NODE,false,SLAB
N,800163,NODE,,,,-32.45,7.25,7.92,2,MISSING_LOAD_PANEL_NODE,false,SLAB
N,800164,NODE,,,,-32.05,7.55,7.92,2,MISSING_LOAD_PANEL_NODE,false,SLAB
N,800165,NODE,,,,-32.45,7.55,7.92,2,MISSING_LOAD_PANEL_NODE,false,SLAB
N,800166,NODE,,,,-32.05,10.0,7.92,2,MISSING_LOAD_PANEL_NODE,false,SLAB
N,800167,NODE,,,,-32.45,10.0,7.92,2,MISSING_LOAD_PANEL_NODE,false,SLAB
N,800168,NODE,,,,-32.05,10.15,7.92,2,MISSING_LOAD_PANEL_NODE,false,SLAB
N,800169,NODE,,,,-32.45,10.15,7.92,2,MISSING_LOAD_PANEL_NODE,false,SLAB
N,800170,NODE,,,,-32.05,11.865,7.92,2,MISSING_LOAD_PANEL_NODE,false,SLAB
N,800171,NODE,,,,-32.45,11.865,7.92,2,MISSING_LOAD_PANEL_NODE,false,SLAB
N,800172,NODE,,,,-32.45,11.885,7.92,2,MISSING_LOAD_PANEL_NODE,false,SLAB
N,800173,NODE,,,,-32.05,12.15,7.92,2,MISSING_LOAD_PANEL_NODE,false,SLAB
N,800174,NODE,,,,-32.45,12.15,7.92,2,MISSING_LOAD_PANEL_NODE,false,SLAB
N,800175,NODE,,,,-32.05,12.25,7.92,2,MISSING_LOAD_PANEL_NODE,false,SLAB
N,800176,NODE,,,,-32.45,12.25,7.92,2,MISSING_LOAD_PANEL_NODE,false,SLAB
N,800177,NODE,,,,-32.05,12.82,7.92,2,MISSING_LOAD_PANEL_NODE,false,SLAB
N,800178,NODE,,,,-32.45,12.82,7.92,2,MISSING_LOAD_PANEL_NODE,false,SLAB
N,800179,NODE,,,,-32.05,15.85,7.92,2,MISSING_LOAD_PANEL_NODE,false,SLAB
N,800180,NODE,,,,-32.45,15.85,7.92,2,MISSING_LOAD_PANEL_NODE,false,SLAB
N,800181,NODE,,,,-31.6501,-1.09,7.92,2,MISSING_LOAD_PANEL_NODE,false,SLAB
N,800182,NODE,,,,-31.6501,-0.25,7.92,2,MISSING_LOAD_PANEL_NODE,false,SLAB
N,800183,NODE,,,,-31.6501,0.0,7.92,2,MISSING_LOAD_PANEL_NODE,false,SLAB
N,800184,NODE,,,,-30.15,-0.25,7.92,2,MISSING_LOAD_PANEL_NODE,false,SLAB
N,800185,NODE,,,,-30.15,0.0,7.92,2,MISSING_LOAD_PANEL_NODE,false,SLAB
N,800186,NODE,,,,-28.3,-0.25,7.92,2,MISSING_LOAD_PANEL_NODE,false,SLAB
N,800187,NODE,,,,-28.0,-0.25,7.92,2,MISSING_LOAD_PANEL_NODE,false,SLAB
N,800188,NODE,,,,-28.0,0.0,7.92,2,MISSING_LOAD_PANEL_NODE,false,SLAB
N,800189,NODE,,,,-24.55,-0.25,7.92,2,MISSING_LOAD_PANEL_NODE,false,SLAB
N,800190,NODE,,,,-20.8,-0.25,7.92,2,MISSING_LOAD_PANEL_NODE,false,SLAB
N,800191,NODE,,,,-15.8,-0.25,7.92,2,MISSING_LOAD_PANEL_NODE,false,SLAB
N,800192,NODE,,,,-10.8,-0.25,7.92,2,MISSING_LOAD_PANEL_NODE,false,SLAB
N,800193,NODE,,,,-5.8,-0.25,7.92,2,MISSING_LOAD_PANEL_NODE,false,SLAB
N,800194,NODE,,,,-3.22,-0.25,7.92,2,MISSING_LOAD_PANEL_NODE,false,SLAB
N,800195,NODE,,,,-3.22,0.0,7.92,2,MISSING_LOAD_PANEL_NODE,false,SLAB
N,800196,NODE,,,,-0.8,-0.25,7.92,2,MISSING_LOAD_PANEL_NODE,false,SLAB
N,800197,NODE,,,,-0.8,0.0,7.92,2,MISSING_LOAD_PANEL_NODE,false,SLAB
N,800198,NODE,,,,-0.4717,-0.25,7.92,2,MISSING_LOAD_PANEL_NODE,false,SLAB
N,800199,NODE,,,,-0.4717,0.0,7.92,2,MISSING_LOAD_PANEL_NODE,false,SLAB
N,800200,NODE,,,,-0.45,-0.25,7.92,2,MISSING_LOAD_PANEL_NODE,false,SLAB
N,800201,NODE,,,,-0.45,0.0,7.92,2,MISSING_LOAD_PANEL_NODE,false,SLAB
N,800202,NODE,,,,-0.25,-0.25,7.92,2,MISSING_LOAD_PANEL_NODE,false,SLAB
N,800203,NODE,,,,0.0,-0.25,7.92,2,MISSING_LOAD_PANEL_NODE,false,SLAB
N,800204,NODE,,,,0.0,2.405,7.92,2,MISSING_LOAD_PANEL_NODE,false,SLAB
N,800205,NODE,,,,-0.25,2.405,7.92,2,MISSING_LOAD_PANEL_NODE,false,SLAB
N,800206,NODE,,,,0.0,4.265,7.92,2,MISSING_LOAD_PANEL_NODE,false,SLAB
N,800207,NODE,,,,-0.25,4.265,7.92,2,MISSING_LOAD_PANEL_NODE,false,SLAB
N,800208,NODE,,,,0.0,4.415,7.92,2,MISSING_LOAD_PANEL_NODE,false,SLAB
N,800209,NODE,,,,-0.25,4.415,7.92,2,MISSING_LOAD_PANEL_NODE,false,SLAB
N,800210,NODE,,,,0.0,6.95,7.92,2,MISSING_LOAD_PANEL_NODE,false,SLAB
N,800211,NODE,,,,-0.25,6.95,7.92,2,MISSING_LOAD_PANEL_NODE,false,SLAB
N,800212,NODE,,,,0.0,7.55,7.92,2,MISSING_LOAD_PANEL_NODE,false,SLAB
N,800213,NODE,,,,-0.25,7.55,7.92,2,MISSING_LOAD_PANEL_NODE,false,SLAB
N,800214,NODE,,,,0.0,10.0,7.92,2,MISSING_LOAD_PANEL_NODE,false,SLAB
N,800215,NODE,,,,-0.25,10.0,7.92,2,MISSING_LOAD_PANEL_NODE,false,SLAB
N,800216,NODE,,,,0.0,10.15,7.92,2,MISSING_LOAD_PANEL_NODE,false,SLAB
N,800217,NODE,,,,-0.25,10.15,7.92,2,MISSING_LOAD_PANEL_NODE,false,SLAB
N,800218,NODE,,,,0.0,11.865,7.92,2,MISSING_LOAD_PANEL_NODE,false,SLAB
N,800219,NODE,,,,-0.25,11.865,7.92,2,MISSING_LOAD_PANEL_NODE,false,SLAB
N,800220,NODE,,,,0.0,11.885,7.92,2,MISSING_LOAD_PANEL_NODE,false,SLAB
N,800221,NODE,,,,-0.25,11.885,7.92,2,MISSING_LOAD_PANEL_NODE,false,SLAB
N,800222,NODE,,,,0.0,12.15,7.92,2,MISSING_LOAD_PANEL_NODE,false,SLAB
N,800223,NODE,,,,-0.25,12.15,7.92,2,MISSING_LOAD_PANEL_NODE,false,SLAB
N,800224,NODE,,,,0.0,12.25,7.92,2,MISSING_LOAD_PANEL_NODE,false,SLAB
N,800225,NODE,,,,-0.25,12.25,7.92,2,MISSING_LOAD_PANEL_NODE,false,SLAB
N,800226,NODE,,,,0.0,12.82,7.92,2,MISSING_LOAD_PANEL_NODE,false,SLAB
N,800227,NODE,,,,-0.25,12.82,7.92,2,MISSING_LOAD_PANEL_NODE,false,SLAB
N,800228,NODE,,,,0.0,15.85,7.92,2,MISSING_LOAD_PANEL_NODE,false,SLAB
N,800229,NODE,,,,-0.25,15.85,7.92,2,MISSING_LOAD_PANEL_NODE,false,SLAB
N,800230,NODE,,,,3.4,-0.25,7.92,2,MISSING_LOAD_PANEL_NODE,false,SLAB
N,800231,NODE,,,,3.4,0.0,7.92,2,MISSING_LOAD_PANEL_NODE,false,SLAB
N,800232,NODE,,,,3.6,-0.25,7.92,2,MISSING_LOAD_PANEL_NODE,false,SLAB
N,800233,NODE,,,,3.6,0.0,7.92,2,MISSING_LOAD_PANEL_NODE,false,SLAB
N,800234,NODE,,,,6.3,-0.25,7.92,2,MISSING_LOAD_PANEL_NODE,false,SLAB
N,800235,NODE,,,,6.3,0.0,7.92,2,MISSING_LOAD_PANEL_NODE,false,SLAB
N,800236,NODE,,,,6.4,-0.25,7.92,2,MISSING_LOAD_PANEL_NODE,false,SLAB
N,800237,NODE,,,,6.4,0.0,7.92,2,MISSING_LOAD_PANEL_NODE,false,SLAB
N,800238,NODE,,,,6.7,-0.25,7.92,2,MISSING_LOAD_PANEL_NODE,false,SLAB
N,800239,NODE,,,,6.7,0.0,7.92,2,MISSING_LOAD_PANEL_NODE,false,SLAB
N,800240,NODE,,,,9.7,-0.25,7.92,2,MISSING_LOAD_PANEL_NODE,false,SLAB
N,800241,NODE,,,,9.7,0.0,7.92,2,MISSING_LOAD_PANEL_NODE,false,SLAB
N,800242,NODE,,,,9.7,-4.42,7.92,2,MISSING_LOAD_PANEL_NODE,false,SLAB
N,800243,NODE,,,,10.0,-4.42,7.92,2,MISSING_LOAD_PANEL_NODE,false,SLAB
N,800244,NODE,,,,9.7,-4.12,7.92,2,MISSING_LOAD_PANEL_NODE,false,SLAB
N,800245,NODE,,,,10.0,-1.09,7.92,2,MISSING_LOAD_PANEL_NODE,false,SLAB
N,800246,NODE,,,,9.7,-1.09,7.92,2,MISSING_LOAD_PANEL_NODE,false,SLAB
N,800247,NODE,,,,10.0,-0.25,7.92,2,MISSING_LOAD_PANEL_NODE,false,SLAB
N,800248,NODE,,,,10.25,-4.42,7.92,2,MISSING_LOAD_PANEL_NODE,false,SLAB
N,800249,NODE,,,,10.25,-4.12,7.92,2,MISSING_LOAD_PANEL_NODE,false,SLAB
N,800250,NODE,,,,15.0,-4.42,7.92,2,MISSING_LOAD_PANEL_NODE,false,SLAB
N,800251,NODE,,,,15.0,-4.12,7.92,2,MISSING_LOAD_PANEL_NODE,false,SLAB
N,800252,NODE,,,,17.49,-4.42,7.92,2,MISSING_LOAD_PANEL_NODE,false,SLAB
N,800253,NODE,,,,17.79,-4.42,7.92,2,MISSING_LOAD_PANEL_NODE,false,SLAB
N,800254,NODE,,,,17.79,-4.12,7.92,2,MISSING_LOAD_PANEL_NODE,false,SLAB
N,800255,NODE,,,,17.79,-1.09,7.92,2,MISSING_LOAD_PANEL_NODE,false,SLAB
N,800256,NODE,,,,17.49,-1.09,7.92,2,MISSING_LOAD_PANEL_NODE,false,SLAB
N,800257,NODE,,,,17.79,-0.25,7.92,2,MISSING_LOAD_PANEL_NODE,false,SLAB
N,800258,NODE,,,,17.49,-0.25,7.92,2,MISSING_LOAD_PANEL_NODE,false,SLAB
N,800259,NODE,,,,17.79,0.0,7.92,2,MISSING_LOAD_PANEL_NODE,false,SLAB
N,800260,NODE,,,,20.0,-0.25,7.92,2,MISSING_LOAD_PANEL_NODE,false,SLAB
N,800261,NODE,,,,25.0,-0.25,7.92,2,MISSING_LOAD_PANEL_NODE,false,SLAB
N,800262,NODE,,,,30.0,-0.25,7.92,2,MISSING_LOAD_PANEL_NODE,false,SLAB
N,800263,NODE,,,,35.0,-0.25,7.92,2,MISSING_LOAD_PANEL_NODE,false,SLAB
N,800264,NODE,,,,39.7,-0.25,7.92,2,MISSING_LOAD_PANEL_NODE,false,SLAB
N,800265,NODE,,,,39.7,0.0,7.92,2,MISSING_LOAD_PANEL_NODE,false,SLAB
N,800266,NODE,,,,40.0,-0.25,7.92,2,MISSING_LOAD_PANEL_NODE,false,SLAB
N,800267,NODE,,,,45.0,-0.25,7.92,2,MISSING_LOAD_PANEL_NODE,false,SLAB
N,800268,NODE,,,,45.3,-0.25,7.92,2,MISSING_LOAD_PANEL_NODE,false,SLAB
N,800269,NODE,,,,45.3,0.0,7.92,2,MISSING_LOAD_PANEL_NODE,false,SLAB
N,800270,NODE,,,,45.3,2.405,7.92,2,MISSING_LOAD_PANEL_NODE,false,SLAB
N,800271,NODE,,,,45.0,2.405,7.92,2,MISSING_LOAD_PANEL_NODE,false,SLAB
N,800272,NODE,,,,45.3,4.265,7.92,2,MISSING_LOAD_PANEL_NODE,false,SLAB
N,800273,NODE,,,,45.0,4.265,7.92,2,MISSING_LOAD_PANEL_NODE,false,SLAB
N,800274,NODE,,,,45.3,4.415,7.92,2,MISSING_LOAD_PANEL_NODE,false,SLAB
N,800275,NODE,,,,45.0,4.415,7.92,2,MISSING_LOAD_PANEL_NODE,false,SLAB
N,800276,NODE,,,,45.3,6.95,7.92,2,MISSING_LOAD_PANEL_NODE,false,SLAB
N,800277,NODE,,,,45.0,6.95,7.92,2,MISSING_LOAD_PANEL_NODE,false,SLAB
N,800278,NODE,,,,45.3,7.25,7.92,2,MISSING_LOAD_PANEL_NODE,false,SLAB
N,800279,NODE,,,,45.3,7.55,7.92,2,MISSING_LOAD_PANEL_NODE,false,SLAB
N,800280,NODE,,,,45.0,7.55,7.92,2,MISSING_LOAD_PANEL_NODE,false,SLAB
N,800281,NODE,,,,45.3,10.0,7.92,2,MISSING_LOAD_PANEL_NODE,false,SLAB
N,800282,NODE,,,,45.0,10.0,7.92,2,MISSING_LOAD_PANEL_NODE,false,SLAB
N,800283,NODE,,,,45.3,10.15,7.92,2,MISSING_LOAD_PANEL_NODE,false,SLAB
N,800284,NODE,,,,45.0,10.15,7.92,2,MISSING_LOAD_PANEL_NODE,false,SLAB
N,800285,NODE,,,,45.3,11.865,7.92,2,MISSING_LOAD_PANEL_NODE,false,SLAB
N,800286,NODE,,,,45.0,11.865,7.92,2,MISSING_LOAD_PANEL_NODE,false,SLAB
N,800287,NODE,,,,45.3,11.885,7.92,2,MISSING_LOAD_PANEL_NODE,false,SLAB
N,800288,NODE,,,,45.0,11.885,7.92,2,MISSING_LOAD_PANEL_NODE,false,SLAB
N,800289,NODE,,,,45.3,12.15,7.92,2,MISSING_LOAD_PANEL_NODE,false,SLAB
N,800290,NODE,,,,45.0,12.15,7.92,2,MISSING_LOAD_PANEL_NODE,false,SLAB
N,800291,NODE,,,,45.3,12.25,7.92,2,MISSING_LOAD_PANEL_NODE,false,SLAB
N,800292,NODE,,,,45.0,12.25,7.92,2,MISSING_LOAD_PANEL_NODE,false,SLAB
N,800293,NODE,,,,45.3,12.82,7.92,2,MISSING_LOAD_PANEL_NODE,false,SLAB
N,800294,NODE,,,,45.0,12.82,7.92,2,MISSING_LOAD_PANEL_NODE,false,SLAB
N,800295,NODE,,,,45.3,15.85,7.92,2,MISSING_LOAD_PANEL_NODE,false,SLAB
N,800296,NODE,,,,45.0,15.85,7.92,2,MISSING_LOAD_PANEL_NODE,false,SLAB
N,800297,NODE,,,,45.3,16.15,7.92,2,MISSING_LOAD_PANEL_NODE,false,SLAB
N,800298,NODE,,,,-32.45,-1.09,11.88,3,MISSING_LOAD_PANEL_NODE,false,SLAB
N,800299,NODE,,,,-32.05,-1.09,11.88,3,MISSING_LOAD_PANEL_NODE,false,SLAB
N,800300,NODE,,,,-32.05,-0.25,11.88,3,MISSING_LOAD_PANEL_NODE,false,SLAB
N,800301,NODE,,,,-32.45,-0.25,11.88,3,MISSING_LOAD_PANEL_NODE,false,SLAB
N,800302,NODE,,,,-32.45,0.0,11.88,3,MISSING_LOAD_PANEL_NODE,false,SLAB
N,800303,NODE,,,,-32.05,2.405,11.88,3,MISSING_LOAD_PANEL_NODE,false,SLAB
N,800304,NODE,,,,-32.45,2.405,11.88,3,MISSING_LOAD_PANEL_NODE,false,SLAB
N,800305,NODE,,,,-32.45,4.265,11.88,3,MISSING_LOAD_PANEL_NODE,false,SLAB
N,800306,NODE,,,,-32.05,4.415,11.88,3,MISSING_LOAD_PANEL_NODE,false,SLAB
N,800307,NODE,,,,-32.45,4.415,11.88,3,MISSING_LOAD_PANEL_NODE,false,SLAB
N,800308,NODE,,,,-32.05,6.95,11.88,3,MISSING_LOAD_PANEL_NODE,false,SLAB
N,800309,NODE,,,,-32.45,6.95,11.88,3,MISSING_LOAD_PANEL_NODE,false,SLAB
N,800310,NODE,,,,-32.05,7.25,11.88,3,MISSING_LOAD_PANEL_NODE,false,SLAB
N,800311,NODE,,,,-32.45,7.25,11.88,3,MISSING_LOAD_PANEL_NODE,false,SLAB
N,800312,NODE,,,,-32.05,7.55,11.88,3,MISSING_LOAD_PANEL_NODE,false,SLAB
N,800313,NODE,,,,-32.45,7.55,11.88,3,MISSING_LOAD_PANEL_NODE,false,SLAB
N,800314,NODE,,,,-32.05,10.0,11.88,3,MISSING_LOAD_PANEL_NODE,false,SLAB
N,800315,NODE,,,,-32.45,10.0,11.88,3,MISSING_LOAD_PANEL_NODE,false,SLAB
N,800316,NODE,,,,-32.05,10.15,11.88,3,MISSING_LOAD_PANEL_NODE,false,SLAB
N,800317,NODE,,,,-32.45,10.15,11.88,3,MISSING_LOAD_PANEL_NODE,false,SLAB
N,800318,NODE,,,,-32.05,11.865,11.88,3,MISSING_LOAD_PANEL_NODE,false,SLAB
N,800319,NODE,,,,-32.45,11.865,11.88,3,MISSING_LOAD_PANEL_NODE,false,SLAB
N,800320,NODE,,,,-32.45,11.885,11.88,3,MISSING_LOAD_PANEL_NODE,false,SLAB
N,800321,NODE,,,,-32.05,12.15,11.88,3,MISSING_LOAD_PANEL_NODE,false,SLAB
N,800322,NODE,,,,-32.45,12.15,11.88,3,MISSING_LOAD_PANEL_NODE,false,SLAB
N,800323,NODE,,,,-32.05,12.25,11.88,3,MISSING_LOAD_PANEL_NODE,false,SLAB
N,800324,NODE,,,,-32.45,12.25,11.88,3,MISSING_LOAD_PANEL_NODE,false,SLAB
N,800325,NODE,,,,-32.05,12.82,11.88,3,MISSING_LOAD_PANEL_NODE,false,SLAB
N,800326,NODE,,,,-32.45,12.82,11.88,3,MISSING_LOAD_PANEL_NODE,false,SLAB
N,800327,NODE,,,,-32.05,15.85,11.88,3,MISSING_LOAD_PANEL_NODE,false,SLAB
N,800328,NODE,,,,-32.45,15.85,11.88,3,MISSING_LOAD_PANEL_NODE,false,SLAB
N,800329,NODE,,,,-31.6501,-1.09,11.88,3,MISSING_LOAD_PANEL_NODE,false,SLAB
N,800330,NODE,,,,-31.6501,-0.25,11.88,3,MISSING_LOAD_PANEL_NODE,false,SLAB
N,800331,NODE,,,,-31.6501,0.0,11.88,3,MISSING_LOAD_PANEL_NODE,false,SLAB
N,800332,NODE,,,,-30.15,-0.25,11.88,3,MISSING_LOAD_PANEL_NODE,false,SLAB
N,800333,NODE,,,,-30.15,0.0,11.88,3,MISSING_LOAD_PANEL_NODE,false,SLAB
N,800334,NODE,,,,-28.3,-0.25,11.88,3,MISSING_LOAD_PANEL_NODE,false,SLAB
N,800335,NODE,,,,-28.0,-0.25,11.88,3,MISSING_LOAD_PANEL_NODE,false,SLAB
N,800336,NODE,,,,-28.0,0.0,11.88,3,MISSING_LOAD_PANEL_NODE,false,SLAB
N,800337,NODE,,,,-24.55,-0.25,11.88,3,MISSING_LOAD_PANEL_NODE,false,SLAB
N,800338,NODE,,,,-20.8,-0.25,11.88,3,MISSING_LOAD_PANEL_NODE,false,SLAB
N,800339,NODE,,,,-15.8,-0.25,11.88,3,MISSING_LOAD_PANEL_NODE,false,SLAB
N,800340,NODE,,,,-10.8,-0.25,11.88,3,MISSING_LOAD_PANEL_NODE,false,SLAB
N,800341,NODE,,,,-5.8,-0.25,11.88,3,MISSING_LOAD_PANEL_NODE,false,SLAB
N,800342,NODE,,,,-3.22,-0.25,11.88,3,MISSING_LOAD_PANEL_NODE,false,SLAB
N,800343,NODE,,,,-3.22,0.0,11.88,3,MISSING_LOAD_PANEL_NODE,false,SLAB
N,800344,NODE,,,,-0.8,-0.25,11.88,3,MISSING_LOAD_PANEL_NODE,false,SLAB
N,800345,NODE,,,,-0.8,0.0,11.88,3,MISSING_LOAD_PANEL_NODE,false,SLAB
N,800346,NODE,,,,-0.4717,-0.25,11.88,3,MISSING_LOAD_PANEL_NODE,false,SLAB
N,800347,NODE,,,,-0.4717,0.0,11.88,3,MISSING_LOAD_PANEL_NODE,false,SLAB
N,800348,NODE,,,,-0.45,-0.25,11.88,3,MISSING_LOAD_PANEL_NODE,false,SLAB
N,800349,NODE,,,,-0.45,0.0,11.88,3,MISSING_LOAD_PANEL_NODE,false,SLAB
N,800350,NODE,,,,-0.25,-0.25,11.88,3,MISSING_LOAD_PANEL_NODE,false,SLAB
N,800351,NODE,,,,0.0,-0.25,11.88,3,MISSING_LOAD_PANEL_NODE,false,SLAB
N,800352,NODE,,,,0.0,2.405,11.88,3,MISSING_LOAD_PANEL_NODE,false,SLAB
N,800353,NODE,,,,-0.25,2.405,11.88,3,MISSING_LOAD_PANEL_NODE,false,SLAB
N,800354,NODE,,,,0.0,4.265,11.88,3,MISSING_LOAD_PANEL_NODE,false,SLAB
N,800355,NODE,,,,-0.25,4.265,11.88,3,MISSING_LOAD_PANEL_NODE,false,SLAB
N,800356,NODE,,,,0.0,4.415,11.88,3,MISSING_LOAD_PANEL_NODE,false,SLAB
N,800357,NODE,,,,-0.25,4.415,11.88,3,MISSING_LOAD_PANEL_NODE,false,SLAB
N,800358,NODE,,,,0.0,6.95,11.88,3,MISSING_LOAD_PANEL_NODE,false,SLAB
N,800359,NODE,,,,-0.25,6.95,11.88,3,MISSING_LOAD_PANEL_NODE,false,SLAB
N,800360,NODE,,,,0.0,7.55,11.88,3,MISSING_LOAD_PANEL_NODE,false,SLAB
N,800361,NODE,,,,-0.25,7.55,11.88,3,MISSING_LOAD_PANEL_NODE,false,SLAB
N,800362,NODE,,,,0.0,10.0,11.88,3,MISSING_LOAD_PANEL_NODE,false,SLAB
N,800363,NODE,,,,-0.25,10.0,11.88,3,MISSING_LOAD_PANEL_NODE,false,SLAB
N,800364,NODE,,,,0.0,10.15,11.88,3,MISSING_LOAD_PANEL_NODE,false,SLAB
N,800365,NODE,,,,-0.25,10.15,11.88,3,MISSING_LOAD_PANEL_NODE,false,SLAB
N,800366,NODE,,,,0.0,11.865,11.88,3,MISSING_LOAD_PANEL_NODE,false,SLAB
N,800367,NODE,,,,-0.25,11.865,11.88,3,MISSING_LOAD_PANEL_NODE,false,SLAB
N,800368,NODE,,,,0.0,11.885,11.88,3,MISSING_LOAD_PANEL_NODE,false,SLAB
N,800369,NODE,,,,-0.25,11.885,11.88,3,MISSING_LOAD_PANEL_NODE,false,SLAB
N,800370,NODE,,,,0.0,12.15,11.88,3,MISSING_LOAD_PANEL_NODE,false,SLAB
N,800371,NODE,,,,-0.25,12.15,11.88,3,MISSING_LOAD_PANEL_NODE,false,SLAB
N,800372,NODE,,,,0.0,12.25,11.88,3,MISSING_LOAD_PANEL_NODE,false,SLAB
N,800373,NODE,,,,-0.25,12.25,11.88,3,MISSING_LOAD_PANEL_NODE,false,SLAB
N,800374,NODE,,,,0.0,12.82,11.88,3,MISSING_LOAD_PANEL_NODE,false,SLAB
N,800375,NODE,,,,-0.25,12.82,11.88,3,MISSING_LOAD_PANEL_NODE,false,SLAB
N,800376,NODE,,,,0.0,15.85,11.88,3,MISSING_LOAD_PANEL_NODE,false,SLAB
N,800377,NODE,,,,-0.25,15.85,11.88,3,MISSING_LOAD_PANEL_NODE,false,SLAB
N,800378,NODE,,,,3.4,-0.25,11.88,3,MISSING_LOAD_PANEL_NODE,false,SLAB
N,800379,NODE,,,,3.4,0.0,11.88,3,MISSING_LOAD_PANEL_NODE,false,SLAB
N,800380,NODE,,,,3.6,-0.25,11.88,3,MISSING_LOAD_PANEL_NODE,false,SLAB
N,800381,NODE,,,,3.6,0.0,11.88,3,MISSING_LOAD_PANEL_NODE,false,SLAB
N,800382,NODE,,,,6.3,-0.25,11.88,3,MISSING_LOAD_PANEL_NODE,false,SLAB
N,800383,NODE,,,,6.3,0.0,11.88,3,MISSING_LOAD_PANEL_NODE,false,SLAB
N,800384,NODE,,,,6.4,-0.25,11.88,3,MISSING_LOAD_PANEL_NODE,false,SLAB
N,800385,NODE,,,,6.4,0.0,11.88,3,MISSING_LOAD_PANEL_NODE,false,SLAB
N,800386,NODE,,,,6.7,-0.25,11.88,3,MISSING_LOAD_PANEL_NODE,false,SLAB
N,800387,NODE,,,,6.7,0.0,11.88,3,MISSING_LOAD_PANEL_NODE,false,SLAB
N,800388,NODE,,,,9.7,-0.25,11.88,3,MISSING_LOAD_PANEL_NODE,false,SLAB
N,800389,NODE,,,,9.7,0.0,11.88,3,MISSING_LOAD_PANEL_NODE,false,SLAB
N,800390,NODE,,,,9.7,-4.42,11.88,3,MISSING_LOAD_PANEL_NODE,false,SLAB
N,800391,NODE,,,,10.0,-4.42,11.88,3,MISSING_LOAD_PANEL_NODE,false,SLAB
N,800392,NODE,,,,9.7,-4.12,11.88,3,MISSING_LOAD_PANEL_NODE,false,SLAB
N,800393,NODE,,,,10.0,-2.5,11.88,3,MISSING_LOAD_PANEL_NODE,false,SLAB
N,800394,NODE,,,,9.7,-2.5,11.88,3,MISSING_LOAD_PANEL_NODE,false,SLAB
N,800395,NODE,,,,10.0,-2.46,11.88,3,MISSING_LOAD_PANEL_NODE,false,SLAB
N,800396,NODE,,,,9.7,-2.46,11.88,3,MISSING_LOAD_PANEL_NODE,false,SLAB
N,800397,NODE,,,,10.0,-1.09,11.88,3,MISSING_LOAD_PANEL_NODE,false,SLAB
N,800398,NODE,,,,9.7,-1.09,11.88,3,MISSING_LOAD_PANEL_NODE,false,SLAB
N,800399,NODE,,,,10.0,-0.25,11.88,3,MISSING_LOAD_PANEL_NODE,false,SLAB
N,800400,NODE,,,,10.25,-4.42,11.88,3,MISSING_LOAD_PANEL_NODE,false,SLAB
N,800401,NODE,,,,10.25,-4.12,11.88,3,MISSING_LOAD_PANEL_NODE,false,SLAB
N,800402,NODE,,,,15.0,-4.42,11.88,3,MISSING_LOAD_PANEL_NODE,false,SLAB
N,800403,NODE,,,,15.0,-4.12,11.88,3,MISSING_LOAD_PANEL_NODE,false,SLAB
N,800404,NODE,,,,17.49,-4.42,11.88,3,MISSING_LOAD_PANEL_NODE,false,SLAB
N,800405,NODE,,,,17.79,-4.42,11.88,3,MISSING_LOAD_PANEL_NODE,false,SLAB
N,800406,NODE,,,,17.79,-4.12,11.88,3,MISSING_LOAD_PANEL_NODE,false,SLAB
N,800407,NODE,,,,17.79,-2.5,11.88,3,MISSING_LOAD_PANEL_NODE,false,SLAB
N,800408,NODE,,,,17.49,-2.5,11.88,3,MISSING_LOAD_PANEL_NODE,false,SLAB
N,800409,NODE,,,,17.79,-2.46,11.88,3,MISSING_LOAD_PANEL_NODE,false,SLAB
N,800410,NODE,,,,17.49,-2.46,11.88,3,MISSING_LOAD_PANEL_NODE,false,SLAB
N,800411,NODE,,,,17.79,-1.09,11.88,3,MISSING_LOAD_PANEL_NODE,false,SLAB
N,800412,NODE,,,,17.49,-1.09,11.88,3,MISSING_LOAD_PANEL_NODE,false,SLAB
N,800413,NODE,,,,17.79,-0.25,11.88,3,MISSING_LOAD_PANEL_NODE,false,SLAB
N,800414,NODE,,,,17.49,-0.25,11.88,3,MISSING_LOAD_PANEL_NODE,false,SLAB
N,800415,NODE,,,,17.79,0.0,11.88,3,MISSING_LOAD_PANEL_NODE,false,SLAB
N,800416,NODE,,,,19.7,-0.25,11.88,3,MISSING_LOAD_PANEL_NODE,false,SLAB
N,800417,NODE,,,,19.7,0.0,11.88,3,MISSING_LOAD_PANEL_NODE,false,SLAB
N,800418,NODE,,,,19.7,-2.5,11.88,3,MISSING_LOAD_PANEL_NODE,false,SLAB
N,800419,NODE,,,,20.0,-2.5,11.88,3,MISSING_LOAD_PANEL_NODE,false,SLAB
N,800420,NODE,,,,19.7,-2.46,11.88,3,MISSING_LOAD_PANEL_NODE,false,SLAB
N,800421,NODE,,,,20.0,-1.09,11.88,3,MISSING_LOAD_PANEL_NODE,false,SLAB
N,800422,NODE,,,,19.7,-1.09,11.88,3,MISSING_LOAD_PANEL_NODE,false,SLAB
N,800423,NODE,,,,20.0,-0.25,11.88,3,MISSING_LOAD_PANEL_NODE,false,SLAB
N,800424,NODE,,,,25.0,-2.5,11.88,3,MISSING_LOAD_PANEL_NODE,false,SLAB
N,800425,NODE,,,,30.0,-2.5,11.88,3,MISSING_LOAD_PANEL_NODE,false,SLAB
N,800426,NODE,,,,30.3,-2.5,11.88,3,MISSING_LOAD_PANEL_NODE,false,SLAB
N,800427,NODE,,,,30.3,-2.46,11.88,3,MISSING_LOAD_PANEL_NODE,false,SLAB
N,800428,NODE,,,,30.3,-1.09,11.88,3,MISSING_LOAD_PANEL_NODE,false,SLAB
N,800429,NODE,,,,30.0,-1.09,11.88,3,MISSING_LOAD_PANEL_NODE,false,SLAB
N,800430,NODE,,,,30.3,-0.25,11.88,3,MISSING_LOAD_PANEL_NODE,false,SLAB
N,800431,NODE,,,,30.0,-0.25,11.88,3,MISSING_LOAD_PANEL_NODE,false,SLAB
N,800432,NODE,,,,30.3,0.0,11.88,3,MISSING_LOAD_PANEL_NODE,false,SLAB
N,800433,NODE,,,,35.0,-0.25,11.88,3,MISSING_LOAD_PANEL_NODE,false,SLAB
N,800434,NODE,,,,40.0,-0.25,11.88,3,MISSING_LOAD_PANEL_NODE,false,SLAB
N,800435,NODE,,,,45.0,-0.25,11.88,3,MISSING_LOAD_PANEL_NODE,false,SLAB
N,800436,NODE,,,,45.3,-0.25,11.88,3,MISSING_LOAD_PANEL_NODE,false,SLAB
N,800437,NODE,,,,45.3,0.0,11.88,3,MISSING_LOAD_PANEL_NODE,false,SLAB
N,800438,NODE,,,,45.3,2.405,11.88,3,MISSING_LOAD_PANEL_NODE,false,SLAB
N,800439,NODE,,,,45.0,2.405,11.88,3,MISSING_LOAD_PANEL_NODE,false,SLAB
N,800440,NODE,,,,45.3,4.265,11.88,3,MISSING_LOAD_PANEL_NODE,false,SLAB
N,800441,NODE,,,,45.0,4.265,11.88,3,MISSING_LOAD_PANEL_NODE,false,SLAB
N,800442,NODE,,,,45.3,4.415,11.88,3,MISSING_LOAD_PANEL_NODE,false,SLAB
N,800443,NODE,,,,45.0,4.415,11.88,3,MISSING_LOAD_PANEL_NODE,false,SLAB
N,800444,NODE,,,,45.3,6.95,11.88,3,MISSING_LOAD_PANEL_NODE,false,SLAB
N,800445,NODE,,,,45.0,6.95,11.88,3,MISSING_LOAD_PANEL_NODE,false,SLAB
N,800446,NODE,,,,45.3,7.25,11.88,3,MISSING_LOAD_PANEL_NODE,false,SLAB
N,800447,NODE,,,,45.3,7.55,11.88,3,MISSING_LOAD_PANEL_NODE,false,SLAB
N,800448,NODE,,,,45.0,7.55,11.88,3,MISSING_LOAD_PANEL_NODE,false,SLAB
N,800449,NODE,,,,45.3,10.0,11.88,3,MISSING_LOAD_PANEL_NODE,false,SLAB
N,800450,NODE,,,,45.0,10.0,11.88,3,MISSING_LOAD_PANEL_NODE,false,SLAB
N,800451,NODE,,,,45.3,10.15,11.88,3,MISSING_LOAD_PANEL_NODE,false,SLAB
N,800452,NODE,,,,45.0,10.15,11.88,3,MISSING_LOAD_PANEL_NODE,false,SLAB
N,800453,NODE,,,,45.3,11.865,11.88,3,MISSING_LOAD_PANEL_NODE,false,SLAB
N,800454,NODE,,,,45.0,11.865,11.88,3,MISSING_LOAD_PANEL_NODE,false,SLAB
N,800455,NODE,,,,45.3,11.885,11.88,3,MISSING_LOAD_PANEL_NODE,false,SLAB
N,800456,NODE,,,,45.0,11.885,11.88,3,MISSING_LOAD_PANEL_NODE,false,SLAB
N,800457,NODE,,,,45.3,12.15,11.88,3,MISSING_LOAD_PANEL_NODE,false,SLAB
N,800458,NODE,,,,45.0,12.15,11.88,3,MISSING_LOAD_PANEL_NODE,false,SLAB
N,800459,NODE,,,,45.3,12.25,11.88,3,MISSING_LOAD_PANEL_NODE,false,SLAB
N,800460,NODE,,,,45.0,12.25,11.88,3,MISSING_LOAD_PANEL_NODE,false,SLAB
N,800461,NODE,,,,45.3,12.82,11.88,3,MISSING_LOAD_PANEL_NODE,false,SLAB
N,800462,NODE,,,,45.0,12.82,11.88,3,MISSING_LOAD_PANEL_NODE,false,SLAB
N,800463,NODE,,,,45.3,15.85,11.88,3,MISSING_LOAD_PANEL_NODE,false,SLAB
N,800464,NODE,,,,45.0,15.85,11.88,3,MISSING_LOAD_PANEL_NODE,false,SLAB
N,800465,NODE,,,,45.3,16.15,11.88,3,MISSING_LOAD_PANEL_NODE,false,SLAB
N,800466,NODE,,,,-32.45,-1.09,15.84,4,MISSING_LOAD_PANEL_NODE,false,SLAB
N,800467,NODE,,,,-32.05,-1.09,15.84,4,MISSING_LOAD_PANEL_NODE,false,SLAB
N,800468,NODE,,,,-32.05,-0.25,15.84,4,MISSING_LOAD_PANEL_NODE,false,SLAB
N,800469,NODE,,,,-32.45,-0.25,15.84,4,MISSING_LOAD_PANEL_NODE,false,SLAB
N,800470,NODE,,,,-32.45,0.0,15.84,4,MISSING_LOAD_PANEL_NODE,false,SLAB
N,800471,NODE,,,,-32.05,2.405,15.84,4,MISSING_LOAD_PANEL_NODE,false,SLAB
N,800472,NODE,,,,-32.45,2.405,15.84,4,MISSING_LOAD_PANEL_NODE,false,SLAB
N,800473,NODE,,,,-32.45,4.265,15.84,4,MISSING_LOAD_PANEL_NODE,false,SLAB
N,800474,NODE,,,,-32.05,4.415,15.84,4,MISSING_LOAD_PANEL_NODE,false,SLAB
N,800475,NODE,,,,-32.45,4.415,15.84,4,MISSING_LOAD_PANEL_NODE,false,SLAB
N,800476,NODE,,,,-32.05,6.95,15.84,4,MISSING_LOAD_PANEL_NODE,false,SLAB
N,800477,NODE,,,,-32.45,6.95,15.84,4,MISSING_LOAD_PANEL_NODE,false,SLAB
N,800478,NODE,,,,-32.05,7.25,15.84,4,MISSING_LOAD_PANEL_NODE,false,SLAB
N,800479,NODE,,,,-32.45,7.25,15.84,4,MISSING_LOAD_PANEL_NODE,false,SLAB
N,800480,NODE,,,,-32.05,7.55,15.84,4,MISSING_LOAD_PANEL_NODE,false,SLAB
N,800481,NODE,,,,-32.45,7.55,15.84,4,MISSING_LOAD_PANEL_NODE,false,SLAB
N,800482,NODE,,,,-32.05,10.15,15.84,4,MISSING_LOAD_PANEL_NODE,false,SLAB
N,800483,NODE,,,,-32.45,10.15,15.84,4,MISSING_LOAD_PANEL_NODE,false,SLAB
N,800484,NODE,,,,-32.05,11.865,15.84,4,MISSING_LOAD_PANEL_NODE,false,SLAB
N,800485,NODE,,,,-32.45,11.865,15.84,4,MISSING_LOAD_PANEL_NODE,false,SLAB
N,800486,NODE,,,,-32.45,11.885,15.84,4,MISSING_LOAD_PANEL_NODE,false,SLAB
N,800487,NODE,,,,-32.05,12.15,15.84,4,MISSING_LOAD_PANEL_NODE,false,SLAB
N,800488,NODE,,,,-32.45,12.15,15.84,4,MISSING_LOAD_PANEL_NODE,false,SLAB
N,800489,NODE,,,,-32.05,12.82,15.84,4,MISSING_LOAD_PANEL_NODE,false,SLAB
N,800490,NODE,,,,-32.45,12.82,15.84,4,MISSING_LOAD_PANEL_NODE,false,SLAB
N,800491,NODE,,,,-32.05,15.85,15.84,4,MISSING_LOAD_PANEL_NODE,false,SLAB
N,800492,NODE,,,,-32.45,15.85,15.84,4,MISSING_LOAD_PANEL_NODE,false,SLAB
N,800493,NODE,,,,-31.6501,-1.09,15.84,4,MISSING_LOAD_PANEL_NODE,false,SLAB
N,800494,NODE,,,,-31.6501,-0.25,15.84,4,MISSING_LOAD_PANEL_NODE,false,SLAB
N,800495,NODE,,,,-31.6501,0.0,15.84,4,MISSING_LOAD_PANEL_NODE,false,SLAB
N,800496,NODE,,,,-30.15,-0.25,15.84,4,MISSING_LOAD_PANEL_NODE,false,SLAB
N,800497,NODE,,,,-30.15,0.0,15.84,4,MISSING_LOAD_PANEL_NODE,false,SLAB
N,800498,NODE,,,,-28.3,-0.25,15.84,4,MISSING_LOAD_PANEL_NODE,false,SLAB
N,800499,NODE,,,,-28.0,-0.25,15.84,4,MISSING_LOAD_PANEL_NODE,false,SLAB
N,800500,NODE,,,,-28.0,0.0,15.84,4,MISSING_LOAD_PANEL_NODE,false,SLAB
N,800501,NODE,,,,-24.55,-0.25,15.84,4,MISSING_LOAD_PANEL_NODE,false,SLAB
N,800502,NODE,,,,-20.8,-0.25,15.84,4,MISSING_LOAD_PANEL_NODE,false,SLAB
N,800503,NODE,,,,-15.8,-0.25,15.84,4,MISSING_LOAD_PANEL_NODE,false,SLAB
N,800504,NODE,,,,-10.8,-0.25,15.84,4,MISSING_LOAD_PANEL_NODE,false,SLAB
N,800505,NODE,,,,-5.8,-0.25,15.84,4,MISSING_LOAD_PANEL_NODE,false,SLAB
N,800506,NODE,,,,-3.22,-0.25,15.84,4,MISSING_LOAD_PANEL_NODE,false,SLAB
N,800507,NODE,,,,-3.22,0.0,15.84,4,MISSING_LOAD_PANEL_NODE,false,SLAB
N,800508,NODE,,,,-0.8,-0.25,15.84,4,MISSING_LOAD_PANEL_NODE,false,SLAB
N,800509,NODE,,,,-0.8,0.0,15.84,4,MISSING_LOAD_PANEL_NODE,false,SLAB
N,800510,NODE,,,,-0.4717,-0.25,15.84,4,MISSING_LOAD_PANEL_NODE,false,SLAB
N,800511,NODE,,,,-0.4717,0.0,15.84,4,MISSING_LOAD_PANEL_NODE,false,SLAB
N,800512,NODE,,,,-0.45,-0.25,15.84,4,MISSING_LOAD_PANEL_NODE,false,SLAB
N,800513,NODE,,,,-0.45,0.0,15.84,4,MISSING_LOAD_PANEL_NODE,false,SLAB
N,800514,NODE,,,,-0.25,-0.25,15.84,4,MISSING_LOAD_PANEL_NODE,false,SLAB
N,800515,NODE,,,,0.0,-0.25,15.84,4,MISSING_LOAD_PANEL_NODE,false,SLAB
N,800516,NODE,,,,0.0,2.405,15.84,4,MISSING_LOAD_PANEL_NODE,false,SLAB
N,800517,NODE,,,,-0.25,2.405,15.84,4,MISSING_LOAD_PANEL_NODE,false,SLAB
N,800518,NODE,,,,0.0,4.265,15.84,4,MISSING_LOAD_PANEL_NODE,false,SLAB
N,800519,NODE,,,,-0.25,4.265,15.84,4,MISSING_LOAD_PANEL_NODE,false,SLAB
N,800520,NODE,,,,0.0,4.415,15.84,4,MISSING_LOAD_PANEL_NODE,false,SLAB
N,800521,NODE,,,,-0.25,4.415,15.84,4,MISSING_LOAD_PANEL_NODE,false,SLAB
N,800522,NODE,,,,0.0,6.95,15.84,4,MISSING_LOAD_PANEL_NODE,false,SLAB
N,800523,NODE,,,,-0.25,6.95,15.84,4,MISSING_LOAD_PANEL_NODE,false,SLAB
N,800524,NODE,,,,0.0,7.55,15.84,4,MISSING_LOAD_PANEL_NODE,false,SLAB
N,800525,NODE,,,,-0.25,7.55,15.84,4,MISSING_LOAD_PANEL_NODE,false,SLAB
N,800526,NODE,,,,0.0,10.15,15.84,4,MISSING_LOAD_PANEL_NODE,false,SLAB
N,800527,NODE,,,,-0.25,10.15,15.84,4,MISSING_LOAD_PANEL_NODE,false,SLAB
N,800528,NODE,,,,0.0,11.865,15.84,4,MISSING_LOAD_PANEL_NODE,false,SLAB
N,800529,NODE,,,,-0.25,11.865,15.84,4,MISSING_LOAD_PANEL_NODE,false,SLAB
N,800530,NODE,,,,0.0,11.885,15.84,4,MISSING_LOAD_PANEL_NODE,false,SLAB
N,800531,NODE,,,,-0.25,11.885,15.84,4,MISSING_LOAD_PANEL_NODE,false,SLAB
N,800532,NODE,,,,0.0,12.15,15.84,4,MISSING_LOAD_PANEL_NODE,false,SLAB
N,800533,NODE,,,,-0.25,12.15,15.84,4,MISSING_LOAD_PANEL_NODE,false,SLAB
N,800534,NODE,,,,0.0,12.82,15.84,4,MISSING_LOAD_PANEL_NODE,false,SLAB
N,800535,NODE,,,,-0.25,12.82,15.84,4,MISSING_LOAD_PANEL_NODE,false,SLAB
N,800536,NODE,,,,0.0,15.85,15.84,4,MISSING_LOAD_PANEL_NODE,false,SLAB
N,800537,NODE,,,,-0.25,15.85,15.84,4,MISSING_LOAD_PANEL_NODE,false,SLAB
N,800538,NODE,,,,3.4,-0.25,15.84,4,MISSING_LOAD_PANEL_NODE,false,SLAB
N,800539,NODE,,,,3.4,0.0,15.84,4,MISSING_LOAD_PANEL_NODE,false,SLAB
N,800540,NODE,,,,3.6,-0.25,15.84,4,MISSING_LOAD_PANEL_NODE,false,SLAB
N,800541,NODE,,,,3.6,0.0,15.84,4,MISSING_LOAD_PANEL_NODE,false,SLAB
N,800542,NODE,,,,6.3,-0.25,15.84,4,MISSING_LOAD_PANEL_NODE,false,SLAB
N,800543,NODE,,,,6.3,0.0,15.84,4,MISSING_LOAD_PANEL_NODE,false,SLAB
N,800544,NODE,,,,6.7,-0.25,15.84,4,MISSING_LOAD_PANEL_NODE,false,SLAB
N,800545,NODE,,,,6.7,0.0,15.84,4,MISSING_LOAD_PANEL_NODE,false,SLAB
N,800546,NODE,,,,9.7,-0.25,15.84,4,MISSING_LOAD_PANEL_NODE,false,SLAB
N,800547,NODE,,,,9.7,0.0,15.84,4,MISSING_LOAD_PANEL_NODE,false,SLAB
N,800548,NODE,,,,9.7,-2.76,15.84,4,MISSING_LOAD_PANEL_NODE,false,SLAB
N,800549,NODE,,,,10.0,-2.76,15.84,4,MISSING_LOAD_PANEL_NODE,false,SLAB
N,800550,NODE,,,,9.7,-2.46,15.84,4,MISSING_LOAD_PANEL_NODE,false,SLAB
N,800551,NODE,,,,10.0,-1.15,15.84,4,MISSING_LOAD_PANEL_NODE,false,SLAB
N,800552,NODE,,,,9.7,-1.15,15.84,4,MISSING_LOAD_PANEL_NODE,false,SLAB
N,800553,NODE,,,,10.0,-1.09,15.84,4,MISSING_LOAD_PANEL_NODE,false,SLAB
N,800554,NODE,,,,9.7,-1.09,15.84,4,MISSING_LOAD_PANEL_NODE,false,SLAB
N,800555,NODE,,,,10.0,-0.25,15.84,4,MISSING_LOAD_PANEL_NODE,false,SLAB
N,800556,NODE,,,,10.25,-2.76,15.84,4,MISSING_LOAD_PANEL_NODE,false,SLAB
N,800557,NODE,,,,10.25,-2.46,15.84,4,MISSING_LOAD_PANEL_NODE,false,SLAB
N,800558,NODE,,,,12.2,-2.76,15.84,4,MISSING_LOAD_PANEL_NODE,false,SLAB
N,800559,NODE,,,,12.5,-2.76,15.84,4,MISSING_LOAD_PANEL_NODE,false,SLAB
N,800560,NODE,,,,12.5,-2.46,15.84,4,MISSING_LOAD_PANEL_NODE,false,SLAB
N,800561,NODE,,,,12.5,-1.15,15.84,4,MISSING_LOAD_PANEL_NODE,false,SLAB
N,800562,NODE,,,,12.2,-1.15,15.84,4,MISSING_LOAD_PANEL_NODE,false,SLAB
N,800563,NODE,,,,12.5,-1.09,15.84,4,MISSING_LOAD_PANEL_NODE,false,SLAB
N,800564,NODE,,,,12.2,-1.09,15.84,4,MISSING_LOAD_PANEL_NODE,false,SLAB
N,800565,NODE,,,,12.5,-0.25,15.84,4,MISSING_LOAD_PANEL_NODE,false,SLAB
N,800566,NODE,,,,12.2,-0.25,15.84,4,MISSING_LOAD_PANEL_NODE,false,SLAB
N,800567,NODE,,,,12.5,0.0,15.84,4,MISSING_LOAD_PANEL_NODE,false,SLAB
N,800568,NODE,,,,15.0,-0.25,15.84,4,MISSING_LOAD_PANEL_NODE,false,SLAB
N,800569,NODE,,,,17.49,-0.25,15.84,4,MISSING_LOAD_PANEL_NODE,false,SLAB
N,800570,NODE,,,,19.7,-0.25,15.84,4,MISSING_LOAD_PANEL_NODE,false,SLAB
N,800571,NODE,,,,19.7,0.0,15.84,4,MISSING_LOAD_PANEL_NODE,false,SLAB
N,800572,NODE,,,,19.7,-4.42,15.84,4,MISSING_LOAD_PANEL_NODE,false,SLAB
N,800573,NODE,,,,20.0,-4.42,15.84,4,MISSING_LOAD_PANEL_NODE,false,SLAB
N,800574,NODE,,,,19.7,-4.12,15.84,4,MISSING_LOAD_PANEL_NODE,false,SLAB
N,800575,NODE,,,,20.0,-2.76,15.84,4,MISSING_LOAD_PANEL_NODE,false,SLAB
N,800576,NODE,,,,19.7,-2.76,15.84,4,MISSING_LOAD_PANEL_NODE,false,SLAB
N,800577,NODE,,,,20.0,-2.46,15.84,4,MISSING_LOAD_PANEL_NODE,false,SLAB
N,800578,NODE,,,,19.7,-2.46,15.84,4,MISSING_LOAD_PANEL_NODE,false,SLAB
N,800579,NODE,,,,20.0,-1.15,15.84,4,MISSING_LOAD_PANEL_NODE,false,SLAB
N,800580,NODE,,,,19.7,-1.15,15.84,4,MISSING_LOAD_PANEL_NODE,false,SLAB
N,800581,NODE,,,,20.0,-1.09,15.84,4,MISSING_LOAD_PANEL_NODE,false,SLAB
N,800582,NODE,,,,19.7,-1.09,15.84,4,MISSING_LOAD_PANEL_NODE,false,SLAB
N,800583,NODE,,,,20.0,-0.25,15.84,4,MISSING_LOAD_PANEL_NODE,false,SLAB
N,800584,NODE,,,,25.0,-4.42,15.84,4,MISSING_LOAD_PANEL_NODE,false,SLAB
N,800585,NODE,,,,25.0,-4.12,15.84,4,MISSING_LOAD_PANEL_NODE,false,SLAB
N,800586,NODE,,,,30.0,-4.42,15.84,4,MISSING_LOAD_PANEL_NODE,false,SLAB
N,800587,NODE,,,,30.3,-4.42,15.84,4,MISSING_LOAD_PANEL_NODE,false,SLAB
N,800588,NODE,,,,30.3,-4.12,15.84,4,MISSING_LOAD_PANEL_NODE,false,SLAB
N,800589,NODE,,,,30.3,-2.76,15.84,4,MISSING_LOAD_PANEL_NODE,false,SLAB
N,800590,NODE,,,,30.0,-2.76,15.84,4,MISSING_LOAD_PANEL_NODE,false,SLAB
N,800591,NODE,,,,30.3,-2.46,15.84,4,MISSING_LOAD_PANEL_NODE,false,SLAB
N,800592,NODE,,,,30.0,-2.46,15.84,4,MISSING_LOAD_PANEL_NODE,false,SLAB
N,800593,NODE,,,,30.3,-1.15,15.84,4,MISSING_LOAD_PANEL_NODE,false,SLAB
N,800594,NODE,,,,30.0,-1.15,15.84,4,MISSING_LOAD_PANEL_NODE,false,SLAB
N,800595,NODE,,,,30.3,-1.09,15.84,4,MISSING_LOAD_PANEL_NODE,false,SLAB
N,800596,NODE,,,,30.0,-1.09,15.84,4,MISSING_LOAD_PANEL_NODE,false,SLAB
N,800597,NODE,,,,30.3,-0.25,15.84,4,MISSING_LOAD_PANEL_NODE,false,SLAB
N,800598,NODE,,,,30.0,-0.25,15.84,4,MISSING_LOAD_PANEL_NODE,false,SLAB
N,800599,NODE,,,,30.3,0.0,15.84,4,MISSING_LOAD_PANEL_NODE,false,SLAB
N,800600,NODE,,,,35.0,-0.25,15.84,4,MISSING_LOAD_PANEL_NODE,false,SLAB
N,800601,NODE,,,,40.0,-0.25,15.84,4,MISSING_LOAD_PANEL_NODE,false,SLAB
N,800602,NODE,,,,44.65,-0.25,15.84,4,MISSING_LOAD_PANEL_NODE,false,SLAB
N,800603,NODE,,,,44.65,0.0,15.84,4,MISSING_LOAD_PANEL_NODE,false,SLAB
N,800604,NODE,,,,44.65,-1.15,15.84,4,MISSING_LOAD_PANEL_NODE,false,SLAB
N,800605,NODE,,,,45.0,-1.15,15.84,4,MISSING_LOAD_PANEL_NODE,false,SLAB
N,800606,NODE,,,,45.0,-1.09,15.84,4,MISSING_LOAD_PANEL_NODE,false,SLAB
N,800607,NODE,,,,44.65,-1.09,15.84,4,MISSING_LOAD_PANEL_NODE,false,SLAB
N,800608,NODE,,,,45.0,-0.25,15.84,4,MISSING_LOAD_PANEL_NODE,false,SLAB
N,800609,NODE,,,,47.55,-1.15,15.84,4,MISSING_LOAD_PANEL_NODE,false,SLAB
N,800610,NODE,,,,47.55,-1.09,15.84,4,MISSING_LOAD_PANEL_NODE,false,SLAB
N,800611,NODE,,,,47.55,-0.25,15.84,4,MISSING_LOAD_PANEL_NODE,false,SLAB
N,800612,NODE,,,,50.0,-1.15,15.84,4,MISSING_LOAD_PANEL_NODE,false,SLAB
N,800613,NODE,,,,50.0,-1.09,15.84,4,MISSING_LOAD_PANEL_NODE,false,SLAB
N,800614,NODE,,,,50.0,-0.25,15.84,4,MISSING_LOAD_PANEL_NODE,false,SLAB
N,800615,NODE,,,,50.3,-1.15,15.84,4,MISSING_LOAD_PANEL_NODE,false,SLAB
N,800616,NODE,,,,50.3,-1.09,15.84,4,MISSING_LOAD_PANEL_NODE,false,SLAB
N,800617,NODE,,,,50.3,-0.25,15.84,4,MISSING_LOAD_PANEL_NODE,false,SLAB
N,800618,NODE,,,,50.3,0.0,15.84,4,MISSING_LOAD_PANEL_NODE,false,SLAB
N,800619,NODE,,,,50.3,2.405,15.84,4,MISSING_LOAD_PANEL_NODE,false,SLAB
N,800620,NODE,,,,50.0,2.405,15.84,4,MISSING_LOAD_PANEL_NODE,false,SLAB
N,800621,NODE,,,,50.3,4.265,15.84,4,MISSING_LOAD_PANEL_NODE,false,SLAB
N,800622,NODE,,,,50.0,4.265,15.84,4,MISSING_LOAD_PANEL_NODE,false,SLAB
N,800623,NODE,,,,50.3,4.415,15.84,4,MISSING_LOAD_PANEL_NODE,false,SLAB
N,800624,NODE,,,,50.0,4.415,15.84,4,MISSING_LOAD_PANEL_NODE,false,SLAB
N,800625,NODE,,,,50.3,6.95,15.84,4,MISSING_LOAD_PANEL_NODE,false,SLAB
N,800626,NODE,,,,50.0,6.95,15.84,4,MISSING_LOAD_PANEL_NODE,false,SLAB
N,800627,NODE,,,,50.3,7.25,15.84,4,MISSING_LOAD_PANEL_NODE,false,SLAB
N,800628,NODE,,,,50.3,7.55,15.84,4,MISSING_LOAD_PANEL_NODE,false,SLAB
N,800629,NODE,,,,50.0,7.55,15.84,4,MISSING_LOAD_PANEL_NODE,false,SLAB
N,800630,NODE,,,,50.3,10.15,15.84,4,MISSING_LOAD_PANEL_NODE,false,SLAB
N,800631,NODE,,,,50.0,10.15,15.84,4,MISSING_LOAD_PANEL_NODE,false,SLAB
N,800632,NODE,,,,50.3,11.865,15.84,4,MISSING_LOAD_PANEL_NODE,false,SLAB
N,800633,NODE,,,,50.0,11.865,15.84,4,MISSING_LOAD_PANEL_NODE,false,SLAB
N,800634,NODE,,,,50.3,11.885,15.84,4,MISSING_LOAD_PANEL_NODE,false,SLAB
N,800635,NODE,,,,50.0,11.885,15.84,4,MISSING_LOAD_PANEL_NODE,false,SLAB
N,800636,NODE,,,,50.3,12.15,15.84,4,MISSING_LOAD_PANEL_NODE,false,SLAB
N,800637,NODE,,,,50.0,12.15,15.84,4,MISSING_LOAD_PANEL_NODE,false,SLAB
N,800638,NODE,,,,50.3,12.82,15.84,4,MISSING_LOAD_PANEL_NODE,false,SLAB
N,800639,NODE,,,,50.0,12.82,15.84,4,MISSING_LOAD_PANEL_NODE,false,SLAB
N,800640,NODE,,,,50.3,15.85,15.84,4,MISSING_LOAD_PANEL_NODE,false,SLAB
N,800641,NODE,,,,50.0,15.85,15.84,4,MISSING_LOAD_PANEL_NODE,false,SLAB
N,800642,NODE,,,,50.3,16.15,15.84,4,MISSING_LOAD_PANEL_NODE,false,SLAB
N,800643,NODE,,,,51.15,-1.15,15.84,4,MISSING_LOAD_PANEL_NODE,false,SLAB
N,800644,NODE,,,,51.15,-1.09,15.84,4,MISSING_LOAD_PANEL_NODE,false,SLAB
N,800645,NODE,,,,51.15,-0.25,15.84,4,MISSING_LOAD_PANEL_NODE,false,SLAB
N,800646,NODE,,,,51.15,0.0,15.84,4,MISSING_LOAD_PANEL_NODE,false,SLAB
N,800647,NODE,,,,51.15,2.405,15.84,4,MISSING_LOAD_PANEL_NODE,false,SLAB
N,800648,NODE,,,,51.15,4.265,15.84,4,MISSING_LOAD_PANEL_NODE,false,SLAB
N,800649,NODE,,,,51.15,4.415,15.84,4,MISSING_LOAD_PANEL_NODE,false,SLAB
N,800650,NODE,,,,51.15,6.95,15.84,4,MISSING_LOAD_PANEL_NODE,false,SLAB
N,800651,NODE,,,,51.15,7.25,15.84,4,MISSING_LOAD_PANEL_NODE,false,SLAB
N,800652,NODE,,,,51.15,7.55,15.84,4,MISSING_LOAD_PANEL_NODE,false,SLAB
N,800653,NODE,,,,51.15,10.15,15.84,4,MISSING_LOAD_PANEL_NODE,false,SLAB
N,800654,NODE,,,,51.15,11.865,15.84,4,MISSING_LOAD_PANEL_NODE,false,SLAB
N,800655,NODE,,,,51.15,11.885,15.84,4,MISSING_LOAD_PANEL_NODE,false,SLAB
N,800656,NODE,,,,51.15,12.15,15.84,4,MISSING_LOAD_PANEL_NODE,false,SLAB
N,800657,NODE,,,,51.15,12.82,15.84,4,MISSING_LOAD_PANEL_NODE,false,SLAB
N,800658,NODE,,,,51.15,15.85,15.84,4,MISSING_LOAD_PANEL_NODE,false,SLAB
N,800659,NODE,,,,-32.45,-1.09,19.8,5,MISSING_LOAD_PANEL_NODE,false,SLAB
N,800660,NODE,,,,-32.05,-1.09,19.8,5,MISSING_LOAD_PANEL_NODE,false,SLAB
N,800661,NODE,,,,-32.05,-0.25,19.8,5,MISSING_LOAD_PANEL_NODE,false,SLAB
N,800662,NODE,,,,-32.45,-0.25,19.8,5,MISSING_LOAD_PANEL_NODE,false,SLAB
N,800663,NODE,,,,-32.45,0.0,19.8,5,MISSING_LOAD_PANEL_NODE,false,SLAB
N,800664,NODE,,,,-32.05,0.25,19.8,5,MISSING_LOAD_PANEL_NODE,false,SLAB
N,800665,NODE,,,,-32.45,0.25,19.8,5,MISSING_LOAD_PANEL_NODE,false,SLAB
N,800666,NODE,,,,-32.45,4.265,19.8,5,MISSING_LOAD_PANEL_NODE,false,SLAB
N,800667,NODE,,,,-32.05,4.415,19.8,5,MISSING_LOAD_PANEL_NODE,false,SLAB
N,800668,NODE,,,,-32.45,4.415,19.8,5,MISSING_LOAD_PANEL_NODE,false,SLAB
N,800669,NODE,,,,-32.05,4.975,19.8,5,MISSING_LOAD_PANEL_NODE,false,SLAB
N,800670,NODE,,,,-32.45,4.975,19.8,5,MISSING_LOAD_PANEL_NODE,false,SLAB
N,800671,NODE,,,,-32.05,6.95,19.8,5,MISSING_LOAD_PANEL_NODE,false,SLAB
N,800672,NODE,,,,-32.45,6.95,19.8,5,MISSING_LOAD_PANEL_NODE,false,SLAB
N,800673,NODE,,,,-32.05,7.25,19.8,5,MISSING_LOAD_PANEL_NODE,false,SLAB
N,800674,NODE,,,,-32.45,7.25,19.8,5,MISSING_LOAD_PANEL_NODE,false,SLAB
N,800675,NODE,,,,-32.05,7.55,19.8,5,MISSING_LOAD_PANEL_NODE,false,SLAB
N,800676,NODE,,,,-32.45,7.55,19.8,5,MISSING_LOAD_PANEL_NODE,false,SLAB
N,800677,NODE,,,,-32.05,9.05,19.8,5,MISSING_LOAD_PANEL_NODE,false,SLAB
N,800678,NODE,,,,-32.45,9.05,19.8,5,MISSING_LOAD_PANEL_NODE,false,SLAB
N,800679,NODE,,,,-32.05,10.15,19.8,5,MISSING_LOAD_PANEL_NODE,false,SLAB
N,800680,NODE,,,,-32.45,10.15,19.8,5,MISSING_LOAD_PANEL_NODE,false,SLAB
N,800681,NODE,,,,-32.05,11.11,19.8,5,MISSING_LOAD_PANEL_NODE,false,SLAB
N,800682,NODE,,,,-32.45,11.11,19.8,5,MISSING_LOAD_PANEL_NODE,false,SLAB
N,800683,NODE,,,,-32.05,11.865,19.8,5,MISSING_LOAD_PANEL_NODE,false,SLAB
N,800684,NODE,,,,-32.45,11.865,19.8,5,MISSING_LOAD_PANEL_NODE,false,SLAB
N,800685,NODE,,,,-32.45,11.885,19.8,5,MISSING_LOAD_PANEL_NODE,false,SLAB
N,800686,NODE,,,,-32.05,12.82,19.8,5,MISSING_LOAD_PANEL_NODE,false,SLAB
N,800687,NODE,,,,-32.45,12.82,19.8,5,MISSING_LOAD_PANEL_NODE,false,SLAB
N,800688,NODE,,,,-32.05,15.85,19.8,5,MISSING_LOAD_PANEL_NODE,false,SLAB
N,800689,NODE,,,,-32.45,15.85,19.8,5,MISSING_LOAD_PANEL_NODE,false,SLAB
N,800690,NODE,,,,-31.6501,-1.09,19.8,5,MISSING_LOAD_PANEL_NODE,false,SLAB
N,800691,NODE,,,,-31.6501,-0.25,19.8,5,MISSING_LOAD_PANEL_NODE,false,SLAB
N,800692,NODE,,,,-31.6501,0.0,19.8,5,MISSING_LOAD_PANEL_NODE,false,SLAB
N,800693,NODE,,,,-30.15,-0.25,19.8,5,MISSING_LOAD_PANEL_NODE,false,SLAB
N,800694,NODE,,,,-30.15,0.0,19.8,5,MISSING_LOAD_PANEL_NODE,false,SLAB
N,800695,NODE,,,,-28.3,-0.25,19.8,5,MISSING_LOAD_PANEL_NODE,false,SLAB
N,800696,NODE,,,,-28.0,-0.25,19.8,5,MISSING_LOAD_PANEL_NODE,false,SLAB
N,800697,NODE,,,,-28.0,0.0,19.8,5,MISSING_LOAD_PANEL_NODE,false,SLAB
N,800698,NODE,,,,-24.55,-0.25,19.8,5,MISSING_LOAD_PANEL_NODE,false,SLAB
N,800699,NODE,,,,-22.877,-0.25,19.8,5,MISSING_LOAD_PANEL_NODE,false,SLAB
N,800700,NODE,,,,-22.877,0.0,19.8,5,MISSING_LOAD_PANEL_NODE,false,SLAB
N,800701,NODE,,,,-21.1,-0.25,19.8,5,MISSING_LOAD_PANEL_NODE,false,SLAB
N,800702,NODE,,,,-21.1,0.0,19.8,5,MISSING_LOAD_PANEL_NODE,false,SLAB
N,800703,NODE,,,,-20.8,-0.25,19.8,5,MISSING_LOAD_PANEL_NODE,false,SLAB
N,800704,NODE,,,,-20.5,-0.25,19.8,5,MISSING_LOAD_PANEL_NODE,false,SLAB
N,800705,NODE,,,,-20.5,0.0,19.8,5,MISSING_LOAD_PANEL_NODE,false,SLAB
N,800706,NODE,,,,-18.723,-0.25,19.8,5,MISSING_LOAD_PANEL_NODE,false,SLAB
N,800707,NODE,,,,-18.723,0.0,19.8,5,MISSING_LOAD_PANEL_NODE,false,SLAB
N,800708,NODE,,,,-15.8,-0.25,19.8,5,MISSING_LOAD_PANEL_NODE,false,SLAB
N,800709,NODE,,,,-10.8,-0.25,19.8,5,MISSING_LOAD_PANEL_NODE,false,SLAB
N,800710,NODE,,,,-5.8,-0.25,19.8,5,MISSING_LOAD_PANEL_NODE,false,SLAB
N,800711,NODE,,,,-5.5,-0.25,19.8,5,MISSING_LOAD_PANEL_NODE,false,SLAB
N,800712,NODE,,,,-5.5,0.0,19.8,5,MISSING_LOAD_PANEL_NODE,false,SLAB
N,800713,NODE,,,,-3.723,-0.25,19.8,5,MISSING_LOAD_PANEL_NODE,false,SLAB
N,800714,NODE,,,,-3.723,0.0,19.8,5,MISSING_LOAD_PANEL_NODE,false,SLAB
N,800715,NODE,,,,-3.22,-0.25,19.8,5,MISSING_LOAD_PANEL_NODE,false,SLAB
N,800716,NODE,,,,-3.22,0.0,19.8,5,MISSING_LOAD_PANEL_NODE,false,SLAB
N,800717,NODE,,,,-0.8,-0.25,19.8,5,MISSING_LOAD_PANEL_NODE,false,SLAB
N,800718,NODE,,,,-0.8,0.0,19.8,5,MISSING_LOAD_PANEL_NODE,false,SLAB
N,800719,NODE,,,,-0.4717,-0.25,19.8,5,MISSING_LOAD_PANEL_NODE,false,SLAB
N,800720,NODE,,,,-0.4717,0.0,19.8,5,MISSING_LOAD_PANEL_NODE,false,SLAB
N,800721,NODE,,,,-0.45,-0.25,19.8,5,MISSING_LOAD_PANEL_NODE,false,SLAB
N,800722,NODE,,,,-0.45,0.0,19.8,5,MISSING_LOAD_PANEL_NODE,false,SLAB
N,800723,NODE,,,,-0.25,-0.25,19.8,5,MISSING_LOAD_PANEL_NODE,false,SLAB
N,800724,NODE,,,,0.0,-0.25,19.8,5,MISSING_LOAD_PANEL_NODE,false,SLAB
N,800725,NODE,,,,0.0,0.25,19.8,5,MISSING_LOAD_PANEL_NODE,false,SLAB
N,800726,NODE,,,,-0.25,0.25,19.8,5,MISSING_LOAD_PANEL_NODE,false,SLAB
N,800727,NODE,,,,0.0,4.265,19.8,5,MISSING_LOAD_PANEL_NODE,false,SLAB
N,800728,NODE,,,,-0.25,4.265,19.8,5,MISSING_LOAD_PANEL_NODE,false,SLAB
N,800729,NODE,,,,0.0,4.415,19.8,5,MISSING_LOAD_PANEL_NODE,false,SLAB
N,800730,NODE,,,,-0.25,4.415,19.8,5,MISSING_LOAD_PANEL_NODE,false,SLAB
N,800731,NODE,,,,0.0,4.975,19.8,5,MISSING_LOAD_PANEL_NODE,false,SLAB
N,800732,NODE,,,,-0.25,4.975,19.8,5,MISSING_LOAD_PANEL_NODE,false,SLAB
N,800733,NODE,,,,0.0,6.95,19.8,5,MISSING_LOAD_PANEL_NODE,false,SLAB
N,800734,NODE,,,,-0.25,6.95,19.8,5,MISSING_LOAD_PANEL_NODE,false,SLAB
N,800735,NODE,,,,0.0,7.55,19.8,5,MISSING_LOAD_PANEL_NODE,false,SLAB
N,800736,NODE,,,,-0.25,7.55,19.8,5,MISSING_LOAD_PANEL_NODE,false,SLAB
N,800737,NODE,,,,0.0,9.05,19.8,5,MISSING_LOAD_PANEL_NODE,false,SLAB
N,800738,NODE,,,,-0.25,9.05,19.8,5,MISSING_LOAD_PANEL_NODE,false,SLAB
N,800739,NODE,,,,0.0,10.15,19.8,5,MISSING_LOAD_PANEL_NODE,false,SLAB
N,800740,NODE,,,,-0.25,10.15,19.8,5,MISSING_LOAD_PANEL_NODE,false,SLAB
N,800741,NODE,,,,0.0,11.11,19.8,5,MISSING_LOAD_PANEL_NODE,false,SLAB
N,800742,NODE,,,,-0.25,11.11,19.8,5,MISSING_LOAD_PANEL_NODE,false,SLAB
N,800743,NODE,,,,0.0,11.865,19.8,5,MISSING_LOAD_PANEL_NODE,false,SLAB
N,800744,NODE,,,,-0.25,11.865,19.8,5,MISSING_LOAD_PANEL_NODE,false,SLAB
N,800745,NODE,,,,0.0,11.885,19.8,5,MISSING_LOAD_PANEL_NODE,false,SLAB
N,800746,NODE,,,,-0.25,11.885,19.8,5,MISSING_LOAD_PANEL_NODE,false,SLAB
N,800747,NODE,,,,0.0,12.82,19.8,5,MISSING_LOAD_PANEL_NODE,false,SLAB
N,800748,NODE,,,,-0.25,12.82,19.8,5,MISSING_LOAD_PANEL_NODE,false,SLAB
N,800749,NODE,,,,0.0,15.85,19.8,5,MISSING_LOAD_PANEL_NODE,false,SLAB
N,800750,NODE,,,,-0.25,15.85,19.8,5,MISSING_LOAD_PANEL_NODE,false,SLAB
N,800751,NODE,,,,9.7,-0.25,19.8,5,MISSING_LOAD_PANEL_NODE,false,SLAB
N,800752,NODE,,,,9.7,0.0,19.8,5,MISSING_LOAD_PANEL_NODE,false,SLAB
N,800753,NODE,,,,10.0,-0.25,19.8,5,MISSING_LOAD_PANEL_NODE,false,SLAB
N,800754,NODE,,,,10.3,-0.25,19.8,5,MISSING_LOAD_PANEL_NODE,false,SLAB
N,800755,NODE,,,,10.3,0.0,19.8,5,MISSING_LOAD_PANEL_NODE,false,SLAB
N,800756,NODE,,,,15.0,-0.25,19.8,5,MISSING_LOAD_PANEL_NODE,false,SLAB
N,800757,NODE,,,,19.7,-0.25,19.8,5,MISSING_LOAD_PANEL_NODE,false,SLAB
N,800758,NODE,,,,19.7,0.0,19.8,5,MISSING_LOAD_PANEL_NODE,false,SLAB
N,800759,NODE,,,,19.7,-4.42,19.8,5,MISSING_LOAD_PANEL_NODE,false,SLAB
N,800760,NODE,,,,20.0,-4.42,19.8,5,MISSING_LOAD_PANEL_NODE,false,SLAB
N,800761,NODE,,,,19.7,-4.12,19.8,5,MISSING_LOAD_PANEL_NODE,false,SLAB
N,800762,NODE,,,,20.0,-1.15,19.8,5,MISSING_LOAD_PANEL_NODE,false,SLAB
N,800763,NODE,,,,19.7,-1.15,19.8,5,MISSING_LOAD_PANEL_NODE,false,SLAB
N,800764,NODE,,,,20.0,-1.09,19.8,5,MISSING_LOAD_PANEL_NODE,false,SLAB
N,800765,NODE,,,,19.7,-1.09,19.8,5,MISSING_LOAD_PANEL_NODE,false,SLAB
N,800766,NODE,,,,20.0,-0.25,19.8,5,MISSING_LOAD_PANEL_NODE,false,SLAB
N,800767,NODE,,,,25.0,-4.42,19.8,5,MISSING_LOAD_PANEL_NODE,false,SLAB
N,800768,NODE,,,,25.0,-4.12,19.8,5,MISSING_LOAD_PANEL_NODE,false,SLAB
N,800769,NODE,,,,30.0,-4.42,19.8,5,MISSING_LOAD_PANEL_NODE,false,SLAB
N,800770,NODE,,,,30.3,-4.42,19.8,5,MISSING_LOAD_PANEL_NODE,false,SLAB
N,800771,NODE,,,,30.3,-4.12,19.8,5,MISSING_LOAD_PANEL_NODE,false,SLAB
N,800772,NODE,,,,30.3,-1.15,19.8,5,MISSING_LOAD_PANEL_NODE,false,SLAB
N,800773,NODE,,,,30.0,-1.15,19.8,5,MISSING_LOAD_PANEL_NODE,false,SLAB
N,800774,NODE,,,,30.3,-1.09,19.8,5,MISSING_LOAD_PANEL_NODE,false,SLAB
N,800775,NODE,,,,30.0,-1.09,19.8,5,MISSING_LOAD_PANEL_NODE,false,SLAB
N,800776,NODE,,,,30.3,-0.25,19.8,5,MISSING_LOAD_PANEL_NODE,false,SLAB
N,800777,NODE,,,,30.0,-0.25,19.8,5,MISSING_LOAD_PANEL_NODE,false,SLAB
N,800778,NODE,,,,30.3,0.0,19.8,5,MISSING_LOAD_PANEL_NODE,false,SLAB
N,800779,NODE,,,,35.0,-0.25,19.8,5,MISSING_LOAD_PANEL_NODE,false,SLAB
N,800780,NODE,,,,40.0,-0.25,19.8,5,MISSING_LOAD_PANEL_NODE,false,SLAB
N,800781,NODE,,,,44.7,-0.25,19.8,5,MISSING_LOAD_PANEL_NODE,false,SLAB
N,800782,NODE,,,,44.7,0.0,19.8,5,MISSING_LOAD_PANEL_NODE,false,SLAB
N,800783,NODE,,,,44.7,-1.15,19.8,5,MISSING_LOAD_PANEL_NODE,false,SLAB
N,800784,NODE,,,,45.0,-1.15,19.8,5,MISSING_LOAD_PANEL_NODE,false,SLAB
N,800785,NODE,,,,45.0,-1.09,19.8,5,MISSING_LOAD_PANEL_NODE,false,SLAB
N,800786,NODE,,,,44.7,-1.09,19.8,5,MISSING_LOAD_PANEL_NODE,false,SLAB
N,800787,NODE,,,,45.0,-0.25,19.8,5,MISSING_LOAD_PANEL_NODE,false,SLAB
N,800788,NODE,,,,47.55,-1.15,19.8,5,MISSING_LOAD_PANEL_NODE,false,SLAB
N,800789,NODE,,,,47.55,-1.09,19.8,5,MISSING_LOAD_PANEL_NODE,false,SLAB
N,800790,NODE,,,,47.55,-0.25,19.8,5,MISSING_LOAD_PANEL_NODE,false,SLAB
N,800791,NODE,,,,50.0,-1.15,19.8,5,MISSING_LOAD_PANEL_NODE,false,SLAB
N,800792,NODE,,,,50.0,-1.09,19.8,5,MISSING_LOAD_PANEL_NODE,false,SLAB
N,800793,NODE,,,,50.0,-0.25,19.8,5,MISSING_LOAD_PANEL_NODE,false,SLAB
N,800794,NODE,,,,51.15,-1.15,19.8,5,MISSING_LOAD_PANEL_NODE,false,SLAB
N,800795,NODE,,,,51.15,-1.09,19.8,5,MISSING_LOAD_PANEL_NODE,false,SLAB
N,800796,NODE,,,,51.15,-0.25,19.8,5,MISSING_LOAD_PANEL_NODE,false,SLAB
N,800797,NODE,,,,51.15,0.0,19.8,5,MISSING_LOAD_PANEL_NODE,false,SLAB
N,800798,NODE,,,,51.15,0.25,19.8,5,MISSING_LOAD_PANEL_NODE,false,SLAB
N,800799,NODE,,,,50.0,0.25,19.8,5,MISSING_LOAD_PANEL_NODE,false,SLAB
N,800800,NODE,,,,51.15,4.265,19.8,5,MISSING_LOAD_PANEL_NODE,false,SLAB
N,800801,NODE,,,,50.0,4.265,19.8,5,MISSING_LOAD_PANEL_NODE,false,SLAB
N,800802,NODE,,,,51.15,4.415,19.8,5,MISSING_LOAD_PANEL_NODE,false,SLAB
N,800803,NODE,,,,50.0,4.415,19.8,5,MISSING_LOAD_PANEL_NODE,false,SLAB
N,800804,NODE,,,,51.15,4.975,19.8,5,MISSING_LOAD_PANEL_NODE,false,SLAB
N,800805,NODE,,,,50.0,4.975,19.8,5,MISSING_LOAD_PANEL_NODE,false,SLAB
N,800806,NODE,,,,51.15,6.95,19.8,5,MISSING_LOAD_PANEL_NODE,false,SLAB
N,800807,NODE,,,,50.0,6.95,19.8,5,MISSING_LOAD_PANEL_NODE,false,SLAB
N,800808,NODE,,,,51.15,7.25,19.8,5,MISSING_LOAD_PANEL_NODE,false,SLAB
N,800809,NODE,,,,51.15,7.55,19.8,5,MISSING_LOAD_PANEL_NODE,false,SLAB
N,800810,NODE,,,,50.0,7.55,19.8,5,MISSING_LOAD_PANEL_NODE,false,SLAB
N,800811,NODE,,,,51.15,9.05,19.8,5,MISSING_LOAD_PANEL_NODE,false,SLAB
N,800812,NODE,,,,50.0,9.05,19.8,5,MISSING_LOAD_PANEL_NODE,false,SLAB
N,800813,NODE,,,,51.15,10.15,19.8,5,MISSING_LOAD_PANEL_NODE,false,SLAB
N,800814,NODE,,,,50.0,10.15,19.8,5,MISSING_LOAD_PANEL_NODE,false,SLAB
N,800815,NODE,,,,51.15,11.11,19.8,5,MISSING_LOAD_PANEL_NODE,false,SLAB
N,800816,NODE,,,,50.0,11.11,19.8,5,MISSING_LOAD_PANEL_NODE,false,SLAB
N,800817,NODE,,,,51.15,11.865,19.8,5,MISSING_LOAD_PANEL_NODE,false,SLAB
N,800818,NODE,,,,50.0,11.865,19.8,5,MISSING_LOAD_PANEL_NODE,false,SLAB
N,800819,NODE,,,,51.15,11.885,19.8,5,MISSING_LOAD_PANEL_NODE,false,SLAB
N,800820,NODE,,,,50.0,11.885,19.8,5,MISSING_LOAD_PANEL_NODE,false,SLAB
N,800821,NODE,,,,51.15,12.82,19.8,5,MISSING_LOAD_PANEL_NODE,false,SLAB
N,800822,NODE,,,,50.0,12.82,19.8,5,MISSING_LOAD_PANEL_NODE,false,SLAB
N,800823,NODE,,,,51.15,15.85,19.8,5,MISSING_LOAD_PANEL_NODE,false,SLAB
N,800824,NODE,,,,50.0,15.85,19.8,5,MISSING_LOAD_PANEL_NODE,false,SLAB
E,1,COLUMN,1,100001,,,,,,MANUAL,,,,
E,2,COLUMN,101,100101,,,,,,MANUAL,,,,
E,3,COLUMN,201,100201,,,,,,MANUAL,,,,
E,4,COLUMN,1001,101001,,,,,,MANUAL,,,,
E,5,COLUMN,1101,101101,,,,,,MANUAL,,,,
E,6,COLUMN,1201,101201,,,,,,MANUAL,,,,
E,7,COLUMN,2001,102001,,,,,,MANUAL,,,,
E,8,COLUMN,2101,102101,,,,,,MANUAL,,,,
E,9,COLUMN,2201,102201,,,,,,MANUAL,,,,
E,10,COLUMN,700001,701001,,,,,,MANUAL,,,,
E,11,COLUMN,700002,701002,,,,,,MANUAL,,,,
E,12,COLUMN,700003,701003,,,,,,MANUAL,,,,
E,13,COLUMN,700004,701004,,,,,,MANUAL,,,,
E,14,COLUMN,700005,701005,,,,,,MANUAL,,,,
E,15,COLUMN,700006,701006,,,,,,MANUAL,,,,
E,16,COLUMN,700007,701007,,,,,,MANUAL,,,,
E,17,COLUMN,700008,701008,,,,,,MANUAL,,,,
E,18,COLUMN,100001,200001,,,,,,MANUAL,,,,
E,19,COLUMN,100101,200101,,,,,,MANUAL,,,,
E,20,COLUMN,100201,200201,,,,,,MANUAL,,,,
E,21,COLUMN,100301,200301,,,,,,MANUAL,,,,
E,22,COLUMN,100401,200401,,,,,,MANUAL,,,,
E,23,COLUMN,100451,200451,,,,,,MANUAL,,,,
E,24,COLUMN,101001,201001,,,,,,MANUAL,,,,
E,25,COLUMN,101101,201101,,,,,,MANUAL,,,,
E,26,COLUMN,101201,201201,,,,,,MANUAL,,,,
E,27,COLUMN,101301,201301,,,,,,MANUAL,,,,
E,28,COLUMN,101401,201401,,,,,,MANUAL,,,,
E,29,COLUMN,101451,201451,,,,,,MANUAL,,,,
E,30,COLUMN,102001,202001,,,,,,MANUAL,,,,
E,31,COLUMN,102101,202101,,,,,,MANUAL,,,,
E,32,COLUMN,102201,202201,,,,,,MANUAL,,,,
E,33,COLUMN,102301,202301,,,,,,MANUAL,,,,
E,34,COLUMN,102401,202401,,,,,,MANUAL,,,,
E,35,COLUMN,102451,202451,,,,,,MANUAL,,,,
E,36,COLUMN,701001,702001,,,,,,MANUAL,,,,
E,37,COLUMN,701002,702002,,,,,,MANUAL,,,,
E,38,COLUMN,701003,702003,,,,,,MANUAL,,,,
E,39,COLUMN,701004,702004,,,,,,MANUAL,,,,
E,40,COLUMN,701005,702005,,,,,,MANUAL,,,,
E,41,COLUMN,701006,702006,,,,,,MANUAL,,,,
E,42,COLUMN,701007,702007,,,,,,MANUAL,,,,
E,43,COLUMN,701008,702008,,,,,,MANUAL,,,,
E,44,COLUMN,200001,300001,,,,,,MANUAL,,,,
E,45,COLUMN,200101,300101,,,,,,MANUAL,,,,
E,46,COLUMN,200201,300201,,,,,,MANUAL,,,,
E,47,COLUMN,200301,300301,,,,,,MANUAL,,,,
E,48,COLUMN,200401,300401,,,,,,MANUAL,,,,
E,49,COLUMN,200451,300451,,,,,,MANUAL,,,,
E,50,COLUMN,201001,301001,,,,,,MANUAL,,,,
E,51,COLUMN,201101,301101,,,,,,MANUAL,,,,
E,52,COLUMN,201201,301201,,,,,,MANUAL,,,,
E,53,COLUMN,201301,301301,,,,,,MANUAL,,,,
E,54,COLUMN,201401,301401,,,,,,MANUAL,,,,
E,55,COLUMN,201451,301451,,,,,,MANUAL,,,,
E,56,COLUMN,202001,302001,,,,,,MANUAL,,,,
E,57,COLUMN,202101,302101,,,,,,MANUAL,,,,
E,58,COLUMN,202201,302201,,,,,,MANUAL,,,,
E,59,COLUMN,202301,302301,,,,,,MANUAL,,,,
E,60,COLUMN,202401,302401,,,,,,MANUAL,,,,
E,61,COLUMN,202451,302451,,,,,,MANUAL,,,,
E,62,COLUMN,702001,703001,,,,,,MANUAL,,,,
E,63,COLUMN,702002,703002,,,,,,MANUAL,,,,
E,64,COLUMN,702003,703003,,,,,,MANUAL,,,,
E,65,COLUMN,702004,703004,,,,,,MANUAL,,,,
E,66,COLUMN,702005,703005,,,,,,MANUAL,,,,
E,67,COLUMN,702006,703006,,,,,,MANUAL,,,,
E,68,COLUMN,702007,703007,,,,,,MANUAL,,,,
E,69,COLUMN,702008,703008,,,,,,MANUAL,,,,
E,70,COLUMN,300001,400001,,,,,,MANUAL,,,,
E,71,COLUMN,300101,400101,,,,,,MANUAL,,,,
E,72,COLUMN,300201,400201,,,,,,MANUAL,,,,
E,73,COLUMN,300301,400301,,,,,,MANUAL,,,,
E,74,COLUMN,300401,400401,,,,,,MANUAL,,,,
E,75,COLUMN,300451,400451,,,,,,MANUAL,,,,
E,76,COLUMN,301001,401001,,,,,,MANUAL,,,,
E,77,COLUMN,301101,401101,,,,,,MANUAL,,,,
E,78,COLUMN,301201,401201,,,,,,MANUAL,,,,
E,79,COLUMN,301301,401301,,,,,,MANUAL,,,,
E,80,COLUMN,301401,401401,,,,,,MANUAL,,,,
E,81,COLUMN,301451,401451,,,,,,MANUAL,,,,
E,82,COLUMN,302001,402001,,,,,,MANUAL,,,,
E,83,COLUMN,302101,402101,,,,,,MANUAL,,,,
E,84,COLUMN,302201,402201,,,,,,MANUAL,,,,
E,85,COLUMN,302301,402301,,,,,,MANUAL,,,,
E,86,COLUMN,302401,402401,,,,,,MANUAL,,,,
E,87,COLUMN,302451,402451,,,,,,MANUAL,,,,
E,88,COLUMN,703001,704001,,,,,,MANUAL,,,,
E,89,COLUMN,703002,704002,,,,,,MANUAL,,,,
E,90,COLUMN,703003,704003,,,,,,MANUAL,,,,
E,91,COLUMN,703004,704004,,,,,,MANUAL,,,,
E,92,COLUMN,703005,704005,,,,,,MANUAL,,,,
E,93,COLUMN,703006,704006,,,,,,MANUAL,,,,
E,94,COLUMN,703007,704007,,,,,,MANUAL,,,,
E,95,COLUMN,703008,704008,,,,,,MANUAL,,,,
E,96,COLUMN,400001,500001,,,,,,MANUAL,,,,
E,97,COLUMN,400101,500101,,,,,,MANUAL,,,,
E,98,COLUMN,400201,500201,,,,,,MANUAL,,,,
E,99,COLUMN,400301,500301,,,,,,MANUAL,,,,
E,100,COLUMN,400401,500401,,,,,,MANUAL,,,,
E,101,COLUMN,400451,500451,,,,,,MANUAL,,,,
E,102,COLUMN,400501,500501,,,,,,MANUAL,,,,
E,103,COLUMN,401001,501001,,,,,,MANUAL,,,,
E,104,COLUMN,401101,501101,,,,,,MANUAL,,,,
E,105,COLUMN,401201,501201,,,,,,MANUAL,,,,
E,106,COLUMN,401301,501301,,,,,,MANUAL,,,,
E,107,COLUMN,401401,501401,,,,,,MANUAL,,,,
E,108,COLUMN,401451,501451,,,,,,MANUAL,,,,
E,109,COLUMN,401501,501501,,,,,,MANUAL,,,,
E,110,COLUMN,402001,502001,,,,,,MANUAL,,,,
E,111,COLUMN,402101,502101,,,,,,MANUAL,,,,
E,112,COLUMN,402201,502201,,,,,,MANUAL,,,,
E,113,COLUMN,402301,502301,,,,,,MANUAL,,,,
E,114,COLUMN,402401,502401,,,,,,MANUAL,,,,
E,115,COLUMN,402451,502451,,,,,,MANUAL,,,,
E,116,COLUMN,402501,502501,,,,,,MANUAL,,,,
E,117,COLUMN,704001,705001,,,,,,MANUAL,,,,
E,118,COLUMN,704002,705002,,,,,,MANUAL,,,,
E,119,COLUMN,704003,705003,,,,,,MANUAL,,,,
E,120,COLUMN,704004,705004,,,,,,MANUAL,,,,
E,121,COLUMN,704005,705005,,,,,,MANUAL,,,,
E,122,COLUMN,704006,705006,,,,,,MANUAL,,,,
E,123,COLUMN,704007,705007,,,,,,MANUAL,,,,
E,124,COLUMN,704008,705008,,,,,,MANUAL,,,,
E,125,WALL,600001,600002,,,,,,MANUAL_WALL,,,,
E,126,WALL,600002,600003,,,,,,MANUAL_WALL,,,,
E,127,WALL,600003,600004,,,,,,MANUAL_WALL,,,,
E,128,WALL,600004,600005,,,,,,MANUAL_WALL,,,,
E,129,WALL,600005,600006,,,,,,MANUAL_WALL,,,,
E,130,WALL,601001,601002,,,,,,MANUAL_WALL,,,,
E,131,WALL,601002,601003,,,,,,MANUAL_WALL,,,,
E,132,WALL,601003,601004,,,,,,MANUAL_WALL,,,,
E,133,WALL,601004,601005,,,,,,MANUAL_WALL,,,,
E,134,WALL,601005,601006,,,,,,MANUAL_WALL,,,,
E,135,WALL,602001,602002,,,,,,MANUAL_WALL,,,,
E,136,WALL,602002,602003,,,,,,MANUAL_WALL,,,,
E,137,WALL,602003,602004,,,,,,MANUAL_WALL,,,,
E,138,WALL,602004,602005,,,,,,MANUAL_WALL,,,,
E,139,WALL,602005,602006,,,,,,MANUAL_WALL,,,,
E,140,WALL,603001,603002,,,,,,MANUAL_WALL,,,,
E,141,WALL,603002,603003,,,,,,MANUAL_WALL,,,,
E,142,WALL,603003,603004,,,,,,MANUAL_WALL,,,,
E,143,WALL,603004,603005,,,,,,MANUAL_WALL,,,,
E,144,WALL,603005,603006,,,,,,MANUAL_WALL,,,,
E,145,WALL,604001,604002,,,,,,MANUAL_WALL,,,,
E,146,WALL,604002,604003,,,,,,MANUAL_WALL,,,,
E,147,WALL,604003,604004,,,,,,MANUAL_WALL,,,,
E,148,WALL,604004,606005,,,,,,MANUAL_WALL,,,,
E,149,WALL,606005,604006,,,,,,MANUAL_WALL,,,,
E,150,WALL,605001,605002,,,,,,MANUAL_WALL,,,,
E,151,WALL,605002,605003,,,,,,MANUAL_WALL,,,,
E,152,WALL,605003,605004,,,,,,MANUAL_WALL,,,,
E,153,WALL,605004,704003,,,,,,MANUAL_WALL,,,,
E,154,WALL,604005,606006,,,,,,MANUAL_WALL,,,,
E,155,WALL,607001,607002,,,,,,MANUAL_WALL,,,,
E,156,WALL,607002,607003,,,,,,MANUAL_WALL,,,,
E,157,WALL,607003,607004,,,,,,MANUAL_WALL,,,,
E,158,WALL,607004,607005,,,,,,MANUAL_WALL,,,,
E,159,WALL,607005,608006,,,,,,MANUAL_WALL,,,,
E,160,WALL,608001,608002,,,,,,MANUAL_WALL,,,,
E,161,WALL,608002,608003,,,,,,MANUAL_WALL,,,,
E,162,WALL,608003,608004,,,,,,MANUAL_WALL,,,,
E,163,WALL,608004,608005,,,,,,MANUAL_WALL,,,,
E,164,WALL,608005,607006,,,,,,MANUAL_WALL,,,,
E,165,WALL,609002,609003,,,,,,MANUAL_WALL,,,,
E,166,WALL,609003,609004,,,,,,MANUAL_WALL,,,,
E,167,WALL,609004,609005,,,,,,MANUAL_WALL,,,,
E,168,WALL,609005,611006,,,,,,MANUAL_WALL,,,,
E,169,WALL,610001,610002,,,,,,MANUAL_WALL,,,,
E,170,WALL,610002,610003,,,,,,MANUAL_WALL,,,,
E,171,WALL,610003,610004,,,,,,MANUAL_WALL,,,,
E,172,WALL,610004,610005,,,,,,MANUAL_WALL,,,,
E,173,WALL,610005,610006,,,,,,MANUAL_WALL,,,,
E,174,WALL,611001,611002,,,,,,MANUAL_WALL,,,,
E,175,WALL,611002,611003,,,,,,MANUAL_WALL,,,,
E,176,WALL,611003,611004,,,,,,MANUAL_WALL,,,,
E,177,WALL,611004,611005,,,,,,MANUAL_WALL,,,,
E,178,WALL,611005,609006,,,,,,MANUAL_WALL,,,,
E,179,WALL,1,612002,,,,,,MANUAL_WALL,,,,
E,180,WALL,612002,612003,,,,,,MANUAL_WALL,,,,
E,181,WALL,612003,612004,,,,,,MANUAL_WALL,,,,
E,182,WALL,612004,612005,,,,,,MANUAL_WALL,,,,
E,183,WALL,612005,501001,,,,,,MANUAL_WALL,,,,
E,184,WALL,614001,613002,,,,,,MANUAL_WALL,,,,
E,185,WALL,613002,613003,,,,,,MANUAL_WALL,,,,
E,186,WALL,613003,613004,,,,,,MANUAL_WALL,,,,
E,187,WALL,613004,613005,,,,,,MANUAL_WALL,,,,
E,188,WALL,613005,613006,,,,,,MANUAL_WALL,,,,
E,189,WALL,613001,614002,,,,,,MANUAL_WALL,,,,
E,190,WALL,614002,614003,,,,,,MANUAL_WALL,,,,
E,191,WALL,614003,614004,,,,,,MANUAL_WALL,,,,
E,192,WALL,614004,614005,,,,,,MANUAL_WALL,,,,
E,193,WALL,614005,614006,,,,,,MANUAL_WALL,,,,
E,194,WALL,615001,615002,,,,,,MANUAL_WALL,,,,
E,195,WALL,615002,615003,,,,,,MANUAL_WALL,,,,
E,196,WALL,615003,615004,,,,,,MANUAL_WALL,,,,
E,197,WALL,615004,615005,,,,,,MANUAL_WALL,,,,
E,198,WALL,615005,615006,,,,,,MANUAL_WALL,,,,
E,199,WALL,616001,616002,,,,,,MANUAL_WALL,,,,
E,200,WALL,2001,617002,,,,,,MANUAL_WALL,,,,
E,201,WALL,618001,619002,,,,,,MANUAL_WALL,,,,
E,202,WALL,101,618002,,,,,,MANUAL_WALL,,,,
E,203,WALL,621001,100101,,,,,,MANUAL_WALL,,,,
E,204,WALL,620001,102001,,,,,,MANUAL_WALL,,,,
E,205,WALL,102301,202451,,,,,,MANUAL_WALL,,,,
E,206,WALL,100401,202401,,,,,,MANUAL_WALL,,,,
E,359,STEEL_COLUMN_SHS300x20,900017,900118,,,,,,STRUCTURAL_MANUAL,,,,
E,360,STEEL_COLUMN_SHS300x20,900018,900119,,,,,,STRUCTURAL_MANUAL,,,,
E,361,STEEL_COLUMN_SHS300x20,900037,900049,,,,,,STRUCTURAL_MANUAL,,,,
E,362,STEEL_COLUMN_SHS300x20,900038,900050,,,,,,STRUCTURAL_MANUAL,,,,
E,207,BEAM_X,900000,601002,,,,,,SPLIT_INTERSECTION,,,,
E,363,BEAM_X,601002,900009,,,,,,SPLIT_INTERSECTION,,,,
E,364,BEAM_X,900009,900011,,,,,,SPLIT_INTERSECTION,,,,
E,365,BEAM_X,900011,701007,,,,,,SPLIT_INTERSECTION,,,,
E,366,BEAM_X,701007,900013,,,,,,SPLIT_INTERSECTION,,,,
E,367,BEAM_X,900013,701008,,,,,,SPLIT_INTERSECTION,,,,
E,368,BEAM_X,701008,900015,,,,,,SPLIT_INTERSECTION,,,,
E,369,BEAM_X,900015,900001,,,,,,SPLIT_INTERSECTION,,,,
E,208,BEAM_X,701004,900133,,,,,,SPLIT_INTERSECTION,,,,
E,370,BEAM_X,900133,701005,,,,,,SPLIT_INTERSECTION,,,,
E,371,BEAM_X,701005,900134,,,,,,SPLIT_INTERSECTION,,,,
E,372,BEAM_X,900134,701006,,,,,,SPLIT_INTERSECTION,,,,
E,373,BEAM_X,701006,900135,,,,,,SPLIT_INTERSECTION,,,,
E,374,BEAM_X,900135,900002,,,,,,SPLIT_INTERSECTION,,,,
E,209,BEAM_X,900003,603002,,,,,,SPLIT_INTERSECTION,,,,
E,375,BEAM_X,603002,900010,,,,,,SPLIT_INTERSECTION,,,,
E,376,BEAM_X,900010,900012,,,,,,SPLIT_INTERSECTION,,,,
E,377,BEAM_X,900012,701001,,,,,,SPLIT_INTERSECTION,,,,
E,378,BEAM_X,701001,900014,,,,,,SPLIT_INTERSECTION,,,,
E,379,BEAM_X,900014,701002,,,,,,SPLIT_INTERSECTION,,,,
E,380,BEAM_X,701002,900016,,,,,,SPLIT_INTERSECTION,,,,
E,381,BEAM_X,900016,900004,,,,,,SPLIT_INTERSECTION,,,,
E,210,BEAM_X,900005,900136,,,,,,SPLIT_INTERSECTION,,,,
E,382,BEAM_X,900136,900006,,,,,,SPLIT_INTERSECTION,,,,
E,211,BEAM_X,900007,900137,,,,,,SPLIT_INTERSECTION,,,,
E,383,BEAM_X,900137,900008,,,,,,SPLIT_INTERSECTION,,,,
E,212,BEAM_Y,900000,900007,,,,,,SPLIT_INTERSECTION,,,,
E,384,BEAM_Y,900007,900005,,,,,,SPLIT_INTERSECTION,,,,
E,385,BEAM_Y,900005,602002,,,,,,SPLIT_INTERSECTION,,,,
E,386,BEAM_Y,602002,900003,,,,,,SPLIT_INTERSECTION,,,,
E,213,BEAM_Y,900009,900137,,,,,,SPLIT_INTERSECTION,,,,
E,387,BEAM_Y,900137,701004,,,,,,SPLIT_INTERSECTION,,,,
E,388,BEAM_Y,701004,900136,,,,,,SPLIT_INTERSECTION,,,,
E,389,BEAM_Y,900136,900010,,,,,,SPLIT_INTERSECTION,,,,
E,214,BEAM_Y,701007,701005,,,,,,SPLIT_INTERSECTION,,,,
E,390,BEAM_Y,701005,701001,,,,,,SPLIT_INTERSECTION,,,,
E,215,BEAM_Y,701008,701006,,,,,,SPLIT_INTERSECTION,,,,
E,391,BEAM_Y,701006,701002,,,,,,SPLIT_INTERSECTION,,,,
E,216,BEAM_Y,900011,900008,,,,,,SPLIT_INTERSECTION,,,,
E,392,BEAM_Y,900008,900133,,,,,,SPLIT_INTERSECTION,,,,
E,393,BEAM_Y,900133,900006,,,,,,SPLIT_INTERSECTION,,,,
E,394,BEAM_Y,900006,900012,,,,,,SPLIT_INTERSECTION,,,,
E,217,BEAM_Y,900013,900134,,,,,,SPLIT_INTERSECTION,,,,
E,395,BEAM_Y,900134,900014,,,,,,SPLIT_INTERSECTION,,,,
E,218,BEAM_Y,900015,900135,,,,,,SPLIT_INTERSECTION,,,,
E,396,BEAM_Y,900135,900016,,,,,,SPLIT_INTERSECTION,,,,
E,219,BEAM_Y,900001,612002,,,,,,SPLIT_INTERSECTION,,,,
E,397,BEAM_Y,612002,900002,,,,,,SPLIT_INTERSECTION,,,,
E,398,BEAM_Y,900002,609002,,,,,,SPLIT_INTERSECTION,,,,
E,399,BEAM_Y,609002,900004,,,,,,SPLIT_INTERSECTION,,,,
E,220,BEAM_X,100001,100101,,,,,,MANUAL,,,,
E,221,BEAM_X,101001,101101,,,,,,MANUAL,,,,
E,222,BEAM_X,102001,102101,,,,,,MANUAL,,,,
E,223,BEAM_Y,100001,101001,,,,,,MANUAL,,,,
E,224,BEAM_Y,101001,102001,,,,,,MANUAL,,,,
E,225,BEAM_Y,100101,101101,,,,,,MANUAL,,,,
E,226,BEAM_Y,101101,102101,,,,,,MANUAL,,,,
E,227,BEAM_X,200001,200101,,,,,,SPLIT_INTERSECTION,,,,
E,400,BEAM_X,200101,900019,,,,,,SPLIT_INTERSECTION,,,,
E,401,BEAM_X,900019,900024,,,,,,SPLIT_INTERSECTION,,,,
E,402,BEAM_X,900024,200201,,,,,,SPLIT_INTERSECTION,,,,
E,403,BEAM_X,200201,900021,,,,,,SPLIT_INTERSECTION,,,,
E,404,BEAM_X,900021,200301,,,,,,SPLIT_INTERSECTION,,,,
E,405,BEAM_X,200301,900025,,,,,,SPLIT_INTERSECTION,,,,
E,406,BEAM_X,900025,200401,,,,,,SPLIT_INTERSECTION,,,,
E,407,BEAM_X,200401,200451,,,,,,SPLIT_INTERSECTION,,,,
E,228,BEAM_X,201001,201101,,,,,,SPLIT_INTERSECTION,,,,
E,408,BEAM_X,201101,900138,,,,,,SPLIT_INTERSECTION,,,,
E,409,BEAM_X,900138,900023,,,,,,SPLIT_INTERSECTION,,,,
E,410,BEAM_X,900023,201201,,,,,,SPLIT_INTERSECTION,,,,
E,411,BEAM_X,201201,900139,,,,,,SPLIT_INTERSECTION,,,,
E,412,BEAM_X,900139,201301,,,,,,SPLIT_INTERSECTION,,,,
E,413,BEAM_X,201301,900140,,,,,,SPLIT_INTERSECTION,,,,
E,414,BEAM_X,900140,201401,,,,,,SPLIT_INTERSECTION,,,,
E,415,BEAM_X,201401,201451,,,,,,SPLIT_INTERSECTION,,,,
E,229,BEAM_X,202001,202101,,,,,,SPLIT_INTERSECTION,,,,
E,416,BEAM_X,202101,900020,,,,,,SPLIT_INTERSECTION,,,,
E,417,BEAM_X,900020,202201,,,,,,SPLIT_INTERSECTION,,,,
E,418,BEAM_X,202201,900022,,,,,,SPLIT_INTERSECTION,,,,
E,419,BEAM_X,900022,202301,,,,,,SPLIT_INTERSECTION,,,,
E,420,BEAM_X,202301,900026,,,,,,SPLIT_INTERSECTION,,,,
E,421,BEAM_X,900026,202401,,,,,,SPLIT_INTERSECTION,,,,
E,422,BEAM_X,202401,202451,,,,,,SPLIT_INTERSECTION,,,,
E,230,BEAM_X,900017,900018,,,,,,MANUAL,,,,
E,231,BEAM_Y,200001,201001,,,,,,SPLIT_INTERSECTION,,,,
E,423,BEAM_Y,201001,202001,,,,,,SPLIT_INTERSECTION,,,,
E,232,BEAM_Y,200101,201101,,,,,,SPLIT_INTERSECTION,,,,
E,424,BEAM_Y,201101,202101,,,,,,SPLIT_INTERSECTION,,,,
E,233,BEAM_Y,200201,201201,,,,,,SPLIT_INTERSECTION,,,,
E,425,BEAM_Y,201201,202201,,,,,,SPLIT_INTERSECTION,,,,
E,234,BEAM_Y,200301,201301,,,,,,SPLIT_INTERSECTION,,,,
E,426,BEAM_Y,201301,202301,,,,,,SPLIT_INTERSECTION,,,,
E,235,BEAM_Y,200401,201401,,,,,,SPLIT_INTERSECTION,,,,
E,427,BEAM_Y,201401,202401,,,,,,SPLIT_INTERSECTION,,,,
E,236,BEAM_Y,200451,201451,,,,,,SPLIT_INTERSECTION,,,,
E,428,BEAM_Y,201451,202451,,,,,,SPLIT_INTERSECTION,,,,
E,237,BEAM_Y,900017,200101,,,,,,MANUAL,,,,
E,238,BEAM_Y,900019,900138,,,,,,SPLIT_INTERSECTION,,,,
E,429,BEAM_Y,900138,900020,,,,,,SPLIT_INTERSECTION,,,,
E,239,BEAM_Y,900021,900139,,,,,,SPLIT_INTERSECTION,,,,
E,430,BEAM_Y,900139,900022,,,,,,SPLIT_INTERSECTION,,,,
E,240,BEAM_Y,900018,900024,,,,,,SPLIT_INTERSECTION,,,,
E,241,BEAM_Y,900024,900023,,,,,,MANUAL,,,0.6,0.8
E,242,BEAM_Y,900025,900140,,,,,,SPLIT_INTERSECTION,,,,
E,432,BEAM_Y,900140,900026,,,,,,SPLIT_INTERSECTION,,,,
E,243,BEAM_Y,300201,900027,,,,,,MANUAL,,,,
E,244,BEAM_Y,900028,900029,,,,,,MANUAL,,,,
E,245,BEAM_Y,300301,900030,,,,,,MANUAL,,,,
E,246,BEAM_Y,900031,900032,,,,,,MANUAL,,,0.6,0.8
E,247,BEAM_SMALL,900027,900029,,,,,,MANUAL,,,,
E,248,BEAM_SMALL,900029,900030,,,,,,MANUAL,,,,
E,249,BEAM_Y,400101,900033,,,,,,MANUAL,,,,
E,250,BEAM_Y,900034,900035,,,,,,MANUAL,,,,
E,251,BEAM_VARIABLE,900033,900035,,,,,,MANUAL,,,,
E,252,BEAM_Y,900034,900036,,,,,,MANUAL,,,,
E,253,BEAM_Y,400201,900037,,,,,,MANUAL,,,,
E,254,BEAM_Y,400301,900038,,,,,,MANUAL,,,,
E,255,BEAM_X,900037,900038,,,,,,MANUAL,,,,
E,256,BEAM_X,402451,900040,,,,,,SPLIT_INTERSECTION,,,,
E,433,BEAM_X,900040,402501,,,,,,SPLIT_INTERSECTION,,,,
E,257,BEAM_X,401451,900141,,,,,,SPLIT_INTERSECTION,,,,
E,434,BEAM_X,900141,401501,,,,,,SPLIT_INTERSECTION,,,,
E,258,BEAM_X,400451,900039,,,,,,SPLIT_INTERSECTION,,,,
E,435,BEAM_X,900039,400501,,,,,,SPLIT_INTERSECTION,,,,
E,259,BEAM_40x60,900039,900141,,,,,,SPLIT_INTERSECTION,,,,
E,436,BEAM_40x60,900141,900040,,,,,,SPLIT_INTERSECTION,,,,
E,260,BEAM_Y,400501,401501,,,,,,SPLIT_INTERSECTION,,,,
E,437,BEAM_Y,401501,402501,,,,,,SPLIT_INTERSECTION,,,,
E,261,BEAM_X,502001,502101,,,,,,SPLIT_INTERSECTION,,,,
E,438,BEAM_X,502101,900042,,,,,,SPLIT_INTERSECTION,,,,
E,439,BEAM_X,900042,502201,,,,,,SPLIT_INTERSECTION,,,,
E,440,BEAM_X,502201,900044,,,,,,SPLIT_INTERSECTION,,,,
E,441,BEAM_X,900044,502301,,,,,,SPLIT_INTERSECTION,,,,
E,442,BEAM_X,502301,900046,,,,,,SPLIT_INTERSECTION,,,,
E,443,BEAM_X,900046,502401,,,,,,SPLIT_INTERSECTION,,,,
E,444,BEAM_X,502401,502451,,,,,,SPLIT_INTERSECTION,,,,
E,445,BEAM_X,502451,900048,,,,,,SPLIT_INTERSECTION,,,,
E,446,BEAM_X,900048,502501,,,,,,SPLIT_INTERSECTION,,,,
E,262,BEAM_X,501001,501101,,,,,,SPLIT_INTERSECTION,,,,
E,447,BEAM_X,501101,900142,,,,,,SPLIT_INTERSECTION,,,,
E,448,BEAM_X,900142,501201,,,,,,SPLIT_INTERSECTION,,,,
E,449,BEAM_X,501201,900143,,,,,,SPLIT_INTERSECTION,,,,
E,450,BEAM_X,900143,501301,,,,,,SPLIT_INTERSECTION,,,,
E,451,BEAM_X,501301,900144,,,,,,SPLIT_INTERSECTION,,,,
E,452,BEAM_X,900144,501401,,,,,,SPLIT_INTERSECTION,,,,
E,453,BEAM_X,501401,501451,,,,,,SPLIT_INTERSECTION,,,,
E,454,BEAM_X,501451,900145,,,,,,SPLIT_INTERSECTION,,,,
E,455,BEAM_X,900145,501501,,,,,,SPLIT_INTERSECTION,,,,
E,263,BEAM_X,500001,500101,,,,,,SPLIT_INTERSECTION,,,,
E,456,BEAM_X,500101,900041,,,,,,SPLIT_INTERSECTION,,,,
E,457,BEAM_X,900041,500201,,,,,,SPLIT_INTERSECTION,,,,
E,458,BEAM_X,500201,900043,,,,,,SPLIT_INTERSECTION,,,,
E,459,BEAM_X,900043,500301,,,,,,SPLIT_INTERSECTION,,,,
E,460,BEAM_X,500301,900045,,,,,,SPLIT_INTERSECTION,,,,
E,461,BEAM_X,900045,500401,,,,,,SPLIT_INTERSECTION,,,,
E,462,BEAM_X,500401,500451,,,,,,SPLIT_INTERSECTION,,,,
E,463,BEAM_X,500451,900047,,,,,,SPLIT_INTERSECTION,,,,
E,464,BEAM_X,900047,500501,,,,,,SPLIT_INTERSECTION,,,,
E,264,BEAM_Y,500001,501001,,,,,,SPLIT_INTERSECTION,,,,
E,465,BEAM_Y,501001,502001,,,,,,SPLIT_INTERSECTION,,,,
E,265,BEAM_Y,500101,501101,,,,,,SPLIT_INTERSECTION,,,,
E,466,BEAM_Y,501101,502101,,,,,,SPLIT_INTERSECTION,,,,
E,266,BEAM_Y,500201,501201,,,,,,SPLIT_INTERSECTION,,,,
E,467,BEAM_Y,501201,502201,,,,,,SPLIT_INTERSECTION,,,,
E,267,BEAM_Y,500301,501301,,,,,,SPLIT_INTERSECTION,,,,
E,468,BEAM_Y,501301,502301,,,,,,SPLIT_INTERSECTION,,,,
E,268,BEAM_Y,500401,501401,,,,,,SPLIT_INTERSECTION,,,,
E,469,BEAM_Y,501401,502401,,,,,,SPLIT_INTERSECTION,,,,
E,269,BEAM_Y,500451,501451,,,,,,SPLIT_INTERSECTION,,,,
E,470,BEAM_Y,501451,502451,,,,,,SPLIT_INTERSECTION,,,,
E,270,BEAM_Y,500501,501501,,,,,,SPLIT_INTERSECTION,,,,
E,471,BEAM_Y,501501,502501,,,,,,SPLIT_INTERSECTION,,,,
E,271,BEAM_Y,900041,900142,,,,,,SPLIT_INTERSECTION,,,,
E,472,BEAM_Y,900142,900042,,,,,,SPLIT_INTERSECTION,,,,
E,272,BEAM_Y,900043,900143,,,,,,SPLIT_INTERSECTION,,,,
E,473,BEAM_Y,900143,900044,,,,,,SPLIT_INTERSECTION,,,,
E,273,BEAM_Y,900045,900144,,,,,,SPLIT_INTERSECTION,,,,
E,474,BEAM_Y,900144,900046,,,,,,SPLIT_INTERSECTION,,,,
E,274,BEAM_Y,900047,900145,,,,,,SPLIT_INTERSECTION,,,,
E,475,BEAM_Y,900145,900048,,,,,,SPLIT_INTERSECTION,,,,
E,275,BEAM_Y,900049,500201,,,,,,MANUAL,,,,
E,276,BEAM_Y,900050,500301,,,,,,MANUAL,,,,
E,277,BEAM_X,900049,900050,,,,,,MANUAL,,,,
E,278,BEAM_X,900051,601003,,,,,,SPLIT_INTERSECTION,,,,
E,476,BEAM_X,601003,900060,,,,,,SPLIT_INTERSECTION,,,,
E,477,BEAM_X,900060,900062,,,,,,SPLIT_INTERSECTION,,,,
E,478,BEAM_X,900062,702007,,,,,,SPLIT_INTERSECTION,,,,
E,479,BEAM_X,702007,900064,,,,,,SPLIT_INTERSECTION,,,,
E,480,BEAM_X,900064,702008,,,,,,SPLIT_INTERSECTION,,,,
E,481,BEAM_X,702008,900066,,,,,,SPLIT_INTERSECTION,,,,
E,482,BEAM_X,900066,900052,,,,,,SPLIT_INTERSECTION,,,,
E,279,BEAM_X,702004,900146,,,,,,SPLIT_INTERSECTION,,,,
E,483,BEAM_X,900146,702005,,,,,,SPLIT_INTERSECTION,,,,
E,484,BEAM_X,702005,900147,,,,,,SPLIT_INTERSECTION,,,,
E,485,BEAM_X,900147,702006,,,,,,SPLIT_INTERSECTION,,,,
E,486,BEAM_X,702006,900148,,,,,,SPLIT_INTERSECTION,,,,
E,487,BEAM_X,900148,900053,,,,,,SPLIT_INTERSECTION,,,,
E,280,BEAM_X,900054,603003,,,,,,SPLIT_INTERSECTION,,,,
E,488,BEAM_X,603003,900061,,,,,,SPLIT_INTERSECTION,,,,
E,489,BEAM_X,900061,900063,,,,,,SPLIT_INTERSECTION,,,,
E,490,BEAM_X,900063,702001,,,,,,SPLIT_INTERSECTION,,,,
E,491,BEAM_X,702001,900065,,,,,,SPLIT_INTERSECTION,,,,
E,492,BEAM_X,900065,702002,,,,,,SPLIT_INTERSECTION,,,,
E,493,BEAM_X,702002,900067,,,,,,SPLIT_INTERSECTION,,,,
E,494,BEAM_X,900067,900055,,,,,,SPLIT_INTERSECTION,,,,
E,281,BEAM_X,900056,900149,,,,,,SPLIT_INTERSECTION,,,,
E,495,BEAM_X,900149,900057,,,,,,SPLIT_INTERSECTION,,,,
E,282,BEAM_X,900058,900150,,,,,,SPLIT_INTERSECTION,,,,
E,496,BEAM_X,900150,900059,,,,,,SPLIT_INTERSECTION,,,,
E,283,BEAM_Y,900051,600003,,,,,,SPLIT_INTERSECTION,,,,
E,497,BEAM_Y,600003,900058,,,,,,SPLIT_INTERSECTION,,,,
E,498,BEAM_Y,900058,900056,,,,,,SPLIT_INTERSECTION,,,,
E,499,BEAM_Y,900056,602003,,,,,,SPLIT_INTERSECTION,,,,
E,500,BEAM_Y,602003,900054,,,,,,SPLIT_INTERSECTION,,,,
E,284,BEAM_Y,900060,900150,,,,,,SPLIT_INTERSECTION,,,,
E,501,BEAM_Y,900150,702004,,,,,,SPLIT_INTERSECTION,,,,
E,502,BEAM_Y,702004,900149,,,,,,SPLIT_INTERSECTION,,,,
E,503,BEAM_Y,900149,900061,,,,,,SPLIT_INTERSECTION,,,,
E,285,BEAM_Y,702007,702005,,,,,,SPLIT_INTERSECTION,,,,
E,504,BEAM_Y,702005,702001,,,,,,SPLIT_INTERSECTION,,,,
E,286,BEAM_Y,702008,702006,,,,,,SPLIT_INTERSECTION,,,,
E,505,BEAM_Y,702006,702002,,,,,,SPLIT_INTERSECTION,,,,
E,287,BEAM_Y,900062,900059,,,,,,SPLIT_INTERSECTION,,,,
E,506,BEAM_Y,900059,900146,,,,,,SPLIT_INTERSECTION,,,,
E,507,BEAM_Y,900146,900057,,,,,,SPLIT_INTERSECTION,,,,
E,508,BEAM_Y,900057,900063,,,,,,SPLIT_INTERSECTION,,,,
E,288,BEAM_Y,900064,900147,,,,,,SPLIT_INTERSECTION,,,,
E,509,BEAM_Y,900147,900065,,,,,,SPLIT_INTERSECTION,,,,
E,289,BEAM_Y,900066,900148,,,,,,SPLIT_INTERSECTION,,,,
E,510,BEAM_Y,900148,900067,,,,,,SPLIT_INTERSECTION,,,,
E,290,BEAM_Y,900052,612003,,,,,,SPLIT_INTERSECTION,,,,
E,511,BEAM_Y,612003,900053,,,,,,SPLIT_INTERSECTION,,,,
E,512,BEAM_Y,900053,900055,,,,,,SPLIT_INTERSECTION,,,,
E,291,BEAM_X,900068,601004,,,,,,SPLIT_INTERSECTION,,,,
E,513,BEAM_X,601004,900077,,,,,,SPLIT_INTERSECTION,,,,
E,514,BEAM_X,900077,900079,,,,,,SPLIT_INTERSECTION,,,,
E,515,BEAM_X,900079,703007,,,,,,SPLIT_INTERSECTION,,,,
E,516,BEAM_X,703007,900081,,,,,,SPLIT_INTERSECTION,,,,
E,517,BEAM_X,900081,703008,,,,,,SPLIT_INTERSECTION,,,,
E,518,BEAM_X,703008,900083,,,,,,SPLIT_INTERSECTION,,,,
E,519,BEAM_X,900083,900069,,,,,,SPLIT_INTERSECTION,,,,
E,292,BEAM_X,703004,900151,,,,,,SPLIT_INTERSECTION,,,,
E,520,BEAM_X,900151,703005,,,,,,SPLIT_INTERSECTION,,,,
E,521,BEAM_X,703005,900152,,,,,,SPLIT_INTERSECTION,,,,
E,522,BEAM_X,900152,703006,,,,,,SPLIT_INTERSECTION,,,,
E,523,BEAM_X,703006,900153,,,,,,SPLIT_INTERSECTION,,,,
E,524,BEAM_X,900153,900070,,,,,,SPLIT_INTERSECTION,,,,
E,293,BEAM_X,900071,603004,,,,,,SPLIT_INTERSECTION,,,,
E,525,BEAM_X,603004,900078,,,,,,SPLIT_INTERSECTION,,,,
E,526,BEAM_X,900078,900080,,,,,,SPLIT_INTERSECTION,,,,
E,527,BEAM_X,900080,703001,,,,,,SPLIT_INTERSECTION,,,,
E,528,BEAM_X,703001,900082,,,,,,SPLIT_INTERSECTION,,,,
E,529,BEAM_X,900082,703002,,,,,,SPLIT_INTERSECTION,,,,
E,530,BEAM_X,703002,900084,,,,,,SPLIT_INTERSECTION,,,,
E,531,BEAM_X,900084,900072,,,,,,SPLIT_INTERSECTION,,,,
E,294,BEAM_X,900073,900154,,,,,,SPLIT_INTERSECTION,,,,
E,532,BEAM_X,900154,900074,,,,,,SPLIT_INTERSECTION,,,,
E,295,BEAM_X,900075,900155,,,,,,SPLIT_INTERSECTION,,,,
E,533,BEAM_X,900155,900076,,,,,,SPLIT_INTERSECTION,,,,
E,296,BEAM_Y,900068,600004,,,,,,SPLIT_INTERSECTION,,,,
E,534,BEAM_Y,600004,900075,,,,,,SPLIT_INTERSECTION,,,,
E,535,BEAM_Y,900075,900073,,,,,,SPLIT_INTERSECTION,,,,
E,536,BEAM_Y,900073,602004,,,,,,SPLIT_INTERSECTION,,,,
E,537,BEAM_Y,602004,900071,,,,,,SPLIT_INTERSECTION,,,,
E,297,BEAM_Y,900077,900155,,,,,,SPLIT_INTERSECTION,,,,
E,538,BEAM_Y,900155,703004,,,,,,SPLIT_INTERSECTION,,,,
E,539,BEAM_Y,703004,900154,,,,,,SPLIT_INTERSECTION,,,,
E,540,BEAM_Y,900154,900078,,,,,,SPLIT_INTERSECTION,,,,
E,298,BEAM_Y,703007,703005,,,,,,SPLIT_INTERSECTION,,,,
E,541,BEAM_Y,703005,703001,,,,,,SPLIT_INTERSECTION,,,,
E,299,BEAM_Y,703008,703006,,,,,,SPLIT_INTERSECTION,,,,
E,542,BEAM_Y,703006,703002,,,,,,SPLIT_INTERSECTION,,,,
E,300,BEAM_Y,900079,900076,,,,,,SPLIT_INTERSECTION,,,,
E,543,BEAM_Y,900076,900151,,,,,,SPLIT_INTERSECTION,,,,
E,544,BEAM_Y,900151,900074,,,,,,SPLIT_INTERSECTION,,,,
E,545,BEAM_Y,900074,900080,,,,,,SPLIT_INTERSECTION,,,,
E,301,BEAM_Y,900081,900152,,,,,,SPLIT_INTERSECTION,,,,
E,546,BEAM_Y,900152,900082,,,,,,SPLIT_INTERSECTION,,,,
E,302,BEAM_Y,900083,900153,,,,,,SPLIT_INTERSECTION,,,,
E,547,BEAM_Y,900153,900084,,,,,,SPLIT_INTERSECTION,,,,
E,303,BEAM_Y,900069,612004,,,,,,SPLIT_INTERSECTION,,,,
E,548,BEAM_Y,612004,900070,,,,,,SPLIT_INTERSECTION,,,,
E,549,BEAM_Y,900070,900072,,,,,,SPLIT_INTERSECTION,,,,
E,304,BEAM_X,900085,601005,,,,,,SPLIT_INTERSECTION,,,,
E,550,BEAM_X,601005,900094,,,,,,SPLIT_INTERSECTION,,,,
E,551,BEAM_X,900094,900096,,,,,,SPLIT_INTERSECTION,,,,
E,552,BEAM_X,900096,704007,,,,,,SPLIT_INTERSECTION,,,,
E,553,BEAM_X,704007,900098,,,,,,SPLIT_INTERSECTION,,,,
E,554,BEAM_X,900098,704008,,,,,,SPLIT_INTERSECTION,,,,
E,555,BEAM_X,704008,900100,,,,,,SPLIT_INTERSECTION,,,,
E,556,BEAM_X,900100,900086,,,,,,SPLIT_INTERSECTION,,,,
E,305,BEAM_X,704004,900156,,,,,,SPLIT_INTERSECTION,,,,
E,557,BEAM_X,900156,704005,,,,,,SPLIT_INTERSECTION,,,,
E,558,BEAM_X,704005,900157,,,,,,SPLIT_INTERSECTION,,,,
E,559,BEAM_X,900157,704006,,,,,,SPLIT_INTERSECTION,,,,
E,560,BEAM_X,704006,900158,,,,,,SPLIT_INTERSECTION,,,,
E,561,BEAM_X,900158,900087,,,,,,SPLIT_INTERSECTION,,,,
E,306,BEAM_X,900088,603005,,,,,,SPLIT_INTERSECTION,,,,
E,562,BEAM_X,603005,900095,,,,,,SPLIT_INTERSECTION,,,,
E,563,BEAM_X,900095,900097,,,,,,SPLIT_INTERSECTION,,,,
E,564,BEAM_X,900097,704001,,,,,,SPLIT_INTERSECTION,,,,
E,565,BEAM_X,704001,900099,,,,,,SPLIT_INTERSECTION,,,,
E,566,BEAM_X,900099,704002,,,,,,SPLIT_INTERSECTION,,,,
E,567,BEAM_X,704002,900101,,,,,,SPLIT_INTERSECTION,,,,
E,568,BEAM_X,900101,605005,,,,,,SPLIT_INTERSECTION,,,,
E,569,BEAM_X,605005,900089,,,,,,SPLIT_INTERSECTION,,,,
E,307,BEAM_X,900090,900159,,,,,,SPLIT_INTERSECTION,,,,
E,570,BEAM_X,900159,900091,,,,,,SPLIT_INTERSECTION,,,,
E,308,BEAM_X,900092,900160,,,,,,SPLIT_INTERSECTION,,,,
E,571,BEAM_X,900160,900093,,,,,,SPLIT_INTERSECTION,,,,
E,309,BEAM_Y,900085,600005,,,,,,SPLIT_INTERSECTION,,,,
E,572,BEAM_Y,600005,900092,,,,,,SPLIT_INTERSECTION,,,,
E,573,BEAM_Y,900092,900090,,,,,,SPLIT_INTERSECTION,,,,
E,574,BEAM_Y,900090,900088,,,,,,SPLIT_INTERSECTION,,,,
E,310,BEAM_Y,900094,900160,,,,,,SPLIT_INTERSECTION,,,,
E,575,BEAM_Y,900160,704004,,,,,,SPLIT_INTERSECTION,,,,
E,576,BEAM_Y,704004,900159,,,,,,SPLIT_INTERSECTION,,,,
E,577,BEAM_Y,900159,900095,,,,,,SPLIT_INTERSECTION,,,,
E,311,BEAM_Y,704007,704005,,,,,,SPLIT_INTERSECTION,,,,
E,578,BEAM_Y,704005,704001,,,,,,SPLIT_INTERSECTION,,,,
E,312,BEAM_Y,704008,704006,,,,,,SPLIT_INTERSECTION,,,,
E,579,BEAM_Y,704006,704002,,,,,,SPLIT_INTERSECTION,,,,
E,313,BEAM_Y,900096,900093,,,,,,SPLIT_INTERSECTION,,,,
E,580,BEAM_Y,900093,900156,,,,,,SPLIT_INTERSECTION,,,,
E,581,BEAM_Y,900156,900091,,,,,,SPLIT_INTERSECTION,,,,
E,582,BEAM_Y,900091,900097,,,,,,SPLIT_INTERSECTION,,,,
E,314,BEAM_Y,900098,900157,,,,,,SPLIT_INTERSECTION,,,,
E,583,BEAM_Y,900157,900099,,,,,,SPLIT_INTERSECTION,,,,
E,315,BEAM_Y,900100,900158,,,,,,SPLIT_INTERSECTION,,,,
E,584,BEAM_Y,900158,900101,,,,,,SPLIT_INTERSECTION,,,,
E,316,BEAM_Y,900086,612005,,,,,,SPLIT_INTERSECTION,,,,
E,585,BEAM_Y,612005,900087,,,,,,SPLIT_INTERSECTION,,,,
E,586,BEAM_Y,900087,900089,,,,,,SPLIT_INTERSECTION,,,,
E,317,BEAM_X,900102,601006,,,,,,SPLIT_INTERSECTION,,,,
E,587,BEAM_X,601006,900110,,,,,,SPLIT_INTERSECTION,,,,
E,588,BEAM_X,900110,900112,,,,,,SPLIT_INTERSECTION,,,,
E,589,BEAM_X,900112,705007,,,,,,SPLIT_INTERSECTION,,,,
E,590,BEAM_X,705007,900114,,,,,,SPLIT_INTERSECTION,,,,
E,591,BEAM_X,900114,705008,,,,,,SPLIT_INTERSECTION,,,,
E,592,BEAM_X,705008,900116,,,,,,SPLIT_INTERSECTION,,,,
E,593,BEAM_X,900116,900103,,,,,,SPLIT_INTERSECTION,,,,
E,318,BEAM_X,705004,900161,,,,,,SPLIT_INTERSECTION,,,,
E,594,BEAM_X,900161,705005,,,,,,SPLIT_INTERSECTION,,,,
E,595,BEAM_X,705005,900162,,,,,,SPLIT_INTERSECTION,,,,
E,596,BEAM_X,900162,705006,,,,,,SPLIT_INTERSECTION,,,,
E,597,BEAM_X,705006,900163,,,,,,SPLIT_INTERSECTION,,,,
E,598,BEAM_X,900163,612006,,,,,,SPLIT_INTERSECTION,,,,
E,319,BEAM_X,900104,603006,,,,,,SPLIT_INTERSECTION,,,,
E,599,BEAM_X,603006,900111,,,,,,SPLIT_INTERSECTION,,,,
E,600,BEAM_X,900111,900113,,,,,,SPLIT_INTERSECTION,,,,
E,601,BEAM_X,900113,705001,,,,,,SPLIT_INTERSECTION,,,,
E,602,BEAM_X,705001,900115,,,,,,SPLIT_INTERSECTION,,,,
E,603,BEAM_X,900115,705002,,,,,,SPLIT_INTERSECTION,,,,
E,604,BEAM_X,705002,900117,,,,,,SPLIT_INTERSECTION,,,,
E,605,BEAM_X,900117,900105,,,,,,SPLIT_INTERSECTION,,,,
E,320,BEAM_X,900106,900164,,,,,,SPLIT_INTERSECTION,,,,
E,606,BEAM_X,900164,900107,,,,,,SPLIT_INTERSECTION,,,,
E,321,BEAM_X,900108,900165,,,,,,SPLIT_INTERSECTION,,,,
E,607,BEAM_X,900165,900109,,,,,,SPLIT_INTERSECTION,,,,
E,322,BEAM_Y,900102,600006,,,,,,SPLIT_INTERSECTION,,,,
E,608,BEAM_Y,600006,900108,,,,,,SPLIT_INTERSECTION,,,,
E,609,BEAM_Y,900108,900106,,,,,,SPLIT_INTERSECTION,,,,
E,610,BEAM_Y,900106,900104,,,,,,SPLIT_INTERSECTION,,,,
E,323,BEAM_Y,900110,900165,,,,,,SPLIT_INTERSECTION,,,,
E,611,BEAM_Y,900165,705004,,,,,,SPLIT_INTERSECTION,,,,
E,612,BEAM_Y,705004,900164,,,,,,SPLIT_INTERSECTION,,,,
E,613,BEAM_Y,900164,900111,,,,,,SPLIT_INTERSECTION,,,,
E,324,BEAM_Y,705007,705005,,,,,,SPLIT_INTERSECTION,,,,
E,614,BEAM_Y,705005,705001,,,,,,SPLIT_INTERSECTION,,,,
E,325,BEAM_Y,705008,705006,,,,,,SPLIT_INTERSECTION,,,,
E,615,BEAM_Y,705006,705002,,,,,,SPLIT_INTERSECTION,,,,
E,326,BEAM_Y,900112,900109,,,,,,SPLIT_INTERSECTION,,,,
E,616,BEAM_Y,900109,900161,,,,,,SPLIT_INTERSECTION,,,,
E,617,BEAM_Y,900161,900107,,,,,,SPLIT_INTERSECTION,,,,
E,618,BEAM_Y,900107,900113,,,,,,SPLIT_INTERSECTION,,,,
E,327,BEAM_Y,900114,900162,,,,,,SPLIT_INTERSECTION,,,,
E,619,BEAM_Y,900162,900115,,,,,,SPLIT_INTERSECTION,,,,
E,328,BEAM_Y,900116,900163,,,,,,SPLIT_INTERSECTION,,,,
E,620,BEAM_Y,900163,900117,,,,,,SPLIT_INTERSECTION,,,,
E,329,BEAM_Y,900103,612006,,,,,,SPLIT_INTERSECTION,,,,
E,621,BEAM_Y,612006,900105,,,,,,SPLIT_INTERSECTION,,,,
E,330,BEAM_X,300001,300101,,,,,,SPLIT_INTERSECTION,,,,
E,622,BEAM_X,300101,900120,,,,,,SPLIT_INTERSECTION,,,,
E,623,BEAM_X,900120,900031,,,,,,SPLIT_INTERSECTION,,,,
E,624,BEAM_X,900031,300201,,,,,,SPLIT_INTERSECTION,,,,
E,625,BEAM_X,300201,900028,,,,,,SPLIT_INTERSECTION,,,,
E,626,BEAM_X,900028,300301,,,,,,SPLIT_INTERSECTION,,,,
E,627,BEAM_X,300301,900123,,,,,,SPLIT_INTERSECTION,,,,
E,628,BEAM_X,900123,300401,,,,,,SPLIT_INTERSECTION,,,,
E,629,BEAM_X,300401,300451,,,,,,SPLIT_INTERSECTION,,,,
E,331,BEAM_X,301001,301101,,,,,,SPLIT_INTERSECTION,,,,
E,630,BEAM_X,301101,900166,,,,,,SPLIT_INTERSECTION,,,,
E,631,BEAM_X,900166,900032,,,,,,SPLIT_INTERSECTION,,,,
E,632,BEAM_X,900032,301201,,,,,,SPLIT_INTERSECTION,,,,
E,633,BEAM_X,301201,900167,,,,,,SPLIT_INTERSECTION,,,,
E,634,BEAM_X,900167,301301,,,,,,SPLIT_INTERSECTION,,,,
E,635,BEAM_X,301301,900168,,,,,,SPLIT_INTERSECTION,,,,
E,636,BEAM_X,900168,301401,,,,,,SPLIT_INTERSECTION,,,,
E,637,BEAM_X,301401,301451,,,,,,SPLIT_INTERSECTION,,,,
E,332,BEAM_X,302001,302101,,,,,,SPLIT_INTERSECTION,,,,
E,638,BEAM_X,302101,900121,,,,,,SPLIT_INTERSECTION,,,,
E,639,BEAM_X,900121,302201,,,,,,SPLIT_INTERSECTION,,,,
E,640,BEAM_X,302201,900122,,,,,,SPLIT_INTERSECTION,,,,
E,641,BEAM_X,900122,302301,,,,,,SPLIT_INTERSECTION,,,,
E,642,BEAM_X,302301,900124,,,,,,SPLIT_INTERSECTION,,,,
E,643,BEAM_X,900124,302401,,,,,,SPLIT_INTERSECTION,,,,
E,644,BEAM_X,302401,302451,,,,,,SPLIT_INTERSECTION,,,,
E,333,BEAM_X,900118,900119,,,,,,MANUAL,,,,
E,334,BEAM_Y,300001,301001,,,,,,SPLIT_INTERSECTION,,,,
E,645,BEAM_Y,301001,302001,,,,,,SPLIT_INTERSECTION,,,,
E,335,BEAM_Y,300101,301101,,,,,,SPLIT_INTERSECTION,,,,
E,646,BEAM_Y,301101,302101,,,,,,SPLIT_INTERSECTION,,,,
E,336,BEAM_Y,300201,301201,,,,,,SPLIT_INTERSECTION,,,,
E,647,BEAM_Y,301201,302201,,,,,,SPLIT_INTERSECTION,,,,
E,337,BEAM_Y,300301,301301,,,,,,SPLIT_INTERSECTION,,,,
E,648,BEAM_Y,301301,302301,,,,,,SPLIT_INTERSECTION,,,,
E,338,BEAM_Y,300401,301401,,,,,,SPLIT_INTERSECTION,,,,
E,649,BEAM_Y,301401,302401,,,,,,SPLIT_INTERSECTION,,,,
E,339,BEAM_Y,300451,301451,,,,,,SPLIT_INTERSECTION,,,,
E,650,BEAM_Y,301451,302451,,,,,,SPLIT_INTERSECTION,,,,
E,340,BEAM_Y,900118,300101,,,,,,MANUAL,,,,
E,341,BEAM_Y,900120,900166,,,,,,SPLIT_INTERSECTION,,,,
E,651,BEAM_Y,900166,900121,,,,,,SPLIT_INTERSECTION,,,,
E,342,BEAM_Y,900028,900167,,,,,,SPLIT_INTERSECTION,,,,
E,652,BEAM_Y,900167,900122,,,,,,SPLIT_INTERSECTION,,,,
E,343,BEAM_Y,900119,900031,,,,,,SPLIT_INTERSECTION,,,,
E,345,BEAM_Y,900123,900168,,,,,,SPLIT_INTERSECTION,,,,
E,654,BEAM_Y,900168,900124,,,,,,SPLIT_INTERSECTION,,,,
E,346,BEAM_X,400001,400101,,,,,,SPLIT_INTERSECTION,,,,
E,655,BEAM_X,400101,900034,,,,,,SPLIT_INTERSECTION,,,,
E,656,BEAM_X,900034,900125,,,,,,SPLIT_INTERSECTION,,,,
E,657,BEAM_X,900125,900129,,,,,,SPLIT_INTERSECTION,,,,
E,658,BEAM_X,900129,400201,,,,,,SPLIT_INTERSECTION,,,,
E,659,BEAM_X,400201,900127,,,,,,SPLIT_INTERSECTION,,,,
E,660,BEAM_X,900127,400301,,,,,,SPLIT_INTERSECTION,,,,
E,661,BEAM_X,400301,900131,,,,,,SPLIT_INTERSECTION,,,,
E,662,BEAM_X,900131,400401,,,,,,SPLIT_INTERSECTION,,,,
E,663,BEAM_X,400401,400451,,,,,,SPLIT_INTERSECTION,,,,
E,347,BEAM_X,401001,401101,,,,,,SPLIT_INTERSECTION,,,,
E,664,BEAM_X,401101,900036,,,,,,SPLIT_INTERSECTION,,,,
E,665,BEAM_X,900036,900169,,,,,,SPLIT_INTERSECTION,,,,
E,666,BEAM_X,900169,900130,,,,,,SPLIT_INTERSECTION,,,,
E,667,BEAM_X,900130,401201,,,,,,SPLIT_INTERSECTION,,,,
E,668,BEAM_X,401201,900170,,,,,,SPLIT_INTERSECTION,,,,
E,669,BEAM_X,900170,401301,,,,,,SPLIT_INTERSECTION,,,,
E,670,BEAM_X,401301,900171,,,,,,SPLIT_INTERSECTION,,,,
E,671,BEAM_X,900171,401401,,,,,,SPLIT_INTERSECTION,,,,
E,672,BEAM_X,401401,401451,,,,,,SPLIT_INTERSECTION,,,,
E,348,BEAM_X,402001,402101,,,,,,SPLIT_INTERSECTION,,,,
E,673,BEAM_X,402101,900126,,,,,,SPLIT_INTERSECTION,,,,
E,674,BEAM_X,900126,402201,,,,,,SPLIT_INTERSECTION,,,,
E,675,BEAM_X,402201,900128,,,,,,SPLIT_INTERSECTION,,,,
E,676,BEAM_X,900128,402301,,,,,,SPLIT_INTERSECTION,,,,
E,677,BEAM_X,402301,900132,,,,,,SPLIT_INTERSECTION,,,,
E,678,BEAM_X,900132,402401,,,,,,SPLIT_INTERSECTION,,,,
E,679,BEAM_X,402401,402451,,,,,,SPLIT_INTERSECTION,,,,
E,349,BEAM_Y,400001,401001,,,,,,SPLIT_INTERSECTION,,,,
E,680,BEAM_Y,401001,402001,,,,,,SPLIT_INTERSECTION,,,,
E,350,BEAM_Y,400101,401101,,,,,,SPLIT_INTERSECTION,,,,
E,681,BEAM_Y,401101,402101,,,,,,SPLIT_INTERSECTION,,,,
E,351,BEAM_Y,400201,401201,,,,,,SPLIT_INTERSECTION,,,,
E,682,BEAM_Y,401201,402201,,,,,,SPLIT_INTERSECTION,,,,
E,352,BEAM_Y,400301,401301,,,,,,SPLIT_INTERSECTION,,,,
E,683,BEAM_Y,401301,402301,,,,,,SPLIT_INTERSECTION,,,,
E,353,BEAM_Y,400401,401401,,,,,,SPLIT_INTERSECTION,,,,
E,684,BEAM_Y,401401,402401,,,,,,SPLIT_INTERSECTION,,,,
E,354,BEAM_Y,400451,401451,,,,,,SPLIT_INTERSECTION,,,,
E,685,BEAM_Y,401451,402451,,,,,,SPLIT_INTERSECTION,,,,
E,355,BEAM_Y,900125,900169,,,,,,SPLIT_INTERSECTION,,,,
E,686,BEAM_Y,900169,900126,,,,,,SPLIT_INTERSECTION,,,,
E,356,BEAM_Y,900127,900170,,,,,,SPLIT_INTERSECTION,,,,
E,687,BEAM_Y,900170,900128,,,,,,SPLIT_INTERSECTION,,,,
E,357,BEAM_Y,900129,900130,,,,,,MANUAL,,,0.6,0.8
E,358,BEAM_Y,900131,900171,,,,,,SPLIT_INTERSECTION,,,,
E,688,BEAM_Y,900171,900132,,,,,,SPLIT_INTERSECTION,,,,
E,689,BEAM_RIGID_OFFSET,704003,605005,,,,,,STRUCTURAL_FACE_TO_AXIS_LINK,,,,
E,690,BEAM_RIGID_OFFSET,501001,612006,,,,,,STRUCTURAL_FACE_TO_AXIS_LINK,,,,
E,691,BEAM_RIGID_OFFSET,100001,900001,,,,,,STRUCTURAL_FACE_TO_AXIS_LINK,,,,
E,692,BEAM_RIGID_OFFSET,101001,900002,,,,,,STRUCTURAL_FACE_TO_AXIS_LINK,,,,
E,693,BEAM_RIGID_OFFSET,102001,900004,,,,,,STRUCTURAL_FACE_TO_AXIS_LINK,,,,
E,694,BEAM_RIGID_OFFSET,200001,900052,,,,,,STRUCTURAL_FACE_TO_AXIS_LINK,,,,
E,695,BEAM_RIGID_OFFSET,201001,900053,,,,,,STRUCTURAL_FACE_TO_AXIS_LINK,,,,
E,696,BEAM_RIGID_OFFSET,202001,900055,,,,,,STRUCTURAL_FACE_TO_AXIS_LINK,,,,
E,697,BEAM_RIGID_OFFSET,300001,900069,,,,,,STRUCTURAL_FACE_TO_AXIS_LINK,,,,
E,698,BEAM_RIGID_OFFSET,301001,900070,,,,,,STRUCTURAL_FACE_TO_AXIS_LINK,,,,
E,699,BEAM_RIGID_OFFSET,302001,900072,,,,,,STRUCTURAL_FACE_TO_AXIS_LINK,,,,
E,700,BEAM_RIGID_OFFSET,400001,900086,,,,,,STRUCTURAL_FACE_TO_AXIS_LINK,,,,
E,701,BEAM_RIGID_OFFSET,401001,900087,,,,,,STRUCTURAL_FACE_TO_AXIS_LINK,,,,
E,702,BEAM_RIGID_OFFSET,402001,900089,,,,,,STRUCTURAL_FACE_TO_AXIS_LINK,,,,
E,703,BEAM_RIGID_OFFSET,500001,900103,,,,,,STRUCTURAL_FACE_TO_AXIS_LINK,,,,
E,704,BEAM_RIGID_OFFSET,502001,900105,,,,,,STRUCTURAL_FACE_TO_AXIS_LINK,,,,
W,101,WALL,-32.05,-1.09,0.0,-32.05,1.825,3.96,0.6,STRUCTURAL_WALL_STORY;origen=1;piso=1
W,102,WALL,-32.05,-1.09,3.96,-32.05,1.825,7.92,0.6,STRUCTURAL_WALL_STORY;origen=1;piso=2
W,103,WALL,-32.05,-1.09,7.92,-32.05,1.825,11.88,0.6,STRUCTURAL_WALL_STORY;origen=1;piso=3
W,104,WALL,-32.05,-1.09,11.88,-32.05,1.825,15.84,0.6,STRUCTURAL_WALL_STORY;origen=1;piso=4
W,105,WALL,-32.05,-1.09,15.84,-32.05,1.825,19.8,0.6,STRUCTURAL_WALL_STORY;origen=1;piso=5
W,201,WALL,-32.05,0.0,0.0,-30.2,0.0,3.96,0.3,STRUCTURAL_WALL_STORY;origen=2;piso=1
W,202,WALL,-32.05,0.0,3.96,-30.2,0.0,7.92,0.3,STRUCTURAL_WALL_STORY;origen=2;piso=2
W,203,WALL,-32.05,0.0,7.92,-30.2,0.0,11.88,0.3,STRUCTURAL_WALL_STORY;origen=2;piso=3
W,204,WALL,-32.05,0.0,11.88,-30.2,0.0,15.84,0.3,STRUCTURAL_WALL_STORY;origen=2;piso=4
W,205,WALL,-32.05,0.0,15.84,-30.2,0.0,19.8,0.3,STRUCTURAL_WALL_STORY;origen=2;piso=5
W,301,WALL,-32.05,14.325,0.0,-32.05,17.245,3.96,0.6,STRUCTURAL_WALL_STORY;origen=3;piso=1
W,302,WALL,-32.05,14.325,3.96,-32.05,17.245,7.92,0.6,STRUCTURAL_WALL_STORY;origen=3;piso=2
W,303,WALL,-32.05,14.325,7.92,-32.05,17.245,11.88,0.6,STRUCTURAL_WALL_STORY;origen=3;piso=3
W,304,WALL,-32.05,14.325,11.88,-32.05,17.245,15.84,0.6,STRUCTURAL_WALL_STORY;origen=3;piso=4
W,305,WALL,-32.05,14.325,15.84,-32.05,17.245,19.8,0.6,STRUCTURAL_WALL_STORY;origen=3;piso=5
W,401,WALL,-32.05,16.15,0.0,-30.2,16.15,3.96,0.3,STRUCTURAL_WALL_STORY;origen=4;piso=1
W,402,WALL,-32.05,16.15,3.96,-30.2,16.15,7.92,0.3,STRUCTURAL_WALL_STORY;origen=4;piso=2
W,403,WALL,-32.05,16.15,7.92,-30.2,16.15,11.88,0.3,STRUCTURAL_WALL_STORY;origen=4;piso=3
W,404,WALL,-32.05,16.15,11.88,-30.2,16.15,15.84,0.3,STRUCTURAL_WALL_STORY;origen=4;piso=4
W,405,WALL,-32.05,16.15,15.84,-30.2,16.15,19.8,0.3,STRUCTURAL_WALL_STORY;origen=4;piso=5
W,501,WALL,-0.575,-0.35,0.0,-0.575,7.6,3.96,0.25,STRUCTURAL_WALL_STORY;origen=5;piso=1
W,502,WALL,-0.575,-0.35,3.96,-0.575,7.6,7.92,0.25,STRUCTURAL_WALL_STORY;origen=5;piso=2
W,503,WALL,-0.575,-0.35,7.92,-0.575,7.6,11.88,0.25,STRUCTURAL_WALL_STORY;origen=5;piso=3
W,504,WALL,-0.575,-0.35,11.88,-0.575,7.6,15.84,0.25,STRUCTURAL_WALL_STORY;origen=5;piso=4
W,505,WALL,-0.575,-0.35,15.84,-0.575,7.6,19.8,0.25,STRUCTURAL_WALL_STORY;origen=5;piso=5
W,601,WALL,-0.575,9.65,0.0,-0.575,16.15,3.96,0.25,STRUCTURAL_WALL_STORY;origen=6;piso=1
W,602,WALL,-0.575,9.65,3.96,-0.575,16.15,7.92,0.25,STRUCTURAL_WALL_STORY;origen=6;piso=2
W,603,WALL,-0.575,9.65,7.92,-0.575,16.15,11.88,0.25,STRUCTURAL_WALL_STORY;origen=6;piso=3
W,604,WALL,-0.575,9.65,11.88,-0.575,16.15,15.84,0.25,STRUCTURAL_WALL_STORY;origen=6;piso=4
W,705,WALL,-0.575,6.545,15.84,-0.575,13.045,19.8,0.25,STRUCTURAL_WALL_STORY;origen=7;piso=5
W,801,WALL,-0.575,13.045,0.0,-3.22,13.045,3.96,0.3,STRUCTURAL_WALL_STORY;origen=8;piso=1
W,802,WALL,-0.575,13.045,3.96,-3.22,13.045,7.92,0.3,STRUCTURAL_WALL_STORY;origen=8;piso=2
W,803,WALL,-0.575,13.045,7.92,-3.22,13.045,11.88,0.3,STRUCTURAL_WALL_STORY;origen=8;piso=3
W,804,WALL,-0.575,13.045,11.88,-3.22,13.045,15.84,0.3,STRUCTURAL_WALL_STORY;origen=8;piso=4
W,805,WALL,-0.575,13.045,15.84,-3.22,13.045,19.8,0.3,STRUCTURAL_WALL_STORY;origen=8;piso=5
W,901,WALL,-3.22,10.1,0.0,-3.22,13.045,3.96,0.25,STRUCTURAL_WALL_STORY;origen=9;piso=1
W,902,WALL,-3.22,10.1,3.96,-3.22,13.045,7.92,0.25,STRUCTURAL_WALL_STORY;origen=9;piso=2
W,903,WALL,-3.22,10.1,7.92,-3.22,13.045,11.88,0.25,STRUCTURAL_WALL_STORY;origen=9;piso=3
W,904,WALL,-3.22,10.1,11.88,-3.22,13.045,15.84,0.25,STRUCTURAL_WALL_STORY;origen=9;piso=4
W,905,WALL,-3.22,10.1,15.84,-3.22,13.045,19.8,0.25,STRUCTURAL_WALL_STORY;origen=9;piso=5
W,1002,WALL,-0.25,12.25,3.96,6.4,12.25,7.92,0.2,STRUCTURAL_WALL_STORY;origen=10;piso=2
W,1003,WALL,-0.25,12.25,7.92,6.4,12.25,11.88,0.2,STRUCTURAL_WALL_STORY;origen=10;piso=3
W,1004,WALL,-0.25,12.25,11.88,6.4,12.25,15.84,0.2,STRUCTURAL_WALL_STORY;origen=10;piso=4
W,1005,WALL,-0.25,12.25,15.84,6.4,12.25,19.8,0.2,STRUCTURAL_WALL_STORY;origen=10;piso=5
W,1101,WALL,3.6,10.0,0.0,3.6,12.25,3.96,0.3,STRUCTURAL_WALL_STORY;origen=11;piso=1
W,1102,WALL,3.6,10.0,3.96,3.6,12.25,7.92,0.3,STRUCTURAL_WALL_STORY;origen=11;piso=2
W,1103,WALL,3.6,10.0,7.92,3.6,12.25,11.88,0.3,STRUCTURAL_WALL_STORY;origen=11;piso=3
W,1104,WALL,3.6,10.0,11.88,3.6,12.25,15.84,0.3,STRUCTURAL_WALL_STORY;origen=11;piso=4
W,1105,WALL,3.6,10.0,15.84,3.6,12.25,19.8,0.3,STRUCTURAL_WALL_STORY;origen=11;piso=5
W,1201,WALL,6.4,10.0,0.0,6.4,12.25,3.96,0.3,STRUCTURAL_WALL_STORY;origen=12;piso=1
W,1202,WALL,6.4,10.0,3.96,6.4,12.25,7.92,0.3,STRUCTURAL_WALL_STORY;origen=12;piso=2
W,1203,WALL,6.4,10.0,7.92,6.4,12.25,11.88,0.3,STRUCTURAL_WALL_STORY;origen=12;piso=3
W,1204,WALL,6.4,10.0,11.88,6.4,12.25,15.84,0.3,STRUCTURAL_WALL_STORY;origen=12;piso=4
W,1205,WALL,6.4,10.0,15.84,6.4,12.25,19.8,0.3,STRUCTURAL_WALL_STORY;origen=12;piso=5
W,1301,WALL,-0.25,0.0,0.0,-0.25,7.25,3.96,0.2,STRUCTURAL_WALL_STORY;origen=13;piso=1
W,1302,WALL,-0.25,0.0,3.96,-0.25,7.25,7.92,0.2,STRUCTURAL_WALL_STORY;origen=13;piso=2
W,1303,WALL,-0.25,0.0,7.92,-0.25,7.25,11.88,0.2,STRUCTURAL_WALL_STORY;origen=13;piso=3
W,1304,WALL,-0.25,0.0,11.88,-0.25,7.25,15.84,0.2,STRUCTURAL_WALL_STORY;origen=13;piso=4
W,1305,WALL,-0.25,0.0,15.84,-0.25,7.25,19.8,0.2,STRUCTURAL_WALL_STORY;origen=13;piso=5
W,1401,WALL,3.3,2.305,0.0,6.7,2.305,3.96,0.2,STRUCTURAL_WALL_STORY;origen=14;piso=1
W,1402,WALL,3.3,2.305,3.96,6.7,2.305,7.92,0.2,STRUCTURAL_WALL_STORY;origen=14;piso=2
W,1403,WALL,3.3,2.305,7.92,6.7,2.305,11.88,0.2,STRUCTURAL_WALL_STORY;origen=14;piso=3
W,1404,WALL,3.3,2.305,11.88,6.7,2.305,15.84,0.2,STRUCTURAL_WALL_STORY;origen=14;piso=4
W,1405,WALL,3.3,2.305,15.84,6.7,2.305,19.8,0.2,STRUCTURAL_WALL_STORY;origen=14;piso=5
W,1501,WALL,3.3,2.305,0.0,3.3,3.885,3.96,0.25,STRUCTURAL_WALL_STORY;origen=15;piso=1
W,1502,WALL,3.3,2.305,3.96,3.3,3.885,7.92,0.25,STRUCTURAL_WALL_STORY;origen=15;piso=2
W,1503,WALL,3.3,2.305,7.92,3.3,3.885,11.88,0.25,STRUCTURAL_WALL_STORY;origen=15;piso=3
W,1504,WALL,3.3,2.305,11.88,3.3,3.885,15.84,0.25,STRUCTURAL_WALL_STORY;origen=15;piso=4
W,1505,WALL,3.3,2.305,15.84,3.3,3.885,19.8,0.25,STRUCTURAL_WALL_STORY;origen=15;piso=5
W,1601,WALL,6.7,2.305,0.0,6.7,3.885,3.96,0.25,STRUCTURAL_WALL_STORY;origen=16;piso=1
W,1602,WALL,6.7,2.305,3.96,6.7,3.885,7.92,0.25,STRUCTURAL_WALL_STORY;origen=16;piso=2
W,1603,WALL,6.7,2.305,7.92,6.7,3.885,11.88,0.25,STRUCTURAL_WALL_STORY;origen=16;piso=3
W,1604,WALL,6.7,2.305,11.88,6.7,3.885,15.84,0.25,STRUCTURAL_WALL_STORY;origen=16;piso=4
W,1605,WALL,6.7,2.305,15.84,6.7,3.885,19.8,0.25,STRUCTURAL_WALL_STORY;origen=16;piso=5
W,1701,WALL,3.6,12.25,0.0,6.4,12.25,3.96,0.2,STRUCTURAL_WALL_STORY;origen=17;piso=1
W,1801,WALL,-0.25,16.4,0.0,4.68,16.4,3.96,0.2,STRUCTURAL_WALL_STORY;origen=18;piso=1
W,1901,WALL,6.48,16.4,0.0,10.25,16.4,3.96,0.2,STRUCTURAL_WALL_STORY;origen=19;piso=1
W,2001,WALL,10.25,-0.25,0.0,10.25,16.4,3.96,0.3,STRUCTURAL_WALL_STORY;origen=20;piso=1
W,2101,WALL,-0.25,-0.25,0.0,10.25,-0.25,3.96,0.3,STRUCTURAL_WALL_STORY;origen=21;piso=1
W,2201,WALL,-0.25,-0.25,0.0,-0.25,16.4,3.96,0.2,STRUCTURAL_WALL_STORY;origen=22;piso=1
W,2302,WALL,30.0,16.4,3.96,45.0,16.4,7.92,0.3,STRUCTURAL_WALL_STORY;origen=23;piso=2
W,2402,WALL,40.15,0.0,3.96,40.15,16.4,7.92,0.3,STRUCTURAL_WALL_STORY;origen=24;piso=2
S,1000000,900000,900009,900137,900007,3.96,0.15,AUTO_CLOSED_BY_BEAMS_AND_WALLS
S,1000001,900007,900137,900136,900005,3.96,0.15,AUTO_CLOSED_BY_BEAMS_AND_WALLS
S,1000002,900005,900136,900010,900003,3.96,0.15,AUTO_CLOSED_BY_BEAMS_AND_WALLS
S,1000003,900009,900011,900008,900137,3.96,0.15,AUTO_CLOSED_BY_BEAMS_AND_WALLS
S,1000004,900137,900008,900133,701004,3.96,0.15,AUTO_CLOSED_BY_BEAMS_AND_WALLS
S,1000005,701004,900133,900006,900136,3.96,0.15,AUTO_CLOSED_BY_BEAMS_AND_WALLS
S,1000006,900136,900006,900012,900010,3.96,0.15,AUTO_CLOSED_BY_BEAMS_AND_WALLS
S,1000007,900011,701007,701005,900133,3.96,0.15,AUTO_CLOSED_BY_BEAMS_AND_WALLS
S,1000008,900133,701005,701001,900012,3.96,0.15,AUTO_CLOSED_BY_BEAMS_AND_WALLS
S,1000009,701007,900013,900134,701005,3.96,0.15,AUTO_CLOSED_BY_BEAMS_AND_WALLS
S,1000010,701005,900134,900014,701001,3.96,0.15,AUTO_CLOSED_BY_BEAMS_AND_WALLS
S,1000011,900013,701008,701006,900134,3.96,0.15,AUTO_CLOSED_BY_BEAMS_AND_WALLS
S,1000012,900134,701006,701002,900014,3.96,0.15,AUTO_CLOSED_BY_BEAMS_AND_WALLS
S,1000013,701008,900015,900135,701006,3.96,0.15,AUTO_CLOSED_BY_BEAMS_AND_WALLS
S,1000014,701006,900135,900016,701002,3.96,0.15,AUTO_CLOSED_BY_BEAMS_AND_WALLS
S,1000015,900015,900001,900002,900135,3.96,0.15,AUTO_CLOSED_BY_BEAMS_AND_WALLS
V,1000015,-0.45,-0.25,0.0,7.25
S,1000016,900135,900002,900004,900016,3.96,0.15,AUTO_CLOSED_BY_BEAMS_AND_WALLS
V,1000016,-3.22,-0.8,10.15,12.82
V,1000016,-0.45,-0.25,7.25,16.15
S,1000017,100001,100101,101101,101001,3.96,0.15,AUTO_CLOSED_BY_BEAMS_AND_WALLS
V,1000017,3.4,6.7,2.405,6.95
S,1000018,101001,101101,102101,102001,3.96,0.15,AUTO_CLOSED_BY_BEAMS_AND_WALLS
V,1000018,3.6,6.3,10.15,12.15
S,1000019,900051,900060,900150,900058,7.92,0.15,AUTO_CLOSED_BY_BEAMS_AND_WALLS
S,1000020,900058,900150,900149,900056,7.92,0.15,AUTO_CLOSED_BY_BEAMS_AND_WALLS
S,1000021,900056,900149,900061,900054,7.92,0.15,AUTO_CLOSED_BY_BEAMS_AND_WALLS
S,1000022,900060,900062,900059,900150,7.92,0.15,AUTO_CLOSED_BY_BEAMS_AND_WALLS
S,1000023,900150,900059,900146,702004,7.92,0.15,AUTO_CLOSED_BY_BEAMS_AND_WALLS
S,1000024,702004,900146,900057,900149,7.92,0.15,AUTO_CLOSED_BY_BEAMS_AND_WALLS
S,1000025,900149,900057,900063,900061,7.92,0.15,AUTO_CLOSED_BY_BEAMS_AND_WALLS
S,1000026,900062,702007,702005,900146,7.92,0.15,AUTO_CLOSED_BY_BEAMS_AND_WALLS
S,1000027,900146,702005,702001,900063,7.92,0.15,AUTO_CLOSED_BY_BEAMS_AND_WALLS
S,1000028,702007,900064,900147,702005,7.92,0.15,AUTO_CLOSED_BY_BEAMS_AND_WALLS
S,1000029,702005,900147,900065,702001,7.92,0.15,AUTO_CLOSED_BY_BEAMS_AND_WALLS
S,1000030,900064,702008,702006,900147,7.92,0.15,AUTO_CLOSED_BY_BEAMS_AND_WALLS
S,1000031,900147,702006,702002,900065,7.92,0.15,AUTO_CLOSED_BY_BEAMS_AND_WALLS
S,1000032,702008,900066,900148,702006,7.92,0.15,AUTO_CLOSED_BY_BEAMS_AND_WALLS
S,1000033,702006,900148,900067,702002,7.92,0.15,AUTO_CLOSED_BY_BEAMS_AND_WALLS
S,1000034,900066,900052,900053,900148,7.92,0.15,AUTO_CLOSED_BY_BEAMS_AND_WALLS
V,1000034,-0.45,-0.25,0.0,7.25
S,1000035,900148,900053,900055,900067,7.92,0.15,AUTO_CLOSED_BY_BEAMS_AND_WALLS
V,1000035,-3.22,-0.8,10.15,12.82
V,1000035,-0.45,-0.25,7.25,16.15
S,1000036,200001,200101,201101,201001,7.92,0.15,AUTO_CLOSED_BY_BEAMS_AND_WALLS
V,1000036,3.4,6.7,2.405,6.95
S,1000037,201001,201101,202101,202001,7.92,0.15,AUTO_CLOSED_BY_BEAMS_AND_WALLS
V,1000037,3.6,6.4,10.0,12.25
S,1000038,200101,900019,900138,201101,7.92,0.15,AUTO_CLOSED_BY_BEAMS_AND_WALLS
S,1000039,201101,900138,900020,202101,7.92,0.15,AUTO_CLOSED_BY_BEAMS_AND_WALLS
S,1000040,900017,900018,900024,200101,7.92,0.15,AUTO_CLOSED_BY_BEAMS_AND_WALLS
S,1000041,900019,900024,900023,900138,7.92,0.15,AUTO_CLOSED_BY_BEAMS_AND_WALLS
S,1000042,900138,201201,202201,900020,7.92,0.15,AUTO_CLOSED_BY_BEAMS_AND_WALLS
S,1000043,900024,200201,201201,900023,7.92,0.15,AUTO_CLOSED_BY_BEAMS_AND_WALLS
S,1000044,200201,900021,900139,201201,7.92,0.15,AUTO_CLOSED_BY_BEAMS_AND_WALLS
S,1000045,201201,900139,900022,202201,7.92,0.15,AUTO_CLOSED_BY_BEAMS_AND_WALLS
S,1000046,900021,200301,201301,900139,7.92,0.15,AUTO_CLOSED_BY_BEAMS_AND_WALLS
S,1000047,900139,201301,202301,900022,7.92,0.15,AUTO_CLOSED_BY_BEAMS_AND_WALLS
S,1000048,200301,900025,900140,201301,7.92,0.15,AUTO_CLOSED_BY_BEAMS_AND_WALLS
S,1000049,201301,900140,900026,202301,7.92,0.15,AUTO_CLOSED_BY_BEAMS_AND_WALLS
S,1000050,900025,200401,201401,900140,7.92,0.15,AUTO_CLOSED_BY_BEAMS_AND_WALLS
S,1000051,900140,201401,202401,900026,7.92,0.15,AUTO_CLOSED_BY_BEAMS_AND_WALLS
S,1000052,200401,200451,201451,201401,7.92,0.15,AUTO_CLOSED_BY_BEAMS_AND_WALLS
S,1000053,201401,201451,202451,202401,7.92,0.15,AUTO_CLOSED_BY_BEAMS_AND_WALLS
S,1000054,900068,900077,900155,900075,11.88,0.15,AUTO_CLOSED_BY_BEAMS_AND_WALLS
S,1000055,900075,900155,900154,900073,11.88,0.15,AUTO_CLOSED_BY_BEAMS_AND_WALLS
S,1000056,900073,900154,900078,900071,11.88,0.15,AUTO_CLOSED_BY_BEAMS_AND_WALLS
S,1000057,900077,900079,900076,900155,11.88,0.15,AUTO_CLOSED_BY_BEAMS_AND_WALLS
S,1000058,900155,900076,900151,703004,11.88,0.15,AUTO_CLOSED_BY_BEAMS_AND_WALLS
S,1000059,703004,900151,900074,900154,11.88,0.15,AUTO_CLOSED_BY_BEAMS_AND_WALLS
S,1000060,900154,900074,900080,900078,11.88,0.15,AUTO_CLOSED_BY_BEAMS_AND_WALLS
S,1000061,900079,703007,703005,900151,11.88,0.15,AUTO_CLOSED_BY_BEAMS_AND_WALLS
S,1000062,900151,703005,703001,900080,11.88,0.15,AUTO_CLOSED_BY_BEAMS_AND_WALLS
S,1000063,703007,900081,900152,703005,11.88,0.15,AUTO_CLOSED_BY_BEAMS_AND_WALLS
S,1000064,703005,900152,900082,703001,11.88,0.15,AUTO_CLOSED_BY_BEAMS_AND_WALLS
S,1000065,900081,703008,703006,900152,11.88,0.15,AUTO_CLOSED_BY_BEAMS_AND_WALLS
S,1000066,900152,703006,703002,900082,11.88,0.15,AUTO_CLOSED_BY_BEAMS_AND_WALLS
S,1000067,703008,900083,900153,703006,11.88,0.15,AUTO_CLOSED_BY_BEAMS_AND_WALLS
S,1000068,703006,900153,900084,703002,11.88,0.15,AUTO_CLOSED_BY_BEAMS_AND_WALLS
S,1000069,900083,900069,900070,900153,11.88,0.15,AUTO_CLOSED_BY_BEAMS_AND_WALLS
V,1000069,-0.45,-0.25,0.0,7.25
S,1000070,900153,900070,900072,900084,11.88,0.15,AUTO_CLOSED_BY_BEAMS_AND_WALLS
V,1000070,-3.22,-0.8,10.15,12.82
V,1000070,-0.45,-0.25,7.25,16.15
S,1000071,300001,300101,301101,301001,11.88,0.15,AUTO_CLOSED_BY_BEAMS_AND_WALLS
V,1000071,3.4,6.7,2.405,6.95
S,1000072,301001,301101,302101,302001,11.88,0.15,AUTO_CLOSED_BY_BEAMS_AND_WALLS
V,1000072,3.6,6.4,10.0,12.25
S,1000073,300101,900120,900166,301101,11.88,0.15,AUTO_CLOSED_BY_BEAMS_AND_WALLS
S,1000074,301101,900166,900121,302101,11.88,0.15,AUTO_CLOSED_BY_BEAMS_AND_WALLS
S,1000075,900118,900119,900031,300101,11.88,0.15,AUTO_CLOSED_BY_BEAMS_AND_WALLS
S,1000076,900120,900031,900032,900166,11.88,0.15,AUTO_CLOSED_BY_BEAMS_AND_WALLS
S,1000077,900166,301201,302201,900121,11.88,0.15,AUTO_CLOSED_BY_BEAMS_AND_WALLS
S,1000078,900031,300201,301201,900032,11.88,0.15,AUTO_CLOSED_BY_BEAMS_AND_WALLS
S,1000079,900027,900029,900028,300201,11.88,0.15,AUTO_CLOSED_BY_BEAMS_AND_WALLS
S,1000080,300201,900028,900167,301201,11.88,0.15,AUTO_CLOSED_BY_BEAMS_AND_WALLS
S,1000081,301201,900167,900122,302201,11.88,0.15,AUTO_CLOSED_BY_BEAMS_AND_WALLS
S,1000082,900029,900030,300301,900028,11.88,0.15,AUTO_CLOSED_BY_BEAMS_AND_WALLS
S,1000083,900028,300301,301301,900167,11.88,0.15,AUTO_CLOSED_BY_BEAMS_AND_WALLS
S,1000084,900167,301301,302301,900122,11.88,0.15,AUTO_CLOSED_BY_BEAMS_AND_WALLS
S,1000085,300301,900123,900168,301301,11.88,0.15,AUTO_CLOSED_BY_BEAMS_AND_WALLS
S,1000086,301301,900168,900124,302301,11.88,0.15,AUTO_CLOSED_BY_BEAMS_AND_WALLS
S,1000087,900123,300401,301401,900168,11.88,0.15,AUTO_CLOSED_BY_BEAMS_AND_WALLS
S,1000088,900168,301401,302401,900124,11.88,0.15,AUTO_CLOSED_BY_BEAMS_AND_WALLS
S,1000089,300401,300451,301451,301401,11.88,0.15,AUTO_CLOSED_BY_BEAMS_AND_WALLS
S,1000090,301401,301451,302451,302401,11.88,0.15,AUTO_CLOSED_BY_BEAMS_AND_WALLS
S,1000091,900085,900094,900160,900092,15.84,0.15,AUTO_CLOSED_BY_BEAMS_AND_WALLS
S,1000092,900092,900160,900159,900090,15.84,0.15,AUTO_CLOSED_BY_BEAMS_AND_WALLS
S,1000093,900090,900159,900095,900088,15.84,0.15,AUTO_CLOSED_BY_BEAMS_AND_WALLS
S,1000094,900094,900096,900093,900160,15.84,0.15,AUTO_CLOSED_BY_BEAMS_AND_WALLS
S,1000095,900160,900093,900156,704004,15.84,0.15,AUTO_CLOSED_BY_BEAMS_AND_WALLS
S,1000096,704004,900156,900091,900159,15.84,0.15,AUTO_CLOSED_BY_BEAMS_AND_WALLS
S,1000097,900159,900091,900097,900095,15.84,0.15,AUTO_CLOSED_BY_BEAMS_AND_WALLS
S,1000098,900096,704007,704005,900156,15.84,0.15,AUTO_CLOSED_BY_BEAMS_AND_WALLS
S,1000099,900156,704005,704001,900097,15.84,0.15,AUTO_CLOSED_BY_BEAMS_AND_WALLS
S,1000100,704007,900098,900157,704005,15.84,0.15,AUTO_CLOSED_BY_BEAMS_AND_WALLS
S,1000101,704005,900157,900099,704001,15.84,0.15,AUTO_CLOSED_BY_BEAMS_AND_WALLS
S,1000102,900098,704008,704006,900157,15.84,0.15,AUTO_CLOSED_BY_BEAMS_AND_WALLS
S,1000103,900157,704006,704002,900099,15.84,0.15,AUTO_CLOSED_BY_BEAMS_AND_WALLS
S,1000104,704008,900100,900158,704006,15.84,0.15,AUTO_CLOSED_BY_BEAMS_AND_WALLS
S,1000105,704006,900158,900101,704002,15.84,0.15,AUTO_CLOSED_BY_BEAMS_AND_WALLS
S,1000106,900100,900086,900087,900158,15.84,0.15,AUTO_CLOSED_BY_BEAMS_AND_WALLS
V,1000106,-0.45,-0.25,0.0,7.25
S,1000107,900158,900087,900089,900101,15.84,0.15,AUTO_CLOSED_BY_BEAMS_AND_WALLS
V,1000107,-3.22,-0.8,10.15,12.82
V,1000107,-0.45,-0.25,7.25,16.15
S,1000108,400001,400101,401101,401001,15.84,0.15,AUTO_CLOSED_BY_BEAMS_AND_WALLS
V,1000108,3.4,6.7,2.405,6.95
S,1000109,401001,401101,402101,402001,15.84,0.15,AUTO_CLOSED_BY_BEAMS_AND_WALLS
V,1000109,3.6,6.3,10.15,12.15
S,1000110,900033,900035,900034,400101,15.84,0.15,AUTO_CLOSED_BY_BEAMS_AND_WALLS
S,1000111,400101,900034,900036,401101,15.84,0.15,AUTO_CLOSED_BY_BEAMS_AND_WALLS
S,1000112,401101,900169,900126,402101,15.84,0.15,AUTO_CLOSED_BY_BEAMS_AND_WALLS
S,1000113,900034,900125,900169,900036,15.84,0.15,AUTO_CLOSED_BY_BEAMS_AND_WALLS
S,1000114,900125,900129,900130,900169,15.84,0.15,AUTO_CLOSED_BY_BEAMS_AND_WALLS
S,1000115,900169,401201,402201,900126,15.84,0.15,AUTO_CLOSED_BY_BEAMS_AND_WALLS
S,1000116,900129,400201,401201,900130,15.84,0.15,AUTO_CLOSED_BY_BEAMS_AND_WALLS
S,1000117,400201,900127,900170,401201,15.84,0.15,AUTO_CLOSED_BY_BEAMS_AND_WALLS
S,1000118,401201,900170,900128,402201,15.84,0.15,AUTO_CLOSED_BY_BEAMS_AND_WALLS
S,1000119,900037,900038,400301,400201,15.84,0.15,AUTO_CLOSED_BY_BEAMS_AND_WALLS
S,1000120,900127,400301,401301,900170,15.84,0.15,AUTO_CLOSED_BY_BEAMS_AND_WALLS
S,1000121,900170,401301,402301,900128,15.84,0.15,AUTO_CLOSED_BY_BEAMS_AND_WALLS
S,1000122,400301,900131,900171,401301,15.84,0.15,AUTO_CLOSED_BY_BEAMS_AND_WALLS
S,1000123,401301,900171,900132,402301,15.84,0.15,AUTO_CLOSED_BY_BEAMS_AND_WALLS
S,1000124,900131,400401,401401,900171,15.84,0.15,AUTO_CLOSED_BY_BEAMS_AND_WALLS
S,1000125,900171,401401,402401,900132,15.84,0.15,AUTO_CLOSED_BY_BEAMS_AND_WALLS
S,1000126,400401,400451,401451,401401,15.84,0.15,AUTO_CLOSED_BY_BEAMS_AND_WALLS
S,1000127,401401,401451,402451,402401,15.84,0.15,AUTO_CLOSED_BY_BEAMS_AND_WALLS
S,1000128,400451,900039,900141,401451,15.84,0.15,AUTO_CLOSED_BY_BEAMS_AND_WALLS
S,1000129,401451,900141,900040,402451,15.84,0.15,AUTO_CLOSED_BY_BEAMS_AND_WALLS
S,1000130,900039,400501,401501,900141,15.84,0.15,AUTO_CLOSED_BY_BEAMS_AND_WALLS
S,1000131,900141,401501,402501,900040,15.84,0.15,AUTO_CLOSED_BY_BEAMS_AND_WALLS
S,1000132,900102,900110,900165,900108,19.8,0.15,AUTO_CLOSED_BY_BEAMS_AND_WALLS
S,1000133,900108,900165,900164,900106,19.8,0.15,AUTO_CLOSED_BY_BEAMS_AND_WALLS
S,1000134,900106,900164,900111,900104,19.8,0.15,AUTO_CLOSED_BY_BEAMS_AND_WALLS
S,1000135,900110,900112,900109,900165,19.8,0.15,AUTO_CLOSED_BY_BEAMS_AND_WALLS
S,1000136,900165,900109,900161,705004,19.8,0.15,AUTO_CLOSED_BY_BEAMS_AND_WALLS
S,1000137,705004,900161,900107,900164,19.8,0.15,AUTO_CLOSED_BY_BEAMS_AND_WALLS
S,1000138,900164,900107,900113,900111,19.8,0.15,AUTO_CLOSED_BY_BEAMS_AND_WALLS
S,1000139,900112,705007,705005,900161,19.8,0.15,AUTO_CLOSED_BY_BEAMS_AND_WALLS
V,1000139,-22.877,-21.1,4.975,6.95
S,1000140,900161,705005,705001,900113,19.8,0.15,AUTO_CLOSED_BY_BEAMS_AND_WALLS
V,1000140,-22.877,-21.1,9.05,11.11
S,1000141,705007,900114,900162,705005,19.8,0.15,AUTO_CLOSED_BY_BEAMS_AND_WALLS
V,1000141,-20.5,-18.723,4.975,6.95
S,1000142,705005,900162,900115,705001,19.8,0.15,AUTO_CLOSED_BY_BEAMS_AND_WALLS
V,1000142,-20.5,-18.723,9.05,11.11
S,1000143,900114,705008,705006,900162,19.8,0.15,AUTO_CLOSED_BY_BEAMS_AND_WALLS
S,1000144,900162,705006,705002,900115,19.8,0.15,AUTO_CLOSED_BY_BEAMS_AND_WALLS
S,1000145,705008,900116,900163,705006,19.8,0.15,AUTO_CLOSED_BY_BEAMS_AND_WALLS
S,1000146,705006,900163,900117,705002,19.8,0.15,AUTO_CLOSED_BY_BEAMS_AND_WALLS
S,1000147,900116,900103,612006,900163,19.8,0.15,AUTO_CLOSED_BY_BEAMS_AND_WALLS
V,1000147,-5.5,-3.723,4.975,6.95
V,1000147,-0.45,-0.25,0.0,7.25
S,1000148,900163,612006,900105,900117,19.8,0.15,AUTO_CLOSED_BY_BEAMS_AND_WALLS
V,1000148,-3.22,-0.8,10.15,12.82
V,1000148,-5.5,-3.723,9.05,11.11
V,1000148,-0.45,-0.25,7.25,16.15
S,1000149,500001,500101,501101,501001,19.8,0.15,AUTO_CLOSED_BY_BEAMS_AND_WALLS
S,1000150,501001,501101,502101,502001,19.8,0.15,AUTO_CLOSED_BY_BEAMS_AND_WALLS
S,1000151,500101,900041,900142,501101,19.8,0.15,AUTO_CLOSED_BY_BEAMS_AND_WALLS
S,1000152,501101,900142,900042,502101,19.8,0.15,AUTO_CLOSED_BY_BEAMS_AND_WALLS
S,1000153,900041,500201,501201,900142,19.8,0.15,AUTO_CLOSED_BY_BEAMS_AND_WALLS
S,1000154,900142,501201,502201,900042,19.8,0.15,AUTO_CLOSED_BY_BEAMS_AND_WALLS
S,1000155,500201,900043,900143,501201,19.8,0.15,AUTO_CLOSED_BY_BEAMS_AND_WALLS
S,1000156,501201,900143,900044,502201,19.8,0.15,AUTO_CLOSED_BY_BEAMS_AND_WALLS
S,1000157,900049,900050,500301,500201,19.8,0.15,AUTO_CLOSED_BY_BEAMS_AND_WALLS
S,1000158,900043,500301,501301,900143,19.8,0.15,AUTO_CLOSED_BY_BEAMS_AND_WALLS
S,1000159,900143,501301,502301,900044,19.8,0.15,AUTO_CLOSED_BY_BEAMS_AND_WALLS
S,1000160,500301,900045,900144,501301,19.8,0.15,AUTO_CLOSED_BY_BEAMS_AND_WALLS
S,1000161,501301,900144,900046,502301,19.8,0.15,AUTO_CLOSED_BY_BEAMS_AND_WALLS
S,1000162,900045,500401,501401,900144,19.8,0.15,AUTO_CLOSED_BY_BEAMS_AND_WALLS
S,1000163,900144,501401,502401,900046,19.8,0.15,AUTO_CLOSED_BY_BEAMS_AND_WALLS
S,1000164,500401,500451,501451,501401,19.8,0.15,AUTO_CLOSED_BY_BEAMS_AND_WALLS
S,1000165,501401,501451,502451,502401,19.8,0.15,AUTO_CLOSED_BY_BEAMS_AND_WALLS
S,1000166,500451,900047,900145,501451,19.8,0.15,AUTO_CLOSED_BY_BEAMS_AND_WALLS
S,1000167,501451,900145,900048,502451,19.8,0.15,AUTO_CLOSED_BY_BEAMS_AND_WALLS
S,1000168,900047,500501,501501,900145,19.8,0.15,AUTO_CLOSED_BY_BEAMS_AND_WALLS
S,1000169,900145,501501,502501,900048,19.8,0.15,AUTO_CLOSED_BY_BEAMS_AND_WALLS
S,1000170,800000,800001,800002,800003,3.96,0.15,EXPLICIT_CANTILEVER
S,1000171,800004,800005,800006,800007,7.92,0.15,EXPLICIT_CANTILEVER
S,1000172,800008,800009,800010,800011,11.88,0.15,EXPLICIT_CANTILEVER
S,1000173,800012,800013,800014,800015,15.84,0.15,EXPLICIT_CANTILEVER
S,1000174,800016,800017,800018,800019,19.8,0.15,EXPLICIT_CANTILEVER
S,1000175,900055,800020,800021,800022,7.92,0.15,EXPLICIT_CANTILEVER
S,1000176,900072,800023,800024,800025,11.88,0.15,EXPLICIT_CANTILEVER
S,1000177,900089,800026,800027,800028,15.84,0.15,EXPLICIT_CANTILEVER
S,1000178,900105,800029,800030,800031,19.8,0.15,EXPLICIT_CANTILEVER
S,1000179,800032,800033,800034,800035,3.96,0.15,EXPLICIT_LOAD_PANEL
S,1000180,800035,800034,900000,800036,3.96,0.15,EXPLICIT_LOAD_PANEL
S,1000181,800036,900000,800037,800038,3.96,0.15,EXPLICIT_LOAD_PANEL
S,1000182,800038,800037,900007,800039,3.96,0.15,EXPLICIT_LOAD_PANEL
S,1000183,800039,900007,800040,800041,3.96,0.15,EXPLICIT_LOAD_PANEL
S,1000184,800041,800040,800042,800043,3.96,0.15,EXPLICIT_LOAD_PANEL
S,1000185,800043,800042,800044,800045,3.96,0.15,EXPLICIT_LOAD_PANEL
S,1000186,800045,800044,800046,800047,3.96,0.15,EXPLICIT_LOAD_PANEL
S,1000187,800047,800046,800048,800049,3.96,0.15,EXPLICIT_LOAD_PANEL
S,1000188,800049,800048,800050,800051,3.96,0.15,EXPLICIT_LOAD_PANEL
S,1000189,800051,800050,900005,800052,3.96,0.15,EXPLICIT_LOAD_PANEL
S,1000190,800052,900005,800053,800054,3.96,0.15,EXPLICIT_LOAD_PANEL
S,1000191,800054,800053,800055,800056,3.96,0.15,EXPLICIT_LOAD_PANEL
S,1000192,800056,800055,800057,800058,3.96,0.15,EXPLICIT_LOAD_PANEL
S,1000193,800058,800057,900003,800000,3.96,0.15,EXPLICIT_LOAD_PANEL
S,1000194,800033,800059,800060,800034,3.96,0.15,EXPLICIT_LOAD_PANEL
S,1000195,800034,800060,800061,900000,3.96,0.15,EXPLICIT_LOAD_PANEL
S,1000196,800060,800062,800063,800061,3.96,0.15,EXPLICIT_LOAD_PANEL
S,1000197,800062,800064,900009,800063,3.96,0.15,EXPLICIT_LOAD_PANEL
S,1000198,800064,800065,800066,900009,3.96,0.15,EXPLICIT_LOAD_PANEL
S,1000199,800065,800067,900011,800066,3.96,0.15,EXPLICIT_LOAD_PANEL
S,1000200,800067,800068,701007,900011,3.96,0.15,EXPLICIT_LOAD_PANEL
S,1000201,800068,800069,900013,701007,3.96,0.15,EXPLICIT_LOAD_PANEL
S,1000202,800069,800070,701008,900013,3.96,0.15,EXPLICIT_LOAD_PANEL
S,1000203,800070,800071,900015,701008,3.96,0.15,EXPLICIT_LOAD_PANEL
S,1000204,800071,800072,800073,900015,3.96,0.15,EXPLICIT_LOAD_PANEL
S,1000205,800072,800074,800075,800073,3.96,0.15,EXPLICIT_LOAD_PANEL
S,1000206,800074,800076,800077,800075,3.96,0.15,EXPLICIT_LOAD_PANEL
S,1000207,800076,800078,800079,800077,3.96,0.15,EXPLICIT_LOAD_PANEL
S,1000208,800080,800081,100001,900001,3.96,0.15,EXPLICIT_LOAD_PANEL
S,1000209,900001,100001,800082,800083,3.96,0.15,EXPLICIT_LOAD_PANEL
S,1000210,800083,800082,800084,800085,3.96,0.15,EXPLICIT_LOAD_PANEL
S,1000211,800085,800084,800086,800087,3.96,0.15,EXPLICIT_LOAD_PANEL
S,1000212,800087,800086,800088,800089,3.96,0.15,EXPLICIT_LOAD_PANEL
S,1000213,800089,800088,101001,900002,3.96,0.15,EXPLICIT_LOAD_PANEL
S,1000214,900002,101001,800090,800091,3.96,0.15,EXPLICIT_LOAD_PANEL
S,1000215,800091,800090,800092,800093,3.96,0.15,EXPLICIT_LOAD_PANEL
S,1000216,800093,800092,800094,800095,3.96,0.15,EXPLICIT_LOAD_PANEL
S,1000217,800095,800094,800096,800097,3.96,0.15,EXPLICIT_LOAD_PANEL
S,1000218,800097,800096,800098,800099,3.96,0.15,EXPLICIT_LOAD_PANEL
S,1000219,800099,800098,800100,800101,3.96,0.15,EXPLICIT_LOAD_PANEL
S,1000220,800101,800100,800102,800103,3.96,0.15,EXPLICIT_LOAD_PANEL
S,1000221,800103,800102,102001,900004,3.96,0.15,EXPLICIT_LOAD_PANEL
S,1000222,900004,102001,800104,800105,3.96,0.15,EXPLICIT_LOAD_PANEL
S,1000223,800081,800106,800107,100001,3.96,0.15,EXPLICIT_LOAD_PANEL
S,1000224,102001,800108,800109,800104,3.96,0.15,EXPLICIT_LOAD_PANEL
S,1000225,800106,800110,800111,800107,3.96,0.15,EXPLICIT_LOAD_PANEL
S,1000226,800108,800112,800113,800109,3.96,0.15,EXPLICIT_LOAD_PANEL
S,1000227,800110,800114,800115,800111,3.96,0.15,EXPLICIT_LOAD_PANEL
S,1000228,800112,800116,800117,800113,3.96,0.15,EXPLICIT_LOAD_PANEL
S,1000229,800114,800118,800119,800115,3.96,0.15,EXPLICIT_LOAD_PANEL
S,1000230,800116,800120,800121,800117,3.96,0.15,EXPLICIT_LOAD_PANEL
S,1000231,800118,800122,100101,800119,3.96,0.15,EXPLICIT_LOAD_PANEL
S,1000232,800120,102101,800123,800121,3.96,0.15,EXPLICIT_LOAD_PANEL
S,1000233,800122,620002,800124,100101,3.96,0.15,EXPLICIT_LOAD_PANEL
S,1000234,100101,800124,800125,800126,3.96,0.15,EXPLICIT_LOAD_PANEL
S,1000235,800126,800125,800127,800128,3.96,0.15,EXPLICIT_LOAD_PANEL
S,1000236,800128,800127,800129,800130,3.96,0.15,EXPLICIT_LOAD_PANEL
S,1000237,800130,800129,800131,800132,3.96,0.15,EXPLICIT_LOAD_PANEL
S,1000238,800132,800131,800133,101101,3.96,0.15,EXPLICIT_LOAD_PANEL
S,1000239,101101,800133,800134,800135,3.96,0.15,EXPLICIT_LOAD_PANEL
S,1000240,800135,800134,800136,800137,3.96,0.15,EXPLICIT_LOAD_PANEL
S,1000241,800137,800136,800138,800139,3.96,0.15,EXPLICIT_LOAD_PANEL
S,1000242,800139,800138,800140,800141,3.96,0.15,EXPLICIT_LOAD_PANEL
S,1000243,800141,800140,800142,800143,3.96,0.15,EXPLICIT_LOAD_PANEL
S,1000244,800143,800142,800144,800145,3.96,0.15,EXPLICIT_LOAD_PANEL
S,1000245,800145,800144,800146,800147,3.96,0.15,EXPLICIT_LOAD_PANEL
S,1000246,800147,800146,800148,102101,3.96,0.15,EXPLICIT_LOAD_PANEL
S,1000247,102101,800148,800149,800123,3.96,0.15,EXPLICIT_LOAD_PANEL
S,1000248,800150,800151,800152,800153,7.92,0.15,EXPLICIT_LOAD_PANEL
S,1000249,800153,800152,900051,800154,7.92,0.15,EXPLICIT_LOAD_PANEL
S,1000250,800154,900051,800155,800156,7.92,0.15,EXPLICIT_LOAD_PANEL
S,1000251,800156,800155,900058,800157,7.92,0.15,EXPLICIT_LOAD_PANEL
S,1000252,800157,900058,800158,800159,7.92,0.15,EXPLICIT_LOAD_PANEL
S,1000253,800159,800158,800160,800161,7.92,0.15,EXPLICIT_LOAD_PANEL
S,1000254,800161,800160,800162,800163,7.92,0.15,EXPLICIT_LOAD_PANEL
S,1000255,800163,800162,800164,800165,7.92,0.15,EXPLICIT_LOAD_PANEL
S,1000256,800165,800164,800166,800167,7.92,0.15,EXPLICIT_LOAD_PANEL
S,1000257,800167,800166,800168,800169,7.92,0.15,EXPLICIT_LOAD_PANEL
S,1000258,800169,800168,800170,800171,7.92,0.15,EXPLICIT_LOAD_PANEL
S,1000259,800171,800170,900056,800172,7.92,0.15,EXPLICIT_LOAD_PANEL
S,1000260,800172,900056,800173,800174,7.92,0.15,EXPLICIT_LOAD_PANEL
S,1000261,800174,800173,800175,800176,7.92,0.15,EXPLICIT_LOAD_PANEL
S,1000262,800176,800175,800177,800178,7.92,0.15,EXPLICIT_LOAD_PANEL
S,1000263,800178,800177,800179,800180,7.92,0.15,EXPLICIT_LOAD_PANEL
S,1000264,800180,800179,900054,800004,7.92,0.15,EXPLICIT_LOAD_PANEL
S,1000265,800151,800181,800182,800152,7.92,0.15,EXPLICIT_LOAD_PANEL
S,1000266,800152,800182,800183,900051,7.92,0.15,EXPLICIT_LOAD_PANEL
S,1000267,800182,800184,800185,800183,7.92,0.15,EXPLICIT_LOAD_PANEL
S,1000268,800184,800186,900060,800185,7.92,0.15,EXPLICIT_LOAD_PANEL
S,1000269,800186,800187,800188,900060,7.92,0.15,EXPLICIT_LOAD_PANEL
S,1000270,800187,800189,900062,800188,7.92,0.15,EXPLICIT_LOAD_PANEL
S,1000271,800189,800190,702007,900062,7.92,0.15,EXPLICIT_LOAD_PANEL
S,1000272,800190,800191,900064,702007,7.92,0.15,EXPLICIT_LOAD_PANEL
S,1000273,800191,800192,702008,900064,7.92,0.15,EXPLICIT_LOAD_PANEL
S,1000274,800192,800193,900066,702008,7.92,0.15,EXPLICIT_LOAD_PANEL
S,1000275,800193,800194,800195,900066,7.92,0.15,EXPLICIT_LOAD_PANEL
S,1000276,800194,800196,800197,800195,7.92,0.15,EXPLICIT_LOAD_PANEL
S,1000277,800196,800198,800199,800197,7.92,0.15,EXPLICIT_LOAD_PANEL
S,1000278,800198,800200,800201,800199,7.92,0.15,EXPLICIT_LOAD_PANEL
S,1000279,800202,800203,200001,900052,7.92,0.15,EXPLICIT_LOAD_PANEL
S,1000280,900052,200001,800204,800205,7.92,0.15,EXPLICIT_LOAD_PANEL
S,1000281,800205,800204,800206,800207,7.92,0.15,EXPLICIT_LOAD_PANEL
S,1000282,800207,800206,800208,800209,7.92,0.15,EXPLICIT_LOAD_PANEL
S,1000283,800209,800208,800210,800211,7.92,0.15,EXPLICIT_LOAD_PANEL
S,1000284,800211,800210,201001,900053,7.92,0.15,EXPLICIT_LOAD_PANEL
S,1000285,900053,201001,800212,800213,7.92,0.15,EXPLICIT_LOAD_PANEL
S,1000286,800213,800212,800214,800215,7.92,0.15,EXPLICIT_LOAD_PANEL
S,1000287,800215,800214,800216,800217,7.92,0.15,EXPLICIT_LOAD_PANEL
S,1000288,800217,800216,800218,800219,7.92,0.15,EXPLICIT_LOAD_PANEL
S,1000289,800219,800218,800220,800221,7.92,0.15,EXPLICIT_LOAD_PANEL
S,1000290,800221,800220,800222,800223,7.92,0.15,EXPLICIT_LOAD_PANEL
S,1000291,800223,800222,800224,800225,7.92,0.15,EXPLICIT_LOAD_PANEL
S,1000292,800225,800224,800226,800227,7.92,0.15,EXPLICIT_LOAD_PANEL
S,1000293,800227,800226,800228,800229,7.92,0.15,EXPLICIT_LOAD_PANEL
S,1000294,800229,800228,202001,900055,7.92,0.15,EXPLICIT_LOAD_PANEL
S,1000295,800203,800230,800231,200001,7.92,0.15,EXPLICIT_LOAD_PANEL
S,1000296,800230,800232,800233,800231,7.92,0.15,EXPLICIT_LOAD_PANEL
S,1000297,800232,800234,800235,800233,7.92,0.15,EXPLICIT_LOAD_PANEL
S,1000298,800234,800236,800237,800235,7.92,0.15,EXPLICIT_LOAD_PANEL
S,1000299,800236,800238,800239,800237,7.92,0.15,EXPLICIT_LOAD_PANEL
S,1000300,800238,800240,800241,800239,7.92,0.15,EXPLICIT_LOAD_PANEL
S,1000301,800242,800243,900017,800244,7.92,0.15,EXPLICIT_LOAD_PANEL
S,1000302,800244,900017,800245,800246,7.92,0.15,EXPLICIT_LOAD_PANEL
S,1000303,800246,800245,800247,800240,7.92,0.15,EXPLICIT_LOAD_PANEL
S,1000304,800240,800247,200101,800241,7.92,0.15,EXPLICIT_LOAD_PANEL
S,1000305,800243,800248,800249,900017,7.92,0.15,EXPLICIT_LOAD_PANEL
S,1000306,800248,800250,800251,800249,7.92,0.15,EXPLICIT_LOAD_PANEL
S,1000307,800250,800252,900018,800251,7.92,0.15,EXPLICIT_LOAD_PANEL
S,1000308,800252,800253,800254,900018,7.92,0.15,EXPLICIT_LOAD_PANEL
S,1000309,900018,800254,800255,800256,7.92,0.15,EXPLICIT_LOAD_PANEL
S,1000310,800256,800255,800257,800258,7.92,0.15,EXPLICIT_LOAD_PANEL
S,1000311,800258,800257,800259,900024,7.92,0.15,EXPLICIT_LOAD_PANEL
S,1000312,800257,800260,200201,800259,7.92,0.15,EXPLICIT_LOAD_PANEL
S,1000313,800260,800261,900021,200201,7.92,0.15,EXPLICIT_LOAD_PANEL
S,1000314,800261,800262,200301,900021,7.92,0.15,EXPLICIT_LOAD_PANEL
S,1000315,800262,800263,900025,200301,7.92,0.15,EXPLICIT_LOAD_PANEL
S,1000316,800263,800264,800265,900025,7.92,0.15,EXPLICIT_LOAD_PANEL
S,1000317,800264,800266,200401,800265,7.92,0.15,EXPLICIT_LOAD_PANEL
S,1000318,800266,800267,200451,200401,7.92,0.15,EXPLICIT_LOAD_PANEL
S,1000319,800267,800268,800269,200451,7.92,0.15,EXPLICIT_LOAD_PANEL
S,1000320,200451,800269,800270,800271,7.92,0.15,EXPLICIT_LOAD_PANEL
S,1000321,800271,800270,800272,800273,7.92,0.15,EXPLICIT_LOAD_PANEL
S,1000322,800273,800272,800274,800275,7.92,0.15,EXPLICIT_LOAD_PANEL
S,1000323,800275,800274,800276,800277,7.92,0.15,EXPLICIT_LOAD_PANEL
S,1000324,800277,800276,800278,201451,7.92,0.15,EXPLICIT_LOAD_PANEL
S,1000325,201451,800278,800279,800280,7.92,0.15,EXPLICIT_LOAD_PANEL
S,1000326,800280,800279,800281,800282,7.92,0.15,EXPLICIT_LOAD_PANEL
S,1000327,800282,800281,800283,800284,7.92,0.15,EXPLICIT_LOAD_PANEL
S,1000328,800284,800283,800285,800286,7.92,0.15,EXPLICIT_LOAD_PANEL
S,1000329,800286,800285,800287,800288,7.92,0.15,EXPLICIT_LOAD_PANEL
S,1000330,800288,800287,800289,800290,7.92,0.15,EXPLICIT_LOAD_PANEL
S,1000331,800290,800289,800291,800292,7.92,0.15,EXPLICIT_LOAD_PANEL
S,1000332,800292,800291,800293,800294,7.92,0.15,EXPLICIT_LOAD_PANEL
S,1000333,800294,800293,800295,800296,7.92,0.15,EXPLICIT_LOAD_PANEL
S,1000334,800296,800295,800297,202451,7.92,0.15,EXPLICIT_LOAD_PANEL
S,1000335,800298,800299,800300,800301,11.88,0.15,EXPLICIT_LOAD_PANEL
S,1000336,800301,800300,900068,800302,11.88,0.15,EXPLICIT_LOAD_PANEL
S,1000337,800302,900068,800303,800304,11.88,0.15,EXPLICIT_LOAD_PANEL
S,1000338,800304,800303,900075,800305,11.88,0.15,EXPLICIT_LOAD_PANEL
S,1000339,800305,900075,800306,800307,11.88,0.15,EXPLICIT_LOAD_PANEL
S,1000340,800307,800306,800308,800309,11.88,0.15,EXPLICIT_LOAD_PANEL
S,1000341,800309,800308,800310,800311,11.88,0.15,EXPLICIT_LOAD_PANEL
S,1000342,800311,800310,800312,800313,11.88,0.15,EXPLICIT_LOAD_PANEL
S,1000343,800313,800312,800314,800315,11.88,0.15,EXPLICIT_LOAD_PANEL
S,1000344,800315,800314,800316,800317,11.88,0.15,EXPLICIT_LOAD_PANEL
S,1000345,800317,800316,800318,800319,11.88,0.15,EXPLICIT_LOAD_PANEL
S,1000346,800319,800318,900073,800320,11.88,0.15,EXPLICIT_LOAD_PANEL
S,1000347,800320,900073,800321,800322,11.88,0.15,EXPLICIT_LOAD_PANEL
S,1000348,800322,800321,800323,800324,11.88,0.15,EXPLICIT_LOAD_PANEL
S,1000349,800324,800323,800325,800326,11.88,0.15,EXPLICIT_LOAD_PANEL
S,1000350,800326,800325,800327,800328,11.88,0.15,EXPLICIT_LOAD_PANEL
S,1000351,800328,800327,900071,800008,11.88,0.15,EXPLICIT_LOAD_PANEL
S,1000352,800299,800329,800330,800300,11.88,0.15,EXPLICIT_LOAD_PANEL
S,1000353,800300,800330,800331,900068,11.88,0.15,EXPLICIT_LOAD_PANEL
S,1000354,800330,800332,800333,800331,11.88,0.15,EXPLICIT_LOAD_PANEL
S,1000355,800332,800334,900077,800333,11.88,0.15,EXPLICIT_LOAD_PANEL
S,1000356,800334,800335,800336,900077,11.88,0.15,EXPLICIT_LOAD_PANEL
S,1000357,800335,800337,900079,800336,11.88,0.15,EXPLICIT_LOAD_PANEL
S,1000358,800337,800338,703007,900079,11.88,0.15,EXPLICIT_LOAD_PANEL
S,1000359,800338,800339,900081,703007,11.88,0.15,EXPLICIT_LOAD_PANEL
S,1000360,800339,800340,703008,900081,11.88,0.15,EXPLICIT_LOAD_PANEL
S,1000361,800340,800341,900083,703008,11.88,0.15,EXPLICIT_LOAD_PANEL
S,1000362,800341,800342,800343,900083,11.88,0.15,EXPLICIT_LOAD_PANEL
S,1000363,800342,800344,800345,800343,11.88,0.15,EXPLICIT_LOAD_PANEL
S,1000364,800344,800346,800347,800345,11.88,0.15,EXPLICIT_LOAD_PANEL
S,1000365,800346,800348,800349,800347,11.88,0.15,EXPLICIT_LOAD_PANEL
S,1000366,800350,800351,300001,900069,11.88,0.15,EXPLICIT_LOAD_PANEL
S,1000367,900069,300001,800352,800353,11.88,0.15,EXPLICIT_LOAD_PANEL
S,1000368,800353,800352,800354,800355,11.88,0.15,EXPLICIT_LOAD_PANEL
S,1000369,800355,800354,800356,800357,11.88,0.15,EXPLICIT_LOAD_PANEL
S,1000370,800357,800356,800358,800359,11.88,0.15,EXPLICIT_LOAD_PANEL
S,1000371,800359,800358,301001,900070,11.88,0.15,EXPLICIT_LOAD_PANEL
S,1000372,900070,301001,800360,800361,11.88,0.15,EXPLICIT_LOAD_PANEL
S,1000373,800361,800360,800362,800363,11.88,0.15,EXPLICIT_LOAD_PANEL
S,1000374,800363,800362,800364,800365,11.88,0.15,EXPLICIT_LOAD_PANEL
S,1000375,800365,800364,800366,800367,11.88,0.15,EXPLICIT_LOAD_PANEL
S,1000376,800367,800366,800368,800369,11.88,0.15,EXPLICIT_LOAD_PANEL
S,1000377,800369,800368,800370,800371,11.88,0.15,EXPLICIT_LOAD_PANEL
S,1000378,800371,800370,800372,800373,11.88,0.15,EXPLICIT_LOAD_PANEL
S,1000379,800373,800372,800374,800375,11.88,0.15,EXPLICIT_LOAD_PANEL
S,1000380,800375,800374,800376,800377,11.88,0.15,EXPLICIT_LOAD_PANEL
S,1000381,800377,800376,302001,900072,11.88,0.15,EXPLICIT_LOAD_PANEL
S,1000382,800351,800378,800379,300001,11.88,0.15,EXPLICIT_LOAD_PANEL
S,1000383,800378,800380,800381,800379,11.88,0.15,EXPLICIT_LOAD_PANEL
S,1000384,800380,800382,800383,800381,11.88,0.15,EXPLICIT_LOAD_PANEL
S,1000385,800382,800384,800385,800383,11.88,0.15,EXPLICIT_LOAD_PANEL
S,1000386,800384,800386,800387,800385,11.88,0.15,EXPLICIT_LOAD_PANEL
S,1000387,800386,800388,800389,800387,11.88,0.15,EXPLICIT_LOAD_PANEL
S,1000388,800390,800391,900118,800392,11.88,0.15,EXPLICIT_LOAD_PANEL
S,1000389,800392,900118,800393,800394,11.88,0.15,EXPLICIT_LOAD_PANEL
S,1000390,800394,800393,800395,800396,11.88,0.15,EXPLICIT_LOAD_PANEL
S,1000391,800396,800395,800397,800398,11.88,0.15,EXPLICIT_LOAD_PANEL
S,1000392,800398,800397,800399,800388,11.88,0.15,EXPLICIT_LOAD_PANEL
S,1000393,800388,800399,300101,800389,11.88,0.15,EXPLICIT_LOAD_PANEL
S,1000394,800391,800400,800401,900118,11.88,0.15,EXPLICIT_LOAD_PANEL
S,1000395,800400,800402,800403,800401,11.88,0.15,EXPLICIT_LOAD_PANEL
S,1000396,800402,800404,900119,800403,11.88,0.15,EXPLICIT_LOAD_PANEL
S,1000397,800404,800405,800406,900119,11.88,0.15,EXPLICIT_LOAD_PANEL
S,1000398,900119,800406,800407,800408,11.88,0.15,EXPLICIT_LOAD_PANEL
S,1000399,800408,800407,800409,800410,11.88,0.15,EXPLICIT_LOAD_PANEL
S,1000400,800410,800409,800411,800412,11.88,0.15,EXPLICIT_LOAD_PANEL
S,1000401,800412,800411,800413,800414,11.88,0.15,EXPLICIT_LOAD_PANEL
S,1000402,800414,800413,800415,900031,11.88,0.15,EXPLICIT_LOAD_PANEL
S,1000403,800413,800416,800417,800415,11.88,0.15,EXPLICIT_LOAD_PANEL
S,1000404,800418,800419,900027,800420,11.88,0.15,EXPLICIT_LOAD_PANEL
S,1000405,800420,900027,800421,800422,11.88,0.15,EXPLICIT_LOAD_PANEL
S,1000406,800422,800421,800423,800416,11.88,0.15,EXPLICIT_LOAD_PANEL
S,1000407,800416,800423,300201,800417,11.88,0.15,EXPLICIT_LOAD_PANEL
S,1000408,800419,800424,900029,900027,11.88,0.15,EXPLICIT_LOAD_PANEL
S,1000409,800424,800425,900030,900029,11.88,0.15,EXPLICIT_LOAD_PANEL
S,1000410,800425,800426,800427,900030,11.88,0.15,EXPLICIT_LOAD_PANEL
S,1000411,900030,800427,800428,800429,11.88,0.15,EXPLICIT_LOAD_PANEL
S,1000412,800429,800428,800430,800431,11.88,0.15,EXPLICIT_LOAD_PANEL
S,1000413,800431,800430,800432,300301,11.88,0.15,EXPLICIT_LOAD_PANEL
S,1000414,800430,800433,900123,800432,11.88,0.15,EXPLICIT_LOAD_PANEL
S,1000415,800433,800434,300401,900123,11.88,0.15,EXPLICIT_LOAD_PANEL
S,1000416,800434,800435,300451,300401,11.88,0.15,EXPLICIT_LOAD_PANEL
S,1000417,800435,800436,800437,300451,11.88,0.15,EXPLICIT_LOAD_PANEL
S,1000418,300451,800437,800438,800439,11.88,0.15,EXPLICIT_LOAD_PANEL
S,1000419,800439,800438,800440,800441,11.88,0.15,EXPLICIT_LOAD_PANEL
S,1000420,800441,800440,800442,800443,11.88,0.15,EXPLICIT_LOAD_PANEL
S,1000421,800443,800442,800444,800445,11.88,0.15,EXPLICIT_LOAD_PANEL
S,1000422,800445,800444,800446,301451,11.88,0.15,EXPLICIT_LOAD_PANEL
S,1000423,301451,800446,800447,800448,11.88,0.15,EXPLICIT_LOAD_PANEL
S,1000424,800448,800447,800449,800450,11.88,0.15,EXPLICIT_LOAD_PANEL
S,1000425,800450,800449,800451,800452,11.88,0.15,EXPLICIT_LOAD_PANEL
S,1000426,800452,800451,800453,800454,11.88,0.15,EXPLICIT_LOAD_PANEL
S,1000427,800454,800453,800455,800456,11.88,0.15,EXPLICIT_LOAD_PANEL
S,1000428,800456,800455,800457,800458,11.88,0.15,EXPLICIT_LOAD_PANEL
S,1000429,800458,800457,800459,800460,11.88,0.15,EXPLICIT_LOAD_PANEL
S,1000430,800460,800459,800461,800462,11.88,0.15,EXPLICIT_LOAD_PANEL
S,1000431,800462,800461,800463,800464,11.88,0.15,EXPLICIT_LOAD_PANEL
S,1000432,800464,800463,800465,302451,11.88,0.15,EXPLICIT_LOAD_PANEL
S,1000433,800466,800467,800468,800469,15.84,0.15,EXPLICIT_LOAD_PANEL
S,1000434,800469,800468,900085,800470,15.84,0.15,EXPLICIT_LOAD_PANEL
S,1000435,800470,900085,800471,800472,15.84,0.15,EXPLICIT_LOAD_PANEL
S,1000436,800472,800471,900092,800473,15.84,0.15,EXPLICIT_LOAD_PANEL
S,1000437,800473,900092,800474,800475,15.84,0.15,EXPLICIT_LOAD_PANEL
S,1000438,800475,800474,800476,800477,15.84,0.15,EXPLICIT_LOAD_PANEL
S,1000439,800477,800476,800478,800479,15.84,0.15,EXPLICIT_LOAD_PANEL
S,1000440,800479,800478,800480,800481,15.84,0.15,EXPLICIT_LOAD_PANEL
S,1000441,800481,800480,800482,800483,15.84,0.15,EXPLICIT_LOAD_PANEL
S,1000442,800483,800482,800484,800485,15.84,0.15,EXPLICIT_LOAD_PANEL
S,1000443,800485,800484,900090,800486,15.84,0.15,EXPLICIT_LOAD_PANEL
S,1000444,800486,900090,800487,800488,15.84,0.15,EXPLICIT_LOAD_PANEL
S,1000445,800488,800487,800489,800490,15.84,0.15,EXPLICIT_LOAD_PANEL
S,1000446,800490,800489,800491,800492,15.84,0.15,EXPLICIT_LOAD_PANEL
S,1000447,800492,800491,900088,800012,15.84,0.15,EXPLICIT_LOAD_PANEL
S,1000448,800467,800493,800494,800468,15.84,0.15,EXPLICIT_LOAD_PANEL
S,1000449,800468,800494,800495,900085,15.84,0.15,EXPLICIT_LOAD_PANEL
S,1000450,800494,800496,800497,800495,15.84,0.15,EXPLICIT_LOAD_PANEL
S,1000451,800496,800498,900094,800497,15.84,0.15,EXPLICIT_LOAD_PANEL
S,1000452,800498,800499,800500,900094,15.84,0.15,EXPLICIT_LOAD_PANEL
S,1000453,800499,800501,900096,800500,15.84,0.15,EXPLICIT_LOAD_PANEL
S,1000454,800501,800502,704007,900096,15.84,0.15,EXPLICIT_LOAD_PANEL
S,1000455,800502,800503,900098,704007,15.84,0.15,EXPLICIT_LOAD_PANEL
S,1000456,800503,800504,704008,900098,15.84,0.15,EXPLICIT_LOAD_PANEL
S,1000457,800504,800505,900100,704008,15.84,0.15,EXPLICIT_LOAD_PANEL
S,1000458,800505,800506,800507,900100,15.84,0.15,EXPLICIT_LOAD_PANEL
S,1000459,800506,800508,800509,800507,15.84,0.15,EXPLICIT_LOAD_PANEL
S,1000460,800508,800510,800511,800509,15.84,0.15,EXPLICIT_LOAD_PANEL
S,1000461,800510,800512,800513,800511,15.84,0.15,EXPLICIT_LOAD_PANEL
S,1000462,800514,800515,400001,900086,15.84,0.15,EXPLICIT_LOAD_PANEL
S,1000463,900086,400001,800516,800517,15.84,0.15,EXPLICIT_LOAD_PANEL
S,1000464,800517,800516,800518,800519,15.84,0.15,EXPLICIT_LOAD_PANEL
S,1000465,800519,800518,800520,800521,15.84,0.15,EXPLICIT_LOAD_PANEL
S,1000466,800521,800520,800522,800523,15.84,0.15,EXPLICIT_LOAD_PANEL
S,1000467,800523,800522,401001,900087,15.84,0.15,EXPLICIT_LOAD_PANEL
S,1000468,900087,401001,800524,800525,15.84,0.15,EXPLICIT_LOAD_PANEL
S,1000469,800525,800524,800526,800527,15.84,0.15,EXPLICIT_LOAD_PANEL
S,1000470,800527,800526,800528,800529,15.84,0.15,EXPLICIT_LOAD_PANEL
S,1000471,800529,800528,800530,800531,15.84,0.15,EXPLICIT_LOAD_PANEL
S,1000472,800531,800530,800532,800533,15.84,0.15,EXPLICIT_LOAD_PANEL
S,1000473,800533,800532,800534,800535,15.84,0.15,EXPLICIT_LOAD_PANEL
S,1000474,800535,800534,800536,800537,15.84,0.15,EXPLICIT_LOAD_PANEL
S,1000475,800537,800536,402001,900089,15.84,0.15,EXPLICIT_LOAD_PANEL
S,1000476,800515,800538,800539,400001,15.84,0.15,EXPLICIT_LOAD_PANEL
S,1000477,800538,800540,800541,800539,15.84,0.15,EXPLICIT_LOAD_PANEL
S,1000478,800540,800542,800543,800541,15.84,0.15,EXPLICIT_LOAD_PANEL
S,1000479,800542,800544,800545,800543,15.84,0.15,EXPLICIT_LOAD_PANEL
S,1000480,800544,800546,800547,800545,15.84,0.15,EXPLICIT_LOAD_PANEL
S,1000481,800548,800549,900033,800550,15.84,0.15,EXPLICIT_LOAD_PANEL
S,1000482,800550,900033,800551,800552,15.84,0.15,EXPLICIT_LOAD_PANEL
S,1000483,800552,800551,800553,800554,15.84,0.15,EXPLICIT_LOAD_PANEL
S,1000484,800554,800553,800555,800546,15.84,0.15,EXPLICIT_LOAD_PANEL
S,1000485,800546,800555,400101,800547,15.84,0.15,EXPLICIT_LOAD_PANEL
S,1000486,800549,800556,800557,900033,15.84,0.15,EXPLICIT_LOAD_PANEL
S,1000487,800556,800558,900035,800557,15.84,0.15,EXPLICIT_LOAD_PANEL
S,1000488,800558,800559,800560,900035,15.84,0.15,EXPLICIT_LOAD_PANEL
S,1000489,900035,800560,800561,800562,15.84,0.15,EXPLICIT_LOAD_PANEL
S,1000490,800562,800561,800563,800564,15.84,0.15,EXPLICIT_LOAD_PANEL
S,1000491,800564,800563,800565,800566,15.84,0.15,EXPLICIT_LOAD_PANEL
S,1000492,800566,800565,800567,900034,15.84,0.15,EXPLICIT_LOAD_PANEL
S,1000493,800565,800568,900125,800567,15.84,0.15,EXPLICIT_LOAD_PANEL
S,1000494,800568,800569,900129,900125,15.84,0.15,EXPLICIT_LOAD_PANEL
S,1000495,800569,800570,800571,900129,15.84,0.15,EXPLICIT_LOAD_PANEL
S,1000496,800572,800573,900037,800574,15.84,0.15,EXPLICIT_LOAD_PANEL
S,1000497,800574,900037,800575,800576,15.84,0.15,EXPLICIT_LOAD_PANEL
S,1000498,800576,800575,800577,800578,15.84,0.15,EXPLICIT_LOAD_PANEL
S,1000499,800578,800577,800579,800580,15.84,0.15,EXPLICIT_LOAD_PANEL
S,1000500,800580,800579,800581,800582,15.84,0.15,EXPLICIT_LOAD_PANEL
S,1000501,800582,800581,800583,800570,15.84,0.15,EXPLICIT_LOAD_PANEL
S,1000502,800570,800583,400201,800571,15.84,0.15,EXPLICIT_LOAD_PANEL
S,1000503,800573,800584,800585,900037,15.84,0.15,EXPLICIT_LOAD_PANEL
S,1000504,800584,800586,900038,800585,15.84,0.15,EXPLICIT_LOAD_PANEL
S,1000505,800586,800587,800588,900038,15.84,0.15,EXPLICIT_LOAD_PANEL
S,1000506,900038,800588,800589,800590,15.84,0.15,EXPLICIT_LOAD_PANEL
S,1000507,800590,800589,800591,800592,15.84,0.15,EXPLICIT_LOAD_PANEL
S,1000508,800592,800591,800593,800594,15.84,0.15,EXPLICIT_LOAD_PANEL
S,1000509,800594,800593,800595,800596,15.84,0.15,EXPLICIT_LOAD_PANEL
S,1000510,800596,800595,800597,800598,15.84,0.15,EXPLICIT_LOAD_PANEL
S,1000511,800598,800597,800599,400301,15.84,0.15,EXPLICIT_LOAD_PANEL
S,1000512,800597,800600,900131,800599,15.84,0.15,EXPLICIT_LOAD_PANEL
S,1000513,800600,800601,400401,900131,15.84,0.15,EXPLICIT_LOAD_PANEL
S,1000514,800601,800602,800603,400401,15.84,0.15,EXPLICIT_LOAD_PANEL
S,1000515,800604,800605,800606,800607,15.84,0.15,EXPLICIT_LOAD_PANEL
S,1000516,800607,800606,800608,800602,15.84,0.15,EXPLICIT_LOAD_PANEL
S,1000517,800602,800608,400451,800603,15.84,0.15,EXPLICIT_LOAD_PANEL
S,1000518,800605,800609,800610,800606,15.84,0.15,EXPLICIT_LOAD_PANEL
S,1000519,800606,800610,800611,800608,15.84,0.15,EXPLICIT_LOAD_PANEL
S,1000520,800608,800611,900039,400451,15.84,0.15,EXPLICIT_LOAD_PANEL
S,1000521,800609,800612,800613,800610,15.84,0.15,EXPLICIT_LOAD_PANEL
S,1000522,800610,800613,800614,800611,15.84,0.15,EXPLICIT_LOAD_PANEL
S,1000523,800611,800614,400501,900039,15.84,0.15,EXPLICIT_LOAD_PANEL
S,1000524,800612,800615,800616,800613,15.84,0.15,EXPLICIT_LOAD_PANEL
S,1000525,800613,800616,800617,800614,15.84,0.15,EXPLICIT_LOAD_PANEL
S,1000526,800614,800617,800618,400501,15.84,0.15,EXPLICIT_LOAD_PANEL
S,1000527,400501,800618,800619,800620,15.84,0.15,EXPLICIT_LOAD_PANEL
S,1000528,800620,800619,800621,800622,15.84,0.15,EXPLICIT_LOAD_PANEL
S,1000529,800622,800621,800623,800624,15.84,0.15,EXPLICIT_LOAD_PANEL
S,1000530,800624,800623,800625,800626,15.84,0.15,EXPLICIT_LOAD_PANEL
S,1000531,800626,800625,800627,401501,15.84,0.15,EXPLICIT_LOAD_PANEL
S,1000532,401501,800627,800628,800629,15.84,0.15,EXPLICIT_LOAD_PANEL
S,1000533,800629,800628,800630,800631,15.84,0.15,EXPLICIT_LOAD_PANEL
S,1000534,800631,800630,800632,800633,15.84,0.15,EXPLICIT_LOAD_PANEL
S,1000535,800633,800632,800634,800635,15.84,0.15,EXPLICIT_LOAD_PANEL
S,1000536,800635,800634,800636,800637,15.84,0.15,EXPLICIT_LOAD_PANEL
S,1000537,800637,800636,800638,800639,15.84,0.15,EXPLICIT_LOAD_PANEL
S,1000538,800639,800638,800640,800641,15.84,0.15,EXPLICIT_LOAD_PANEL
S,1000539,800641,800640,800642,402501,15.84,0.15,EXPLICIT_LOAD_PANEL
S,1000540,800615,800643,800644,800616,15.84,0.15,EXPLICIT_LOAD_PANEL
S,1000541,800616,800644,800645,800617,15.84,0.15,EXPLICIT_LOAD_PANEL
S,1000542,800617,800645,800646,800618,15.84,0.15,EXPLICIT_LOAD_PANEL
S,1000543,800618,800646,800647,800619,15.84,0.15,EXPLICIT_LOAD_PANEL
S,1000544,800619,800647,800648,800621,15.84,0.15,EXPLICIT_LOAD_PANEL
S,1000545,800621,800648,800649,800623,15.84,0.15,EXPLICIT_LOAD_PANEL
S,1000546,800623,800649,800650,800625,15.84,0.15,EXPLICIT_LOAD_PANEL
S,1000547,800625,800650,800651,800627,15.84,0.15,EXPLICIT_LOAD_PANEL
S,1000548,800627,800651,800652,800628,15.84,0.15,EXPLICIT_LOAD_PANEL
S,1000549,800628,800652,800653,800630,15.84,0.15,EXPLICIT_LOAD_PANEL
S,1000550,800630,800653,800654,800632,15.84,0.15,EXPLICIT_LOAD_PANEL
S,1000551,800632,800654,800655,800634,15.84,0.15,EXPLICIT_LOAD_PANEL
S,1000552,800634,800655,800656,800636,15.84,0.15,EXPLICIT_LOAD_PANEL
S,1000553,800636,800656,800657,800638,15.84,0.15,EXPLICIT_LOAD_PANEL
S,1000554,800638,800657,800658,800640,15.84,0.15,EXPLICIT_LOAD_PANEL
S,1000555,800640,800658,800026,800642,15.84,0.15,EXPLICIT_LOAD_PANEL
S,1000556,800659,800660,800661,800662,19.8,0.15,EXPLICIT_LOAD_PANEL
S,1000557,800662,800661,900102,800663,19.8,0.15,EXPLICIT_LOAD_PANEL
S,1000558,800663,900102,800664,800665,19.8,0.15,EXPLICIT_LOAD_PANEL
S,1000559,800665,800664,900108,800666,19.8,0.15,EXPLICIT_LOAD_PANEL
S,1000560,800666,900108,800667,800668,19.8,0.15,EXPLICIT_LOAD_PANEL
S,1000561,800668,800667,800669,800670,19.8,0.15,EXPLICIT_LOAD_PANEL
S,1000562,800670,800669,800671,800672,19.8,0.15,EXPLICIT_LOAD_PANEL
S,1000563,800672,800671,800673,800674,19.8,0.15,EXPLICIT_LOAD_PANEL
S,1000564,800674,800673,800675,800676,19.8,0.15,EXPLICIT_LOAD_PANEL
S,1000565,800676,800675,800677,800678,19.8,0.15,EXPLICIT_LOAD_PANEL
S,1000566,800678,800677,800679,800680,19.8,0.15,EXPLICIT_LOAD_PANEL
S,1000567,800680,800679,800681,800682,19.8,0.15,EXPLICIT_LOAD_PANEL
S,1000568,800682,800681,800683,800684,19.8,0.15,EXPLICIT_LOAD_PANEL
S,1000569,800684,800683,900106,800685,19.8,0.15,EXPLICIT_LOAD_PANEL
S,1000570,800685,900106,800686,800687,19.8,0.15,EXPLICIT_LOAD_PANEL
S,1000571,800687,800686,800688,800689,19.8,0.15,EXPLICIT_LOAD_PANEL
S,1000572,800689,800688,900104,800016,19.8,0.15,EXPLICIT_LOAD_PANEL
S,1000573,800660,800690,800691,800661,19.8,0.15,EXPLICIT_LOAD_PANEL
S,1000574,800661,800691,800692,900102,19.8,0.15,EXPLICIT_LOAD_PANEL
S,1000575,800691,800693,800694,800692,19.8,0.15,EXPLICIT_LOAD_PANEL
S,1000576,800693,800695,900110,800694,19.8,0.15,EXPLICIT_LOAD_PANEL
S,1000577,800695,800696,800697,900110,19.8,0.15,EXPLICIT_LOAD_PANEL
S,1000578,800696,800698,900112,800697,19.8,0.15,EXPLICIT_LOAD_PANEL
S,1000579,800698,800699,800700,900112,19.8,0.15,EXPLICIT_LOAD_PANEL
S,1000580,800699,800701,800702,800700,19.8,0.15,EXPLICIT_LOAD_PANEL
S,1000581,800701,800703,705007,800702,19.8,0.15,EXPLICIT_LOAD_PANEL
S,1000582,800703,800704,800705,705007,19.8,0.15,EXPLICIT_LOAD_PANEL
S,1000583,800704,800706,800707,800705,19.8,0.15,EXPLICIT_LOAD_PANEL
S,1000584,800706,800708,900114,800707,19.8,0.15,EXPLICIT_LOAD_PANEL
S,1000585,800708,800709,705008,900114,19.8,0.15,EXPLICIT_LOAD_PANEL
S,1000586,800709,800710,900116,705008,19.8,0.15,EXPLICIT_LOAD_PANEL
S,1000587,800710,800711,800712,900116,19.8,0.15,EXPLICIT_LOAD_PANEL
S,1000588,800711,800713,800714,800712,19.8,0.15,EXPLICIT_LOAD_PANEL
S,1000589,800713,800715,800716,800714,19.8,0.15,EXPLICIT_LOAD_PANEL
S,1000590,800715,800717,800718,800716,19.8,0.15,EXPLICIT_LOAD_PANEL
S,1000591,800717,800719,800720,800718,19.8,0.15,EXPLICIT_LOAD_PANEL
S,1000592,800719,800721,800722,800720,19.8,0.15,EXPLICIT_LOAD_PANEL
S,1000593,800723,800724,500001,900103,19.8,0.15,EXPLICIT_LOAD_PANEL
S,1000594,900103,500001,800725,800726,19.8,0.15,EXPLICIT_LOAD_PANEL
S,1000595,800726,800725,800727,800728,19.8,0.15,EXPLICIT_LOAD_PANEL
S,1000596,800728,800727,800729,800730,19.8,0.15,EXPLICIT_LOAD_PANEL
S,1000597,800730,800729,800731,800732,19.8,0.15,EXPLICIT_LOAD_PANEL
S,1000598,800732,800731,800733,800734,19.8,0.15,EXPLICIT_LOAD_PANEL
S,1000599,800734,800733,501001,612006,19.8,0.15,EXPLICIT_LOAD_PANEL
S,1000600,612006,501001,800735,800736,19.8,0.15,EXPLICIT_LOAD_PANEL
S,1000601,800736,800735,800737,800738,19.8,0.15,EXPLICIT_LOAD_PANEL
S,1000602,800738,800737,800739,800740,19.8,0.15,EXPLICIT_LOAD_PANEL
S,1000603,800740,800739,800741,800742,19.8,0.15,EXPLICIT_LOAD_PANEL
S,1000604,800742,800741,800743,800744,19.8,0.15,EXPLICIT_LOAD_PANEL
S,1000605,800744,800743,800745,800746,19.8,0.15,EXPLICIT_LOAD_PANEL
S,1000606,800746,800745,800747,800748,19.8,0.15,EXPLICIT_LOAD_PANEL
S,1000607,800748,800747,800749,800750,19.8,0.15,EXPLICIT_LOAD_PANEL
S,1000608,800750,800749,502001,900105,19.8,0.15,EXPLICIT_LOAD_PANEL
S,1000609,800724,800751,800752,500001,19.8,0.15,EXPLICIT_LOAD_PANEL
S,1000610,800751,800753,500101,800752,19.8,0.15,EXPLICIT_LOAD_PANEL
S,1000611,800753,800754,800755,500101,19.8,0.15,EXPLICIT_LOAD_PANEL
S,1000612,800754,800756,900041,800755,19.8,0.15,EXPLICIT_LOAD_PANEL
S,1000613,800756,800757,800758,900041,19.8,0.15,EXPLICIT_LOAD_PANEL
S,1000614,800759,800760,900049,800761,19.8,0.15,EXPLICIT_LOAD_PANEL
S,1000615,800761,900049,800762,800763,19.8,0.15,EXPLICIT_LOAD_PANEL
S,1000616,800763,800762,800764,800765,19.8,0.15,EXPLICIT_LOAD_PANEL
S,1000617,800765,800764,800766,800757,19.8,0.15,EXPLICIT_LOAD_PANEL
S,1000618,800757,800766,500201,800758,19.8,0.15,EXPLICIT_LOAD_PANEL
S,1000619,800760,800767,800768,900049,19.8,0.15,EXPLICIT_LOAD_PANEL
S,1000620,800767,800769,900050,800768,19.8,0.15,EXPLICIT_LOAD_PANEL
S,1000621,800769,800770,800771,900050,19.8,0.15,EXPLICIT_LOAD_PANEL
S,1000622,900050,800771,800772,800773,19.8,0.15,EXPLICIT_LOAD_PANEL
S,1000623,800773,800772,800774,800775,19.8,0.15,EXPLICIT_LOAD_PANEL
S,1000624,800775,800774,800776,800777,19.8,0.15,EXPLICIT_LOAD_PANEL
S,1000625,800777,800776,800778,500301,19.8,0.15,EXPLICIT_LOAD_PANEL
S,1000626,800776,800779,900045,800778,19.8,0.15,EXPLICIT_LOAD_PANEL
S,1000627,800779,800780,500401,900045,19.8,0.15,EXPLICIT_LOAD_PANEL
S,1000628,800780,800781,800782,500401,19.8,0.15,EXPLICIT_LOAD_PANEL
S,1000629,800783,800784,800785,800786,19.8,0.15,EXPLICIT_LOAD_PANEL
S,1000630,800786,800785,800787,800781,19.8,0.15,EXPLICIT_LOAD_PANEL
S,1000631,800781,800787,500451,800782,19.8,0.15,EXPLICIT_LOAD_PANEL
S,1000632,800784,800788,800789,800785,19.8,0.15,EXPLICIT_LOAD_PANEL
S,1000633,800785,800789,800790,800787,19.8,0.15,EXPLICIT_LOAD_PANEL
S,1000634,800787,800790,900047,500451,19.8,0.15,EXPLICIT_LOAD_PANEL
S,1000635,800788,800791,800792,800789,19.8,0.15,EXPLICIT_LOAD_PANEL
S,1000636,800789,800792,800793,800790,19.8,0.15,EXPLICIT_LOAD_PANEL
S,1000637,800790,800793,500501,900047,19.8,0.15,EXPLICIT_LOAD_PANEL
S,1000638,800791,800794,800795,800792,19.8,0.15,EXPLICIT_LOAD_PANEL
S,1000639,800792,800795,800796,800793,19.8,0.15,EXPLICIT_LOAD_PANEL
S,1000640,800793,800796,800797,500501,19.8,0.15,EXPLICIT_LOAD_PANEL
S,1000641,500501,800797,800798,800799,19.8,0.15,EXPLICIT_LOAD_PANEL
S,1000642,800799,800798,800800,800801,19.8,0.15,EXPLICIT_LOAD_PANEL
S,1000643,800801,800800,800802,800803,19.8,0.15,EXPLICIT_LOAD_PANEL
S,1000644,800803,800802,800804,800805,19.8,0.15,EXPLICIT_LOAD_PANEL
S,1000645,800805,800804,800806,800807,19.8,0.15,EXPLICIT_LOAD_PANEL
S,1000646,800807,800806,800808,501501,19.8,0.15,EXPLICIT_LOAD_PANEL
S,1000647,501501,800808,800809,800810,19.8,0.15,EXPLICIT_LOAD_PANEL
S,1000648,800810,800809,800811,800812,19.8,0.15,EXPLICIT_LOAD_PANEL
S,1000649,800812,800811,800813,800814,19.8,0.15,EXPLICIT_LOAD_PANEL
S,1000650,800814,800813,800815,800816,19.8,0.15,EXPLICIT_LOAD_PANEL
S,1000651,800816,800815,800817,800818,19.8,0.15,EXPLICIT_LOAD_PANEL
S,1000652,800818,800817,800819,800820,19.8,0.15,EXPLICIT_LOAD_PANEL
S,1000653,800820,800819,800821,800822,19.8,0.15,EXPLICIT_LOAD_PANEL
S,1000654,800822,800821,800823,800824,19.8,0.15,EXPLICIT_LOAD_PANEL
S,1000655,800824,800823,800029,502501,19.8,0.15,EXPLICIT_LOAD_PANEL
