caso,elemento,Ni_kN,Vyi_kN,Vzi_kN,Ti_kNm,Myi_kNm,Mzi_kNm,Nj_kN,Vyj_kN,Vzj_kN,Tj_kNm,Myj_kNm,Mzj_kNm
G,1,603.5642923037101,-0.09941800418960325,0.8417998783757981,1.1365070549635179e-09,-1.1111756996132123,-0.13123175785623503,-603.5642923037101,0.09941800418960325,-0.8417998783757981,-1.1365070549635179e-09,-2.2223518187549476,-0.2624635387345938
G,2,1005.2761139121238,3.7425816804773726,-1.7625410938769777,1.2687219142498643e-09,2.3265542997629156,4.940207699561119,-1005.2761139121238,-3.7425816804773726,1.7625410938769777,-1.2687219142498643e-09,4.653108431989915,9.880415755129276
G,3,3328.368007629929,9.9179273837917,1.2788657063000097,1.1917207889558697e-09,-1.6881026691017156,13.091664009598064,-3328.368007629929,-9.9179273837917,-1.2788657063000097,-1.1917207889558697e-09,-3.3762055278463223,26.183328430217063
G,4,1394.5270847362374,-14.984700303694577,1.0105509056811732,1.2831923117395368e-09,-1.333927175067028,-19.7798042804946,-1394.5270847362374,14.984700303694577,-1.0105509056811732,-1.2831923117395368e-09,-2.667854411430418,-39.55960892213593
G,5,3363.8922309178442,-7.478084921381061,0.561582097571192,1.1917206942992926e-09,-0.7412883082927095,-9.871072076342246,-3363.8922309178442,7.478084921381061,-0.561582097571192,-1.1917206942992926e-09,-1.4825767980892104,-19.742144212326753
G,6,3387.9367664916667,1.4776763780995492,0.7713930885021917,1.1917207889558697e-09,-1.018238817580942,1.9505327429163652,-3387.9367664916667,-1.4776763780995492,-0.7713930885021917,-1.1917207889558697e-09,-2.0364778128877368,3.9010657143578493
G,7,761.2173026391251,-1.2600295763557245,0.02029835860146881,1.226129791869949e-09,-0.02679373819295805,-1.6632390037513942,-761.2173026391251,1.2600295763557245,-0.02029835860146881,-1.226129791869949e-09,-0.053587761868858434,-3.326478118617275
G,8,988.0560911022025,1.922938264523651,6.622683194943395,1.1944552459738704e-09,-8.741941631308501,2.538278424180975,-988.0560911022025,-1.922938264523651,-6.622683194943395,-1.1944552459738704e-09,-17.48388382066734,5.076557103332683
G,9,2500.5576200776354,0.9989953748976262,0.9777030924999143,1.1917207889558697e-09,-1.290568021243002,1.3186738160093314,-2500.5576200776354,-0.9989953748976262,-0.9777030924999143,-1.1917207889558697e-09,-2.5811362250566585,2.6373478685852683
G,10,3131.475018877609,-16.13963177723796,-2.3519096587299773,6.410106928775852e-07,4.097596213402786,-21.12593601367608,-3131.475018877609,16.13963177723796,2.3519096587299773,-6.410106928775852e-07,5.215966035167924,-42.78700582418624
G,11,3145.7666355454576,5.513122721627263,-1.9387035180530505,6.410106928573334e-07,3.552160224631103,7.45569983591232,-3145.7666355454576,-5.513122721627263,1.9387035180530505,-6.410106928573334e-07,4.125105706858977,14.37626614173164
G,12,530.7612189595469,1.3479583412270681,-0.16411330291370071,6.409687566155733e-07,1.209697250257944,1.9576828555184806,-530.7612189595469,-1.3479583412270681,0.16411330291370071,-6.409687566155733e-07,-0.5598085707196891,3.3802321757407086
G,13,3459.685322187055,42.33134377031631,2.174374841655874,6.410106927237708e-07,-1.8770963960247238,56.05575492372687,-3459.685322187055,-42.33134377031631,-2.174374841655874,-6.410106927237708e-07,-6.733427976932538,111.57636640672571
G,14,3904.827490432421,12.550981741005852,0.8878093956471564,6.410106928623044e-07,-0.17883292635543335,16.745677169231396,-3904.827490432421,-12.550981741005852,-0.8878093956471564,-6.410106928623044e-07,-3.336892280407306,32.95621052515178
G,15,4162.124477944612,7.020600068450348,0.6518393945599564,6.410106928572074e-07,0.13264358912210672,9.445573380695846,-4162.124477944612,-7.020600068450348,-0.6518393945599564,-6.410106928572074e-07,-2.7139275915795342,18.35600289036753
G,16,2478.7812039798473,-8.73015708878038,1.8312469316245252,6.410106928467809e-07,-1.4241704706655354,-11.345423181805632,-2478.7812039798473,8.73015708878038,-1.8312469316245252,-6.410106928467809e-07,-5.8275673785675846,-23.22599888976467
G,17,2529.1324414674023,4.360049155899337,2.330400765849538,6.410106928604814e-07,-2.083057414827806,5.933649005284265,-2529.1324414674023,-4.360049155899337,-2.330400765849538,-6.410106928604814e-07,-7.145329617936364,11.332145652077106
G,18,1028.6241965491731,-10.63941757243438,1.0748328931480284,6.040845238597547e-05,-1.2699408844396372,-13.758866067304252,-1028.6241965491731,10.63941757243438,-1.0748328931480284,-6.040845238597547e-05,-2.9863973724265556,-28.37322751953589
G,19,2773.5673047123523,58.497437413342254,-69.47673430538167,6.0408307905935776e-05,95.29549209873018,82.57322243250454,-2773.5673047123523,-58.497437413342254,69.47673430538167,-6.0408307905935776e-05,179.8323757505812,149.0766297243308
G,20,3280.795948479929,-30.069234603422974,-2.882595441407573,6.040835776175136e-05,3.3762055278463223,-26.183328430217074,-3280.795948479929,30.069234603422974,2.882595441407573,-6.040835776175136e-05,8.038872420127666,-92.89084059933789
G,21,3019.4548372745758,1.9377558133532136,2.498460536035216,6.0408953622189625e-05,-2.0390515925621657,2.974234466640592,-3019.4548372745758,-1.9377558133532136,-2.498460536035216,-6.0408953622189625e-05,-7.854852130137289,4.699278554238133
G,22,1143.896312598023,-14.51643283370858,-2.346871298941401,6.040845084334391e-05,4.356418107870378,-18.74529408653139,-1143.896312598023,14.51643283370858,2.346871298941401,-6.040845084334391e-05,4.9371922359375695,-38.739779934954576
G,23,1557.3211788132644,8.033805508686145,0.9678259800621646,6.040895361903965e-05,-0.019163165148309513,11.02102005074398,-1557.3211788132644,-8.033805508686145,-0.9678259800621646,-6.040895361903965e-05,-3.813427715897862,20.79284976365315
G,24,1109.6266775056395,-23.72977264269926,0.699830504997894,6.040835772889766e-05,-0.9976888930405625,-50.686972930693294,-1109.6266775056395,23.72977264269926,-0.699830504997894,-6.040835772889766e-05,-1.7736399067510977,-43.28292673439576
G,25,2969.378334633598,56.02725353710601,4.914073309053524,6.040835776190719e-05,-5.968216753579039,64.50103398011481,-2969.378334633598,-56.02725353710601,-4.914073309053524,-6.040835776190719e-05,-13.491513550272916,157.366890026825
G,26,3340.364707341666,-4.7482803770213255,-1.3601775869877717,6.0408357761808393e-05,2.036477812887737,-3.9010657143578493,-3340.364707341666,4.7482803770213255,1.3601775869877717,-6.0408357761808393e-05,3.349825431583838,-14.9021245786466
G,27,3375.960691036197,-0.5942159135726768,-1.946381108797258,6.040895362507095e-05,3.8281393545185107,-0.368233615398998,-3375.960691036197,0.5942159135726768,1.946381108797258,-6.040895362507095e-05,3.87952983631863,-1.9848614023488018
G,28,2478.87649193892,-50.146431592975034,0.44227536849699267,6.0408953625161214e-05,0.6747466984713812,-65.7771581259751,-2478.87649193892,50.146431592975034,-0.44227536849699267,-6.0408953625161214e-05,-2.426157157719472,-132.80271098220604
G,29,2243.5227224097375,10.84897656935711,-0.5218444777178911,6.040895362517497e-05,1.947201834124868,14.736780400483246,-2243.5227224097375,-10.84897656935711,0.5218444777178911,-6.040895362517497e-05,0.11930229763798095,28.225166814170905
G,30,1231.4364967799274,-49.955850090992506,-1.7893304057737225,6.0408357722934114e-05,3.5951367411796684,-67.18915553938416,-1231.4364967799274,49.955850090992506,1.7893304057737225,-6.0408357722934114e-05,3.4906116656842725,-130.63601082094615
G,31,2317.0364866862565,49.62647989471038,0.37253823812140985,6.040835649275322e-05,-7.974044259088217,68.46103782865598,-2317.0364866862565,-49.62647989471038,-0.37253823812140985,-6.040835649275322e-05,6.498792836127434,128.0598225543971
G,32,2452.9855609276347,-3.311990528821346,-1.9791076018228217,6.0408357761821295e-05,2.581136225056659,-2.637347868585269,-2452.9855609276347,3.311990528821346,1.9791076018228217,-6.0408357761821295e-05,5.256129878161715,-10.47813462554726
G,33,1623.1419660777601,-4.998594558906997,-1.1100238892779601,6.040889282998489e-05,2.724147797242802,-6.182341857386907,-1623.1419660777601,4.998594558906997,1.1100238892779601,-6.040889282998489e-05,1.6715468042979205,-13.612092595884798
G,34,1210.5186736644994,-18.15153112607125,1.2915064048824945,6.040938463856013e-05,-0.4462397633927102,-23.54421805158502,-1210.5186736644994,18.15153112607125,-1.2915064048824945,-6.040938463856013e-05,-4.668125599941968,-48.33584520765712
G,35,1151.7726603463486,4.6294637719875285,-0.5312359996615826,6.040885563944223e-05,1.959598626951617,6.52669427971565,-1151.7726603463486,-4.6294637719875285,0.5312359996615826,-6.040885563944223e-05,0.1440959317082502,11.805982257354962
G,36,2475.1436232870265,-28.57775533251674,-4.477821436550923,8.103280326554026e-08,8.887222276689016,-60.55253014840187,-2475.1436232870265,28.57775533251674,4.477821436550923,-8.103280326554026e-08,8.844950612052639,-52.61538096836442
G,37,2509.081041142092,11.741851261518843,-3.8891885001309046,8.103280328313551e-08,7.564801971919026,21.250986568533975,-2509.081041142092,-11.741851261518843,3.8891885001309046,-8.103280328313551e-08,7.836384488599355,25.246744427080646
G,38,488.73049220270985,-1.5905549862290196,0.6503949055703696,8.10600597758047e-08,-0.7698999246349199,-1.8458066421092756,-488.73049220270985,1.5905549862290196,-0.6503949055703696,-8.10600597758047e-08,-1.8056639014237437,-4.452791103357642
G,39,2728.873104620924,76.59119882398406,5.504887220550438,8.103280343530427e-08,-10.264654165496474,155.45217079203732,-2728.873104620924,-76.59119882398406,-5.504887220550438,-8.103280343530427e-08,-11.534699227883262,147.84897655093954
G,40,3098.0001088771323,23.62725758334417,3.232208666298438,8.103280328902757e-08,-5.566446620585682,46.22969036620029,-3098.0001088771323,-23.62725758334417,-3.232208666298438,-8.103280328902757e-08,-7.233099697956133,47.334249663842634
G,41,3294.4802909394566,8.792904376309448,2.8911934590492367,8.103280328612495e-08,-4.804818865910463,19.348240312064323,-3294.4802909394566,-8.792904376309448,-2.8911934590492367,-8.103280328612495e-08,-6.644307231924513,15.471661018121086
G,42,1968.1611943779903,-15.56795825513461,5.89579443572127,8.103280331134253e-08,-10.327717386430903,-33.599103145804634,-1968.1611943779903,15.56795825513461,-5.89579443572127,-8.103280331134253e-08,-13.019628579025326,-28.050011544528417
G,43,2018.348445021642,6.01862568991039,6.9842293090341565,8.103280328890934e-08,-12.423327203231848,12.17425995190301,-2018.348445021642,-6.01862568991039,-6.9842293090341565,-8.103280328890934e-08,-15.234220860543411,11.659497780142132
G,44,601.5526671523081,-23.741055397486967,4.438261639786852,-0.07480652718361168,-6.697170944821117,-50.38184620546507,-601.5526671523081,23.741055397486967,-4.438261639786852,0.07480652718361168,-10.87834514873482,-43.63273316858334
G,45,2016.653457146625,95.75708028218669,-127.60299559165094,-0.07480652690020947,257.7417318154429,193.54490141453408,-2016.653457146625,-95.75708028218669,127.60299559165094,0.07480652690020947,247.5661307274949,185.65313650292526
G,46,2642.675520053577,-55.876410621106444,-18.525507816141996,-0.07480652690020961,30.323947158944883,-131.67076965754808,-2642.675520053577,55.876410621106444,18.525507816141996,0.07480652690020961,43.037063792977435,-89.59981640203345
G,47,2523.6776522488567,-27.031857204317273,-5.753615185674494,-0.07480652690020893,5.128057220395543,-38.25506732083208,-2523.6776522488567,27.031857204317273,5.753615185674494,0.07480652690020893,17.65625891487546,-68.79108720826433
G,48,1358.7938545745872,-42.06270217183603,0.2871118365186131,-0.0748065266024312,4.004246565951023,-79.81531221983597,-1358.7938545745872,42.06270217183603,-0.2871118365186131,0.0748065266024312,-5.141209438564731,-86.75298838063472
G,49,1383.166405504266,-3.9692319580847752,1.335226717120161,-0.07480652690020592,-1.5276188181575072,0.23438365965986918,-1383.166405504266,3.9692319580847752,-1.335226717120161,0.07480652690020592,-3.7598789816383316,-15.952542213675581
G,50,841.8810705145697,-21.5796074977058,1.82809867338124,-0.074806526900238,-2.534001510720978,-44.83020473211417,-841.8810705145697,21.5796074977058,-1.82809867338124,0.074806526900238,-4.705269235868735,-40.625040958800824
G,51,2252.33635728307,111.3940719127984,9.18826136106952,-0.07480652690020904,-17.95075039328873,226.06559426713466,-2252.33635728307,-111.3940719127984,-9.18826136106952,0.07480652690020904,-18.43476459654658,215.05493050754703
G,52,2493.655556757759,-18.355436769645966,-3.8258599970575404,-0.07480652690020902,8.240956591471669,-37.249066978094916,-2493.655556757759,18.355436769645966,3.8258599970575404,0.07480652690020902,6.909448996876194,-35.438462629703125
G,53,2514.7603313842355,-3.3029495804109557,-4.169737460920185,-0.07480652690021194,8.904529578395323,-9.945885789596193,-2514.7603313842355,3.3029495804109557,4.169737460920185,0.07480652690021194,7.607630766848612,-3.133794548831194
G,54,1815.722054037589,-93.32737244356518,-0.4134891560661404,-0.074806526900212,1.2473603813733847,-194.18704880679968,-1815.722054037589,93.32737244356518,0.4134891560661404,0.074806526900212,0.3900566766485316,-175.3893460697185
G,55,1962.512581248561,-6.785583735316214,-2.1579691012305187,-0.07480652690021203,5.0497646692619895,0.562051374961964,-1962.512581248561,6.785583735316214,2.1579691012305187,0.07480652690021203,3.495792971610866,-27.432962966814177
G,56,595.6856382293386,-109.33719313630542,-1.4107562505769744,-0.0748065269002109,3.7198461583891276,-213.00105178669446,-595.6856382293386,109.33719313630542,1.4107562505769744,0.0748065269002109,1.8667485938956916,-219.97423303307502
G,57,1734.5037587137242,89.45927930261954,-9.180202571599219,-0.07480652690020909,20.291102174725115,176.6574493859345,-1734.5037587137242,-89.45927930261954,9.180202571599219,0.07480652690020909,16.062500008807802,177.60129665243892
G,58,1835.9893602058278,-11.567850569315645,-5.620329318368648,-0.07480652690020907,11.698972921871114,-25.357538134757473,-1835.9893602058278,11.567850569315645,5.620329318368648,0.07480652690020907,10.557531178868736,-20.451150119732496
G,59,1878.8240653480104,-9.802739389942788,-4.765827701459336,-0.07480652694472327,8.58737720248427,-23.935225972102867,-1878.8240653480104,9.802739389942788,4.765827701459336,0.07480652694472327,10.285300495294702,-14.88362201207058
G,60,1331.3754963131248,-51.0619782909585,-2.663500295813974,-0.0748065273424541,3.0963952542444537,-95.75929763760345,-1331.3754963131248,51.0619782909585,2.663500295813974,0.0748065273424541,7.4510659171788864,-106.44613639459222
G,61,1496.1032181507114,-7.860221973247871,-3.892540862270141,-0.07480652693178583,7.351796223997502,-8.66206494952441,-1496.1032181507114,7.860221973247871,3.892540862270141,0.07480652693178583,8.062665590592259,-22.464414064537163
G,62,1820.9914803503614,-23.125276909929113,-5.97929418100433,2.7916069014643504e-07,11.877860225570384,-48.11008475739074,-1820.9914803503614,23.125276909929113,5.97929418100433,-2.7916069014643504e-07,11.800144731206768,-43.46601180592856
G,63,1860.3393891568744,13.790784799977143,-5.602523073991597,2.791606901525997e-07,11.148950515973175,25.259361400783014,-1860.3393891568744,-13.790784799977143,5.602523073991597,-2.791606901525997e-07,11.037040857033553,29.352146407126476
G,64,502.3000533455493,2.5388405096148334,2.304556332429424,2.7906006276752543e-07,-2.9381938256083084,-1.6939643598419032,-502.3000533455493,-2.5388405096148334,-2.304556332429424,-2.7906006276752543e-07,-6.18784925081221,11.747772777916644
G,65,2004.4535163706068,72.8137142165809,7.602477246248464,2.7916069016039075e-07,-13.252551566873136,140.17072268002963,-2004.4535163706068,-72.8137142165809,-7.602477246248464,-2.7916069016039075e-07,-16.853258328270787,148.1715856176308
G,66,2298.545878647915,22.458301256001224,4.447671550727637,2.791606901346949e-07,-7.786545114139125,43.099253103895705,-2298.545878647915,-22.458301256001224,-4.447671550727637,-2.791606901346949e-07,-9.826234226742319,45.835619869869156
G,67,2439.4505974093377,2.5957821433241843,4.25247890529795,2.7916069014949224e-07,-7.39023963019519,4.599485461150056,-2439.4505974093377,-2.5957821433241843,-4.25247890529795,-2.7916069014949224e-07,-9.449576834784697,5.679811826413715
G,68,1455.1128849125437,-11.823537843178869,9.003100485154846,2.7916069012581894e-07,-16.070306971429453,-25.799349962002246,-1455.1128849125437,11.823537843178869,-9.003100485154846,-2.7916069012581894e-07,-19.58197094978375,-21.021859896986083
G,69,1503.1098052571174,2.408056372890982,10.302651896079821,2.791606901340939e-07,-18.56357428363846,4.201572938592792,-1503.1098052571174,-2.408056372890982,-10.302651896079821,-2.791606901340939e-07,-22.23492722483764,5.334330298055498
G,70,190.69217996104183,-10.429698214500565,-3.4477578163891986,0.07473651507315188,3.983277559730438,-32.22109778516261,-190.69217996104183,10.429698214500565,3.4477578163891986,-0.07473651507315188,9.669843393170785,-9.080507144259615
G,71,1277.2906669906793,91.20424467196973,-60.04006406017948,0.07473651479094626,161.92881675841232,173.48403747729583,-1277.2906669906793,-91.20424467196973,60.04006406017948,-0.07473651479094626,75.82983691989836,187.68477142370423
G,72,1859.0899344071217,-12.639755273929596,-76.07919911480538,0.07473651479094758,121.64737039043618,-38.68678753169305,-1859.0899344071217,12.639755273929596,76.07919911480538,-0.07473651479094758,179.626258104193,-11.366643353068143
G,73,1877.425558283514,-39.493646793810164,-71.19518335742893,0.07473651479094683,105.7722415060148,-91.40000556645393,-1877.425558283514,39.493646793810164,71.19518335742893,-0.07473651479094683,176.16068458940373,-64.99483573703425
G,74,942.9475236131573,-55.26645711609302,5.887389298465477,0.07473651479094695,-11.706786388119454,-110.34130105194319,-942.9475236131573,55.26645711609302,-5.887389298465477,-0.07473651479094695,-11.60727523380383,-108.51386912778511
G,75,1222.0515058825977,71.79743643109397,4.091837982238309,0.07473651479094692,-7.024975429350692,77.90010393736787,-1222.0515058825977,-71.79743643109397,-4.091837982238309,-0.07473651479094692,-9.178702980313005,206.41774432976413
G,76,600.9814663396918,-21.657794828293145,-2.303831804302135,0.074736514790883,5.200956008688778,-47.54468740411083,-600.9814663396918,21.657794828293145,2.303831804302135,-0.074736514790883,3.9222179363476743,-38.22018011592999
G,77,1538.7850869605318,110.88267455656867,2.1190519424153647,0.074736514790947,-5.557652615504651,207.563446909182,-1538.7850869605318,-110.88267455656867,-2.1190519424153647,-0.074736514790947,-2.8337930764601906,231.5319443348298
G,78,1663.5635847273065,-15.98100919024062,-3.644115369955537,0.07473651479094692,9.308980178431165,-39.12065741918178,-1663.5635847273065,15.98100919024062,3.644115369955537,-0.07473651479094692,5.121716686592758,-24.164138974171053
G,79,1671.32487867139,-8.605061734007053,-2.2839019035330077,0.07473651479094698,6.851440454307818,-16.949021754771813,-1671.32487867139,8.605061734007053,2.2839019035330077,-0.07473651479094698,2.1928110836828894,-17.127022711896114
G,80,1139.2122992127072,-95.73408292455527,0.49238618446554444,0.07473651479094691,0.021092385646165557,-185.38264315237095,-1139.2122992127072,95.73408292455527,-0.49238618446554444,-0.07473651479094691,-1.970941676129721,-193.72432522886783
G,81,1692.5331324539363,96.03311569149948,0.040399065902218596,0.07473651479094695,0.9675774176554621,101.47128107969505,-1692.5331324539363,-96.03311569149948,-0.040399065902218596,-0.07473651479094695,-1.1275577186282477,278.81985705864275
G,82,-47.28525778707303,-23.012099989632333,-4.587125516333967,0.07473651479094617,10.511633048987678,-113.64817556450109,47.28525778707303,23.012099989632333,4.587125516333967,-0.07473651479094617,7.653383995694826,22.520259605557072
G,83,1154.6552508830873,68.22468616293084,-8.224813941942832,0.07473651479094696,18.347142589974922,141.94856852634132,-1154.6552508830873,-68.22468616293084,8.224813941942832,-0.07473651479094696,14.223120620118687,128.22118867886473
G,84,1217.8539770173584,-10.863960244250679,-6.014795918478392,0.07473651479094695,13.717661188530439,-27.145080182619118,-1217.8539770173584,10.863960244250679,6.014795918478392,-0.07473651479094695,10.100930648643988,-15.876202384613553
G,85,1246.7747170026464,-10.593558189166822,-5.71611345717887,0.07473651479094696,13.272790319492927,-23.550571104090324,-1246.7747170026464,10.593558189166822,5.71611345717887,-0.07473651479094696,9.363018970935393,-18.39991932501028
G,86,828.6125025562206,-72.3638109489434,-4.268138254557533,0.07473651479094692,10.39597737539123,-142.1876238296313,-828.6125025562206,72.3638109489434,4.268138254557533,-0.07473651479094692,6.505850112656596,-144.37306752818446
G,87,1298.2336571900391,76.22726995329097,-3.171159099567739,0.07473651479094699,7.484072090861239,80.90800689812306,-1298.2336571900391,-76.22726995329097,3.171159099567739,-0.07473651479094699,5.0737179434270026,220.9519821169091
G,88,1167.9675951539032,-27.67357728314522,-7.084556780053826,-2.9687360799942826e-06,14.27970165486871,-55.09679712213493,-1167.9675951539032,27.67357728314522,7.084556780053826,2.9687360799942826e-06,13.775143194144436,-54.49056891912011
G,89,1210.6961144360553,-3.4542857947450125,-7.063346831583009,-2.9687360799767808e-06,13.985958193331731,0.961624391309492,-1210.6961144360553,3.4542857947450125,7.063346831583009,2.9687360799767808e-06,13.984895259736977,-14.640596138499738
G,90,708.9409115867943,-3.9794934896766705,8.450070207466862,-2.9685996662762823e-06,-13.279277681421616,-2.483456927213063,-708.9409115867943,3.9794934896766705,-8.450070207466862,2.9685996662762823e-06,-20.18300034014715,-13.275337291906549
G,91,1288.2213435413496,67.14671470862808,3.6517307110301984,-2.968736080163081e-06,-10.61767740076067,135.06409992206295,-1288.2213435413496,-67.14671470862808,-3.6517307110301984,2.968736080163081e-06,-3.8431762149189135,130.83689032410416
G,92,1501.3342917998896,20.738127289923003,3.751601401192037,-2.9687360799545953e-06,-7.8868113449209645,37.93794385838525,-1501.3342917998896,-20.738127289923003,-3.751601401192037,2.9687360799545953e-06,-6.969530203799497,44.18504020970981
G,93,1592.793331193559,-1.9361759441160595,3.57527404778019,-2.9687360799725045e-06,-7.5350364543524275,-5.929419230574146,-1592.793331193559,1.9361759441160595,-3.57527404778019,2.9687360799725045e-06,-6.623048774857119,-1.7378375081254485
G,94,940.5696277872412,-17.111627804431727,8.30016608477429,-2.96873607992412e-06,-17.63348726208082,-33.629199265411664,-940.5696277872412,17.111627804431727,-8.30016608477429,2.96873607992412e-06,-15.235170433625356,-34.132846840137944
G,95,986.9307867324338,-2.3443806844838933,9.782640221471718,-2.9687360799573545e-06,-20.52788185088426,-6.565947265202658,-986.9307867324338,2.3443806844838933,-9.782640221471718,2.9687360799573545e-06,-18.211373426143737,-2.717800245353556
G,96,333.9956407486431,-35.788965618449964,-1.6401233054558129,0.0008179437165066832,8.863465376535327,-52.85953937416672,-333.9956407486431,35.788965618449964,1.6401233054558129,-0.0008179437165066832,-2.3685770869303076,-88.86476447489514
G,97,648.5712079298345,146.72058782031098,9.914389512316408,0.0008179438088248951,-14.482350853483648,250.66154492205672,-648.5712079298345,-146.72058782031098,-9.914389512316408,-0.0008179438088248951,-24.77863161528933,330.3519828463748
G,98,1097.1061853396407,-17.70175253536626,-166.8628318947706,0.0008179438088238292,301.93633537202334,-28.353278940468623,-1097.1061853396407,17.70175253536626,166.8628318947706,-0.0008179438088238292,358.8404789312684,-41.74566109958178
G,99,1101.5910111257922,-37.979245312752255,-171.32640296916105,0.0008179438088238378,311.2575678050337,-73.30062502151934,-1101.5910111257922,37.979245312752255,171.32640296916105,-0.0008179438088238378,367.19498795284426,-77.09718641697962
G,100,592.7993405840689,-143.965139946153,5.032976508978549,0.0008179438088238946,-7.107785449404886,-235.90092948429935,-592.7993405840689,143.965139946153,-5.032976508978549,-0.0008179438088238946,-12.822801526150169,-334.2010247024666
G,101,622.4283713945676,203.25684510737904,5.405107249340785,0.0008179438088240745,-7.316557834054835,369.63936422695497,-622.4283713945676,-203.25684510737904,-5.405107249340785,-0.0008179438088240745,-14.087666873334676,435.25774239826615
G,102,22.819660485109292,253.36624686418693,44.13734409300773,0.0008179437144404481,-87.20548527804937,520.3881372948194,-22.819660485109292,-253.36624686418693,-44.13734409300773,-0.0008179437144404481,-87.57839733026125,482.942200287361
G,103,385.75602613837174,-32.26331873828553,4.3708628153458795,0.0008179407509790186,-3.3086385386923993,-62.199477111575916,-385.75602613837174,32.26331873828553,-4.3708628153458795,-0.0008179407509790186,-13.99997821007729,-65.56326509203478
G,104,773.1401374719633,151.7532834957886,-3.6572033866476166,0.0008179438088413018,6.818554831024397,275.50114242143025,-773.1401374719633,-151.7532834957886,3.6572033866476166,-0.0008179438088413018,7.663970580100168,325.44186022189257
G,105,833.1507368914444,-39.05645648966146,-0.11249771373218878,0.0008179438088238776,2.935663606466253,-64.60373487643935,-833.1507368914444,39.05645648966146,0.11249771373218878,-0.0008179438088238776,-2.4901726600867855,-90.05983282262004
G,106,827.0257272664671,-17.29872400796301,1.665298222992229,0.0008179438088239251,-0.09645951499104122,-38.582662425094284,-827.0257272664671,17.29872400796301,-1.665298222992229,-0.0008179438088239251,-6.498121448058187,-29.92028464643925
G,107,556.2845814095963,-168.63493194970562,-3.4745543653405937,0.0008179438088239582,6.6370847442075505,-299.93345123731075,-556.2845814095963,168.63493194970562,3.4745543653405937,-0.0008179438088239582,7.122150542541203,-367.86087928352356
G,108,828.0151280582886,274.48483620980306,-3.529246511112964,0.0008179438088239324,7.180035007979733,504.39612220418024,-828.0151280582886,-274.48483620980306,3.529246511112964,-0.0008179438088239324,6.795781176027606,582.5638291866402
G,109,29.74272892551985,331.76993792376123,10.167374233765576,0.0008179437144407257,-20.11843151063849,680.7512783116983,-29.74272892551985,-331.76993792376123,-10.167374233765576,-0.0008179437144407257,-20.144370455073194,633.0576758663963
G,110,607.054211427719,-72.84476508890035,-8.679075301868494,0.0008179438088295051,14.634457239922238,-52.84015136745114,-607.054211427719,72.84476508890035,8.679075301868494,-0.0008179438088295051,19.734680955477,-235.6251183845943
G,111,554.2304323413391,100.36592310971545,-15.344838824762627,0.0008179438088238432,25.64924432141791,161.06632806626726,-554.2304323413391,-100.36592310971545,15.344838824762627,-0.0008179438088238432,35.116317424642105,236.38272744820597
G,112,601.7099385316982,-30.821141722277083,-13.156989557015255,0.0008179438088239218,22.00430845171892,-51.80097512101193,-601.7099385316982,30.821141722277083,13.156989557015255,-0.0008179438088239218,30.097370194061497,-70.25074609920534
G,113,612.9111211178437,-17.838445690438764,-13.085737347306873,0.0008179438088239142,22.01459604779786,-37.54446404263299,-612.9111211178437,17.838445690438764,13.085737347306873,-0.0008179438088239142,29.804923847537367,-33.095780891504525
G,114,397.57638826480166,-125.58291484211206,-9.932241977880821,0.000817943808823982,17.354131916417465,-224.20357774596846,-397.57638826480166,125.58291484211206,9.932241977880821,-0.000817943808823982,21.977546315990594,-273.1047650287954
G,115,632.0175708359013,213.78086632050255,-10.236557319674137,0.0008179438088237535,17.995704149561032,392.94143577171985,-632.0175708359013,-213.78086632050255,10.236557319674137,-0.0008179438088237535,22.541062836348555,453.6307948574704
G,116,22.091866162528174,268.59884396714705,-33.8386149474558,0.0008179437144410317,66.7670119626584,550.0962358984885,-22.091866162528174,-268.59884396714705,33.8386149474558,-0.0008179437144410317,67.23390322926662,513.555186211414
G,117,519.6224866304983,-3.1152755513991055,-10.47417067873278,1.6007763143493162e-06,15.484302462082946,-28.632084404745267,-519.6224866304983,3.1152755513991055,10.47417067873278,-1.6007763143493162e-06,25.993413425698865,16.295593221204808
G,118,596.1263609944378,-10.322611374488677,-9.82595120123597,1.6007763143474284e-06,14.86637425707464,-30.265259631386222,-596.1263609944378,10.322611374488677,9.82595120123597,-1.6007763143474284e-06,24.044392499819807,-10.612281411588949
G,119,23.786029575000004,-5.5230604655938595,4.4674600213801865,1.600745566792222e-06,-17.691141684665542,-21.871319443751695,-23.786029575000004,5.5230604655938595,-4.4674600213801865,-1.600745566792222e-06,0.0,5.329070518200751e-15
G,120,577.9294085921493,95.36516698375833,28.505542203415956,1.60077631492061e-06,-39.41531761742869,161.526798121585,-577.9294085921493,-95.36516698375833,-28.505542203415956,-1.60077631492061e-06,-73.46662950809852,216.11926313409805
G,121,708.5430007631876,13.490049878717189,9.54581843875118,1.6007763143078779e-06,-17.383027742627284,28.05912894120431,-708.5430007631876,-13.490049878717189,-9.54581843875118,-1.6007763143078779e-06,-20.418413274827394,25.361468578515765
G,122,754.0196169160702,-16.71227191237348,9.455381179979737,1.6007763143398153e-06,-17.149948932577036,-27.80073323945126,-754.0196169160702,16.71227191237348,-9.455381179979737,-1.6007763143398153e-06,-20.29336054014272,-38.37986353354774
G,123,423.33133017701005,-0.15187384619739025,19.026939406142567,1.6007763142820309e-06,-32.1596422522687,-18.304400652167832,-423.33133017701005,0.15187384619739025,-19.026939406142567,-1.6007763142820309e-06,-43.18703779605586,17.702980221226166
G,124,471.9623699589005,-13.47805253307343,20.602528808496388,1.600776314329311e-06,-35.25878508825969,-23.972676068777012,-471.9623699589005,13.47805253307343,-20.602528808496388,-1.600776314329311e-06,-46.32722899338601,-29.400411962193775
G,207,7.642360156478584e-06,-0.0001867482647978774,208.03463071990106,3.193703007815836,-440.90752035555334,-3.45483007777591e-05,-7.642360156478584e-06,0.0001867482647978774,-208.03463071990106,-3.193703007815836,363.93470698918975,-3.4548557197455725e-05
G,359,0.0,-2.7539867453401537e-16,169.70092071991064,3.193703007815836,-363.9347069891902,-4.654236567178637e-16,0.0,2.7539867453401537e-16,-169.70092071991064,-3.193703007815836,-209.65440504410697,-4.654238632071069e-16
G,360,-1.1384122811097797e-14,4.103578829660036e-16,-3.7348016130312542,-2.6585455131339364,204.35534187208202,7.780515849184513e-16,1.1384122811097797e-14,-4.103578829660036e-16,3.7348016130312542,2.6585455131339364,-190.34983582321482,7.607904762040623e-16
G,361,-2.625715335262402e-07,3.995613806404873e-09,-144.86847538248136,-0.49467830429425763,192.7923760853816,7.491775218967994e-09,2.625715335262402e-07,-3.995613806404873e-09,144.86847538248136,0.49467830429425763,350.4644065989235,7.491776555050281e-09
G,362,1.9692865502358992e-07,-1.6856485933006066e-09,114.46907835775693,1.4211238456312691,-293.31971103506055,-4.2141209881657266e-09,-1.9692865502358992e-07,1.6856485933006066e-09,-114.46907835775693,-1.4211238456312691,-279.02568075372403,-4.214121978337306e-09
G,363,4.7767000316105424e-08,1.9300362719526742e-09,-112.22991960675705,-1.4102545771470094,278.9651493218973,4.825090194169145e-09,-4.7767000316105424e-08,-1.9300362719526742e-09,112.22991960675705,1.4102545771470094,282.18444871188785,4.825091165594226e-09
G,364,-2.2192381599387374e-07,-2.898861680245031e-09,124.13322082186691,1.5654543920958117,-305.65089893310864,-6.30382258652647e-09,2.2192381599387374e-07,2.898861680245031e-09,-124.13322082186691,-1.5654543920958117,-315.01520517622606,-8.190485814698687e-09
G,365,-6.047112034098696,0.3934482328093961,-112.61308973070189,-1.4598818704293555,315.12585530074995,1.091818451358504,6.047112034098696,-0.3934482328093961,112.61308973070189,1.4598818704293555,309.8767927046454,1.0918192407336442
G,208,-1.3155783087264242e-06,-3.2740252208279527e-09,169.14941384000502,2.323009299530669,-272.5640517529585,-6.138796519525853e-09,1.3155783087264242e-06,3.2740252208279527e-09,-169.14941384000502,-2.323009299530669,-361.7462501470603,-6.1387980585789694e-09
G,366,4.2532889645181815e-07,2.30463894077147e-09,-203.1013646429759,-2.360363817504665,362.7859702272667,4.321197370790512e-09,-4.2532889645181815e-07,-2.30463894077147e-09,203.1013646429759,2.360363817504665,398.8441471838929,4.3211986571025e-09
G,367,-3.189967113701418e-07,-9.722685861790926e-10,195.39435979347795,0.29592072649215423,-478.7006284007591,-2.4306709816043268e-09,3.189967113701418e-07,9.722685861790926e-10,-195.39435979347795,-0.29592072649215423,-498.27117056663053,-2.430671949291136e-09
G,368,5.104234539914966e-08,9.287055383098382e-10,-201.7927113414257,-0.30105925363142827,498.39604398965605,2.321763358444035e-09,-5.104234539914966e-08,-9.287055383098382e-10,201.7927113414257,0.30105925363142827,510.56751271747237,2.321764333105155e-09
G,369,-2.251965142683644e-07,-1.8975305025574372e-09,219.94531180793086,0.35293482786378194,-548.3301529754324,-3.800495063549871e-09,2.251965142683644e-07,1.8975305025574372e-09,-219.94531180793086,-0.35293482786378194,-551.3964060642223,-5.687157449237317e-09
G,370,-6.047019618269993,0.39344805723832643,-191.8559326894159,-0.2911242053482999,551.2100848060338,1.0918179643666137,6.047019618269993,-0.39344805723832643,191.8559326894159,0.2911242053482999,513.5903416202242,1.0918187533060977
G,209,-5.322824255499903e-05,-0.00017173932030343237,266.7997106150959,-6.7689352701395125,-579.4599696252989,-3.177176903797575e-05,5.322824255499903e-05,0.00017173932030343237,-266.7997106150959,6.7689352701395125,480.7440766977131,-3.17717794742944e-05
G,371,-2.2680434869320505e-12,-1.5812106525528477e-13,220.36100911509791,-6.768935270139514,-480.7440766977127,-2.2661688227158168e-13,2.2680434869320505e-12,1.5812106525528477e-13,-220.36100911509791,6.768935270139514,-264.0761341113172,-3.0783231829128017e-13
G,372,-1.7889335846010823e-14,9.83231047525239e-17,4.398168413284248,0.8194160293456081,259.7784931570976,1.7984223802028312e-16,1.7889335846010823e-14,-9.83231047525239e-17,-4.398168413284248,-0.8194160293456081,-276.27162470691354,1.888694048016815e-16
G,373,-4.776238942110628e-07,-2.0898553461373745e-09,-203.73893468658923,5.944004630942048,280.28282087487514,-3.918479400804379e-09,4.776238942110628e-07,2.0898553461373745e-09,203.73893468658923,-5.944004630942048,483.73818419983445,-3.918478147210775e-09
G,374,3.5821792797666174e-07,8.816586704885214e-10,146.84883593445235,-1.04682172416157,-380.04766143002587,2.2041471498615465e-09,-3.5821792797666174e-07,-8.816586704885214e-10,-146.84883593445235,1.04682172416157,-354.1965182422358,2.2041462025810605e-09
G,375,1.7938737287607164e-07,-8.089045569671301e-10,-142.27646696613,1.0558194261962508,354.13217625103675,-2.022261879913377e-09,-1.7938737287607164e-07,8.089045569671301e-10,142.27646696613,-1.0558194261962508,357.2501585796132,-2.0222609049222734e-09
G,376,-3.535380533247964e-07,-1.5992059100245586e-10,159.00859786017247,-1.1299563355573308,-392.8589696171101,5.435299264763289e-10,3.535380533247964e-07,1.5992059100245586e-10,-159.00859786017247,1.1299563355573308,-402.1840196837524,-1.3431328814886084e-09
G,377,-6.046899170291925,0.3934481413373296,-142.27285058991185,1.135619034806975,402.2596908174172,1.0918181975563477,6.046899170291925,-0.3934481413373296,142.27285058991185,-1.135619034806975,387.3546299565935,1.0918189868658315
G,210,0.0,-3.774122883283646e-16,-14.24881654179156,12.312425109996331,-1.1896486939434823,-6.229932496934213e-16,0.0,3.774122883283646e-16,14.24881654179156,-12.312425109996331,54.62271072566178,-7.923028315379444e-16
G,378,0.0,-4.4347485288295213e-17,14.453492531410562,-1.5600549288460734,-49.376702715811206,-1.6780613972217716e-16,0.0,4.4347485288295213e-17,-14.453492531410562,1.5600549288460734,-4.8238942769784074,1.5030698910701066e-18
G,211,4.878909776184775e-15,-5.652446419068378e-15,-44.04408202139527,-12.766401146288635,6.348805581930918,-1.0745186275482887e-14,-4.878909776184775e-15,5.652446419068378e-15,44.04408202139527,12.766401146288635,158.81650199830116,-1.0451487796023508e-14
G,379,-4.87890977618477e-15,2.51140719367531e-16,40.4266276162849,2.4810733309096324,-148.93029132771173,6.749976812143233e-16,4.87890977618477e-15,-2.51140719367531e-16,-40.4266276162849,-2.4810733309096324,-2.6695622333566433,2.6678001641391796e-16
G,212,-6.160912362456344e-06,135.99678772372735,2.3298817564426374e-08,4.354536871122764,-4.966495513670603e-08,427.16004329295953,6.160912362456344e-06,-135.99678772372735,-2.3298817564426374e-08,-4.354536871122764,-4.970450177557244e-08,152.86625634873752
G,380,-1.184512216002864e-13,3.8576940951228638,-3.1173834045267755e-17,-1.994268710808081,1.688681078985544e-16,-140.09985520244885,1.184512216002864e-13,-3.8576940951228638,3.1173834045267755e-17,1.994268710808081,6.86765075263859e-17,169.49548420728507
G,381,9.277027517547101e-13,-146.34109142308571,1.357628465102985e-15,-0.8046200168643548,-1.2445453406821584e-14,-181.80790931728149,-9.277027517547101e-13,146.34109142308571,-1.357628465102985e-15,0.8046200168643548,8.339984928350159e-15,-260.72755114612954
G,382,1.947158333574697e-05,-190.7010017730858,6.594891843940307e-06,-0.8046200168643546,-4.0921333262873866e-06,260.7275511461292,-1.947158333574697e-05,190.7010017730858,-6.594891843940307e-06,0.8046200168643546,-4.092127452042532e-06,-497.3874943465286
G,213,1.143941330875679e-14,52.142630282942264,-2.898849749574216e-16,5.299063172025173,2.9913488618459273e-16,5.8522485209499,-1.143941330875679e-14,-52.142630282942264,2.898849749574216e-16,-5.299063172025173,9.372245320088103e-16,216.53606963579884
G,383,1.606679172165008e-07,-210.42651535473783,1.1871208815933148e-07,-4.587147498564227,-1.7717779284527653e-07,-231.78354411299722,-1.606679172165008e-07,210.42651535473783,-1.1871208815933148e-07,4.587147498564227,-1.7717779031032792e-07,-396.3396042208952
G,384,-1.0347222905724979e-07,158.73810842138857,-3.1708724302282747e-08,0.9483670556311959,7.348496980214782e-08,411.01467706379344,1.0347222905724979e-07,-158.73810842138857,3.1708724302282747e-08,-0.9483670556311959,7.34849673389327e-08,324.73645546934256
G,385,1.1439413308756791e-14,-74.66643065181363,1.4385916257575608e-16,-4.2976409542193865,-4.391049007628947e-16,-310.8639754305,-1.1439413308756791e-14,74.66643065181363,-1.4385916257575608e-16,4.2976409542193865,-1.7445442762270485e-16,-7.588351299485055
G,214,-3.4165709727957234e-08,3.995671711620432,4.3323422060249745e-09,-0.31959352829377197,-1.5704740483819284e-08,14.239482615072959,3.4165709727957234e-08,-3.995671711620432,-4.3323422060249745e-09,0.31959352829377197,-1.5704740509861782e-08,14.729137294175173
G,386,-7.232862318641628e-08,-1.7521848195429586,-3.0740179465948426e-09,0.3509867972204124,1.3679379872788342e-08,-8.482082937179005,7.232862318641628e-08,1.7521848195429586,3.0740179465948426e-09,-0.3509867972204124,1.3679379851905749e-08,-7.112361956753324
G,215,-4.7956452925147915e-08,4.697529367137329,2.7502966254205745e-11,-0.039955382759220316,-9.969825541779251e-11,16.59294785192539,4.7956452925147915e-08,-4.697529367137329,-2.7502966254205745e-11,0.039955382759220316,-9.969824992519914e-11,17.46414005982024
G,387,-6.779065601092818e-08,-2.2588224270617845,5.825838693772742e-10,0.01844167276884536,-2.592498218642782e-09,-10.599387683825457,6.779065601092818e-08,2.2588224270617845,-5.825838693772742e-10,-0.01844167276884536,-2.5924982188149565e-09,-9.504131917024424
G,216,-5.719706654378395e-15,11.765335919450253,3.7916596699260707e-16,-2.4425402621669368,-8.220620809853389e-16,-2.1638672088396333,5.719706654378395e-15,-11.765335919450253,-3.7916596699260707e-16,2.4425402621669368,-7.9508076823813e-16,52.34302490529496
G,388,8.172378184564102e-15,-86.23694596426489,6.126275367121345e-15,0.2270219711896704,-9.14814246557008e-15,-49.861951574385344,-8.172378184564102e-15,86.23694596426489,-6.126275367121345e-15,-0.2270219711896704,-9.138789505287136e-15,-207.55533212894537
G,389,-1.0526234684325286e-14,96.39141071871599,-1.6060196607605797e-15,-0.8126981090166969,3.724962411408706e-15,212.23870524598073,1.0526234684325286e-14,-96.39141071871599,1.6060196607605797e-15,0.8126981090166969,3.71893871621658e-15,234.53548343526785
G,390,1.1439413308756791e-14,-56.55806024987352,-6.056318252237275e-16,4.011196167961464,1.2844539099941022e-15,-236.09553836411396,-1.1439413308756791e-14,56.55806024987352,6.056318252237275e-16,-4.011196167961464,1.2985658245850947e-15,-5.1245886015965425
G,217,0.0,4.547730464513959,1.3327901490425664e-16,0.0605314318266474,-4.838989469353573e-16,2.831378422778272,0.0,-4.547730464513959,-1.3327901490425664e-16,-0.0605314318266474,-4.823739111205035e-16,30.139667444947932
G,391,0.0,-3.5556549005822693,-8.141864833761211e-17,-0.06434199119892342,3.625638578291641e-16,-29.54268746482436,0.0,3.5556549005822693,8.141864833761211e-17,0.06434199119892342,3.620621123755835e-16,-2.1026411503578295
G,218,-3.364765362886048e-15,4.940916052568798,1.9143522421112145e-09,-0.110650124523852,-6.93952739686521e-09,3.025336262525176,3.364765362886048e-15,-4.940916052568798,-1.9143522421112145e-09,0.110650124523852,-6.939526358441095e-09,32.79630511859861
G,392,2.7409605484184106e-15,-3.8671709500843634,1.2703345661875043e-09,0.07567113366476223,-5.652988608573154e-09,-32.15224608538651,-2.7409605484184106e-15,3.8671709500843634,-1.2703345661875043e-09,-0.07567113366476223,-5.652989030495632e-09,-2.2655753703643136
G,219,-2.2287340958697492e-05,48.162862418601314,-2.261851550662331e-06,0.29267530038828676,1.6363292510363117e-06,55.94988032103899,2.2287340958697492e-05,-48.162862418601314,2.261851550662331e-06,-0.29267530038828676,1.6433554974240684e-06,13.886270185932915
G,393,-8.783670957325258e-06,-3.2231285813987087,-1.568600822387227e-08,0.29267530038828676,4.673826230948851e-08,-13.886270185932911,8.783670957325258e-06,3.2231285813987087,1.568600822387227e-08,-0.29267530038828676,4.424058538897065e-08,-4.807875586179599
G,394,1.0189490592022549e-05,-11.740762018847544,4.0278613291265e-08,-0.5804024477558505,-1.0214664586591557e-07,-30.36132064962311,-1.0189490592022549e-05,11.740762018847544,-4.0278613291265e-08,0.5804024477558505,-9.924642059040944e-08,-28.342489444614607
G,395,-2.8477373508644446e-06,-0.4275523864858133,1.2787824736109292e-07,0.39067229096953415,-2.479714969279903e-07,1.4436515731536805,2.8477373508644446e-06,0.4275523864858133,-1.2787824736109292e-07,-0.39067229096953415,-2.50753667780272e-07,-3.111105880448352
G,220,-1.491798772945972e-06,4.686763976583908e-09,0.26619499934437524,-0.028355603681891838,-2.6160236926253915,2.3450900506917234e-08,1.491798772945972e-06,-4.686763976583908e-09,-0.26619499934437524,0.028355603681891838,-0.04592630081836058,2.341673925892185e-08
G,221,1.0404061103529156e-06,2.417323399647057e-10,9.397228159182575,-0.004888292041352307,-49.49690777387163,1.2085983394838953e-09,-1.0404061103529156e-06,-2.417323399647057e-10,-9.397228159182575,0.004888292041352307,-44.47537381795412,1.2087250601631615e-09
G,222,-1.2737398317052206e-07,-7.228020051371632e-09,0.43013215036026065,0.07188559536083518,-3.21528047481057,-3.613967960605378e-08,1.2737398317052206e-07,7.228020051371632e-09,-0.43013215036026065,-0.07188559536083518,-1.0860410287920361,-3.6140520907662545e-08
G,223,-6.1948357462813955e-09,2.500760379839498,-2.114731882198247e-09,0.22354249863154665,7.666122349856083e-09,9.109048177660508,6.1948357462813955e-09,-2.500760379839498,2.114731882198247e-09,-0.22354249863154665,7.665683796081206e-09,9.021464576175854
G,224,-2.4237068998859526e-08,-1.4014630166256279,-5.222540860308318e-09,-0.16790087510881518,2.324020724650812e-08,-6.445844864552013,2.4237068998859526e-08,1.4014630166256279,5.222540860308318e-09,0.16790087510881518,2.3240406410235902e-08,-6.027175983416072
G,225,-1.713172122564215e-06,8.901351546146646,4.0446806569639625e-08,0.1685084522030609,-1.466614934268527e-07,32.87052239021154,1.713172122564215e-06,-8.901351546146646,-4.0446806569639625e-08,-0.1685084522030609,-1.465778542030346e-07,31.664276319351654
G,226,-2.355548494858617e-06,-5.730260160424024,-1.5823650144265676e-08,-0.11500749763085247,7.041611037388917e-08,-24.21837105972476,2.355548494858617e-06,5.730260160424024,1.5823650144265676e-08,0.11500749763085247,7.041437591007533e-08,-26.78094436804904
G,227,5.36538833381759e-07,-2.993859902916745e-09,-3.2905520091450464,-0.7398033702822346,-5.386665085385268,-1.5001641984667674e-08,-5.36538833381759e-07,2.993859902916745e-09,3.2905520091450464,0.7398033702822346,38.29218517683573,-1.4936957044499775e-08
G,396,-1.0730776374900594e-06,2.418374476144744e-08,151.68458918718116,1.0575512521102561,-373.346923245203,6.052404689596737e-08,1.0730776374900594e-06,-2.418374476144744e-08,-151.68458918718116,-1.0575512521102561,-385.07602269070276,6.039467691126983e-08
G,397,-1.3715810615780486e-13,-1.7753243524069317e-14,-83.37972974487117,-43.44811509067757,384.2424399947074,-2.2016071754382595e-14,1.3715810615780486e-13,1.7753243524069317e-14,83.37972974487117,43.44811509067757,-176.62691292997835,-2.2189504620549977e-14
G,398,-1.480570852205314e-06,-5.0973548079488753e-08,-281.53489805818197,43.75199144031021,189.69372055869167,-6.410065777438777e-08,1.480570852205314e-06,5.0973548079488753e-08,281.53489805818197,-43.75199144031021,516.9588735673454,-6.384294790512909e-08
G,399,7.432465604887036e-07,6.5650507166758495e-09,112.17410927296419,1.3513465344135107,-291.8902420863071,1.6477311880351e-08,-7.432465604887036e-07,-6.5650507166758495e-09,-112.17410927296419,-1.3513465344135107,-268.98030427851376,1.6347941703028247e-08
G,400,-8.343247601583399e-07,-3.344678669178082e-09,-114.19489546886551,-1.2063345214103165,268.89662542306553,-8.426381731393314e-09,8.343247601583399e-07,3.344678669178082e-09,114.19489546886551,1.2063345214103165,302.077851921262,-8.297011614497096e-09
G,401,8.343247772345241e-07,3.4999205053479024e-09,111.49037106956446,1.3377763537208893,-268.5600814722202,8.814488502711975e-09,-8.343247772345241e-07,-3.4999205053479024e-09,-111.49037106956446,-1.3377763537208893,-288.8917738756021,8.685114024027537e-09
G,402,3.4187733210806065e-08,1.0094772552588772e-06,-115.33143926360354,-1.4432987253360483,289.16974568077353,2.5234247258310863e-06,-3.4187733210806065e-08,-1.0094772552588772e-06,115.33143926360354,1.4432987253360483,287.4874506372441,2.5239615504632986e-06
G,403,-3.798751742854767e-07,-1.0086030805109984e-06,14.42795313961588,0.07217369766834095,-51.154815670071486,-2.5213039783557904e-06,3.798751742854767e-07,1.0086030805109984e-06,-14.42795313961588,-0.07217369766834095,-20.984950028007916,-2.5217114241992017e-06
G,228,7.663201140545393e-07,2.0191413094617486e-10,-1.2300016871663655,0.05076617977389722,-18.015868608602204,1.0095185861430596e-09,-7.663201140545393e-07,-2.0191413094617486e-10,1.2300016871663655,-0.05076617977389722,30.31588548026586,1.009622723318689e-09
G,404,-1.5945642731023633e-06,-1.6949686899565694e-09,185.16905443111386,0.057317797081063056,-414.0730931998736,-4.172736690742573e-09,1.5945642731023633e-06,1.6949686899565694e-09,-185.16905443111386,-0.057317797081063056,-511.7721789556957,-4.302106759040275e-09
G,405,-3.918861085248568e-07,-9.449457209446271e-10,-205.99628338215618,-0.1985245052662911,512.7877629094096,-2.4270493393423544e-09,3.918861085248568e-07,9.449457209446271e-10,205.99628338215618,0.1985245052662911,517.1936540013712,-2.2976792653807812e-09
G,406,3.918860621752139e-07,1.1001898949031472e-09,192.15329050366762,0.23880848980531166,-465.5260508173513,2.81515978049214e-09,-3.918860621752139e-07,-1.1001898949031472e-09,-192.15329050366762,-0.23880848980531166,-495.24040170098675,2.685789694023596e-09
G,407,-7.801152058324254e-08,-8.444506605063879e-10,-205.58338448389415,-0.23478794433581662,495.33394496059935,-2.175809732049311e-09,7.801152058324254e-08,8.444506605063879e-10,205.58338448389415,0.23478794433581662,532.5829774588713,-2.0464435704826287e-09
G,408,7.801149374923877e-08,9.996899753459243e-10,206.70338761427493,0.24724045791609867,-520.6680868606041,2.5639080201576432e-09,-7.801149374923877e-08,-9.996899753459243e-10,-206.70338761427493,-0.24724045791609867,-512.8488512107704,2.4345418565719784e-09
G,409,-1.2436110100695272e-06,-2.77247029948457e-10,-190.19391425155885,-0.19523800198813437,512.5422497231891,-7.578005949063394e-10,1.2436110100695272e-06,2.77247029948457e-10,190.19391425155885,0.19523800198813437,438.4273215346051,-6.284345548359455e-10
G,410,7.357356838024777e-07,-1.684275776249258e-10,27.883330724580606,-0.0210003711372525,-110.51107167592082,-4.210689346552857e-10,-7.357356838024777e-07,1.684275776249258e-10,-27.883330724580606,0.0210003711372525,-28.905581946982224,-4.210689534693433e-10
G,229,1.4286834959704748e-06,-4.760283235170934e-10,3.7103628684902725,-0.048353594709516876,-50.79488537864889,-2.380141781632257e-09,-1.4286834959704748e-06,4.760283235170934e-10,-3.7103628684902725,0.048353594709516876,13.691256693746169,-2.380141453538677e-09
G,411,-1.1471845226692333e-06,4.039334801140803e-09,138.6169595360623,-1.1682624694266088,-318.2152232567578,1.016302202555698e-08,1.1471845226692333e-06,-4.039334801140803e-09,-138.6169595360623,1.1682624694266088,-374.8695744235537,1.0033651980147034e-08
G,412,-2.377687841536788e-07,-1.4324654572296838e-09,-147.2878978186161,1.2399648749722925,374.6875731658354,-3.64584868255639e-09,2.377687841536788e-07,1.4324654572296838e-09,147.2878978186161,-1.2399648749722925,361.75191592724514,-3.5164786035920287e-09
G,413,2.3776549576848965e-07,1.5877094534462808e-09,136.6155183464809,-1.051636799391956,-325.93967601837085,4.033958670060476e-09,-2.3776549576848965e-07,-1.5877094534462808e-09,-136.6155183464809,1.051636799391956,-357.1379157140337,3.904588597170929e-09
G,414,-0.00011301318868765396,-4.0220202341834086e-10,-148.90687992412754,1.091839695724154,357.1280513098691,-1.0397356481984013e-09,0.00011301318868765396,4.0220202341834086e-10,148.90687992412754,-1.091839695724154,387.40634831076864,-9.71274468893303e-10
G,415,0.00011301318538463204,4.843532430107379e-10,146.82450977702945,-1.2205441825948211,-372.35134177175803,1.2451158050863959e-09,-0.00011301318538463204,-4.843532430107379e-10,-146.82450977702945,1.2205441825948211,-361.7712071133892,1.1766504099672937e-09
G,416,-0.0001147314711717252,9.764653314756387e-07,-139.08445652396864,1.2728269197818975,361.7998367957989,2.441401204009365e-06,0.0001147314711717252,-9.764653314756387e-07,139.08445652396864,-1.2728269197818975,333.6224458240443,2.4409254533688275e-06
G,417,-1.4509404810437998e-06,-9.776423108249143e-07,10.699344715384704,-0.0396973764218393,-41.98765893367063,-2.4443867362329294e-06,1.4509404810437998e-06,9.776423108249143e-07,-10.699344715384704,0.0396973764218393,-11.509064643252884,-2.443824817891642e-06
G,230,-1.5876465839496358e-08,-7.619568669693281e-09,36.932129285668076,-4.480772704107934,-136.3275209502321,-2.8535284611114057e-08,1.5876465839496358e-08,7.619568669693281e-09,-36.932129285668076,4.480772704107934,-140.29412739942177,-2.8535284724888607e-08
G,231,2.2390609032811257e-08,2.3920902880914507,4.5446257606187573e-10,-0.026961694461373746,-1.7266064891532967e-09,8.530220267373387,-2.2390609032811257e-08,-2.3920902880914507,-4.5446257606187573e-10,0.026961694461373746,-1.5682471872953025e-09,8.81243432128963
G,418,-1.2114338456187883e-08,-1.2552246389720991,-8.13099428020311e-09,0.48873177273503327,3.618282089016433e-08,-5.9026114344247915,1.2114338456187883e-08,1.2552246389720991,8.13099428020311e-09,-0.48873177273503327,3.618302820364334e-08,-5.268887852426888
G,232,1.2394020010190207e-06,22.148992262790937,4.247775088386799e-09,-0.1314180483282708,-1.539818481775825e-08,98.99180623596243,-1.2394020010190207e-06,-22.148992262790937,-4.247775088386799e-09,0.1314180483282708,-1.5398184573046048e-08,61.58838766927188
G,419,-2.2371658050482672e-07,-6.272209154960998,-2.1178560314556454e-09,0.1933053773199941,9.424459362720812e-09,-30.152675343017403,2.2371658050482672e-07,6.272209154960998,2.1178560314556454e-09,-0.1933053773199941,9.42445931723443e-09,-25.669986136135464
G,233,2.6172704897749914e-07,0.9685675452057637,2.819187179934354e-09,-0.5070212241520442,-1.0219553479419276e-08,4.037825326824157,-2.6172704897749914e-07,-0.9685675452057637,-2.819187179934354e-09,0.5070212241520442,-1.021955357510479e-08,2.98428937591763
G,420,-1.9019958317242e-08,-3.3343714067093653,6.12463500414316e-10,-0.023432851430393305,-2.7254625680283764e-09,-15.012404394044747,1.9019958317242e-08,3.3343714067093653,-6.12463500414316e-10,0.023432851430393305,-2.7254625856590343e-09,-14.663501125668596
G,234,1.1974283364426596e-07,0.3685918372909175,6.219669804160448e-09,0.038018317552264966,-2.2546300623211848e-08,0.1826840346105505,-1.1974283364426596e-07,-0.3685918372909175,-6.219669804160448e-09,-0.038018317552264966,-2.2546305456951402e-08,2.4896067857486015
G,421,1.8679448788311983e-08,-3.580336258917371,-5.127027263942808e-07,0.053874911230169395,2.2815575469296227e-06,-15.75569460271447,-1.8679448788311983e-08,3.580336258917371,5.127027263942808e-07,-0.053874911230169395,2.281496717979475e-06,-16.109298101650126
G,235,-4.834818164761412e-05,4.48216998219884,-1.1067945847142786e-08,0.5350740948942071,4.037108406037494e-08,16.971666202967405,4.834818164761412e-05,-4.48216998219884,1.1067945847142786e-08,-0.5350740948942071,3.987152333141027e-08,15.52406616797419
G,422,3.812053893558568e-05,-3.3031527426111356,-5.150282689803535e-07,-0.3914159747841798,2.29217797968341e-06,-14.519507022478994,-3.812053893558568e-05,3.3031527426111356,5.150282689803535e-07,0.3914159747841798,2.291573614241735e-06,-14.878552386760106
G,236,-3.979417146020531e-08,1.5999442986140222,-1.4931962795105555e-09,-0.04228339530509058,5.412841659564288e-09,5.413220231723711,3.979417146020531e-08,-1.5999442986140222,1.4931962795105555e-09,0.04228339530509058,5.412831366887241e-09,6.18637593322795
G,423,8.101128177694486e-10,-2.5560579656286513,-5.25143218256195e-07,0.0760803625442895,2.336908895541378e-06,-11.376443271265178,-8.101128177694486e-10,2.5560579656286513,5.25143218256195e-07,-0.0760803625442895,2.336865746938756e-06,-11.372472622829816
G,237,1.046763318848423e-06,-172.5135686566115,-3.6888170193372666e-08,7.435375022169716,7.585948981361316e-08,-172.39263444086018,-1.046763318848423e-06,172.5135686566115,3.6888170193372666e-08,-7.435375022169716,7.611977138308223e-08,-538.3632684243792
G,238,6.729530725772096e-15,10.406615332051585,2.3767281200127208e-17,0.8335826959955692,-1.5726334987082645e-16,44.50566634278781,-6.729530725772096e-15,-10.406615332051585,-2.3767281200127208e-17,-0.8335826959955692,-1.5049438830095804e-17,30.942294814586184
G,424,5.481921096836821e-15,-3.718503354678404,9.070770073329891e-18,-0.18200125771835643,-2.905132664599722e-17,-30.686452512238837,-5.481921096836821e-15,3.718503354678404,-9.070770073329891e-18,0.18200125771835643,-5.167852700663879e-17,-2.408227344398952
G,239,0.0,4.217737241829624,2.299226116099262e-16,0.08367885544822595,-8.413227768684998e-16,2.5576810558238083,0.0,-4.217737241829624,-2.299226116099262e-16,-0.08367885544822595,-8.256161573034654e-16,28.020913947440974
G,425,0.0,-3.3360442706085367,-1.47050295805627e-14,-0.009864404164517945,6.543941594016104e-14,-27.547317513299873,0.0,3.3360442706085367,1.47050295805627e-14,0.009864404164517945,6.543534732684698e-14,-2.143476495116099
G,240,5.2383027044132606e-06,-94.67308151331163,-8.46975978153567e-08,13.066807628712745,1.744864683207609e-07,-302.85298930385574,-5.2383027044132606e-06,94.67308151331163,8.46975978153567e-08,-13.066807628712745,1.7446763467850864e-07,-87.20010653098821
G,241,-2.0188592177316287e-14,4.670542333168029,2.0750957595186577e-15,-0.2779718051715105,-1.0202730909923028e-14,2.7810750790569543,2.0188592177316287e-14,-4.670542333168029,-2.0750957595186577e-15,0.2779718051715105,-4.841713346587241e-15,31.080356836411262
G,426,1.6445763290510462e-14,-3.722612300998177,-2.815636204406056e-14,0.02862968240973443,1.2740211257948285e-13,-30.637878376507032,-1.6445763290510462e-14,3.722612300998177,2.815636204406056e-14,-0.02862968240973443,1.231895096126561e-13,-2.4933711023767344
G,242,-3.3689960041101856e-06,-53.34173361777461,-2.6880221232423765e-07,8.867534860970595,3.310935867788558e-07,-131.47067615113542,3.3689960041101856e-06,53.34173361777461,2.6880221232423765e-07,-8.867534860970595,3.3015985553876885e-07,0.2500114514098897
G,243,3.9665933139713574e-14,-53.006121960862295,-3.9504689509064326e-15,0.05016069143978434,4.892131753898008e-15,-129.88069478908858,-3.9665933139713574e-14,53.006121960862295,3.9504689509064326e-15,-0.05016069143978434,4.8260218653318185e-15,-0.5143652346326633
G,244,-3.830725394858231e-06,-53.46254237136278,7.60080312749713e-08,-9.52173932034999,-9.302301238540199e-08,-131.78220801677463,3.830725394858231e-06,53.46254237136278,-7.60080312749713e-08,9.52173932034999,-9.395674455102742e-08,0.26435378322219094
G,245,-5.488773498207866e-15,7.251889518576638e-17,8.71963628027486,-0.25001145140982023,-8.867534860970599,1.9094070806890617e-16,5.488773498207866e-15,-7.251889518576638e-17,-8.71963628027486,0.25001145140982023,-34.730646540403704,1.7165376785992575e-16
G,246,0.0,-6.094673106037813e-17,-8.840445033862785,0.26435378322235703,34.68048584896393,-1.4915233761611526e-16,0.0,6.094673106037813e-17,8.840445033862785,-0.26435378322235703,9.521739320349996,-1.555813176857754e-16
G,247,4.094894202685354e-06,-36.18989907724516,-3.4312005126107916e-07,5.903312544001515,4.218068918105358e-07,-89.4364196032093,-4.094894202685354e-06,36.18989907724516,3.4312005126107916e-07,-5.903312544001515,4.222684342917189e-07,0.4092678731862094
G,248,1.586637325588543e-13,-29.735944472755016,-1.2948265075565942e-14,1.1960375209374634,1.4757684923257407e-14,-72.74115552979126,-1.586637325588543e-13,29.735944472755016,1.2948265075565942e-14,-1.1960375209374634,1.7095047162634808e-14,-0.4092678731860886
G,249,0.0,-2.6205677837164704e-15,3.2269773022449773,-0.40926787318615665,-5.903312544001457,-2.7962510440093566e-15,0.0,2.6205677837164704e-15,-3.2269773022449773,0.40926787318615665,-1.1960375209374905,-2.968998080166876e-15
G,250,-5.383624580617677e-14,9.915416099757236,-3.7112695707336315e-16,-0.6560227676647783,1.774954802718324e-15,66.08930121215403,5.383624580617677e-14,-9.915416099757236,3.7112695707336315e-16,0.6560227676647783,9.157156360635585e-16,5.797465511085939
G,251,-1.5347619640583684e-07,-172.9588423817756,-4.5544846461260847e-10,-0.6468738489341438,8.003309470667566e-10,-538.9187730068644,1.5347619640583684e-07,172.9588423817756,4.5544846461260847e-10,0.6468738489341438,1.0761167271371903e-09,-173.67165760605104
G,252,-3.9757970505015645e-07,-177.4194561889893,-9.185751223523742e-09,-0.29249613321545503,1.8784754617669048e-08,-552.3719359161204,3.9757970505015645e-07,177.4194561889893,9.185751223523742e-09,0.29249613321545503,1.9060540423248768e-08,-178.59622358251562
G,253,-6.982305358893548e-10,-1.225532275699004e-10,-2.3041404324275305,-0.129999041450663,11.642356350890015,-6.127661456183409e-10,6.982305358893548e-10,1.225532275699004e-10,2.3041404324275305,0.129999041450663,11.39904797338529,-6.12766130080663e-10
G,254,-7.76773039272836e-06,2.23839021482185e-08,342.2793735021857,-1.856148258157539,-813.4558463745998,2.866470170740315e-08,7.76773039272836e-06,-2.23839021482185e-08,-342.2793735021857,1.856148258157539,-59.35655605597276,2.841424877055396e-08
G,427,1.5787031758393614e-05,-1.192867295836199e-07,199.93257302029073,1.3387328191048515,59.823390967628654,-1.461248014734731e-07,-1.5787031758393614e-05,1.192867295836199e-07,-199.93257302029073,-1.3387328191048515,-549.6581948673415,-1.4612768600639597e-07
G,255,-1.0077271125406943e-05,1.1454783607886166e-08,441.25140352818113,0.24698420912549252,-1033.6557110390181,1.4730075956248086e-08,1.0077271125406943e-05,-1.1454783607886166e-08,-441.25140352818113,-0.24698420912549252,-91.53536795784248,1.4479622243861606e-08
G,428,1.9499944548115355e-05,3.5837107878243997e-08,241.41844237847124,0.053222542942518596,90.3611914412333,4.39018993206685e-08,-1.9499944548115355e-05,-3.5837107878243997e-08,-241.41844237847124,-0.053222542942518596,-681.8363752684885,4.38990149810294e-08
G,256,-7.42358809228716e-06,-3.8111618320137555e-09,317.62788326779514,2.0150213607659033,-762.0676809471825,-4.7340041932755304e-09,7.42358809228716e-06,3.8111618320137555e-09,-317.62788326779514,-2.0150213607659033,-47.883421385694305,-4.984458478359535e-09
G,429,1.4891728156729776e-05,1.5558334351215704e-07,192.30625239940042,-1.1290152948072247,48.5907629906464,1.9059103794174692e-07,-1.4891728156729776e-05,-1.5558334351215704e-07,-192.30625239940042,1.1290152948072247,-519.741081369178,1.9058815366303832e-07
G,257,0.0,1.558643618394579,4.0910350552607397e-16,-0.7073416049529837,-1.5209038765532804e-15,3.1440366555731214,0.0,-1.558643618394579,-4.0910350552607397e-16,0.7073416049529837,-1.445096538510756e-15,8.156129577787578
G,430,0.0,-1.253623481895167,-2.1390149718206705e-16,0.4668349116562012,9.09124284048354e-16,-7.962367911604597,0.0,1.253623481895167,2.1390149718206705e-16,-0.4668349116562012,9.945990408720422e-16,-3.1948810772623872
G,258,-6.747138408325465e-07,24.951741339287707,1.896259549521471e-08,-0.6470559256429452,-6.873940878661945e-08,86.07646998324208,6.747138408325465e-07,-24.951741339287707,-1.896259549521471e-08,0.6470559256429452,-6.873940855368722e-08,94.82365472659383
G,431,-7.120070421593937e-07,-15.739357282760285,-8.257351612652876e-09,0.43804103114640264,3.674521457164557e-08,-74.65200067301294,7.120070421593937e-07,15.739357282760285,8.257351612652876e-09,-0.43804103114640264,3.674521478096501e-08,-65.42827914355357
G,259,-2.49423458449638e-06,3.4602221763653527e-10,8.030907565533006,-0.05433836568020065,-101.82183066794663,1.7301098770076181e-09,2.49423458449638e-06,-3.4602221763653527e-10,-8.030907565533006,0.05433836568020065,21.512755012616566,1.7301122993577346e-09
G,432,2.89053858973376e-06,-6.3629647975151536e-09,129.6116857782688,-1.3220436123612753,-257.6987879877365,-1.590670525409506e-08,-2.89053858973376e-06,6.3629647975151536e-09,-129.6116857782688,1.3220436123612753,-390.35964090360744,-1.5908118733480707e-08
G,433,8.876488606646138e-07,5.457314906792122e-09,-155.5628993455191,1.3571160757773337,390.21481821232624,1.364258056952531e-08,-8.876488606646138e-07,-5.457314906792122e-09,155.5628993455191,-1.3571160757773337,387.59967851526915,1.3643993964435301e-08
G,434,-8.876488606646138e-07,-5.455617652985355e-09,133.37450199491838,-0.9408513848079243,-317.4318133524815,-1.3638337433150214e-08,8.876488606646138e-07,5.455617652985355e-09,-133.37450199491838,0.9408513848079243,-349.44069662211035,-1.3639750831776562e-08
G,435,5.137473259309022e-07,5.4277656717716746e-09,-150.2381175369982,0.9440424438127,349.44625538589355,1.356870747575644e-08,-5.137473259309022e-07,-5.4277656717716746e-09,150.2381175369982,-0.9440424438127,401.7443322990975,1.3570120883101933e-08
G,436,-5.137471698057894e-07,-5.426068406301264e-09,149.86350491687529,-1.1312746044867954,-368.6257650924982,-1.3564464314939149e-08,5.137471698057894e-07,5.426068406301264e-09,-149.86350491687529,1.1312746044867954,-380.6917594918782,-1.356587771656717e-08
G,437,3.6167874944981193e-06,4.119947409268459e-09,-134.86361296909453,1.1916493353547568,380.68203615085463,1.0299161853374425e-08,-3.6167874944981193e-06,-4.119947409268459e-09,134.86361296909453,-1.1916493353547568,293.63602869461795,1.030057519296787e-08
G,438,-9.773675931079584e-06,1.2790063888857066e-10,-48.15783787635664,-0.002710389571098822,-20.882808946868977,3.197515009534852e-10,9.773675931079584e-06,-1.2790063888857066e-10,48.15783787635664,0.002710389571098822,261.67199832865214,3.197516934893681e-10
G,439,1.2072328737168445e-05,-3.200030522273302e-08,329.41542197161436,-2.387382046642253,-714.8505298149006,-4.079900315889511e-08,-1.2072328737168445e-05,3.200030522273302e-08,-329.41542197161436,2.387382046642253,-125.15879621271506,-4.080177515907399e-08
G,440,-1.5787031758393614e-05,1.1928674241596956e-07,157.94200933065116,2.0289583054495974,126.26258205300661,1.4612481721446222e-07,1.5787031758393614e-05,-1.1928674241596956e-07,-157.94200933065116,-2.0289583054495974,-513.2205049131024,1.4612770170466357e-07
G,260,-3.755017078527212e-06,2.7690985943946505e-06,-5.546530702312009,-0.09132490607725564,-9.79511862947254,1.3846538971726925e-05,3.755017078527212e-06,-2.7690985943946505e-06,5.546530702312009,0.09132490607725564,65.26042565259263,1.3844446972219577e-05
G,441,4.370494278982395e-06,-1.5158811922957658e-09,190.30908423554826,-0.42661035528313884,-390.7675791558665,-3.789008216649863e-09,-4.370494278982395e-06,1.5158811922957658e-09,-190.30908423554826,0.42661035528313884,-560.7778420218748,-3.790397744828966e-09
G,442,1.1248255452067646e-06,4.7505577333692206e-11,-225.36803367710442,0.516850187014441,561.3405797785409,1.1805723087086999e-10,-1.1248255452067646e-06,-4.7505577333692206e-11,225.36803367710442,-0.516850187014441,565.4995886069811,1.1947065579759104e-10
G,443,-1.1248253890816517e-06,-4.5808281417740896e-11,194.5185437129396,-0.7347600460027542,-475.12794195805,-1.138139894372184e-10,1.1248253890816517e-06,4.5808281417740896e-11,-194.5185437129396,0.7347600460027542,-497.4647766066479,-1.1522741765148608e-10
G,444,4.982028851963083e-07,-6.897854359443023e-10,-209.80010208615255,0.7620835464584079,497.4091866889865,-1.7251702765240222e-09,-4.982028851963083e-07,6.897854359443023e-10,209.80010208615255,-0.7620835464584079,551.5913237417761,-1.7237569031974895e-09
G,445,-4.982028851963083e-07,6.914826567326664e-10,211.892281277289,-0.48356062238234837,-521.9200259815227,1.7294133345697468e-09,4.982028851963083e-07,-6.914826567326664e-10,-211.892281277289,0.48356062238234837,-537.5413804049222,1.7279999490935852e-09
G,446,4.85668521024718e-06,1.4418143395909215e-09,-190.04039404442247,0.37071289891950787,537.3153594347223,3.6038291470197986e-09,-4.85668521024718e-06,-1.4418143395909215e-09,190.04039404442247,-0.37071289891950787,412.88661078739005,3.6052425509348086e-09
G,447,-1.2761847984626984e-05,2.4376511961233483e-11,-56.22767434981475,0.006534085483801176,-44.66176096308399,6.094128512027727e-11,1.2761847984626984e-05,-2.4376511961233483e-11,56.22767434981475,-0.006534085483801176,325.80013271215773,6.094127468589015e-11
G,448,1.5500316716429234e-05,-1.1030563615687164e-08,427.2322773373501,0.2695129622833596,-909.4224930428169,-1.4062583037180628e-08,-1.5500316716429234e-05,1.1030563615687164e-08,-427.2322773373501,-0.2695129622833596,-180.0198141674246,-1.4065354182821607e-08
G,449,-1.9499944070181338e-05,-3.58370855475022e-08,186.41059732026866,0.01771095610198511,177.21686160797583,-4.390187196640543e-08,1.9499944070181338e-05,3.58370855475022e-08,-186.41059732026866,-0.01771095610198511,-633.9228250426346,-4.389898762497506e-08
G,261,-2.1127762820510876e-06,-5.137497809420798e-10,-8.443683839273534,0.05900160827026634,-2.9619451960402188,-2.569102251222376e-09,2.1127762820510876e-06,5.137497809420798e-10,8.443683839273534,-0.05900160827026634,87.39878358877556,-2.5683955581984217e-09
G,450,4.225552564102175e-06,4.1125416639590125e-09,196.04993002826797,0.178567458905432,-417.88216762685533,1.028206101136694e-08,-4.225552564102175e-06,-4.1125416639590125e-09,-196.04993002826797,-0.178567458905432,-562.3674825144844,1.0280647308428123e-08
G,451,5.098106312106943e-07,6.920219864441763e-08,-222.24441993529172,-2.6576608806269943,561.9495674490996,1.73004789704544e-07,-5.098106312106943e-07,-6.920219864441763e-08,222.24441993529172,2.6576608806269943,549.272532227359,1.7300620351754415e-07
G,452,-5.098106312106943e-07,-6.920050259479631e-08,212.6937616644993,1.8303100940514199,-508.13981247120694,-1.7300054973493391e-07,5.098106312106943e-07,6.920050259479631e-08,-212.6937616644993,-1.8303100940514199,-555.3289958512896,-1.7300196323904763e-07
G,453,1.0938025485351943e-06,7.105333209499703e-08,-229.84912200449182,-1.8710165681584436,555.3790270051676,1.776326234698556e-07,-1.0938025485351943e-06,-7.105333209499703e-08,229.84912200449182,1.8710165681584436,593.8665830172915,1.7763403700512954e-07
G,454,-1.0938022362849686e-06,-7.105163562848621e-08,209.99783036044988,2.6122714860267036,-516.7587823289571,-1.7762838246552596e-07,1.0938022362849686e-06,7.105163562848621e-08,-209.99783036044988,-2.6122714860267036,-533.2303694732923,-1.776297956769051e-07
G,455,4.146195418247567e-06,-2.0864242558781043e-09,-192.92248193186865,-0.18365275929322433,533.4661137845156,-5.2167672087215325e-09,-4.146195418247567e-06,2.0864242558781043e-09,192.92248193186865,0.18365275929322433,431.1462958748275,-5.215354070668989e-09
G,456,-9.999991928272278e-06,-1.5263905287312222e-10,-24.285675185747507,0.012721829183867675,-96.95769643209675,-3.8159753634367455e-10,9.999991928272278e-06,1.5263905287312222e-10,24.285675185747507,-0.012721829183867675,218.38607236083428,-3.8159772802193656e-10
G,457,1.1478030841959125e-05,1.6901788004791298e-08,301.0127743428725,2.36953893611465,-653.0375469863029,2.1551164971194827e-08,-1.1478030841959125e-05,-1.6901788004791298e-08,-301.0127743428725,-2.36953893611465,-114.54502758802107,2.1548394441022933e-08
G,458,-1.4891728156729776e-05,-1.555833116963286e-07,149.45613800092121,-1.7134093843712863,116.24419430717825,-1.9059099899653012e-07,1.4891728156729776e-05,1.555833116963286e-07,-149.45613800092121,1.7134093843712863,-482.4117324094357,-1.9058811465947537e-07
G,262,-0.0010606440569038795,1.0827285280877468,2.4240049795661123e-08,-0.21219580234024887,-9.043593594162054e-08,4.651691501914705,0.0010606440569038795,-1.0827285280877468,-2.4240049795661123e-08,0.21219580234024887,-8.53044250769226e-08,3.1980903267214593
G,459,0.0008641482103712143,-4.07350880720896,-6.137598179328552e-09,1.0796064836800718,2.9401690130530154e-08,-20.77095837210721,-0.0008641482103712143,4.07350880720896,6.137598179328552e-09,-1.0796064836800718,2.5222933665493953e-08,-15.483270012052518
G,263,2.695597516751471e-07,7.590405487292989,-1.2185300582815734e-09,0.13140119170497838,4.417186083016312e-09,24.65906576465415,-2.695597516751471e-07,-7.590405487292989,1.2185300582815734e-09,-0.13140119170497838,4.417156839525096e-09,30.37137401822002
G,460,1.8910338533836993e-07,-8.039176553603971,6.716880875549212e-09,0.1966944730860507,-2.9890131855632996e-08,-37.700059149114324,-1.8910338533836993e-07,8.039176553603971,-6.716880875549212e-09,-0.1966944730860507,-2.9890107936754974e-08,-33.848612177961
G,264,-3.3120064341946986e-06,17.71778145733854,5.162987041564713e-09,0.22893288989326754,-1.8715827985803117e-08,91.99016822135583,3.3120064341946986e-06,-17.71778145733854,-5.162987041564713e-09,-0.22893288989326754,-1.871582806554105e-08,36.4637473443486
G,461,2.1105685668255674e-07,-6.800153616260774,-1.0775458972625237e-09,-0.08288093641769496,4.795079259021304e-09,-32.72196445124463,-2.1105685668255674e-07,6.800153616260774,1.0775458972625237e-09,0.08288093641769496,4.795079226615156e-09,-27.799402733476246
G,265,-3.4359730577989954e-06,19.155427083003076,-5.0028185744543866e-09,-0.2262005710908216,1.8135217425015824e-08,98.01236324228155,3.4359730577989954e-06,-19.155427083003076,5.0028185744543866e-09,0.2262005710908216,1.813521723977848e-08,40.86448310949078
G,462,2.3866850385068586e-07,-6.837115088969632,6.960683181122003e-11,0.022786315094849574,-3.0975041712059054e-10,-33.120717492591844,-2.3866850385068586e-07,6.837115088969632,-6.960683181122003e-11,-0.022786315094849574,-3.0975038599926763e-10,-27.72960679923787
G,266,1.6897700910925475e-07,3.955794762947934,5.9647101140222535e-09,0.012425259736093583,-2.162207412696667e-08,12.626426937673092,-1.6897700910925475e-07,-3.955794762947934,-5.9647101140222535e-09,-0.012425259736093583,-2.162207419969467e-08,16.053085093699433
G,463,1.0448396887854024e-07,-4.898229597064007,-5.629103878577792e-09,-0.3515452810464021,2.5049512284296986e-08,-22.81105682280492,-1.0448396887854024e-07,4.898229597064007,5.629103878577792e-09,0.3515452810464021,2.504951223504535e-08,-20.783186591064727
G,267,1.7745476424509085e-07,3.7290812909473265,-1.722722550615047e-08,-0.6062677727970271,6.24486923850521e-08,11.73084976640389,-1.7745476424509085e-07,-3.7290812909473265,1.722722550615047e-08,0.6062677727970271,6.244869253453882e-08,15.30498959296423
G,464,1.0852282906584575e-07,-4.777543912929078,7.934826632056328e-09,0.45226337122164223,-3.530997858938327e-08,-22.363749645791383,-1.0852282906584575e-07,4.777543912929078,-7.934826632056328e-09,-0.45226337122164223,-3.530997843591803e-08,-20.156391179277396
G,268,6.747138408325465e-07,24.91221891103389,-1.8962596913471925e-08,-0.5304678779253033,6.873941392770053e-08,85.86498794589004,-6.747138408325465e-07,-24.91221891103389,1.8962596913471925e-08,0.5304678779253033,6.873941369497093e-08,94.74859915910565
G,465,7.120069983040248e-07,-15.706905918173879,8.257351719599841e-09,0.334681298311647,-3.6745215047720164e-08,-74.58651774793046,-7.120069983040248e-07,15.706905918173879,-8.257351719599841e-09,-0.334681298311647,-3.67452152567184e-08,-65.20494492381704
G,269,-5.383624580617677e-14,3.559843463559712,7.760715283104847e-16,0.4179150653847019,-3.0112897515870297e-15,2.836228339532397,5.383624580617677e-14,-3.559843463559712,-7.760715283104847e-16,-0.4179150653847019,-2.6152288286639843e-15,22.972636771275514
G,466,0.0,-2.9882311237878296,-2.3333774050703786e-16,-0.14482269128128084,1.0395663913324408e-15,-23.91609731357306,0.0,2.9882311237878296,2.3333774050703786e-16,0.14482269128128084,1.0371394991801955e-15,-2.679159688138615
G,270,0.0,1.7949451689912472,1.931984456853666e-15,-0.05003115387788874,-7.0101030875419176e-15,3.7013266622099064,0.0,-1.7949451689912472,-1.931984456853666e-15,0.05003115387788874,-6.99678422464716e-15,9.312025812976636
G,467,0.0,-1.4262655319166746,-9.397029071192895e-16,0.005558763783386852,4.183105520299805e-15,-10.808869405437742,0.0,1.4262655319166746,9.397029071192895e-16,-0.005558763783386852,4.18025035306187e-15,-1.8848938286206591
G,271,5.383624580617677e-14,3.0664172923184645,-8.480804077360417e-16,-0.2357443112234515,3.2736363009745512e-15,2.7959242453198794,-5.383624580617677e-14,-3.0664172923184645,8.480804077360417e-16,0.2357443112234515,2.8749466551117513e-15,19.43560112398899
G,468,0.0,-2.540763885969936,-2.2881438566940914e-16,-0.009723341023657168,1.0107292022292889e-15,-20.289874645290865,0.0,2.540763885969936,2.2881438566940914e-16,0.009723341023657168,1.025718830228452e-15,-2.322923939841562
G,272,5.383624580617677e-14,5.140287341953156,-4.8244498885225406e-15,-1.699166719157101,1.760631000949723e-14,4.0829483204859685,-5.383624580617677e-14,-5.140287341953156,4.8244498885225406e-15,1.699166719157101,1.737095168229119e-14,33.184134908674416
G,469,0.0,-4.196480140964596,1.923676946691966e-15,1.1037858402910858,-8.419459909587115e-15,-32.932332902493044,0.0,4.196480140964596,-1.923676946691966e-15,-1.1037858402910858,-8.701264915971382e-15,-4.416340352091847
G,273,2.8125547817606743e-06,-151.33464190751138,1.5998377060202698e-08,-0.38400845353656055,-3.295807852536324e-08,-168.18010653164418,-2.8125547817606743e-06,151.33464190751138,-1.5998377060202698e-08,0.38400845353656055,-3.295523496267188e-08,-455.3186181273028
G,274,2.8859549004197292e-06,-156.02689730284587,4.2656249062365664e-08,-0.21558629973582347,-8.787329478089473e-08,-173.14017763841383,-2.8859549004197292e-06,156.02689730284587,-4.2656249062365664e-08,0.21558629973582347,-8.787045135605181e-08,-469.6906392493112
G,275,6.981915046111453e-10,1.2255327169717366e-10,-2.2722941688475493,-0.1325558819111034,11.405219117546874,6.127663347226236e-10,-6.981915046111453e-10,-1.2255327169717366e-10,2.2722941688475493,0.1325558819111034,11.317722570928616,6.127663822491129e-10
G,276,1.2234281498564018e-05,-2.4967624235835904e-05,207.5364754254514,3.7090790058512595,-459.31320650391586,-9.237983458037324e-06,-1.2234281498564018e-05,2.4967624235835904e-05,-207.5364754254514,-3.7090790058512595,305.73621468908215,-9.238058476481207e-06
G,470,5.916285941220738e-13,-2.3062932362298934e-14,169.20276542545227,3.709079005851258,-305.7362146890812,-2.1451104330978245e-14,-5.916285941220738e-13,2.3062932362298934e-14,-169.20276542545227,-3.709079005851258,-203.56410924152982,-4.79683220795415e-14
G,471,0.0,2.0357775142767066e-16,-1.0412189259638125,-2.6387815028330044,198.36607030865207,3.883062694033964e-16,0.0,-2.0357775142767066e-16,1.0412189259638125,2.6387815028330044,-194.46149933628777,3.751102984503686e-16
G,472,1.4378571900827697e-07,3.0546057273835345e-09,-144.12000314609384,-0.9659909477634974,196.78142522353244,5.727385968338481e-09,-1.4378571900827697e-07,-3.0546057273835345e-09,144.12000314609384,0.9659909477634974,343.6685865743194,5.727385509349773e-09
G,473,-1.078392941351175e-07,-1.288662238002398e-09,114.21455734031625,1.6475852240112738,-289.5501971387958,-3.221655771886179e-09,1.078392941351175e-07,1.288662238002398e-09,-114.21455734031625,-1.6475852240112738,-281.52258956278536,-3.2216554181258102e-09
G,474,-1.0398435042711929e-07,1.3762160247320177e-09,-113.26963671520134,-1.6347531374228024,281.5042623345032,3.440540232735777e-09,1.0398435042711929e-07,-1.3762160247320177e-09,113.26963671520134,1.6347531374228024,284.84392124150344,3.4405398909243114e-09
G,475,1.477480569530079e-06,-2.928485604681675e-09,123.62822465121148,1.5513491060850786,-300.7032840883328,-5.8097995148063404e-09,-1.477480569530079e-06,2.928485604681675e-09,-123.62822465121148,-1.5513491060850786,-317.43783916772475,-8.83262850860204e-09
G,476,47.69084237692815,0.6303732481544873,-112.80322995350372,-1.3873208895327254,317.32419750019216,1.7493225523422216,-47.69084237692815,-0.6303732481544873,112.80322995350372,1.3873208895327254,308.73372874175345,1.749248974915182
G,277,1.450553869727922e-07,-2.0620153872400546e-09,174.22696147878452,2.3374618765767345,-292.40376296376803,-3.866279089908739e-09,-1.450553869727922e-07,2.0620153872400546e-09,-174.22696147878452,-2.3374618765767345,-360.9473425816739,-3.866278612241466e-09
G,477,-4.488790198917125e-08,1.1948494019286478e-09,-200.35669704601355,-2.3660927629474107,362.0751564937136,2.2403428603865767e-09,4.488790198917125e-08,-1.1948494019286478e-09,200.35669704601355,2.3660927629474107,389.26245742883725,2.2403423968458525e-09
G,478,3.3665921612968663e-08,-5.040772416304225e-10,195.61551844799413,0.33829461059539023,-480.25265178232723,-1.2601932763682343e-09,-3.3665921612968663e-08,5.040772416304225e-10,-195.61551844799413,-0.33829461059539023,-497.8249404576434,-1.2601929317838783e-09
G,479,-1.7847706223084875e-07,5.645522935536987e-10,-200.16707899615756,-0.34058192571444884,497.8554245341337,1.4113809007034381e-09,1.7847706223084875e-07,-5.645522935536987e-10,200.16707899615756,0.34058192571444884,502.97997044665397,1.4113805670650546e-09
G,480,1.551717260543303e-06,-2.116821671374515e-09,214.60148583003206,0.44335542051079546,-522.9983071506566,-3.780640071673854e-09,-1.551717260543303e-06,2.116821671374515e-09,-214.60148583003206,-0.44335542051079546,-550.0091219995038,-6.8034682851987256e-09
G,481,47.68195272857678,0.6303730862896697,-197.84859032986057,-0.3770281933584898,550.3880293366558,1.7493221030209347,-47.68195272857678,-0.6303730862896697,197.84859032986057,0.3770281933584898,547.6716469940702,1.7492485258867316
G,278,-2.1184975556432243e-05,-2.525143283246588e-05,265.4138424600941,-7.175809272883476,-600.8219978226823,-9.342984397808085e-06,2.1184975556432243e-05,2.525143283246588e-05,-265.4138424600941,7.175809272883476,404.4157544022131,-9.343075898216626e-06
G,482,-1.0130626611679347e-12,-2.2762488418564168e-14,218.97513996009502,-7.175809272883477,-404.41575440221266,-2.0848213483883815e-14,1.0130626611679347e-12,2.2762488418564168e-14,-218.97513996009502,7.175809272883477,-254.6994168776729,-4.766687665599428e-14
G,483,6.5052130349130266e-15,2.192357344840952e-16,7.823934995726631,0.8165242612368913,250.47079538734175,4.0787874822392706e-16,-6.5052130349130266e-15,-2.192357344840952e-16,-7.823934995726631,-0.8165242612368913,-279.8105516213166,4.142552560914299e-16
G,484,2.0937516043845195e-07,-1.4760074529922359e-09,-201.5694688079533,6.333647427873073,283.71210832816985,-2.7675137487610233e-09,-2.0937516043845195e-07,1.4760074529922359e-09,201.5694688079533,-6.333647427873073,472.17339970165506,-2.7675141999598613e-09
G,485,-1.570313605710194e-07,6.226905071020677e-10,145.42069989295805,-1.2252882398142355,-371.1602703191409,1.5567261007570273e-09,1.570313605710194e-07,-6.226905071020677e-10,-145.42069989295805,1.2252882398142355,-355.9432291456493,1.5567264347533112e-09
G,486,5.9009311109345375e-08,-7.105543177567602e-10,-144.32388060737262,1.2291083833688865,355.9310722974412,-1.7763856292112476e-09,-5.9009311109345375e-08,7.105543177567602e-10,144.32388060737262,-1.2291083833688865,365.6883307394218,-1.7763859595725535e-09
G,487,1.3139165536829587e-06,-8.417150407631491e-10,167.29212902988942,-0.9134261166435593,-416.2489542144593,-5.928732708442213e-10,-1.3139165536829587e-06,8.417150407631491e-10,-167.29212902988942,0.9134261166435593,-420.21169093498804,-3.6157019329715247e-09
G,488,47.671038591512,0.6303731738619458,-133.6553437055028,0.7521293286503841,419.9464252653685,1.7493223460629916,-47.671038591512,-0.6303731738619458,133.6553437055028,-0.7521293286503841,321.8407323001719,1.7492487688708072
G,279,-1.95156391047391e-14,8.952046043197157e-16,-12.21124841021586,12.159214625355672,-1.5761476939755,1.6691745616312946e-15,1.95156391047391e-14,-8.952046043197157e-16,12.21124841021586,-12.159214625355672,47.36832923228493,1.6878427045676363e-15
G,489,6.5052130349130266e-15,-1.103198656494193e-15,12.658260291789588,-1.3536253027597764,-42.65288495281424,-2.05916350251626e-15,-6.5052130349130266e-15,1.103198656494193e-15,-12.658260291789588,1.3536253027597764,-4.81559114139672,-2.077831459336964e-15
G,280,-1.95156391047391e-14,1.7812844800406854e-16,-39.98145227571128,-12.476323294489752,5.790489048612017,3.5649594293335844e-16,1.95156391047391e-14,-1.7812844800406854e-16,39.98145227571128,12.476323294489752,144.1399569853051,3.1148573708189794e-16
G,490,1.3010426069826053e-14,1.781262146164143e-16,36.687568659602405,2.2367050421008203,-135.04467710876813,3.114816425378655e-16,-1.3010426069826053e-14,-1.781262146164143e-16,-36.687568659602405,-2.2367050421008203,-2.533705364740868,3.5649166227368813e-16
G,281,-0.00036979552207184693,183.86382449205593,0.013199205243893517,3.843810809109175,-0.0005015691490519842,441.7595649910675,0.00036979552207184693,-183.86382449205593,-0.013199205243893517,-3.843810809109175,-0.000501570449483921,-427.7859143296713
G,491,0.0,139.50391464165418,3.762845415926114e-16,3.8438108091091756,-7.881279723657247e-16,427.78591432968625,0.0,-139.50391464165418,-3.762845415926114e-16,-3.8438108091091756,-7.881279723657247e-16,156.59598410420313
G,492,-1.2805537470301233e-14,3.998007007365681,9.592274401412791e-19,-1.946678239503014,-3.654575131523652e-18,-144.1196608097134,1.2805537470301233e-14,-3.998007007365681,-9.592274401412791e-19,1.946678239503014,-3.6547379623528954e-18,174.58447420583988
G,493,1.7579220368736694e-12,-153.5851423024185,2.7915550808074927e-14,-0.370530545527562,-7.5097773347303e-14,-186.74368883119567,-1.7579220368736694e-12,153.5851423024185,-2.7915550808074927e-14,0.370530545527562,-2.5621533968231357e-14,-367.3915045959304
G,494,4.32633027695124e-05,-197.94505265242015,3.537799346040749e-05,-0.37053054552756204,-1.1621762433836801e-05,367.3915045959306,-4.32633027695124e-05,197.94505265242015,-3.537799346040749e-05,0.37053054552756204,-1.1621579269650855e-05,-497.4414041885703
G,282,2.287882661751358e-14,52.20800260141616,-2.2871170084727607e-16,5.198038932877877,5.22905666770736e-16,6.347860508684306,-2.287882661751358e-14,-52.20800260141616,2.2871170084727607e-16,-5.198038932877877,4.525497373428963e-16,216.3192705863556
G,495,1.0119025592322177e-07,-202.5594543338978,-1.3089168564782024e-08,-3.897240943659271,1.953558456189948e-08,-231.03229892294627,-1.0119025592322177e-07,202.5594543338978,1.3089168564782024e-08,3.897240943659271,1.9535583603974864e-08,-373.6076722637388
G,496,-6.516783472078037e-08,155.1349924876364,3.4961973834405224e-09,0.48682278913949406,-8.10243779037649e-09,396.0574611819185,6.516783472078037e-08,-155.1349924876364,-3.4961973834405224e-09,-0.48682278913949406,-8.102437081870331e-09,322.9932289982762
G,497,-2.2878826617513582e-14,-74.43674621436838,1.0375547327538267e-16,-4.228621490331018,-2.0666850625900794e-16,-309.4803890701608,2.2878826617513582e-14,74.43674621436838,-1.0375547327538267e-16,4.228621490331018,-2.3584858726049905e-16,-7.99233353412032
G,283,-3.7575896058476877e-08,7.4269648290358194,-1.188251302685674e-09,-0.26902792899297084,4.3074109665388895e-09,26.47635937868,3.7575896058476877e-08,-7.4269648290358194,1.188251302685674e-09,0.26902792899297084,4.307410977932247e-09,27.369135631829693
G,498,-4.3959415637112534e-08,-3.170534085754264,8.656147123392511e-10,0.28766365675888717,-3.851985475517184e-09,-15.053878193277235,4.3959415637112534e-08,3.170534085754264,-8.656147123392511e-10,-0.28766365675888717,-3.851985464302149e-09,-13.16387516993571
G,284,-3.8872770842763325e-08,8.617451748112616,-6.255320224971086e-10,-0.0017078719055228122,2.2675535764701634e-09,30.611692900673994,3.8872770842763325e-08,-8.617451748112616,6.255320224971086e-10,0.0017078719055228122,2.267553586633874e-09,31.864832273142476
G,499,-4.974666877520097e-08,-3.983935197955971,1.0780000629565289e-09,-0.054517647173954555,-4.797100282113136e-09,-18.614222757248026,4.974666877520097e-08,3.983935197955971,-1.0780000629565289e-09,0.054517647173954555,-4.797100278199968e-09,-16.842800504560103
G,285,2.287882661751358e-14,13.710446370130207,1.3879020882224393e-16,-2.319925887244679,-3.062833558252679e-16,-1.6727905550694757,-2.287882661751358e-14,-13.710446370130207,-1.3879020882224393e-16,2.319925887244679,-2.856568848016024e-16,60.1478443236748
G,500,-3.268951273825641e-14,-88.03089447026768,-1.2431817969967812e-15,0.21377947749625287,1.8512651270602356e-15,-57.91113928157399,3.268951273825641e-14,88.03089447026768,1.2431817969967812e-15,-0.21377947749625287,1.8596325369751564e-15,-204.86108071217504
G,501,-2.1052469368650573e-14,96.9303422545303,1.737981135962502e-16,-0.9140344345434037,-4.0008290195670785e-16,209.56463535169922,2.1052469368650573e-14,-96.9303422545303,-1.737981135962502e-16,0.9140344345434037,-4.0547135456191173e-16,239.70750099804872
G,502,2.2878826617513582e-14,-57.81436095367994,1.1726981842856367e-16,3.9015567068532664,-2.550614812866047e-16,-241.06112630080855,-2.2878826617513582e-14,57.81436095367994,-1.1726981842856367e-16,-3.9015567068532664,-2.4509429431121924e-16,-5.51712316663631
G,286,1.3459061451544192e-14,5.332926555517604,-6.055382264099439e-17,0.018327228282156802,2.194360702123535e-16,3.2823383614340713,-1.3459061451544192e-14,-5.332926555517604,6.055382264099439e-17,-0.018327228282156802,2.1957914393485576e-16,35.381379166068555
G,503,0.0,-4.174932500330547,1.05117435544543e-16,-0.012156848208119578,-4.680926791877817e-16,-34.70250262975873,0.0,4.174932500330547,-1.05117435544543e-16,0.012156848208119578,-4.674524971586508e-16,-2.4543966231831256
G,287,0.0,4.626060104715159,3.0650090478524287e-09,0.11364166753250797,-1.1110658281873852e-08,2.9386699956177864,0.0,-4.626060104715159,-3.0650090478524287e-09,-0.11364166753250797,-1.1110657315056253e-08,30.600265763567116
G,504,1.0963842193673642e-14,-3.533195235392343,2.0338912248870455e-09,-0.2652656696195164,-9.050815728682746e-09,-29.779882149697894,-1.0963842193673642e-14,3.533195235392343,-2.0338912248870455e-09,0.2652656696195164,-9.050816172811957e-09,-1.6655554452939505
G,288,-1.2154809789323814e-05,50.64698613434105,2.985636414494753e-07,0.040452956128088274,-4.379492990464456e-07,82.73001193372103,1.2154809789323814e-05,-50.64698613434105,-2.985636414494753e-07,-0.040452956128088274,-4.278852611570328e-07,64.146247855868
G,505,-9.584199723367376e-06,-26.286964865659,-4.1128610893562974e-08,0.040452956128088205,9.247730152902482e-08,-64.14624785586794,9.584199723367376e-06,26.286964865659,4.1128610893562974e-08,-0.040452956128088205,8.64321558579741e-08,-50.2020493097487
G,506,4.674212852491526e-06,-0.6810681876937092,1.0705714960189745e-09,0.7029040144341516,-4.731903432087356e-09,-4.920419822187401,-4.674212852491526e-06,0.6810681876937092,-1.0705714960189745e-09,-0.7029040144341516,-4.796182882481514e-09,-1.1410870482866096
G,289,1.5215965980159337e-05,-1.024738331033247e-05,205.7968487344101,4.01612434033079,-470.64341513467633,-5.687294063839217e-06,-1.5215965980159337e-05,1.024738331033247e-05,-205.7968487344101,-4.01612434033079,242.20891303948122,-5.687301410629819e-06
G,507,8.131516293641292e-13,-3.5299057419736682e-15,167.46313873440997,4.01612434033079,-242.20891303948116,4.6470177282671676e-15,-8.131516293641292e-13,3.5299057419736682e-15,-167.46313873440997,-4.01612434033079,-199.89377321936064,-1.396596888707764e-14
G,508,0.0,-1.3446953101871927e-15,0.6071850754936804,-2.5578791731211274,194.82115930291707,-2.5227963540163383e-15,0.0,1.3446953101871927e-15,-0.6071850754936804,2.5578791731211274,-197.09810333601837,-2.5198110591856345e-15
G,509,-2.0306267084491125e-07,-6.910052673156185e-10,-143.92620186781988,-1.31052997647259,199.39315167575256,-1.2956386205576297e-09,2.0306267084491125e-07,6.910052673156185e-10,143.92620186781988,1.31052997647259,340.3301053285719,-1.2956311318759396e-09
G,510,1.5229704216496165e-07,2.915241077635019e-10,113.7156478089522,1.7876900445217185,-285.4332401682669,7.288130789478885e-10,-1.5229704216496165e-07,-2.915241077635019e-10,-113.7156478089522,-1.7876900445217185,-283.14499887649407,7.28807459869621e-10
G,511,-1.3687020267161287e-07,-2.1565612717038758e-10,-114.33513709359543,-1.77222361691451,283.14540283762074,-5.391431277781957e-10,1.3687020267161287e-07,2.1565612717038758e-10,114.33513709359543,1.77222361691451,288.5302826303564,-5.391375080737422e-10
G,512,1.0834646851573535e-06,-2.3202633548603493e-09,121.00415092322893,1.6371056579666465,-287.29755430055667,-3.3247613050325975e-09,-1.0834646851573535e-06,2.3202633548603493e-09,-121.00415092322893,-1.6371056579666465,-317.7232003155882,-8.276555469269151e-09
G,513,32.86786605539424,1.049257287735166,-115.79900512814109,-1.5420836658080286,317.529250584848,2.865618407118559,-32.86786605539424,-1.049257287735166,115.79900512814109,1.5420836658080286,325.15522787633495,2.957759539811612
G,290,2.1761275073584052e-07,3.8837485764166766e-09,173.6198227293727,2.302791165886649,-287.3279365137138,7.282032301121199e-09,-2.1761275073584052e-07,-3.8837485764166766e-09,-173.6198227293727,-2.302791165886649,-363.7463987214339,7.282024860441338e-09
G,514,-6.605471378207106e-08,-6.842573482605019e-10,-202.2124221722784,-2.365757573426569,365.17444545405726,-1.282986278831422e-09,6.605471378207106e-08,6.842573482605019e-10,202.2124221722784,2.365757573426569,393.12213769198667,-1.28297877714546e-09
G,515,4.9541035336553296e-08,2.8867732092117556e-10,194.87942339925323,0.3536278221888005,-477.4114908176661,7.216961102687906e-10,-4.9541035336553296e-08,-2.8867732092117556e-10,-194.87942339925323,-0.3536278221888005,-496.98562617859994,7.216904943370872e-10
G,516,-1.305203601448257e-07,-2.80847237177977e-10,-199.8794197283703,-0.3555910086158234,496.97459893098676,-7.021208962601832e-10,1.305203601448257e-07,2.80847237177977e-10,199.8794197283703,0.3555910086158234,502.4224997108647,-7.021152896297018e-10
G,517,1.3977659654718087e-06,-2.2550718981719225e-09,210.39727659256178,0.462822812581372,-502.0915671297944,-3.161782971234689e-09,-1.3977659654718087e-06,2.2550718981719225e-09,-210.39727659256178,-0.462822812581372,-549.8948158330147,-8.113576519624926e-09
G,518,44.00158483138185,1.0492571701535969,-201.40030888455593,-0.4143377232937237,550.4126510292573,2.865618080746965,-44.00158483138185,-1.0492571701535969,201.40030888455593,0.4143377232937237,567.359063280028,2.957759213605497
G,291,-1.5072351798520112e-05,-1.0397829076470251e-05,263.1282283023259,-7.489816958854785,-614.8264006182856,-5.7707787590586846e-06,1.5072351798520112e-05,1.0397829076470251e-05,-263.1282283023259,7.489816958854785,322.75406720270394,-5.770811515823289e-06
G,519,-7.392287539673902e-13,-3.2193306788978616e-15,216.6895263023263,-7.489816958854784,-322.7540672027041,5.1936298392805864e-15,7.392287539673902e-13,3.2193306788978616e-15,-216.6895263023263,7.489816958854784,-249.30628223543658,-1.3692662831570931e-14
G,520,-5.204170427930421e-14,-1.3433284769430101e-15,10.073919022889731,0.8064153135899942,245.12527249616733,-2.52108781246111e-15,5.204170427930421e-14,1.3433284769430101e-15,-10.073919022889731,-0.8064153135899942,-282.9024688320038,-2.516393976075178e-15
G,521,-1.7465466572996746e-07,-1.0865102362625602e-09,-200.27203910342737,6.643689555875072,286.7540538638485,-2.0372104313539945e-09,1.7465466572996746e-07,1.0865102362625602e-09,200.27203910342737,-6.643689555875072,464.26609277400416,-2.0372029546306064e-09
G,522,1.309910383287538e-07,4.5837775962166596e-10,144.41525686806253,-1.3594506103969382,-365.43330044642283,1.1459472042672268e-09,-1.309910383287538e-07,-4.5837775962166596e-10,-144.41525686806253,1.3594506103969382,-356.6429838938897,1.145941593841103e-09
G,523,-4.966579491422207e-07,-6.058292782536557e-10,-145.7864871017662,1.3638348448489137,356.65360718037624,-1.514575998447147e-09,4.966579491422207e-07,6.058292782536557e-10,145.7864871017662,-1.3638348448489137,372.2788283284547,-1.5145703928211317e-09
G,524,2.1575304043341954e-06,-1.9300895331011535e-09,165.34953857176498,-0.9800900203235711,-402.67503566645365,-2.349326860344054e-09,-2.1575304043341954e-06,1.9300895331011535e-09,-165.34953857176498,0.9800900203235711,-424.0726571923715,-7.301120805161715e-09
G,525,57.6691856238562,1.0492572424918594,-135.87872339974746,0.7869503883547352,423.7487717268692,2.865618281567536,-57.6691856238562,-1.0492572424918594,135.87872339974746,-0.7869503883547352,330.3781431417291,2.9577594142622825
G,292,0.0,1.3399861378727064e-15,-10.923854121916854,12.048329267748377,-1.7845688672050635,2.498549953183125e-15,0.0,-1.3399861378727064e-15,10.923854121916854,-12.048329267748377,42.74902182439322,2.526398063839519e-15
G,526,-5.204170427930421e-14,-1.3246787966779406e-15,11.49001413169342,-1.2376127678584703,-38.17977062941867,-2.469769775412504e-15,5.204170427930421e-14,1.3246787966779406e-15,-11.49001413169342,1.2376127678584703,-4.90778236443165,-2.497775712129773e-15
G,293,0.0,1.263435733787946e-15,-37.25974753760164,-12.212698761982308,5.364059832178015,2.4027041220162995e-15,0.0,-1.263435733787946e-15,37.25974753760164,12.212698761982308,134.35999343382798,2.3351798796884933e-15
G,527,0.0,-6.883509198813128e-17,34.20007139702419,2.108186019495384,-125.5833699990701,-1.628281047572871e-16,0.0,6.883509198813128e-17,-34.20007139702419,-2.108186019495384,-2.6668977397706186,-9.53034901982052e-17
G,294,-5.907379485287519e-05,182.40887311387718,3.776983875102678e-05,3.4727026718460206,-1.2445150802436202e-05,463.45532960476834,5.907379485287519e-05,-182.40887311387718,-3.776983875102678e-05,-3.4727026718460206,-1.2445172934490435e-05,-343.2478822227233
G,528,0.0,138.0489642638767,2.432208849224342e-15,3.4727026718460206,-4.385272555151488e-15,343.2478822227234,0.0,-138.0489642638767,-2.432208849224342e-15,-3.4727026718460206,-4.385272555151488e-15,154.55668291281597
G,529,0.0,5.1589925614782075,-2.0595868988630452e-16,-1.8913571603321016,7.846335681952214e-16,-142.3439841508339,0.0,-5.1589925614782075,2.0595868988630452e-16,1.8913571603321016,7.847716487384193e-16,181.65550746929785
G,530,1.8575238556275976e-11,-159.43197969660446,3.1793594393593513e-11,-0.10678829312717811,-6.84794882332481e-11,-193.70383673704617,-1.8575238556275976e-11,159.43197969660446,-3.1793594393593513e-11,0.10678829312717811,-6.479925946469597e-11,-474.63502215112004
G,531,0.000541114432264603,-203.79188904672074,0.027517682920754925,-0.10678829312717612,-0.001004395764286519,474.6350221511297,-0.000541114432264603,203.79188904672074,-0.027517682920754925,0.10678829312717612,-0.0010043950889285038,-489.5118300515397
G,295,0.0,52.07708220891599,3.9941661219874774e-16,5.0726139164432364,-7.989819963791626e-16,6.574003513452027,0.0,-52.07708220891599,-3.9941661219874774e-16,-5.0726139164432364,-9.045298546484964e-16,215.53475210757463
G,532,-1.9058888156955062e-07,-197.4811727257105,-1.9636450439101303e-08,-3.704009518314603,2.9307393911422862e-08,-229.8556368890524,1.9058888156955062e-07,197.4811727257105,1.9636450439101303e-08,3.704009518314603,2.9307410649294532e-08,-359.62566369719343
G,533,1.2274170690077858e-07,152.63299742417388,5.245003242208531e-09,0.3882414557054054,-1.2155289692817291e-08,384.7938082603383,-1.2274170690077858e-07,-152.63299742417388,-5.245003242208531e-09,-0.3882414557054054,-1.2155300334819248e-08,322.6601348007076
G,534,0.0,-74.48310082943625,1.9043067397807355e-15,-4.181009739269283,-4.039045934448561e-15,-309.3741927651007,0.0,74.48310082943625,-1.9043067397807355e-15,4.181009739269283,-4.082822310716274e-15,-8.296232272444826
G,296,1.3634029250414268e-10,9.614623298531814,8.628595364729724e-10,-0.24580599790732255,-3.1278658179659793e-09,34.11723819087027,-1.3634029250414268e-10,-9.614623298531814,-8.628595364729724e-10,0.24580599790732255,-3.1278658214630706e-09,35.588780723485385
G,535,-6.620647674756153e-09,-4.345149074970894,-3.697220150578312e-10,0.2699833995178836,1.645262969421833e-09,-20.59512054743747,6.620647674756153e-09,4.345149074970894,3.697220150578312e-10,-0.2699833995178836,1.6452629645928642e-09,-18.07670621980347
G,297,-3.1221792392834155e-09,11.116403857859982,5.331497369330179e-11,-0.0011113626526945515,-1.9326677180390582e-10,39.35347980084073,3.1221792392834155e-09,-11.116403857859982,-5.331497369330179e-11,0.0011113626526945515,-1.9326678747253213e-10,41.24044816864414
G,536,-1.26787625342393e-08,-5.365541897291806,-1.661977804844319e-09,-0.08243653956278958,7.395801231723955e-09,-25.074248700704242,1.26787625342393e-08,5.365541897291806,1.661977804844319e-09,0.08243653956278958,7.39580123139048e-09,-22.679074185192817
G,298,4.575765323502716e-14,15.165049093313614,3.2189155751714176e-16,-2.2950483397343375,-6.841008643424456e-16,-1.247349196648571,-4.575765323502716e-14,-15.165049093313614,-3.2189155751714176e-16,2.2950483397343375,-6.887666284681639e-16,65.92628357963113
G,537,-6.537902547651282e-14,-89.06378900966222,-2.0687899705580412e-15,0.37184940003650235,3.1031044706893057e-15,-63.81809756013545,6.537902547651282e-14,89.06378900966222,2.0687899705580412e-15,-0.37184940003650235,3.0722335914264475e-15,-202.03731263370628
G,538,0.0,97.14603409198901,-1.5955093443714621e-15,-1.056197332586842,3.687652550342698e-15,206.7058613730196,0.0,-97.14603409198901,1.5955093443714621e-15,1.056197332586842,3.7075332608190284e-15,243.56600664334945
G,539,0.0,-58.76691527631727,1.929938198799342e-15,3.851585031844707,-4.11926170162106e-15,-244.80361941120805,0.0,58.76691527631727,-1.929938198799342e-15,-3.851585031844707,-4.111924716258134e-15,-5.837274242285048
G,299,0.0,5.899517402547697,-4.079253957516732e-16,-0.00040396112676080817,1.47854917717934e-15,3.5599136614362443,0.0,-5.899517402547697,4.079253957516732e-16,0.00040396112676080817,1.4789099420202907e-15,39.21158750703456
G,540,0.0,-4.632095969828745,1.627456603935028e-16,0.010623286486562267,-7.245530574867084e-16,-38.50236867622995,0.0,4.632095969828745,-1.627456603935028e-16,-0.010623286486562267,-7.238833200154661e-16,-2.723285455245872
G,300,0.0,4.997761551369945,7.71698688203866e-09,0.19394973074023,-2.7974077817086138e-08,3.1791893237746542,0.0,-4.997761551369945,-7.71698688203866e-09,-0.19394973074023,-2.7974077077694148e-08,33.054581923657445
G,541,2.1927684387347285e-14,-3.8139844715124345,5.120870286463226e-09,-0.32388546550225167,-2.2787872576628354e-08,-32.177421387782346,-2.1927684387347285e-14,3.8139844715124345,-5.120870286463226e-09,0.32388546550225167,-2.2787872972894338e-08,-1.7670404086783122
G,301,-4.904394217430271e-06,30.130098906018016,1.2353017878038026e-08,0.07782092770497348,-3.209170783818787e-08,62.586943113117606,4.904394217430271e-06,-30.130098906018016,-1.2353017878038026e-08,-0.07782092770497348,-2.164391993127754e-08,68.47898712806077
G,542,-1.191191101172366e-05,-50.240501093981976,-1.6967829263598955e-07,0.07782092770497351,2.535878604019569e-07,-68.47898712806074,1.191191101172366e-05,50.240501093981976,1.6967829263598955e-07,-0.07782092770497351,2.3847918824241286e-07,-77.218466044487
G,543,3.864432376188573e-06,-1.011556717178825,2.251968530027365e-09,0.7957957008120202,-9.930472620768277e-09,-6.7618611327355636,-3.864432376188573e-06,1.011556717178825,-2.251968530027365e-09,-0.7957957008120202,-1.011204729647527e-08,-2.2409936501559766
G,302,-1.7623698900153273e-05,8.266677023019954e-06,202.18775984209813,4.229340024321931,-471.9141442796935,6.117327721076478e-06,1.7623698900153273e-05,-8.266677023019954e-06,-202.18775984209813,-4.229340024321931,172.6762597133889,6.117354272993028e-06
G,544,-1.5474956118295308e-12,7.206288309973233e-15,163.85404934209862,4.22934002432193,-172.67625971338867,-3.4627002992551307e-15,1.5474956118295308e-12,-7.206288309973233e-15,-163.85404934209862,-4.22934002432193,-199.27243229317514,1.9820974762894368e-14
G,545,1.0408340855860843e-13,-2.881594175158309e-16,1.7031574137863343,-2.4982027812524032,194.2973834934273,-5.17522076085229e-16,-1.0408340855860843e-13,2.881594175158309e-16,-1.7031574137863343,2.4982027812524032,-200.68422379512606,-5.630757395991368e-16
G,546,6.512545711045981e-07,1.0544838895973875e-08,-144.21076093084463,-1.6066093667993824,202.93959112864553,1.9771578205665662e-08,-6.512545711045981e-07,-1.0544838895973875e-08,144.21076093084463,1.6066093667993824,337.85076236202184,1.9771567654236374e-08
G,547,-4.884407722033357e-07,-4.448611768220837e-09,113.53169445824147,1.9749746240642312,-285.0909054223057,-1.1121533394337226e-08,4.884407722033357e-07,4.448611768220837e-09,-113.53169445824147,-1.9749746240642312,-282.5675668689016,-1.1121525446766958e-08
G,548,-3.206499128716178e-07,4.487217461024228e-09,-114.93383625763536,-1.9581586277094758,282.5543028137508,1.1218047603294909e-08,3.206499128716178e-07,-4.487217461024228e-09,114.93383625763536,1.9581586277094758,292.11487847442606,1.1218039701826229e-08
G,549,3.2066131000485493e-07,-4.487236393664991e-09,116.44932011285918,1.9298522299664065,-265.41938352903253,-1.1218085109731231e-08,-3.2066131000485493e-07,4.487236393664991e-09,-116.44932011285918,-1.9298522299664065,-316.8272170352635,-1.121809685859373e-08
G,550,0.00039976486859003685,5.797685646114609e-06,-121.92533398831473,-1.6888100959203138,316.649063414887,1.1383035222452196e-05,-0.00039976486859003685,-5.797685646114609e-06,121.92533398831473,1.6888100959203138,360.0365402202596,2.0794120113483878e-05
G,303,-1.0835885314031124e-06,-2.4432296560227504e-08,175.5371360432519,2.4021672530252567,-295.7941964175528,-4.581056120381261e-08,1.0835885314031124e-06,2.4432296560227504e-08,-175.5371360432519,-2.4021672530252567,-362.47006374464183,-4.581055089704052e-08
G,551,-2.7832600807409236e-07,5.695939090378671e-09,-202.72820759201915,-2.3363005861962045,363.935301131508,1.0679891107523966e-08,2.7832600807409236e-07,-5.695939090378671e-09,202.72820759201915,2.3363005861962045,396.2954773385637,1.067988048139605e-08
G,552,2.0874458411812569e-07,-2.4029820792453826e-09,193.15359913936564,0.42163996349039073,-469.1845178270264,-6.007459152481518e-09,-2.0874458411812569e-07,2.4029820792453826e-09,-193.15359913936564,-0.42163996349039073,-496.58347786980175,-6.007451243745395e-09
G,553,-4.2555178131342686e-07,2.4385931955785035e-09,-200.89356641233334,-0.4235158252655124,496.6392442168748,6.096486935712427e-09,4.2555178131342686e-07,-2.4385931955785035e-09,200.89356641233334,0.4235158252655124,507.82858784479185,6.09647904218009e-09
G,554,4.2559604278291635e-07,-2.4386130958792487e-09,204.90367436193506,0.29125644183067123,-478.3960443746887,-6.096526983703142e-09,-4.2559604278291635e-07,2.4386130958792487e-09,-204.90367436193506,-0.29125644183067123,-546.1223274349867,-6.096538495693104e-09
G,555,0.0015386206049385627,5.744920348787909e-06,-203.85643265750838,-0.1964198936968003,546.1790316855986,1.123623310409889e-05,-0.0015386206049385627,-5.744920348787909e-06,203.85643265750838,0.1964198936968003,585.2241695635728,2.0648074831674002e-05
G,304,2.635692340056243e-05,8.55989821330612e-06,255.74419025501015,-7.577290085133617,-611.5382758806336,6.334272858594218e-06,-2.635692340056243e-05,-8.55989821330612e-06,-255.74419025501015,7.577290085133617,233.03687430321935,6.3343764970988145e-06
G,556,1.5474956118295308e-12,6.1146284792529085e-15,210.57422375501065,-7.577290085133616,-233.03687430321997,-5.114745509745222e-15,-1.5474956118295308e-12,-6.1146284792529085e-15,-210.57422375501065,7.577290085133616,-244.96661362065413,1.8994952157649322e-14
G,557,2.0816681711721685e-13,-2.402005443911904e-16,11.07916008603905,0.7680459461866137,240.85854912554754,-4.575734846794284e-16,-2.0816681711721685e-13,2.402005443911904e-16,-11.07916008603905,-0.7680459461866137,-282.405399448194,-4.4317855678753564e-16
G,558,9.430387720721356e-07,-3.3321351982452883e-09,-197.08705927987162,6.77855158350154,286.22009720916475,-6.247748249898658e-09,-9.430387720721356e-07,3.3321351982452883e-09,197.08705927987162,-6.77855158350154,452.8563750903539,-6.247758743521173e-09
G,559,-7.072791571166581e-07,1.405736790168668e-09,145.26602031999354,-1.43607466226957,-369.41145987635025,3.514338046273301e-09,7.072791571166581e-07,-1.405736790168668e-09,-145.26602031999354,1.43607466226957,-356.91864172361744,3.514345904570039e-09
G,560,-1.9780778577616065e-07,-1.1457124040154706e-09,-141.8493614124304,1.4321528817269076,356.8761394316955,-2.8642770665165037e-09,1.9780778577616065e-07,1.1457124040154706e-09,141.8493614124304,-1.4321528817269076,352.3706676304564,-2.8642849535608495e-09
G,561,1.9780778577616062e-07,1.1457030740727167e-09,136.93787048544672,-1.6631985432881657,-307.36380321436013,2.8642537035853853e-09,-1.9780778577616062e-07,-1.1457030740727167e-09,-136.93787048544672,1.6631985432881657,-377.3255492128736,2.8642616667781997e-09
G,562,2.4826828690957544e-07,-1.7731160992405433e-08,-157.67265664393594,1.8076954361213047,377.44699858263823,-4.628245880394543e-08,-2.4826828690957544e-07,1.7731160992405433e-08,157.67265664393594,-1.8076954361213047,446.39263238192706,-4.636285738137295e-08
G,563,0.05011081145226501,0.004991950373655488,1079.1500214950852,-5.9003312272160535,-580.6377094042494,0.0007308305414166906,-0.05011081145226501,-0.004991950373655488,-1079.1500214950852,5.9003312272160535,229.91395241834687,0.0008915533300213424
G,305,3.122502256758256e-13,1.702372342958188e-14,-10.081563780126256,11.901704182218264,-1.7556404393095875,3.119874750629706e-14,-3.122502256758256e-13,-1.702372342958188e-14,10.081563780126256,-11.901704182218264,39.56150461478301,3.264021535463493e-14
G,564,-3.122502256758253e-13,-5.692351845205578e-15,10.72978914056151,-1.163504088388355,-35.298820085285314,-1.0742886444546279e-14,3.122502256758253e-13,5.692351845205578e-15,-10.72978914056151,1.163504088388355,-4.937889191820343,-1.0603432974974638e-14
G,306,0.0,5.346332798202898e-15,-33.633730818919105,-11.931961848440496,5.014464572166162,9.856257602139994e-15,0.0,-5.346332798202898e-15,33.633730818919105,11.931961848440496,121.11202599878035,1.0192490391120855e-14
G,565,1.0408340855860843e-13,-5.311802838363576e-15,30.788934013626,1.9480673245768751,-112.86108926156075,-9.791513927441275e-15,-1.0408340855860843e-13,5.311802838363576e-15,-30.788934013626,-1.9480673245768751,-2.5974132895367603,-1.0127746716422136e-14
G,307,5.9936980776098394e-05,178.27732926122027,-8.712990425895642e-06,3.2262629932045845,5.410738892240769e-06,474.468394170618,-5.9936980776098394e-05,-178.27732926122027,8.712990425895642e-06,-3.2262629932045845,5.4107952167216165e-06,-253.04795122818246
G,566,0.0,133.91741941122092,1.489164770142155e-15,3.2262629932045837,-2.250872550069867e-15,253.04795122818268,0.0,-133.91741941122092,-1.489164770142155e-15,-3.2262629932045837,-2.250872550069867e-15,151.78440765193807
G,567,-3.073328992872296e-13,5.73436466013978,2.509364113206855e-16,-1.7882015789614432,-2.6450109637524366e-16,-139.85244580349774,3.073328992872296e-13,-5.73436466013978,-2.509364113206855e-16,1.7882015789614432,-1.64763435788838e-15,183.54830451376287
G,568,-1.8073525256266563e-05,-160.36724770973387,-3.2175004575960404e-07,-0.03256113965184435,6.861639504460748e-07,-195.45000869598124,1.8073525256266563e-05,160.36724770973387,3.2175004575960404e-07,0.03256113965184435,6.860999947186362e-07,-488.51630278603363
G,308,1.8303061294010863e-13,51.79681227831211,3.419361377105746e-15,4.9750487997476736,-7.554572071432446e-15,6.727542805574302,-1.8303061294010863e-13,-51.79681227831211,-3.419361377105746e-15,-4.9750487997476736,-7.0290042019235605e-15,214.18586156142683
G,569,1.1989774489404567e-06,-190.72428855423283,9.77783541817162e-08,-3.275887937472003,-1.459341818216135e-07,-228.06589073444434,-1.1989774489404567e-06,190.72428855423283,-9.77783541817162e-08,3.275887937472003,-1.4593420541080936e-07,-341.24611059994066
G,570,-7.721570820712074e-07,151.532330401717,-2.6117172128086347e-08,0.1546200343915089,6.052653915306362e-08,382.1024371792628,7.721570820712074e-07,-151.532330401717,2.6117172128086347e-08,-0.1546200343915089,6.052655366061658e-08,320.24991423269546
G,571,-9.151530647005433e-14,-73.9812525189705,-1.215687479514708e-14,-4.108064495106388,2.581554432125748e-14,-307.1847059620889,9.151530647005433e-14,73.9812525189705,1.215687479514708e-14,4.108064495106388,2.6033526680044807e-14,-8.345336031320244
G,309,-9.797076942811403e-08,12.209058071145583,-5.854417241619285e-09,-0.32260944741041414,2.1222262477055322e-08,43.81322869503047,9.797076942811403e-08,-12.209058071145583,5.854417241619285e-09,0.32260944741041414,2.1222262524684495e-08,44.702442320775006
G,572,-1.4859233927569604e-07,-4.960971273538325,4.158026018021634e-09,0.32226189013836093,-1.8503215804899877e-08,-23.107824924034816,1.4859233927569604e-07,4.960971273538325,-4.158026018021634e-09,-0.32226189013836093,-1.850321575549266e-08,-21.04481941045627
G,310,-9.811418918694169e-08,13.861933753037617,-8.808776311723232e-10,-0.005018631263036857,3.1931814081262657e-09,49.58214765672753,9.811418918694169e-08,-13.861933753037617,8.808776311723232e-10,0.005018631263036857,3.1931814178730776e-09,50.9168720527952
G,573,-1.3983714116425355e-07,-6.024108393736381,1.0337819973373759e-09,0.10100864621031186,-4.6003298909066695e-09,-27.858646612457232,1.3983714116425355e-07,6.024108393736381,-1.0337819973373759e-09,-0.10100864621031186,-4.600329885395974e-09,-25.755918091796545
G,311,0.0,16.54558049463116,3.839132383231035e-15,-2.255367333519584,-8.222551932329165e-15,-0.8915934144530482,0.0,-16.54558049463116,-3.839132383231035e-15,2.255367333519584,-8.151347682151196e-15,71.45849422405495
G,574,0.0,-91.09439499174273,-1.202318268464809e-14,0.3420459560171089,1.785421217766095e-14,-69.51042689947808,0.0,91.09439499174273,1.202318268464809e-14,-0.3420459560171089,1.8034988136013597e-14,-202.40634215087397
G,575,-8.420987747460229e-14,97.54852684352794,-7.256893519827811e-16,-1.123191430849318,1.7399961018805744e-15,207.14480999009555,8.420987747460229e-14,-97.54852684352794,7.256893519827811e-16,1.123191430849318,1.6235740445596158e-15,244.9926119296564
G,576,9.151530647005433e-14,-59.12464751591087,3.773219409196025e-15,3.8146977609706045,-8.057641404064755e-15,-246.15611601804477,-9.151530647005433e-14,59.12464751591087,-3.773219409196025e-15,-3.8146977609706045,-8.035139376156285e-15,-6.010505637315049
G,312,0.0,6.314263215876835,-7.104259713115063e-16,0.013264055150866481,2.5752859312450237e-15,3.9331332517737074,0.0,-6.314263215876835,7.104259713115063e-16,-0.013264055150866481,2.575302360763397e-15,41.845275063333354
G,577,0.0,-4.929027732424043,-3.831302600319821e-16,-0.04250229192204135,1.7054142548629773e-15,-41.00011927457745,0.0,4.929027732424043,3.831302600319821e-16,0.04250229192204135,1.7044450594216624e-15,-2.8682275439965146
G,313,-5.383624580617677e-14,6.569259601173887,2.950732120885828e-13,0.17815362037654436,-1.0697904764446094e-12,3.6186623258866746,5.383624580617677e-14,-6.569259601173887,-2.950732120885828e-13,-0.17815362037654436,-1.0694903111976161e-12,44.00846978262401
G,578,-4.385536877469457e-14,-5.279964879382703,-1.9478770379318935e-13,0.12144936976462878,8.570770919368645e-13,-43.52079344709657,4.385536877469457e-14,5.279964879382703,1.9478770379318935e-13,-0.12144936976462878,8.765334718225203e-13,-3.470893979409471
G,314,-1.7089812862272532e-06,10.603931451140951,2.9462936759306486e-08,0.23225738529900433,-8.589812681829357e-08,26.04603290145433,1.7089812862272532e-06,-10.603931451140951,-2.9462936759306486e-08,-0.23225738529900433,-8.498690638568403e-08,35.45676951516318
G,579,-1.0578576000089172e-05,-71.73991904885898,2.691257992665452e-08,0.23225738529900425,-2.026416443380054e-08,-35.45676951516303,1.0578576000089172e-05,71.73991904885898,-2.691257992665452e-08,-0.23225738529900425,-1.8759076459848516e-08,-68.56611310568249
G,580,1.7233949958830471e-06,-3.18786921725582,-2.185417696684502e-10,-0.6228041112433712,1.0958843275641948e-09,-17.479012823713635,-1.7233949958830471e-06,3.18786921725582,2.185417696684502e-10,0.6228041112433712,8.491374224850116e-10,-10.893023209863156
G,315,-3.6582417838236743e-06,2.4912591391232012e-06,-131.94299918676595,-2.745505359128306e-09,122.04727391566078,2.304398090890307e-06,3.6582417838236743e-06,-2.4912591391232012e-06,131.94299918676595,2.745505359128306e-09,122.04727457985595,2.3044313164876106e-06
G,581,-1.2384063758027893e-05,-1.647138009933831e-06,189.1225142427368,9.464249824884018,-350.73817222036945,-1.564817745903977e-06,1.2384063758027893e-05,1.647138009933831e-06,-189.1225142427368,-9.464249824884018,-8.594604840830158,-1.5647444729702997e-06
G,582,-6.245004513516506e-13,1.0265514722777639e-15,45.75496526817297,-0.6367124621617306,7.378212650291218,3.686968466287576e-15,6.245004513516506e-13,-1.0265514722777639e-15,-45.75496526817297,0.6367124621617306,-178.95933240593985,1.625995547540387e-16
G,583,5.83179338153883e-09,-1.8704237059104374e-08,-106.54381229354054,-3.799932971424085,180.37224116636355,-3.507044629341207e-08,-5.83179338153883e-09,1.8704237059104374e-08,106.54381229354054,3.799932971424085,219.16705493441353,-3.507044267822934e-08
G,584,-4.3738450361541226e-09,7.890853679571578e-09,103.0123708294928,1.6502695429427157,-236.9877743146427,1.9727135583511963e-08,4.3738450361541226e-09,-7.890853679571578e-09,-103.0123708294928,-1.6502695429427157,-278.07407983282127,1.9727132814345917e-08
G,585,3.8816793529461435e-07,-8.544278087115715e-09,-113.50824343794453,-1.6327763840583698,278.1839310290333,-2.1360696593076393e-08,-3.8816793529461435e-07,8.544278087115715e-09,113.50824343794453,1.6327763840583698,289.3572861606892,-2.136069384250218e-08
G,586,-4.992328269531886e-06,1.5234035303220405e-08,111.33375437397191,1.3053569434857986,-260.01046316130737,3.157130964124148e-08,4.992328269531886e-06,-1.5234035303220405e-08,-111.33375437397191,-1.3053569434857986,-296.6583087085524,4.459886687486057e-08
G,587,-159.8666903372378,-2.716971443604564,-107.23234535545421,-1.3965612793010354,296.28556008682943,-7.539097307330124,159.8666903372378,2.716971443604564,107.23234535545421,1.3965612793010354,298.8539566359414,-7.540094204675206
G,316,3.6620221438576905e-06,2.802208898454163e-08,157.10265428481253,1.0453456776111854,-217.34508194264575,5.254141833733001e-08,-3.6620221438576905e-06,-2.802208898454163e-08,-157.10265428481253,-1.0453456776111854,-371.78987162540125,5.25414153547011e-08
G,588,-5.18017503892132e-07,-9.383919333610814e-09,-211.86207794514078,-1.6616929478810467,375.8880629561361,-1.7594850641091956e-08,5.18017503892132e-07,9.383919333610814e-09,211.86207794514078,1.6616929478810467,418.5947293381418,-1.7594846859948602e-08
G,589,3.885135962944375e-07,3.958843462447009e-09,181.64988242840914,0.33990971713846274,-443.7193380946335,9.897110043933445e-09,-3.885135962944375e-07,-3.958843462447009e-09,-181.64988242840914,-0.33990971713846274,-464.5300740474122,9.897107268301602e-09
G,590,4.813131143643901e-07,-3.9213336904721835e-09,-185.03733566690127,-0.3400035050848182,464.28694004499556,-9.803335599748449e-09,-4.813131143643901e-07,3.9213336904721835e-09,185.03733566690127,0.3400035050848182,460.89973828951065,-9.80333285261247e-09
G,591,-5.088943016984259e-06,1.061105122356199e-08,181.93107185650635,0.4379635701147252,-422.2871090211196,2.0013888120651536e-08,5.088943016984259e-06,-1.061105122356199e-08,-181.93107185650635,-0.4379635701147252,-487.3682502614124,3.3041367997158426e-08
G,592,-159.9871511582727,-2.7169553209315653,-186.18716008443778,-0.2864503775414478,488.23766486940764,-7.539052564328049,159.9871511582727,2.7169553209315653,186.18716008443778,0.2864503775414478,545.1010735992219,-7.540049466842138
G,317,1.931443181066983e-06,2.5568737657751047e-06,-141.85045243192184,3.2066964846823863e-09,131.21166775719956,2.364981517696606e-06,-1.931443181066983e-06,-2.5568737657751047e-06,141.85045243192184,-3.2066964846823863e-09,131.21166924185556,2.3652349489873325e-06
G,593,-6.591749350307192e-06,-1.8596377404837041e-06,255.1990996188396,-18.25242812033717,-476.02142165325984,-1.7665736900271218e-06,6.591749350307192e-06,1.8596377404837041e-06,-255.1990996188396,18.25242812033717,-8.856867622534992,-1.7667380168919132e-06
G,594,-2.0816681711721685e-13,1.2986392088974141e-15,62.53049723621959,1.1889982257094365,6.6664862817787025,4.492471270264761e-15,2.0816681711721685e-13,-1.2986392088974141e-15,-62.53049723621959,-1.1889982257094365,-241.15585091760215,3.7742576310054233e-16
G,595,1.196270166259339e-07,1.0296532622294132e-08,-139.79740980466946,7.8827909578396405,242.71366030981454,1.9305996799068442e-08,-1.196270166259339e-07,-1.0296532622294132e-08,139.79740980466946,-7.8827909578396405,281.52662645769595,1.930600053453455e-08
G,596,-8.972010634433758e-08,-4.343846076985997e-09,128.8594135444433,-1.160249812111578,-297.94134034192166,-1.0859613808926287e-08,8.972010634433758e-08,4.343846076985997e-09,-128.8594135444433,1.160249812111578,-346.3557273802948,-1.0859616576003697e-08
G,597,2.972910979892607e-07,4.0750192621687545e-09,-144.75247959280875,1.1782866697356496,346.4890101864993,1.0187546784965388e-08,-2.972910979892607e-07,-4.0750192621687545e-09,144.75247959280875,-1.1782866697356496,377.2733877775445,1.0187549525878382e-08
G,598,-4.9091794691868964e-06,2.6147380193934366e-09,152.8080142162796,-0.5908601390733819,-366.8402831379873,2.3066359311453123e-11,4.9091794691868964e-06,-2.6147380193934366e-09,-152.8080142162796,0.5908601390733819,-397.19978794341085,1.3050623737655733e-08
G,599,-160.13502505954187,-2.7169714570100805,-120.2842221133502,0.4866963267347623,396.7031219571384,-7.5390973440793605,160.13502505954187,2.7169714570100805,120.2842221133502,-0.4866963267347623,270.87431077195515,-7.5400942423265835
G,318,-2.0816681711721705e-13,1.4097005145801756e-15,-5.149545511856959,6.243504265477905,-0.7495874615038431,2.589022905059416e-15,2.0816681711721705e-13,-1.4097005145801756e-15,5.149545511856959,-6.243504265477905,20.06038313096742,2.6973540246162373e-15
G,600,2.0816681711721685e-13,-1.5451980590467282e-15,5.502766008143887,-0.3184490910609106,-17.364103901896534,-2.6616030717465396e-15,-2.0816681711721685e-13,1.5451980590467282e-15,-5.502766008143887,0.3184490910609106,-3.2712686286430426,-3.132889649678691e-15
G,319,4.163336342344341e-13,-1.6673995767933644e-16,-0.24007941021910345,-7.132377835357983,-2.2257719400993214,2.555164841284215e-16,-4.163336342344341e-13,1.6673995767933644e-16,0.24007941021910345,7.132377835357983,3.1260697284209584,-8.807913254259325e-16
G,601,0.0,-1.6673876653925404e-16,1.3299726593005445,0.604476784716897,-1.189756617648996,-8.807891850960967e-16,0.0,1.6673876653925404e-16,-1.3299726593005445,-0.604476784716897,-3.797640854728046,2.55518810573894e-16
G,320,6.816862570999458e-06,-15.066738107525,-3.1897304844938843e-06,-1.3206816019321231e-08,2.9105313271142556e-06,-13.748397996260252,-6.816862570999458e-06,15.066738107525,3.1897304844938843e-06,1.3206816019321231e-08,2.9107268070870838e-06,-13.748399049972877
G,602,0.0,174.58747251130958,-6.502205897712458e-14,-2.076249357467929,7.932691246060466e-14,395.0470972131157,0.0,-174.58747251130958,6.502205897712458e-14,2.076249357467929,7.932691144357932e-14,30.94633571447963
G,603,0.0,23.025592521528825,1.362042191919466e-15,0.14952258263144336,-5.348154080437403e-15,-23.813957879121602,0.0,-23.025592521528825,-1.362042191919466e-15,-0.14952258263144336,-5.030607421988928e-15,199.26897289317125
G,604,-2.234770746973091e-06,-140.05336161661413,7.388764952175433e-08,0.8991100441352106,-1.575327721588819e-07,-205.51247715864906,2.234770746973091e-06,140.05336161661413,-7.388764952175433e-08,-0.8991100441352106,-1.5759805305140028e-07,-391.81511013620997
G,321,0.0,40.87756012456379,-1.8546005845942426e-14,1.2163921905391217,4.325508578503125e-14,10.100962287045732,0.0,-40.87756012456379,1.8546005845942426e-14,-1.2163921905391217,3.5843629147913185e-14,164.24183164421885
G,605,-1.3751416253610733e-06,-130.16325194495576,-3.304450505514931e-07,-0.719920920232654,4.931892334384217e-07,-171.97868626429386,1.3751416253610733e-06,130.16325194495576,3.304450505514931e-07,0.719920920232654,4.931892424577852e-07,-216.55862079139916
G,606,8.856090079186203e-07,129.3238064873798,8.826387295946344e-08,0.5058978883150118,-2.045515238353902e-07,288.97990462188653,-8.856090079186203e-07,-129.3238064873798,-8.826387295946344e-08,-0.5058978883150118,-2.0455152733172282e-07,310.4359384471188
G,607,0.0,-75.80666153262057,-1.5061382840318501e-15,-2.1903813407564368,3.988053013418247e-16,-303.87398509058,0.0,75.80666153262057,1.5061382840318501e-15,2.1903813407564368,6.0248744800540145e-15,-19.441426346046654
G,322,1.8831466558535861e-07,10.966243478976034,-3.2991660702359222e-09,0.11773915900303562,1.1959477002471306e-08,37.73683528168907,-1.8831466558535861e-07,-10.966243478976034,3.2991660702359222e-09,-0.11773915900303562,1.1959477006739131e-08,41.76842994088719
G,608,3.239189113564459e-07,-4.528313706385047,2.1707981037082554e-09,-0.11912066302097205,-9.660051557890743e-09,-23.351619331079288,-3.239189113564459e-07,4.528313706385047,-2.1707981037082554e-09,0.11912066302097205,-9.660051565112726e-09,-16.950372655747625
G,323,2.214053832513542e-07,12.583305071985498,7.821608083005666e-10,0.05358896281208973,-2.835332926152032e-09,43.38909566584181,-2.214053832513542e-07,-12.583305071985498,-7.821608083005666e-10,-0.05358896281208973,-2.8353329340270767e-09,47.83986610605305
G,609,3.1196757782407243e-07,-5.685361610350634,-8.353174671491798e-10,-0.1791767720314595,3.7171627312605724e-09,-28.32447264110987,-3.1196757782407243e-07,5.685361610350634,8.353174671491798e-10,0.1791767720314595,3.7171627263671253e-09,-22.275245691010767
G,324,9.151530647005432e-14,28.781114711713716,3.3987473044293285e-15,-1.412908760423703,-7.184677023418673e-15,3.16322050926253,-9.151530647005432e-14,-28.781114711713716,-3.3987473044293285e-15,1.412908760423703,-7.31098022997241e-15,119.58823373619646
G,610,0.0,-101.06823812898595,-3.383493407309564e-14,2.3847320943044767,5.058855187008799e-14,-118.98375695147988,0.0,101.06823812898595,3.383493407309564e-14,-2.3847320943044767,5.040872633810249e-14,-182.70493386354323
G,611,-8.420987747460229e-14,92.86154680096746,5.73367742710028e-15,-1.713459236430168,-1.3345702556371529e-14,185.41197248903546,8.420987747460229e-14,-92.86154680096746,-5.73367742710028e-15,1.713459236430168,-1.322989231823827e-14,245.0012969334487
G,612,0.0,-59.0887546908886,-9.342904697661843e-15,1.5578093922125993,1.9958508763387906e-14,-245.31974602450953,0.0,59.0887546908886,9.342904697661843e-15,-1.5578093922125993,1.988897977213985e-14,-6.693792732130277
G,325,0.0,5.769577267437361,2.2676269472257035e-15,-0.10985119621203016,-8.218317888869536e-15,3.283045927001041,0.0,-5.769577267437361,-2.2676269472257035e-15,0.10985119621203016,-8.221977478516818e-15,38.54638926191983
G,613,0.0,-4.517417137252107,-1.6519894222845189e-15,0.1332828062044563,7.350692044386251e-15,-37.86647603969652,0.0,4.517417137252107,1.6519894222845189e-15,-0.1332828062044563,7.352013813945961e-15,-2.338536481847214
G,326,3.230174748370606e-13,4.2108247294261485,-1.3247703452399133e-08,0.3727486217229168,4.802297244086887e-08,2.701918222786823,-3.230174748370606e-13,-4.2108247294261485,1.3247703452399133e-08,-0.3727486217229168,4.802287758902484e-08,27.826561065552752
G,614,-2.631322126481674e-13,-3.166258829629743,-8.790965855754162e-09,-0.49666598627234904,3.9119759358012214e-08,-27.102147117896568,2.631322126481674e-13,3.166258829629743,8.790965855754162e-09,0.49666598627234904,3.911983675819981e-08,-1.07755646580814
G,327,0.0010562111468303814,1.9565355621487652,-3.263096685896201e-08,-0.3037449971772665,1.2180460327497274e-07,9.214820118627198,-0.0010562111468303814,-1.9565355621487652,3.263096685896201e-08,0.3037449971772665,1.1476990645250184e-07,4.97006270695135
G,615,-0.0008610859717940363,-1.885719366465661,-1.0528273703864675e-08,1.3575991056932042,4.4485624744685696e-08,-13.07252611053487,0.0008610859717940363,1.885719366465661,1.0528273703864675e-08,-1.3575991056932042,4.921601121970989e-08,-3.710376251009511
G,328,-6.556082825064091e-08,3.4637008596377313e-09,0.396408424989513,-0.6903592373155448,-20.111625117220388,1.7383106800918308e-08,6.556082825064091e-08,-3.4637008596377313e-09,-0.396408424989513,0.6903592373155448,16.147540867325258,1.7253901795459005e-08
G,616,1.3112163698564272e-07,-2.8174744721114588e-08,147.99874769117676,1.0622132877682178,-367.6034010841367,-7.056606686313351e-08,-1.3112163698564272e-07,2.8174744721114588e-08,-147.99874769117676,-1.0622132877682178,-372.3903373717471,-7.030765674243943e-08
G,617,1.9594015165400694e-13,2.1999003472599744e-14,-87.33808895529691,-42.663473936945884,371.62806577415233,2.6782569479207077e-14,-1.9594015165400694e-13,-2.1999003472599744e-14,87.33808895529691,42.663473936945884,-154.15622427546316,2.7994949167566244e-14
G,618,2.480508872880785e-06,-1.892914052943505e-07,-284.18851261334663,42.212147506118846,166.90293841506684,-2.3730333290032498e-07,-2.480508872880785e-06,1.892914052943505e-07,284.18851261334663,-42.212147506118846,546.4102282444336,-2.3781809438849507e-07
G,619,-1.2452155322487113e-06,2.3713619146938873e-08,168.50523831966493,-2.5336314168661414,-409.20711162171006,5.9154843090586775e-08,1.2452155322487113e-06,-2.3713619146938873e-08,-168.50523831966493,2.5336314168661414,-433.3190799766145,5.941325264410759e-08
G,620,-3.5889953118803386e-07,-2.7294971534439893e-08,-174.64757884297387,2.6816939162746727,433.3130441910016,-6.810822356534971e-08,3.5889953118803386e-07,2.7294971534439893e-08,174.64757884297387,-2.6816939162746727,439.92485002386763,-6.836663410684975e-08
G,621,3.5889951167239476e-07,2.6984878577268525e-08,114.4224056916948,1.629169956476481,-288.86860412188366,6.733299124560494e-08,-3.5889951167239476e-07,-2.6984878577268525e-08,-114.4224056916948,-1.629169956476481,-283.2434243365904,6.759140164073769e-08
G,622,-3.802680631319333e-07,2.1675014176070553e-09,-112.6189180654536,-1.3771484848268645,283.4077421389085,5.547958650104455e-09,3.802680631319333e-07,-2.1675014176070553e-09,112.6189180654536,1.3771484848268645,279.6868481883595,5.289548437930822e-09
G,623,2.562348048584101e-06,-1.4894183067058146e-09,28.97489198185158,-0.04187122472425689,-82.83484054581609,-3.7235457759124922e-09,-2.562348048584101e-06,1.4894183067058146e-09,-28.97489198185158,0.04187122472425689,-62.039619363441794,-3.7235457576165806e-09
G,329,-6.237813000506409e-09,-2.297763904805252e-10,3.306368607001257,0.036849121629934284,-36.84219185514675,-1.148924119905026e-09,6.237813000506409e-09,2.297763904805252e-10,-3.306368607001257,-0.036849121629934284,3.7785057851341897,-1.148839784900226e-09
G,624,1.4728238160316431e-08,2.776695799558502e-09,186.87868763167796,0.07351450428195311,-426.57533067717486,6.812534319625791e-09,-1.4728238160316431e-08,-2.776695799558502e-09,-186.87868763167796,-0.07351450428195311,-507.81810748121495,7.070944678166718e-09
G,625,6.83835019860135e-08,-7.967390541264475e-11,-203.67374668252444,-0.20074036767906797,508.71203076662255,-6.997955681728105e-11,-6.83835019860135e-08,7.967390541264475e-11,203.67374668252444,0.20074036767906797,509.65670264599953,-3.2838997024594273e-10
G,626,-6.83835019860135e-08,-2.3041888709551817e-10,180.73412194550016,0.6529786469183382,-435.09443644086986,-7.052524336010821e-10,6.83835019860135e-08,2.3041888709551817e-10,-180.73412194550016,-0.6529786469183382,-468.57617328663093,-4.4684200187650874e-10
G,627,-1.527008402536778e-07,6.270469361032305e-10,-196.67012102723743,-0.6495290321830011,468.632446591238,1.6968225103805839e-09,1.527008402536778e-07,-6.270469361032305e-10,196.67012102723743,0.6495290321830011,514.7181585449491,1.4384121701355689e-09
G,628,1.527008207380387e-07,-9.371396078583765e-10,200.86285173229442,0.2626943030948472,-495.05535422325147,-2.4720541897684488e-09,-1.527008207380387e-07,9.371396078583765e-10,-200.86285173229442,-0.2626943030948472,-509.2589044382205,-2.2136438495234338e-09
G,629,-6.931316848604596e-08,2.206386721275485e-10,-195.66945811893322,-0.21794371605566581,509.14566451435985,6.808018687372904e-10,6.931316848604596e-08,-2.206386721275485e-10,195.66945811893322,0.21794371605566581,469.2016260803062,4.2239149190045205e-10
G,630,3.030491599852192e-06,2.2593026692660674e-10,36.39200042461357,-0.009507647798636769,-108.06919620301663,5.64825658168561e-10,-3.030491599852192e-06,-2.2593026692660674e-10,-36.39200042461357,0.009507647798636769,-73.89080592005122,5.648256764644727e-10
G,330,-1.5488582389300981e-06,1.3666705706580698e-10,7.45434236096599,-0.028759600546602457,-71.5208733292354,6.833357427268264e-10,1.5488582389300981e-06,-1.3666705706580698e-10,-7.45434236096599,0.028759600546602457,-3.022550280424497,6.833348279312434e-10
G,631,6.115562158244547e-07,-5.512645052355332e-10,138.14212347608353,-1.3397791652877,-316.4448016502114,-1.5073664423592963e-09,-6.115562158244547e-07,5.512645052355332e-10,-138.14212347608353,1.3397791652877,-374.2658157302062,-1.2489560838183696e-09
G,632,2.0272065276438767e-08,-3.186399764648542e-10,-148.10311916324105,1.3605536094475643,374.1341640423939,-6.67394771039628e-10,-2.0272065276438767e-08,3.186399764648542e-10,148.10311916324105,-1.3605536094475643,366.38143177381136,-9.25805111284643e-10
G,633,-2.0272045760799662e-08,8.547557193289146e-12,135.36968627332897,-1.295996531360174,-318.8373254557306,-1.0783628628724048e-10,2.0272045760799662e-08,-8.547557193289146e-12,-135.36968627332897,1.295996531360174,-358.01110591091424,1.5057407225368621e-10
G,634,-2.277559000771201e-08,-5.491491977946059e-10,-151.69546195215676,1.2893592726324725,358.01102908335974,-1.2436678152160513e-09,2.277559000771201e-08,5.491491977946059e-10,151.69546195215676,-1.2893592726324725,400.466280677424,-1.502078173756978e-09
G,635,2.2775570492072905e-08,2.39056240623238e-10,145.79867755583123,-1.2258029927434448,-361.99896802697333,4.684354222876316e-10,-2.2775570492072905e-08,-2.39056240623238e-10,-145.79867755583123,1.2258029927434448,-366.99441975218275,7.268457808285583e-10
G,636,-6.134926746302616e-07,-8.205214815698494e-10,-140.25576733579265,1.234258163836694,366.9433418737254,-1.9220985155062043e-09,6.134926746302616e-07,8.205214815698494e-10,140.25576733579265,-1.234258163836694,334.3354948052378,-2.1805088923430426e-09
G,637,3.035212374404711e-06,6.545538147140293e-10,28.86378816656917,0.020413322827915404,-85.81989344617969,1.636384545933029e-09,-3.035212374404711e-06,-6.545538147140293e-10,-28.86378816656917,-0.020413322827915404,-58.49904738666615,1.6363845276371174e-09
G,331,1.587648049576738e-08,7.619568553495224e-09,36.9069149335258,-4.674400235045147,-136.4383935037606,2.8535284220626055e-08,-1.587648049576738e-08,-7.619568553495224e-09,-36.9069149335258,4.674400235045147,-139.9943993483476,2.853528424505317e-08
G,332,-8.208419127598497e-08,2.2392635302867148,1.1226991207986278e-10,0.0019809051903362396,-2.484625292865294e-10,7.5810853770645314,8.208419127598497e-08,-2.2392635302867148,-1.1226991207986278e-10,-0.0019809051903362396,-5.654943332924757e-10,8.653575217514149
G,638,1.5473522656302065e-08,-2.177414388497284,1.1469468128438061e-08,0.592330543332009,-5.103921831492053e-08,-10.057310053799762,-1.5473522656302065e-08,2.177414388497284,-1.1469468128438061e-08,-0.592330543332009,-5.103904802817819e-08,-9.32167800382606
G,333,-1.4823486861484093e-06,21.278366786615308,1.2395819451898361e-09,-0.09593422716722698,-4.49348431577958e-09,93.93046977446654,1.4823486861484093e-06,-21.278366786615308,-1.2395819451898361e-09,0.09593422716722698,-4.493484786846731e-09,60.337689428494436
G,639,1.2983615455587053e-07,-7.8068045655209986,-2.535133949045356e-09,0.08251324814441438,1.128134607325183e-08,-36.38193759909524,-1.2983615455587053e-07,7.8068045655209986,2.535133949045356e-09,-0.08251324814441438,1.128134607325183e-08,-33.09862303404164
G,334,1.1467450911264901e-06,2.274247645671181,-9.61992754146537e-09,-0.04897782802607832,3.487223788739031e-08,11.532020890706818,-1.1467450911264901e-06,-2.274247645671181,9.61992754146537e-09,0.04897782802607832,3.4872236788233626e-08,4.956274540409243
G,640,-9.322960679441864e-09,-4.9041646018994935,-4.439614489224276e-11,-0.05212398427093052,1.975628082243396e-10,-22.028422730314034,9.322960679441864e-09,4.9041646018994935,4.439614489224276e-11,0.05212398427093052,1.975628813166209e-10,-21.618642226591444
G,335,1.3372614169022153e-06,2.1632400093082946,1.9936975673227464e-09,-0.38689244761556685,-7.227153793703802e-09,9.406231555682531,-1.3372614169022153e-06,-2.1632400093082946,-1.9936975673227464e-09,0.38689244761556685,-7.227153569386111e-09,6.2772585118026045
G,641,-4.588779102134682e-08,-4.79679568737625,7.637492360333989e-10,0.03311953428987756,-3.398684091212089e-09,-21.6485530682369,4.588779102134682e-08,4.79679568737625,-7.637492360333989e-10,-0.03311953428987756,-3.39868410948516e-09,-21.042928549411712
G,336,-9.324055536284592e-08,4.5291942641234035,2.8733592497008822e-09,0.24228179003447647,-1.0415927257733928e-08,15.512718566581562,9.324055536284592e-08,-4.5291942641234035,-2.8733592497008822e-09,-0.24228179003447647,-1.0415927302597467e-08,17.323939848313117
G,642,-4.061954424502251e-08,-3.8850251045422697,-2.2961515698565648e-09,-0.11815886516556756,1.021787448586171e-08,-17.94352497886485,4.061954424502251e-08,3.8850251045422697,2.2961515698565648e-09,0.11815886516556756,1.021787448586171e-08,-16.63319845156134
G,337,-1.1087844005011136e-08,3.1070094535200155,6.804467494066878e-09,0.092057639749465,-2.4666194643560664e-08,10.742983186264773,1.1087844005011136e-08,-3.1070094535200155,-6.804467494066878e-09,-0.092057639749465,-2.46661946884242e-08,11.782835351755338
G,643,-2.3897338637440753e-08,-3.5710154772411102,-2.27472299898643e-09,-0.055454553080223776,1.012251736376268e-08,-16.255713388820297,2.3897338637440753e-08,3.5710154772411102,2.27472299898643e-09,0.055454553080223776,1.012251732721654e-08,-15.526324358625576
G,338,-7.169379812212661e-07,-163.20593815314277,8.019205156257489e-08,7.585379536242509,-1.6492628341920362e-07,-167.23047540549015,7.169379812212661e-07,163.20593815314277,-8.019205156257489e-08,-7.585379536242509,-1.6546496901860495e-07,-505.17798978545795
G,339,1.3459061451544192e-14,10.67913354647292,1.6707800422606583e-16,0.7622715975951397,-5.159306889758607e-16,43.72568722471408,-1.3459061451544192e-14,-10.67913354647292,-1.6707800422606583e-16,-0.7622715975951397,-6.953848416631166e-16,33.69803098721459
G,644,0.0,-4.0588886393245875,-1.4782708575739744e-16,-0.13165168781251887,6.578305316204185e-16,-33.423776115253574,0.0,4.0588886393245875,1.4782708575739744e-16,0.13165168781251887,6.578305316204185e-16,-2.700332774735248
G,340,0.0,23.00741930177654,4.6410556729462734e-17,0.056196477052682506,-1.5702238360134892e-16,124.66536945594792,0.0,-23.00741930177654,-4.6410556729462734e-17,-0.056196477052682506,-1.794541526872559e-16,42.138420481931995
G,645,1.0963842193673642e-14,-4.878794225485764,-6.159461906558228e-17,-7.68275543886579e-05,2.7409605484184106e-16,-40.835912802830634,-1.0963842193673642e-14,4.878794225485764,6.159461906558228e-17,7.68275543886579e-05,2.7409605484184106e-16,-2.585355803992652
G,341,-5.2383026570452046e-06,-93.3683363580496,8.469759884762569e-08,12.74671413960342,-1.744864710074949e-07,-299.8019243521001,5.2383026570452046e-06,93.3683363580496,-8.469759884762569e-08,-12.74671413960342,-1.7446763624472293e-07,-84.87562144306422
G,342,0.0,4.890055757148454,1.2066744749660313e-16,-0.16431780231808102,-5.159306889758608e-16,3.006318441303364,0.0,-4.890055757148454,-1.2066744749660313e-16,0.16431780231808102,-3.5890830537451187e-16,32.44658579802293
G,646,0.0,-3.8680908916238805,-6.159461906558228e-17,-0.05107787845736912,2.7409605484184106e-16,-31.965947778872394,0.0,3.8680908916238805,6.159461906558228e-17,0.05107787845736912,2.7409605484184106e-16,-2.4600611565801387
G,343,7.994352445653274e-07,3.6455983395241056e-09,-2.5830536591832134,0.06672009861089283,-2.9490504685496113,1.819605854478336e-08,-7.994352445653274e-07,-3.6455983395241056e-09,2.5830536591832134,-0.06672009861089283,28.779587060381743,1.8259924850457692e-08
G,647,-3.6337963887911337e-06,-3.401787434091444e-07,261.15221794795815,-2.6129948209587224,-461.0155284486059,-3.7405146779041564e-07,3.6337963887911337e-06,3.401787434091444e-07,-261.15221794795815,2.6129948209587224,-113.5193510369019,-3.7434176770970175e-07
G,648,-4.1819226653012295e-13,2.0784777212004982e-15,65.5636479754463,4.038859496678402,115.37141132550451,3.3424002225872638e-15,4.1819226653012295e-13,-2.0784777212004982e-15,-65.5636479754463,-4.038859496678402,-298.9496256567542,2.4773373967741338e-15
G,649,-1.4578533692743978e-07,-3.757314955098322e-08,-122.68361185553317,-2.482551734399141,298.5570880022439,-9.399673942777275e-08,1.4578533692743978e-07,3.757314955098322e-08,122.68361185553317,2.482551734399141,314.860971275422,-9.386900832714332e-08
G,650,1.4578533692743978e-07,3.772642606108446e-08,123.38657185103769,1.9919424035068027,-275.87960640472295,9.437993077608556e-08,-1.4578533692743978e-07,-3.772642606108446e-08,-123.38657185103769,-1.9919424035068027,-341.05325285046547,9.425219952933675e-08
G,651,4.361495539728644e-08,-4.144977987971247e-08,-145.79157479385788,-2.0485966243531495,341.1058844830257,-1.0368831534410503e-07,-4.361495539728644e-08,4.144977987971247e-08,145.79157479385788,2.0485966243531495,387.8519894862637,-1.035605840544573e-07
G,652,-4.3615033459842856e-08,4.1603057360952754e-08,107.87621490755437,2.7163650413450076,-249.76457007610702,1.0407150914451221e-07,4.3615033459842856e-08,-4.1603057360952754e-08,-107.87621490755437,-2.7163650413450076,-289.6165044616649,1.0394377766025156e-07
G,653,-2.5545216723182884e-06,-2.777037455423352e-10,-119.34524975715065,-1.304808099959629,289.9404869776056,-7.581251081692997e-10,2.5545216723182884e-06,2.777037455423352e-10,119.34524975715065,1.304808099959629,306.78576180814764,-6.303936195423763e-10
G,654,6.340552458072857e-06,1.052259249769196e-09,-44.74902533191192,-0.004700220288058142,37.2710606486301,2.630648097250479e-09,-6.340552458072857e-06,-1.052259249769196e-09,44.74902533191192,0.004700220288058142,186.4740660109295,2.6306481515955007e-09
G,344,7.412560799543999e-07,-6.071305511955526e-10,0.5729774654061984,0.003834294301469084,-26.88586688146422,-3.035673031292325e-09,-7.412560799543999e-07,6.071305511955526e-10,-0.5729774654061984,-0.003834294301469084,21.156092227402237,-3.035632480663201e-09
G,655,-2.6751665513484335e-06,2.8517659876659614e-08,281.48082770428306,3.263073028760547,-528.8281128495469,3.151457502678628e-08,2.6751665513484335e-06,-2.8517659876659614e-08,-281.48082770428306,-3.263073028760547,-90.4297080998756,3.122427670186484e-08
G,656,-1.3939742217670766e-13,6.815245097447346e-15,143.42308930404013,-2.534392482325411,89.77368533220982,9.499012464000535e-15,1.3939742217670766e-13,-6.815245097447346e-15,-143.42308930404013,2.534392482325411,-491.3583353835223,9.583673808852042e-15
G,657,-6.645728498760883e-07,1.541269052253413e-09,-205.47795741849419,-0.02970747808552988,492.14170774309696,3.789306995288171e-09,6.645728498760883e-07,-1.541269052253413e-09,205.47795741849419,0.02970747808552988,535.2480793493739,3.917038265978894e-09
G,658,6.645728498760883e-07,-1.3879926527262954e-09,189.01160838289553,-0.1517036622142359,-446.37057429109177,-3.4061159991493256e-09,-6.645728498760883e-07,1.3879926527262954e-09,-189.01160838289553,0.1517036622142359,-498.6874676233858,-3.5338472644821513e-09
G,659,-2.503774531453784e-07,1.714451405023924e-09,-209.36973976446603,0.1629292587531901,498.6337664153524,4.222262874820257e-09,2.503774531453784e-07,-1.714451405023924e-09,209.36973976446603,-0.1629292587531901,548.2149324069777,4.349994150299363e-09
G,660,2.503774531453784e-07,-1.5611738570459938e-09,200.73195223562618,0.1422233578767547,-492.57343665139365,-3.83906901234053e-09,-2.503774531453784e-07,1.5611738570459938e-09,-200.73195223562618,-0.1422233578767547,-511.0863245267371,-3.966800272889439e-09
G,661,-2.099544210362736e-06,-1.5685310585236951e-09,-195.5382559730858,-0.1414627954286643,510.80016956949174,-3.9851933085334196e-09,2.099544210362736e-06,1.5685310585236951e-09,195.5382559730858,0.1414627954286643,466.8911102959372,-3.857461984085056e-09
G,662,7.2389532649458355e-06,3.1804378470423007e-10,-55.397163363020844,-0.007806820234770461,27.299856034372027,7.95109484640515e-10,-7.2389532649458355e-06,-3.1804378470423007e-10,55.397163363020844,0.007806820234770461,249.6859607807322,7.951094388806354e-10
G,345,1.1804238055773686e-06,-1.1865636453614391e-10,-8.176780526348429,-0.018319062092645333,44.61674006558903,-5.932810970296203e-10,-1.1804238055773686e-06,1.1865636453614391e-10,8.176780526348429,0.018319062092645333,37.15106519789525,-5.932825483318189e-10
G,663,-9.256676675173381e-07,3.02945488345176e-09,138.9156552915493,-1.6365030958338604,-326.0067104906774,7.637502843354997e-09,9.256676675173381e-07,-3.02945488345176e-09,-138.9156552915493,1.6365030958338604,-368.5715659670692,7.509771573903804e-09
G,664,-5.747667966571335e-07,-2.8853713564110807e-09,-147.73754215493665,1.6489089051261967,368.1807312620046,-7.277294037352397e-09,5.747667966571335e-07,2.8853713564110807e-09,147.73754215493665,-1.6489089051261967,370.5069795126785,-7.149562744703007e-09
G,665,5.747667185945771e-07,3.0386489181377453e-09,132.01843509433016,-1.250656028769093,-302.8477496408212,7.660487941484804e-09,-5.747667185945771e-07,-3.0386489181377453e-09,-132.01843509433016,1.250656028769093,-357.24442583082964,7.532756649203923e-09
G,666,-2.0865270448922058e-07,-2.979691284067029e-09,-153.1935931134128,1.248852976543164,357.2454954063029,-7.51309385546826e-09,2.0865270448922058e-07,2.979691284067029e-09,153.1935931134128,-1.248852976543164,408.72247016076096,-7.385362564866886e-09
G,667,2.0865270448922058e-07,3.1329688419209996e-09,144.34869719354592,-1.3466309217982493,-352.79435219652976,7.896287751835178e-09,-2.0865270448922058e-07,-3.1329688419209996e-09,-144.34869719354592,1.3466309217982493,-368.9491337711998,7.76855645776982e-09
G,668,-1.5327098965012276e-06,-2.272377809880914e-09,-141.78770843303695,1.3547620302879413,368.9113062125045,-5.744810187119655e-09,1.5327098965012276e-06,2.272377809880914e-09,141.78770843303695,-1.3547620302879413,340.02723595268026,-5.617078862284915e-09
G,669,5.494253177418251e-06,-4.278679875492508e-10,-45.64538029472307,-0.003998051299715614,28.37419561264889,-1.0696699088039327e-09,-5.494253177418251e-06,4.278679875492508e-10,45.64538029472307,0.003998051299715614,199.85270586096644,-1.0696700289423214e-09
G,346,1.3256577947442582e-07,4.459968562691306,-2.6296004401746885e-09,0.15916696819836607,9.454048656014544e-09,17.00048618128876,-1.3256577947442582e-07,-4.459968562691306,2.6296004401746885e-09,-0.15916696819836607,9.610554535251947e-09,15.33428589822321
G,670,-1.7419558597541925e-07,-3.908245189417123,-5.214106047737018e-09,-0.5832347986844055,2.320272993295378e-08,-17.506551994935073,1.7419558597541925e-07,3.908245189417123,5.214106047737018e-09,0.5832347986844055,2.3202813891905662e-08,-17.276830190877313
G,347,-1.5041683954420997e-06,8.67155832645692,-3.67153194598979e-09,-0.20706241353509072,1.330930416388343e-08,30.768648456364158,1.5041683954420997e-06,-8.67155832645692,3.67153194598979e-09,0.20706241353509072,1.3309302444542547e-08,32.100149410448516
G,671,-2.174191304521768e-08,-8.718913573850244,-1.2271862188657363e-09,0.43187145234995056,5.460978643971039e-09,-39.34414989947179,2.174191304521768e-08,8.718913573850244,1.2271862188657363e-09,-0.43187145234995056,5.460978703934013e-09,-38.25418090779538
G,348,1.8732959149409553e-06,10.309585529137038,-4.485980376231281e-09,0.09168357390362805,1.6261678863170262e-08,52.88168539274208,-1.8732959149409553e-06,-10.309585529137038,4.485980376231281e-09,-0.09168357390362805,1.626167886450653e-08,21.86280969350145
G,672,-1.7269981091262072e-07,-6.629648086393194,3.216443960303703e-10,-0.017947633768230435,-1.4313175763678486e-09,-29.79819380243179,1.7269981091262072e-07,6.629648086393194,-3.216443960303703e-10,0.017947633768230435,-1.431317548302447e-09,-29.205674166467624
G,349,2.067252457578064e-06,12.102163817324286,-2.5983246000201625e-09,-0.08445478481848794,9.418926694483196e-09,60.18872185598499,-2.067252457578064e-06,-12.102163817324286,2.5983246000201625e-09,0.08445478481848794,9.418926655662981e-09,27.551965819616083
G,673,-1.8313602916456601e-07,-6.5628924278453225,1.0339305957367129e-10,-0.016265403412116696,-4.600991232300261e-10,-29.6276114874315,1.8313602916456601e-07,6.5628924278453225,-1.0339305957367129e-10,0.016265403412116696,-4.6009910697564824e-10,-28.782131120391853
G,350,-6.182123778414891e-08,4.940517453849752,3.6909469822745272e-09,0.3579761553068057,-1.3379682827830493e-08,17.414952803537155,6.182123778414891e-08,-4.940517453849752,-3.6909469822745272e-09,-0.3579761553068057,-1.3379682793659832e-08,18.403798736873544
G,674,-2.745968831532481e-08,-5.1353730031046885,2.4869738782892793e-09,-0.17521370882384216,-1.1067033749970125e-08,-23.2035977801453,2.745968831532481e-08,5.1353730031046885,-2.4869738782892793e-09,0.17521370882384216,-1.1067033766804458e-08,-22.50122194748641
G,351,-9.698481242241971e-08,4.139857738321651,1.1235023620978283e-08,-0.4634936204661462,-4.0726960581764613e-08,14.475539233313869,9.698481242241971e-08,-4.139857738321651,-1.1235023620978283e-08,0.4634936204661462,-4.0726960670327937e-08,15.538429369518104
G,675,-5.656048838556746e-08,-4.838535907231471,-5.4325803726276795e-09,0.29027737499633344,2.417498270375316e-08,-21.845697688229855,5.656048838556746e-08,4.838535907231471,5.4325803726276795e-09,-0.29027737499633344,2.4174982612633176e-08,-21.21727188613023
G,352,0.0,5.584306330979731,1.1616088726027276e-15,0.3925376545104319,-4.107248157219771e-15,6.5214112310775665,0.0,-5.584306330979731,-1.1616088726027276e-15,-0.3925376545104319,-4.3144161691500035e-15,33.96480966852549
G,676,-4.385536877469457e-14,-4.46684344648601,-3.6934365193644357e-16,-0.3908347050646364,1.6405121769357971e-15,-36.46949467276541,4.385536877469457e-14,4.46684344648601,3.6934365193644357e-16,0.3908347050646364,1.6466463252985498e-15,-3.285412000960072
G,353,0.0,3.8834341448955163,1.233021757085909e-15,-0.052631632560188386,-4.458979501318139e-15,4.040539027859976,0.0,-3.8834341448955163,-1.233021757085909e-15,0.052631632560188386,-4.4804282375547004e-15,24.114358522632514
G,677,0.0,-3.025674207742945,-7.256134850702461e-16,0.001069575473218374,3.2284045139161983e-15,-24.428991443599944,0.0,3.025674207742945,7.256134850702461e-16,-0.001069575473218374,3.229555503208991e-15,-2.499509005312257
G,354,0.0,5.0701966647050085,1.9796889797888186e-15,-0.3239825159406866,-7.29410374214567e-15,4.021173141304661,0.0,-5.0701966647050085,-1.9796889797888186e-15,0.3239825159406866,-7.058641361323264e-15,32.737752677806654
G,678,0.0,-3.9500516265828574,-7.294736751860018e-16,-0.037827558695368656,3.2547679682796074e-15,-32.454066524501215,0.0,3.9500516265828574,7.294736751860018e-16,0.037827558695368656,3.2375477408758067e-15,-2.7013929520862057
G,355,4.641208325664469,65.08716158979311,-88.07532393573314,-0.0050517677524635094,176.87340714496816,128.89214592806246,-4.641208325664469,-65.08716158979311,88.07532393573314,0.0050517677524635094,171.90487564053515,128.85301396751828
G,356,0.6649802537007089,64.26136489380134,-149.8736718981825,-0.005051767752463519,298.3722165997475,127.2273197707089,-0.6649802537007089,-64.26136489380134,149.8736718981825,0.005051767752463519,295.1275241170553,127.24768520874444
G,357,11.390373368921361,-5.559771001506609,-86.39250481339819,5.523664639900092e-05,173.80165664750177,-10.995482501955848,-11.390373368921361,5.559771001506609,86.39250481339819,-5.523664639900092e-05,168.31266241355516,-11.021210664010328
G,358,11.242706311283554,-5.608254573576408,-88.75602179231508,5.523664639899776e-05,178.46622454106515,-11.106551840169795,-11.242706311283554,5.608254573576408,88.75602179231508,-5.523664639899776e-05,173.0076217565026,-11.102136271192785
G,679,3.3766114904132377e-06,0.0006959708639451275,-880.1589129496317,4.2082380482751e-08,99.017875526696,7.829718815629919e-05,-3.3766114904132377e-06,-0.0006959708639451275,880.1589129496317,-4.2082380482751e-08,99.0178798869712,7.829625623135454e-05
G,680,-4.420710672525807e-05,-0.3537468506778787,-1075.114941592406,-3.166417052603149e-08,134.3893612952842,-0.0442183974106307,4.420710672525807e-05,0.3537468506778787,1075.114941592406,3.166417052603149e-08,134.38937410281733,-0.04421831525883897
G,681,-4.337409790991218e-05,-0.0007448506097970983,-391.424566098611,-0.2033113169983467,-46.9326217068335,-9.309486463101243e-05,4.337409790991218e-05,0.0007448506097970983,391.424566098611,0.2033113169983467,144.78876323148626,-9.311778781826212e-05
G,682,1.566654670497778e-05,0.0011723534644507234,-138.51831918209155,-1.094811884888493,-140.13493300044303,0.0001465604768504974,-1.566654670497778e-05,-0.0011723534644507234,138.51831918209155,1.094811884888493,174.7645127959659,0.00014652788926218345
G,683,-8.407469828263535e-05,0.0002495390949088629,-785.0550314577748,-2.413741408744429,-73.56301325770349,3.120457565933133e-05,8.407469828263535e-05,-0.0002495390949088629,785.0550314577748,2.413741408744429,269.8267711221472,3.11801980678844e-05
G,684,4.392345686384663e-05,-0.000812923793553726,163.38741946793328,-1.8931514201565125,-84.16870050483864,-0.00010158264027639727,-4.392345686384663e-05,0.000812923793553726,-163.38741946793328,1.8931514201565125,43.32184563785532,-0.00010164830811203423
G,685,2.4542118386367343e-05,0.0009636279483783612,-145.5226430446262,-1.3470523508333438,-105.61330660790858,0.0001204843685911829,-2.4542118386367343e-05,-0.0009636279483783612,145.5226430446262,1.3470523508333438,141.99396736906513,0.00012042261850340739
G,686,-6.745126722787487e-06,2.6530433768863184e-06,295.131405893135,1.8932163769369905,-394.92067975901904,3.6315113972182334e-07,6.745126722787487e-06,-2.6530433768863184e-06,-295.131405893135,-1.8932163769369905,321.1378282857353,3.0010970449975626e-07
G,687,2.648235146798794e-06,-0.000492765074200385,147.07889258606252,-0.00434144925539671,-95.96347516576452,-6.154450540895359e-05,-2.648235146798794e-06,0.000492765074200385,-147.07889258606252,0.00434144925539671,59.19375201924889,-6.164676314114267e-05
G,688,2.8201671857172594e-05,0.0007809498593798741,-165.77121816340753,-0.8711989418356278,-124.4215705799208,9.766543867877845e-05,-2.8201671857172594e-05,-0.0007809498593798741,165.77121816340753,0.8711989418356278,165.86437512077268,9.757202616619007e-05
G,689,8.294060828764604e-05,-8.345838764707309e-06,304.61306011689953,3.027944038510711,-405.73561247013885,-9.947038678577002e-07,-8.294060828764604e-05,8.345838764707309e-06,-304.61306011689953,-3.027944038510711,329.58234744091396,-1.091755823319127e-06
G,690,3.5353829239137546e-05,-0.00022851724924301335,452.17173487812266,-3.713842706315695,-142.50927921924014,-2.855871044387263e-05,-3.5353829239137546e-05,0.00022851724924301335,-452.17173487812266,3.713842706315695,29.466345499709476,-2.8570601866880708e-05
G,691,-6.680896461053187e-06,0.0003756424501522817,-184.43741816206796,-1.5548524047551193,-128.0479258758329,4.69541275935365e-05,6.680896461053187e-06,-0.0003756424501522817,184.43741816206796,1.5548524047551193,174.1572804163499,4.695648494453393e-05
G,692,-2.8674717288124096e-05,-1.352915730724233e-05,-981.6673585278634,4.992691982647104,14.880083102378222,-1.6898519448778961e-06,2.8674717288124096e-05,1.352915730724233e-05,981.6673585278634,-4.992691982647104,230.53675652958762,-1.6924373819326863e-06
G,693,-0.0001577419413839598,-0.00014698489745648447,83.83641898479243,2.3421160232546803,-92.03890547326789,-1.85134187093761e-05,0.0001577419413839598,0.00014698489745648447,-83.83641898479243,-2.3421160232546803,71.07980072706978,-1.8232805654745016e-05
G,694,-5.0279140226261454e-05,2.290233689028608e-05,276.03937547986243,4.1970725777442714,-338.52655553621537,2.732513421731334e-06,5.0279140226261454e-05,-2.290233689028608e-05,-276.03937547986243,-4.1970725777442714,269.51671166624976,2.9930708008401857e-06
Q,1,120.03583266557561,-0.2995218592330862,0.26478491087225625,2.0285439741705912e-10,-0.34951604613497655,-0.3953688307551349,-120.03583266557561,0.2995218592330862,-0.26478491087225625,-2.0285439741705912e-10,-0.6990322009191582,-0.7907377318078864
Q,2,251.75963390091457,0.7037583227809793,-0.13565545081801544,2.481379079737067e-10,0.1790652202139824,0.9289609623816876,-251.75963390091457,-0.7037583227809793,0.13565545081801544,-2.481379079737067e-10,0.3581303650253587,1.8579219958309903
Q,3,925.246984588404,3.522021753628634,0.10800246622969589,2.2605466726330255e-10,-0.14256323908612034,4.649068669802557,-925.246984588404,-3.522021753628634,-0.10800246622969589,-2.2605466726330255e-10,-0.28512652718347536,9.29813747456683
Q,4,423.0021735590615,-7.681418807811071,0.41198766964725647,2.715799307558764e-10,-0.5438237188161561,-10.139472752641815,-423.0021735590615,7.681418807811071,-0.41198766964725647,-2.715799307558764e-10,-1.0876474529869795,-20.278945726290026
Q,5,1145.0642931103216,-2.705722024073817,0.24898947177409542,2.260546472940056e-10,-0.3286660857571435,-3.5715530586798776,-1145.0642931103216,2.705722024073817,-0.24898947177409542,-2.260546472940056e-10,-0.6573322224682743,-7.143106156652437
Q,6,1152.0368044697746,0.49871153764741705,0.17814242683826084,2.260546672633026e-10,-0.2351479865403911,0.6582992073798029,-1152.0368044697746,-0.49871153764741705,-0.17814242683826084,-2.260546672633026e-10,-0.47029602373912177,1.3165984817039684
Q,7,216.8024720670279,-1.555104190924507,0.011943691827447579,2.442196822737611e-10,-0.01576564433670124,-2.052737490143893,-216.8024720670279,1.555104190924507,-0.011943691827447579,-2.442196822737611e-10,-0.03153137529999117,-4.1054751059171535
Q,8,297.8233189005462,0.6301327663923617,2.016421709656248,2.251476893352619e-10,-2.6616766014960525,0.8317752270012335,-297.8233189005462,-0.6301327663923617,-2.016421709656248,-2.251476893352619e-10,-5.323353368742688,1.6635505279125187
Q,9,747.6437193522083,0.2550437384577115,0.4040784028344306,2.260546672633026e-10,-0.5333834730867749,0.3366577131375981,-747.6437193522083,-0.2550437384577115,-0.4040784028344306,-2.260546672633026e-10,-1.0667670021375701,0.6733154911549394
Q,10,1033.276493038625,-3.247547345872505,-1.3495776779802837,2.709244829301217e-07,2.3370004628044336,-4.150474761485207,-1033.276493038625,3.247547345872505,1.3495776779802837,-2.709244829301217e-07,3.0073271419974894,-8.70981272816991
Q,11,1089.5409492446404,2.3692137797453188,-1.1717657941616262,2.709244829221333e-07,2.1022871350089396,3.2636499014426135,-1089.5409492446404,-2.3692137797453188,1.1717657941616262,-2.709244829221333e-07,2.5379054098711,6.118436666348847
Q,12,125.17473630469172,0.4817978560272074,-0.17161615398065308,2.709092723816953e-07,0.782087961472488,0.7722608844133114,-125.17473630469172,-0.4817978560272074,0.17161615398065308,-2.709092723816953e-07,-0.10248799170910194,1.1356586254544299
Q,13,1145.3390497637927,19.201475394167506,1.8039254537214244,2.709244828577493e-07,-1.825622427141118,25.482236623854796,-1145.3390497637927,-19.201475394167506,-1.8039254537214244,-2.709244828577493e-07,-5.317922369595722,50.55560593704852
Q,14,1524.7538407000995,8.144639422855107,0.24307260018377752,2.70924482923079e-07,0.23470210154600024,10.887213187845582,-1524.7538407000995,-8.144639422855107,-0.24307260018377752,-2.70924482923079e-07,-1.1972695982737591,21.36555892666064
Q,15,1713.5839546660718,3.7018132679196065,0.1711238540848995,2.7092448292168477e-07,0.3296728040871638,5.022682679871151,-1713.5839546660718,-3.7018132679196065,-0.1711238540848995,-2.7092448292168477e-07,-1.0073232662633658,9.63649786109049
Q,16,830.4319922727876,-1.2442595633178872,0.8952967519830354,2.709244829169039e-07,-0.6262337765313364,-1.5061322451352523,-830.4319922727876,1.2442595633178872,-0.8952967519830354,-2.709244829169039e-07,-2.9191413613214836,-3.4211356256035814
Q,17,891.5326682650167,1.9864841080271578,1.1553689731168166,2.7092448292260666e-07,-0.9695307494212762,2.7584493871043914,-891.5326682650167,-1.9864841080271578,-1.1553689731168166,-2.7092448292260666e-07,-3.605730384121317,5.108027680683152
Q,18,278.1785291137133,-5.453115435411068,0.4985399712989231,1.729658838458247e-05,-0.564668925931189,-7.366348832704471,-278.1785291137133,5.453115435411068,-0.4985399712989231,-1.729658838458247e-05,-1.4095493604125462,-14.227988291523355
Q,19,728.2814360336292,20.35268318874613,-20.99323283465312,1.729654641200904e-05,28.332947693301932,28.0216352916452,-728.2814360336292,-20.35268318874613,20.99323283465312,-1.729654641200904e-05,54.800254331924414,52.57499013578947
Q,20,925.2469845884042,-10.738135362801032,0.011379178515350438,1.7296560714024333e-05,0.2851265271834757,-9.29813747456683,-925.2469845884042,10.738135362801032,-0.011379178515350438,-1.7296560714024333e-05,-0.33018807410426343,-33.224878562125255
Q,21,892.9904755839252,1.6942604097760163,1.645577639223698,1.7296673741369798e-05,-1.7295569694228354,2.4635561228515663,-892.9904755839252,-1.6942604097760163,-1.645577639223698,-1.7296673741369798e-05,-4.786930481903008,4.2457150998614575
Q,22,293.8032804049456,-4.988451186777873,-0.9270290311964399,1.7296517386325553e-05,1.6661783899204488,-6.357623020181892,-293.8032804049456,4.988451186777873,0.9270290311964399,-1.7296517386325553e-05,2.004856573617453,-13.396643679458483
Q,23,423.54425914265624,2.6062385780642483,0.4005056425667871,1.7296673740469646e-05,-0.08621918536704043,3.667367308033453,-423.54425914265624,-2.6062385780642483,-0.4005056425667871,-1.7296673740469646e-05,-1.4997831591974364,6.6533374611009695
Q,24,347.6295844913567,-12.515595853122031,0.44335413067844404,1.729656070634375e-05,-0.6861312057117058,-26.43300300311391,-347.6295844913567,12.515595853122031,-0.44335413067844404,-1.729656070634375e-05,-1.0695511517749323,-23.128756575249326
Q,25,1033.5720000872398,21.44037423426546,1.9740490716281516,1.7296560714067237e-05,-2.4915957565167686,24.956797308838794,-1033.5720000872398,-21.44037423426546,-1.9740490716281516,-1.7296560714067237e-05,-5.325638567130711,59.94708465885241
Q,26,1152.0368044697748,-1.6681470909335443,-0.19904070791826442,1.729656071404608e-05,0.470296023739122,-1.3165984817039684,-1152.0368044697748,1.6681470909335443,0.19904070791826442,-1.729656071404608e-05,0.317905179617205,-5.289263998392867
Q,27,1235.2297444333676,0.020057115617618644,-0.5699818729530185,1.729667374219222e-05,1.194981574069767,0.25353179067443904,-1235.2297444333676,-0.020057115617618644,0.5699818729530185,-1.729667374219222e-05,1.0621466428241861,-0.1741056128286692
Q,28,902.032805355649,-19.370143303535173,0.24568975299975893,1.729667374222864e-05,0.11819020272792713,-25.341532691708522,-902.032805355649,19.370143303535173,-0.24568975299975893,-1.729667374222864e-05,-1.0911216246069724,-51.36423479029075
Q,29,699.9665339697302,3.3108539096673217,-0.14007428418083367,1.72966737422316e-05,0.6273463161889017,4.5973835402761996,-699.9665339697302,-3.3108539096673217,0.14007428418083367,-1.72966737422316e-05,-0.07265215083280036,8.513597942006394
Q,30,352.38836735621936,-20.57342085241344,-0.6061802036168467,1.72965607023861e-05,1.2273121258921826,-28.982689967465763,-352.38836735621936,20.57342085241344,0.6061802036168467,-1.72965607023861e-05,1.1731614804305304,-52.48805660809146
Q,31,727.4755157319447,15.344397802676728,-0.17961069483045924,1.7296561452835848e-05,-1.981775525946945,21.313343543490365,-727.4755157319447,-15.344397802676728,0.17961069483045924,-1.7296561452835848e-05,2.6930338774755636,39.450471755109476
Q,32,747.6437193522082,-0.9370730138294456,-0.8768486388086151,1.7296560714048453e-05,1.0667670021375704,-0.6733154911549395,-747.6437193522082,0.9370730138294456,0.8768486388086151,-1.7296560714048453e-05,2.405553607544545,-3.037493643609665
Q,33,474.04600189297133,-1.8096892183361706,-0.45888313440647704,1.7296671754322583e-05,1.0483312278709696,-2.161827417096758,-474.04600189297133,1.8096892183361706,0.45888313440647704,-1.7296671754322583e-05,0.7688459843786795,-5.004541887514478
Q,34,338.1890230738846,-5.412267066405288,0.704871778071107,1.7296815390294044e-05,-0.48793051378065555,-6.917230140435824,-338.1890230738846,5.412267066405288,-0.704871778071107,-1.7296815390294044e-05,-2.303361727380928,-14.515347442529116
Q,35,293.0028741587711,1.6091430393884154,-0.18952617720413345,1.7296656642213834e-05,0.6926228091210755,2.3510309424550786,-293.0028741587711,-1.6091430393884154,0.18952617720413345,-1.7296656642213834e-05,0.05790085260729283,4.021175493523046
Q,36,798.4279118619418,-5.689464940043573,-2.5595940513997175,-1.9665840086645056e-08,4.994936906748661,-12.37934846632826,-798.4279118619418,5.689464940043573,2.5595940513997175,1.9665840086645056e-08,5.1410555367942194,-10.150932696244286
Q,37,847.8483207930577,5.000318941311437,-2.335024791769195,-1.9665840081247467e-08,4.4637971997824,9.145290961632327,-847.8483207930577,-5.000318941311437,2.335024791769195,1.9665840081247467e-08,4.782900975623612,10.655972045960961
Q,38,119.05107892628185,-0.5547796276720827,0.16530499046590724,-1.965477071778995e-08,-0.1568322193260816,-0.6788281637459308,-119.05107892628185,0.5547796276720827,-0.16530499046590724,1.965477071778995e-08,-0.4977755429189111,-1.5180991618355164
Q,39,879.7864662291698,35.224947569611906,3.996640447716526,-1.96658400057715e-08,-7.821919328733331,71.26038311342936,-879.7864662291698,-35.224947569611906,-3.996640447716526,1.96658400057715e-08,-8.00477684422411,68.23040926223379
Q,40,1169.3551462868213,15.576663316130754,1.2185458093570027,-1.966584007702223e-08,-2.094506081352134,30.729624376808733,-1169.3551462868213,-15.576663316130754,-1.2185458093570027,1.966584007702223e-08,-2.7309353237015968,30.95396235506905
Q,41,1312.8772732386572,5.078180559908585,1.1464300351219825,-1.9665840079413297e-08,-1.9043375110721432,11.007096601326275,-1312.8772732386572,-5.078180559908585,-1.1464300351219825,1.9665840079413297e-08,-2.635525428010908,9.102498415911722
Q,42,641.9029685283135,-2.1837955193980543,2.930287529904901,-1.9665840068660353e-08,-5.214941034730062,-5.107530446887818,-641.9029685283135,2.1837955193980543,-2.930287529904901,1.9665840068660353e-08,-6.388997583693346,-3.5402998099284773
Q,43,691.3435156804736,2.957753594422415,3.538339962445834,-1.9665840077724343e-08,-6.360862175249647,5.943896040964114,-691.3435156804736,-2.957753594422415,-3.538339962445834,1.9665840077724343e-08,-7.650964076035856,5.768808192948649
Q,44,148.49746439712388,-10.419031900345443,1.9198192400629062,-0.021876087042068632,-2.758024534754065,-22.253909478857715,-148.49746439712388,10.419031900345443,-1.9198192400629062,0.021876087042068632,-4.844459655895045,-19.005456846510253
Q,45,505.9541511593825,35.434130004831935,-39.662132273677805,-0.021876086959192513,80.10350216492208,71.01158843641565,-505.9541511593825,-35.434130004831935,39.662132273677805,0.021876086959192513,76.95854163884206,69.30756638271883
Q,46,719.1865948024424,-17.91893732891665,-5.9674383487025136,-0.021876086959192555,8.354838872947939,-44.1744486011454,-719.1865948024424,17.91893732891665,5.9674383487025136,0.021876086959192555,15.276216987914017,-26.78454322136455
Q,47,739.0470034760218,-10.761292209654071,-2.4214792186329324,-0.021876086959192357,1.5072595520009342,-13.66652578567973,-739.0470034760218,10.761292209654071,2.4214792186329324,0.021876086959192357,8.081798153785478,-28.948191364550397
Q,48,351.0159308888352,-14.601680595700184,0.5876126961973529,-0.021876086854467847,1.063892708561121,-27.557017952596983,-351.0159308888352,14.601680595700184,-0.5876126961973529,0.021876086854467847,-3.3908389855026386,-30.26563720637575
Q,49,374.89959001148753,-0.6524984703578451,0.6894921737430952,-0.021876086959191503,-0.7565396455866913,0.8808931349710782,-374.89959001148753,0.6524984703578451,-0.6894921737430952,0.021876086959191503,-1.973849362435966,-3.4647870775881455
Q,50,266.3042385142084,-10.947632771761507,0.6877134719867346,-0.021876086959199775,-0.8644920204792238,-22.43375856761579,-266.3042385142084,10.947632771761507,-0.6877134719867346,0.021876086959199775,-1.8588533285882454,-20.91886720855978
Q,51,782.9420540114847,43.85952437727143,3.761696395906406,-0.02187608695919239,-7.025032398182718,88.16564957337434,-782.9420540114847,-43.85952437727143,-3.761696395906406,0.02187608695919239,-7.871285329606652,85.51806696062054
Q,52,845.6420728538122,-6.550363194820723,-0.2968261833467821,-0.021876086959192388,1.2399698148116958,-13.108502502911417,-845.6420728538122,6.550363194820723,0.2968261833467821,0.021876086959192388,-0.06453812875843823,-12.83093574857865
Q,53,923.7728596168681,-0.11412429552671062,-0.8888678728932367,-0.02187608695919322,2.408751135894881,-1.725938320448644,-923.7728596168681,0.11412429552671062,0.8888678728932367,0.02187608695919322,1.1111656407623365,1.27400611016287
Q,54,657.1561133729838,-37.92395982336703,0.144501601390865,-0.021876086959193256,0.1008088830959834,-77.22998581438713,-657.1561133729838,37.92395982336703,-0.144501601390865,0.021876086959193256,-0.6730352246038089,-72.9488950861463
Q,55,613.7907289858775,-2.2045298027401405,-0.6594556604840636,-0.02187608695919326,1.7376369998759655,-0.1414217701700231,-613.7907289858775,2.2045298027401405,0.6594556604840636,0.02187608695919326,0.8738074156409265,-8.588516248680936
Q,56,157.88984744608402,-42.32733776427256,-0.7118342738176544,-0.021876086959192895,1.8402383146435288,-82.45984855775946,-157.88984744608402,42.32733776427256,0.7118342738176544,0.021876086959192895,0.9786254096743828,-85.15640898875992
Q,57,564.9374345427074,28.115973289165918,-3.5350602891786562,-0.021876086959192416,7.782528003465019,55.052329688950394,-564.9374345427074,-28.115973289165918,3.5350602891786562,0.021876086959192416,6.216310741682462,56.28692453614666
Q,58,576.5586432659311,-3.730010694211227,-2.6248369460434553,-0.02187608695919241,5.505885978860345,-7.980793046178466,-576.5586432659311,3.730010694211227,2.6248369460434553,0.02187608695919241,4.88846832747174,-6.790049302897996
Q,59,589.6151835809193,-3.2303600215335484,-2.1786749355955712,-0.02187608697452805,3.964646137039052,-8.136447287552068,-589.6151835809193,3.2303600215335484,2.1786749355955712,0.02187608697452805,4.66290660791941,-4.655778397720786
Q,60,409.103783061169,-16.174775561131995,-1.0164730090703717,-0.02187608709183651,1.0271765736978398,-29.978478577301267,-409.103783061169,16.174775561131995,1.0164730090703717,0.02187608709183651,2.998056542220833,-34.07363264478144
Q,61,416.72176773442544,-2.1801774480031946,-1.393132106027302,-0.021876086968368253,2.7713664142408385,-2.237347426407437,-416.72176773442544,2.1801774480031946,1.393132106027302,0.021876086968368253,2.745436725627279,-6.396155267685215
Q,62,563.8326016242771,-3.8799023115357927,-3.3073642725673054,6.83154594738472e-08,6.488183248821946,-8.514017458936081,-563.8326016242771,3.8799023115357927,3.3073642725673054,-6.83154594738472e-08,6.608979270544584,-6.850395694745661
Q,63,601.3687541232823,5.941517539140054,-3.269407085226967,6.831545947702648e-08,6.376356089560845,11.146646764816264,-601.3687541232823,-5.941517539140054,3.269407085226967,-6.831545947702648e-08,6.570495967937945,12.381762690178352
Q,64,135.92969466387817,0.8534502079888251,0.6843263297183724,6.828169432799258e-08,-0.822813767732968,-0.41094321394481614,-135.92969466387817,-0.8534502079888251,-0.6843263297183724,-6.828169432799258e-08,-1.8871184979517868,3.790606037580564
Q,65,615.2268980284551,33.320571424445745,4.3354195903525445,6.831545946005938e-08,-8.091893893382608,64.96492581512184,-615.2268980284551,-33.320571424445745,-4.3354195903525445,-6.831545946005938e-08,-9.076367684413471,66.98453702568334
Q,66,818.2997248824336,15.68598285728128,1.690713286733462,6.831545947010245e-08,-2.9941253738021327,30.34655720275466,-818.2997248824336,-15.68598285728128,-1.690713286733462,-6.831545947010245e-08,-3.7010992416623787,31.769934912079215
Q,67,918.4917398992242,2.4656928591348577,1.7210336670896593,6.83154594754141e-08,-3.0339317352296016,4.902307703461052,-918.4917398992242,-2.4656928591348577,-1.7210336670896593,-6.83154594754141e-08,-3.781361586445451,4.861836018712987
Q,68,451.9008303580946,-0.8661386258925953,4.323130187111482,6.83154594669907e-08,-7.867478870570916,-2.55269927983729,-451.9008303580946,0.8661386258925953,-4.323130187111482,-6.83154594669907e-08,-9.252116670390555,-0.877209678697388
Q,69,488.94820241916204,1.596843872083133,5.126394857552834,6.831545946915208e-08,-9.38712605018629,3.2207007962332783,-488.94820241916204,-1.596843872083133,-5.126394857552834,-6.831545946915208e-08,-10.913397585722937,3.10280093721593
Q,70,18.504667736253484,-5.748364690659845,-1.6229372273502938,0.02185537919039244,1.8575634432557264,-14.620910771986916,-18.504667736253484,5.748364690659845,1.6229372273502938,-0.02185537919039244,4.569267977051435,-8.142613403026068
Q,71,279.1733489555127,31.338906121646982,-17.673203908756435,0.021855379107894413,49.69370159962508,62.12113622318747,-279.1733489555127,-31.338906121646982,17.673203908756435,-0.021855379107894413,20.29218587905039,61.98093201853453
Q,72,441.87139808418425,-5.120332144895247,-22.61284501671023,0.0218553791078945,38.74365997071751,-11.671119027040223,-441.87139808418425,5.120332144895247,22.61284501671023,-0.0218553791078945,50.803206295454984,-8.605396266744952
Q,73,518.7023196527103,-14.198074889229536,-21.49333101591004,0.02185537910789437,34.487109514908035,-35.2654791515213,-518.7023196527103,14.198074889229536,21.49333101591004,-0.02185537910789437,50.62648130809569,-20.958897409827646
Q,74,224.68678954746287,-16.64979909036017,2.835300527687779,0.021855379107894424,-5.392359650904235,-34.749888274752884,-224.68678954746287,16.64979909036017,-2.835300527687779,-0.021855379107894424,-5.835430438739365,-31.18331612307336
Q,75,341.0858417848754,21.27047004849325,1.501241369775741,0.021855379107894386,-2.2124500900009427,23.692796719842832,-341.0858417848754,-21.27047004849325,-1.501241369775741,-0.021855379107894386,-3.7324657343109897,60.53826467219042
Q,76,193.7811847671565,-12.047316939384206,-0.6784846311271522,0.021855379107877045,1.9701127262568792,-24.343338361815178,-193.7811847671565,12.047316939384206,0.6784846311271522,-0.021855379107877045,0.7166864130066426,-23.364036718146266
Q,77,534.4604062492195,36.558554103467884,1.6263975613038557,0.021855379107894368,-3.292145498441001,73.90789817840252,-534.4604062492195,-36.558554103467884,-1.6263975613038557,-0.021855379107894368,-3.148388844322266,70.86397607133026
Q,78,546.9520600650325,-7.049469814277431,-0.3322443303663885,0.02185537910789441,1.4777200080591197,-15.462644535536427,-546.9520600650325,7.049469814277431,0.3322443303663885,-0.02185537910789441,-0.16203245980822167,-12.453255929002188
Q,79,620.8920615259424,-1.9977787698015093,-0.4031214873960703,0.0218553791078944,1.7004474066261968,-3.185305850352334,-620.8920615259424,1.9977787698015093,0.4031214873960703,-0.0218553791078944,-0.1040863165377588,-4.725898078061641
Q,80,419.6203098641541,-31.686834418204132,0.3615828802442055,0.021855379107894403,0.005845293885228142,-66.68877765544758,-419.6203098641541,31.686834418204132,-0.3615828802442055,-0.021855379107894403,-1.4377134996522813,-58.79108664064074
Q,81,540.3009312207472,26.764677772371865,-0.18162460363917482,0.0218553791078944,1.0759786335814654,27.67794969164429,-540.3009312207472,-26.764677772371865,0.18162460363917482,-0.0218553791078944,-0.3567452031703333,78.31017428694827
Q,82,-39.16112316817039,-11.45146099425107,-1.7695680004170953,0.02185537910789351,4.40041849123576,-46.60902465182524,39.16112316817039,11.45146099425107,1.7695680004170953,-0.02185537910789351,2.607070790415935,1.2612391145910138
Q,83,403.20336776073367,18.837454335627648,-3.198607188166643,0.021855379107894393,7.532738026894751,41.83050662216021,-403.20336776073367,-18.837454335627648,3.198607188166643,-0.021855379107894393,5.133746438245153,32.76581254692526
Q,84,404.627928481423,-2.99596135762119,-2.622787722478012,0.021855379107894413,6.381269539963435,-8.029877120360233,-404.627928481423,2.99596135762119,2.622787722478012,-0.021855379107894413,4.004969841049489,-3.8341298558196746
Q,85,413.5829403544692,-3.5266989549212076,-2.63650216882751,0.021855379107894396,6.497705552834632,-7.255719579802989,-413.5829403544692,3.5266989549212076,2.63650216882751,-0.021855379107894396,3.942843035722304,-6.710008281684988
Q,86,273.1890966290463,-20.23676167426509,-2.0562856426672234,0.02185537910789437,5.336036511493593,-41.6442281327534,-273.1890966290463,20.23676167426509,2.0562856426672234,-0.02185537910789437,2.8068546334686086,-38.49334809733633
Q,87,376.38078667182396,20.55722456908419,-1.3465051779525825,0.021855379107894424,3.5167973939080994,21.4084415732957,-376.38078667182396,-20.55722456908419,1.3465051779525825,-0.021855379107894424,1.8153631107841253,59.998167720277664
Q,88,329.34694282434356,-5.430387494081151,-3.8271457245748177,-1.0650119538631846e-06,7.591114802469557,-10.641316150752253,-329.34694282434356,5.430387494081151,3.8271457245748177,1.0650119538631846e-06,7.564382266846717,-10.863018325809097
Q,89,354.33054879641406,0.2513109335266936,-3.8256649745978764,-1.065011953855904e-06,7.6007872662226,3.126409950703319,-354.33054879641406,-0.2513109335266936,3.8256649745978764,1.065011953855904e-06,7.548846033184987,-2.1312186539376126
Q,90,213.44160140938527,-1.316872851006417,2.553517612329765,-1.0649686677941945e-06,-4.058413163797761,-0.8185004162920555,-213.44160140938527,1.316872851006417,-2.553517612329765,1.0649686677941945e-06,-6.053516581028106,-4.396316073693354
Q,91,352.6638141905366,34.96511183062835,3.7363743875036137,-1.0650119538324096e-06,-7.989609157976269,67.41104421435695,-352.6638141905366,-34.96511183062835,-3.7363743875036137,1.0650119538324096e-06,-6.806433416538038,71.05079863493128
Q,92,469.13135676321474,15.393922892691263,1.4908024483507967,-1.0650119538488522e-06,-3.1411929225455903,29.640129618336168,-469.13135676321474,-15.393922892691263,-1.4908024483507967,1.0650119538488522e-06,-2.762384772923562,31.319805036721217
Q,93,527.984329944963,1.7453226136186837,1.514164804784411,-1.0650119538534389e-06,-3.2122638073412997,2.1666611490980707,-527.984329944963,-1.7453226136186837,-1.514164804784411,1.0650119538534389e-06,-2.783828819604966,4.744816400831915
Q,94,260.9839865174832,-2.5043654279605403,4.122792996456636,-1.065011953837045e-06,-8.69164756858609,-4.783960167783166,-260.9839865174832,2.5043654279605403,-4.122792996456636,1.065011953837045e-06,-7.634612697382181,-5.133326926940572
Q,95,286.13789599083117,0.6716707519245264,5.000249916593479,-1.0650119538478283e-06,-10.450855385188241,0.13728129611991147,-286.13789599083117,-0.6716707519245264,-5.000249916593479,1.0650119538478283e-06,-9.35013428452193,2.5225348815012123
Q,96,110.24347103512754,-5.735535364463522,-1.321771501707651,0.00026145685133045044,5.65455455146649,-11.172139407203696,-110.24347103512754,5.735535364463522,1.321771501707651,-0.00026145685133045044,-0.42033940470419084,-11.540580636071853
Q,97,136.04904629785688,19.217596900042405,6.298023316680674,0.0002614568782708597,-9.736136444978152,42.93434313197138,-136.04904629785688,-19.217596900042405,-6.298023316680674,-0.0002614568782708597,-15.204035889077321,33.16734059219656
Q,98,243.67554637613404,19.39738096408425,-46.58434504884845,0.0002614568782708949,84.19015612373217,20.711524279769847,-243.67554637613404,-19.39738096408425,46.58434504884845,-0.0002614568782708949,100.2838502697077,56.102104338003784
Q,99,317.15114239410264,-18.636752960762422,-48.27212599187343,0.0002614568782707139,87.84993271509055,-29.864413160579506,-317.15114239410264,18.636752960762422,48.27212599187343,-0.0002614568782707139,103.30768621272826,-43.93712856403969
Q,100,145.19375640184597,-38.25556441852891,3.325041317890392,0.00026145687827072175,-4.475573921567707,-62.749387010227125,-145.19375640184597,38.25556441852891,-3.325041317890392,-0.00026145687827072175,-8.691589697278246,-88.7426480871474
Q,101,189.76449637955383,61.59315744296226,1.7550357122540843,0.00026145687827082523,-1.9957237783068957,110.71775122604551,-189.76449637955383,-61.59315744296226,-1.7550357122540843,-0.00026145687827082523,-4.9542176422192785,133.19115224808507
Q,102,23.455801064237598,73.81927796476988,14.420687982010486,0.00026145685066997063,-28.433896087995073,154.15370644393155,-23.455801064237598,-73.81927796476988,-14.420687982010486,-0.00026145685066997063,-28.672028320766458,138.17063429655724
Q,103,127.72543320221378,-12.546018506903698,0.8268484323278117,0.0002614550716793775,0.21248515192292583,-26.973901086449278,-127.72543320221378,12.546018506903698,-0.8268484323278117,-0.0002614550716793775,-3.4868049439410607,-22.708332200889377
Q,104,316.43606370342025,43.5650311674389,-0.006049966771904088,0.0002614568782763904,0.6201394807322513,77.1609474173934,-316.43606370342025,-43.5650311674389,0.006049966771904088,-0.0002614568782763904,-0.5961816123155111,95.35657600566469
Q,105,323.60945713023284,3.6550178033826417,0.7900850791451057,0.0002614568782707118,0.10106256745054631,-1.274910621977904,-323.60945713023284,-3.6550178033826417,-0.7900850791451057,-0.0002614568782707118,-3.2297994808651653,15.748781123373167
Q,106,392.32447482492427,-5.601213745999771,0.3415128597048753,0.00026145687827078604,0.788438448382929,-12.434010567003495,-392.32447482492427,5.601213745999771,-0.3415128597048753,-0.00026145687827078604,-2.1408293728142356,-9.746795867155601
Q,107,270.58517526275426,-65.4906767406473,-1.142167626873578,0.0002614568782707522,2.553551525065812,-106.36373672834253,-270.58517526275426,65.4906767406473,1.142167626873578,-0.0002614568782707522,1.9694322773535577,-152.97934316462087
Q,108,298.9843065656287,84.56454343825193,-2.1099027864656517,0.00026145687827076587,4.260332480193313,151.654418506159,-298.9843065656287,-84.56454343825193,2.1099027864656517,-0.00026145687827076587,4.094882554210669,183.2211735093187
Q,109,37.919118364667064,98.25891040252549,1.489717158640646,0.0002614568506700783,-2.936646346536366,205.83823615415287,-37.919118364667064,-98.25891040252549,-1.489717158640646,-0.0002614568506700783,-2.9626336016805928,183.26704903984816
Q,110,178.98667928611636,-14.873136811481826,-4.151443520415288,0.00026145687827356685,7.233971803063171,-6.090474944247568,-178.98667928611636,14.873136811481826,4.151443520415288,-0.00026145687827356685,9.205744537781372,-52.80714682922047
Q,111,240.9363874573254,36.693846815567184,-6.578901272748225,0.0002614568782707591,11.209432208289252,53.50114853757803,-240.9363874573254,-36.693846815567184,6.578901272748225,-0.0002614568782707591,14.843016831793722,91.80648485206804
Q,112,248.79213519246736,-10.232319940304325,-6.107332405805092,0.0002614568782707447,10.349138658495317,-16.221225185837987,-248.79213519246736,10.232319940304325,6.107332405805092,-0.0002614568782707447,13.835897668492851,-24.298761777767147
Q,113,252.347567635528,-4.46865891962461,-6.559897976049503,0.00026145687827077086,10.997167592643613,-10.788497450805314,-252.347567635528,4.46865891962461,6.559897976049503,-0.00026145687827077086,14.980028392512422,-6.907391870908144
Q,114,170.2151803969859,-44.282571815973775,-5.081811643618695,0.00026145687827080095,8.806863305664372,-73.06891943714649,-170.2151803969859,44.282571815973775,5.081811643618695,-0.00026145687827080095,11.317110803065663,-102.29006495410968
Q,115,203.8161376258514,62.254245046893544,-4.562914172898883,0.00026145687827070017,8.132773462626663,112.2031326365652,-203.8161376258514,-62.254245046893544,4.562914172898883,-0.00026145687827070017,9.936366662052913,134.32367774913325
Q,116,22.056700915589786,75.53998361028007,-13.132371931767453,0.0002614568506701837,25.865113481520623,157.1989909354626,-22.056700915589786,-75.53998361028007,13.132371931767453,-0.0002614568506701837,26.1390793682785,141.93934416124657
Q,117,93.82484453413824,2.979007080209769,-4.891155813455172,5.696926419863919e-07,7.836184935547632,-1.6198663558756454,-93.82484453413824,-2.979007080209769,4.891155813455172,-5.696926419863919e-07,11.532792085734853,13.416734393506331
Q,118,117.9588592189819,-5.307468899566788,-5.2842299768600025,5.696926419884984e-07,8.341451279372318,-11.326056877195771,-117.9588592189819,5.307468899566788,5.2842299768600025,-5.696926419884984e-07,12.584099428993293,-9.691519965088714
Q,119,0.0,-1.710338168924129,1.4452969350218134,5.696830350682295e-07,-5.723375862686379,-6.772939148939553,0.0,1.710338168924129,-1.4452969350218134,-5.696830350682295e-07,-3.1086244689504383e-15,8.881784197001252e-16
Q,120,92.51419581534702,28.20835153845548,8.103933116486937,5.696926420891616e-07,-13.704294138620416,60.27463500498122,-92.51419581534702,-28.20835153845548,-8.103933116486937,-5.696926420891616e-07,-18.387281002667862,51.43043708730251
Q,121,120.83750420125004,11.900215388405261,3.535461335873876,5.696926419744564e-07,-6.594025142111798,24.850871092786555,-120.83750420125004,-11.900215388405261,-3.535461335873876,-5.696926419744564e-07,-7.4064017479487525,22.273981845298284
Q,122,140.19487452954073,-6.480362334977973,3.757958249072845,5.696926419852102e-07,-6.878336710543643,-7.970327748608959,-140.19487452954073,6.480362334977973,-3.757958249072845,-5.696926419852102e-07,-8.003177955784826,-17.69190709790382
Q,123,69.2592911677841,3.0361476080527097,8.266121801464243,5.696926419653107e-07,-14.23649735081635,0.3229174170375453,-69.2592911677841,-3.0361476080527097,-8.266121801464243,-5.696926419653107e-07,-18.49734498298206,11.700227110851186
Q,124,82.90150421461793,-5.532198117125283,9.518426678005598,5.696926419823891e-07,-16.446828146235166,-7.523804864122252,-82.90150421461793,5.532198117125283,-9.518426678005598,-5.696926419823891e-07,-21.246141498667015,-14.383699679693871
Q,207,8.561786566616973e-06,-7.779065117463452e-05,71.4251731639682,1.044639101190405,-156.46731134709,-1.4391220681649463e-05,-8.561786566616973e-06,7.779065117463452e-05,-71.4251731639682,-1.044639101190405,130.0399972764217,-1.4391320252965387e-05
Q,359,0.0,-1.2599203864115954e-17,60.015306524679964,1.0446391011904053,-130.03999727642167,-2.1292654530355934e-17,0.0,1.2599203864115954e-17,-60.015306524679964,-1.0446391011904053,-72.81173877699632,-2.1292654530355934e-17
Q,360,-3.2526065174565133e-15,6.8333547567322e-17,0.011735323738059833,-0.5143684577375834,71.39980951385864,1.3244640192318912e-16,3.2526065174565133e-15,-6.8333547567322e-17,-0.011735323738059833,0.5143684577375834,-71.44381697787637,1.238044014542684e-16
Q,361,-3.607817576590719e-08,2.000477731744422e-09,-54.58177060782403,-0.5004780686307448,72.51482258107004,3.750895401375576e-09,3.607817576590719e-08,-2.000477731744422e-09,54.58177060782403,0.5004780686307448,132.16681719827008,3.7508960926660065e-09
Q,362,2.7058633044157836e-08,-8.43951016679051e-10,48.882182186119586,0.7761989097630357,-123.49715156027915,-2.109877285392734e-09,-2.7058633044157836e-08,8.43951016679051e-10,-48.882182186119586,-0.7761989097630357,-120.91375937031876,-2.1098777980025204e-09
Q,363,2.7972555912206265e-08,9.882660324968333e-10,-48.70382774089532,-0.7705357235939246,120.89006653461175,2.4706648288387435e-09,-2.7972555912206265e-08,-9.882660324968333e-10,48.70382774089532,0.7705357235939246,122.62907216986486,2.4706653336454228e-09
Q,364,-1.6103314543641515e-07,-1.5302587121525122e-09,54.117334864982965,0.8744770966643202,-133.65523558941192,-3.2979162462739142e-09,1.6103314543641515e-07,1.5302587121525122e-09,-54.117334864982965,-0.8744770966643202,-136.93143873550298,-4.35337731448865e-09
Q,365,-4.620159540572239,0.22010778839058648,-48.81923409510139,-0.8179785978320611,136.98346668008043,0.6107989457537726,4.620159540572239,-0.22010778839058648,48.81923409510139,0.8179785978320611,133.9632825477323,0.6107992798139824
Q,208,-6.153012694081091e-07,-2.155525628913548e-09,75.36966222846091,0.9514635709170226,-122.68349650322344,-4.041610161512489e-09,6.153012694081091e-07,2.155525628913548e-09,-75.36966222846091,-0.9514635709170226,-159.95273685350497,-4.041610946913316e-09
Q,366,2.8538966274829075e-07,9.589297192788996e-10,-90.52741569898498,-0.9967817284860929,160.96621257740418,1.7979928905413787e-09,-2.8538966274829075e-07,-9.589297192788996e-10,90.52741569898498,0.9967817284860929,178.5115962937895,1.7979935567544949e-09
Q,367,-2.1404226596699345e-07,-4.0454795275634735e-10,94.77260310899709,0.134160330454712,-230.88714554812674,-1.0113696301225437e-09,2.1404226596699345e-07,4.0454795275634735e-10,-94.77260310899709,-0.134160330454712,-242.9758699968587,-1.011370133659193e-09
Q,368,3.963936478861528e-08,4.044792764110737e-10,-98.43824553738165,-0.13572711497929993,243.02327045534525,1.0111979383055287e-09,-3.963936478861528e-08,-4.044792764110737e-10,98.43824553738165,0.13572711497929993,249.16795723156292,1.0111984437498397e-09
Q,369,-1.726988254550747e-07,-9.464718126006444e-10,108.12866001703529,0.16153323932502986,-269.85361433605067,-1.8384491147453995e-09,1.726988254550747e-07,9.464718126006444e-10,-108.12866001703529,-0.16153323932502986,-270.78968574912585,-2.893909948257823e-09
Q,370,-4.620120068081099,0.22010773975056055,-94.06342143832742,-0.13537356975129455,270.70821448001504,0.610798810903715,4.620120068081099,-0.22010773975056055,94.06342143832742,0.13537356975129455,251.34377450270208,0.6107991447118959
Q,209,-1.6734310165605415e-05,-7.369093583206926e-05,85.31032710397987,-2.5914812050656826,-194.77901287276734,-1.3632806969688091e-05,1.6734310165605415e-05,7.369093583206926e-05,-85.31032710397987,2.5914812050656826,163.2141918442947,-1.363283928817761e-05
Q,371,-7.127105627192998e-13,-6.801349661361507e-14,73.99190600494308,-2.591481205065683,-163.2141918442946,-9.751858875568412e-14,7.127105627192998e-13,6.801349661361507e-14,-73.99190600494308,2.591481205065683,-86.87845045241268,-1.3236702979833447e-13
Q,372,-4.065758146820642e-15,-3.908428394313056e-18,3.2043905336532474,-0.42823648568328665,86.07036954073683,-9.897443503865428e-18,4.065758146820642e-15,3.908428394313056e-18,-3.2043905336532474,0.42823648568328665,-98.08683404193651,-4.759162974808531e-18
Q,373,-9.376962666627145e-08,-1.1894939799773292e-09,-72.71957585285563,3.003810599889867,99.91555913882642,-2.230301539155112e-09,9.376962666627145e-08,1.1894939799773292e-09,72.71957585285563,-3.003810599889867,172.78285030938218,-2.2303008857598727e-09
Q,374,7.03272230490222e-08,5.018183203161743e-10,59.47261490797821,-0.636726680851091,-151.5543227295158,1.254546047782521e-09,-7.03272230490222e-08,-5.018183203161743e-10,-59.47261490797821,0.636726680851091,-145.80875181037527,1.2545455537983503e-09
Q,375,7.577581994495063e-08,-4.824264993914256e-10,-58.667831518628056,0.6405985951279572,145.7850441875957,-1.2060665009359237e-09,-7.577581994495063e-08,4.824264993914256e-10,58.667831518628056,-0.6405985951279572,147.5541134055446,-1.2060659960212045e-09
Q,376,-2.0883380840038508e-07,-5.9566043523769e-11,65.59525778461763,-0.7108508062535641,-162.8015386935549,3.788153711358169e-10,2.0883380840038508e-07,5.9566043523769e-11,-65.59525778461763,0.7108508062535641,-165.1747502295333,-6.766455887546619e-10
Q,377,-4.620069231056133,0.22010776407571409,-58.08379774298532,0.6824466676510563,165.20419355406662,0.6107988782948681,4.620069231056133,-0.22010776407571409,58.08379774298532,-0.6824466676510563,157.16088391950188,0.610799212325345
Q,210,1.6263032587282582e-15,-7.13680513726668e-17,-0.49267244623829703,3.4912204430203393,-1.3782273419061144,-9.42217861111697e-17,-1.6263032587282582e-15,7.13680513726668e-17,0.49267244623829703,-3.4912204430203393,3.2257490152997264,-1.7340840653633053e-16
Q,378,-8.131516293641283e-16,-1.5463559216527615e-16,1.3673657263356234,-0.5834462523282938,-2.612257662101769,-3.2953504552247316e-16,8.131516293641283e-16,1.5463559216527615e-16,-1.3673657263356234,0.5834462523282938,-2.515363811656818,-2.503484250973124e-16
Q,211,2.4394548880923873e-15,-2.3338565230573088e-15,-9.609090570657186,-3.6274266466262906,1.503920559876331,-4.407261854741787e-15,-2.4394548880923873e-15,2.3338565230573088e-15,9.609090570657186,3.6274266466262906,34.53016908008807,-4.3447001067231126e-15
Q,379,-1.6263032587282567e-15,1.4472054212207253e-16,8.921062778147467,0.8081740134832861,-32.056142805727006,3.6681354248961217e-16,1.6263032587282567e-15,-1.4472054212207253e-16,-8.921062778147467,-0.8081740134832861,-1.397842612325995,1.7588849046815982e-16
Q,212,-2.5663479300705404e-06,34.966922778858844,2.6122181167434897e-08,0.7418418191289391,-5.5697873151610873e-08,110.01166189947364,2.5663479300705404e-06,-34.966922778858844,-2.6122181167434897e-08,-0.7418418191289391,-5.571322952749895e-08,39.12226375235933
Q,380,-4.9621457697417276e-14,1.2388147862560661,-4.030252138303143e-17,-0.7620787407474764,2.0970453297975126e-16,-35.49483710573304,4.9621457697417276e-14,-1.2388147862560661,4.030252138303143e-17,0.7620787407474764,9.740067995894826e-17,44.934605777004265
Q,381,3.993155322770274e-13,-38.76158081377557,4.5677866674503935e-16,0.616148601158547,-3.957954397412218e-15,-48.425826220024604,-3.993155322770274e-13,38.76158081377557,-4.5677866674503935e-16,-0.616148601158547,2.5766557091752194e-15,-68.78919416083268
Q,382,8.355009161369382e-06,-49.1474537313705,2.073316234763453e-06,0.616148601158547,-1.28650136509859e-06,68.78919416083268,-8.355009161369382e-06,49.1474537313705,-2.073316234763453e-06,-0.616148601158547,-1.2864840822428547e-06,-129.78118424146345
Q,213,0.0,17.396968553014425,-1.8662307547613174e-16,1.4119292631376885,2.4875522309024643e-16,1.5590075589280161,0.0,-17.396968553014425,1.8662307547613174e-16,-1.4119292631376885,5.471921938154554e-16,72.6390633196785
Q,383,1.057792056352291e-07,-71.28743613507777,5.552212156893059e-08,-1.0620970112234243,-8.286676711124949e-08,-77.07466397978808,-1.057792056352291e-07,71.28743613507777,-5.552212156893059e-08,1.0620970112234243,-8.286676577200835e-08,-135.71833288341907
Q,384,-6.812317773919287e-08,57.55384746452169,-1.483029808571468e-08,-0.19458955847783385,3.436921643914316e-08,147.90671101083112,6.812317773919287e-08,-57.55384746452169,1.483029808571468e-08,0.19458955847783385,3.436921518814438e-08,118.85537198722692
Q,385,0.0,-27.419449006157283,6.005178523016e-17,-0.8080809116758734,-1.8994937268218878e-16,-114.78070529187832,0.0,27.419449006157283,-6.005178523016e-17,0.8080809116758734,-6.617149132444355e-17,-2.1632447193824618
Q,214,-2.1044208267148494e-08,1.9383893099056555,2.024578833444753e-09,-0.14099956549957915,-7.339098266057525e-09,6.857405417657766,2.1044208267148494e-08,-1.9383893099056555,-2.024578833444753e-09,0.14099956549957915,-7.3390982764169355e-09,7.195917079158237
Q,386,-3.5360731854905846e-08,-1.0558213737616116,-1.2908122533686164e-09,0.13936638536826976,5.744114532302616e-09,-5.0350834584731485,3.5360731854905846e-08,1.0558213737616116,1.2908122533686164e-09,-0.13936638536826976,5.744114522678068e-09,-4.361726768005192
Q,215,-2.795913588203293e-08,2.3660681036648556,9.79684112606263e-11,-0.025760302100155993,-3.551354915930274e-10,8.321579739112714,2.795913588203293e-08,-2.3660681036648556,-9.79684112606263e-11,0.025760302100155993,-3.551354900465134e-10,8.83241401245749
Q,387,-3.4601504969717783e-08,-1.3335131233368862,1.6403046780722764e-10,0.016302339970880545,-7.299355814356994e-10,-6.218013589426306,3.4601504969717783e-08,1.3335131233368862,-1.6403046780722764e-10,-0.016302339970880545,-7.299355820486263e-10,-5.6502532082719785
Q,216,-2.8598533271891974e-15,7.2366586191371916,8.310937559947236e-17,-1.0710056031936885,-1.839849446920731e-16,-0.013890389106833823,2.8598533271891974e-15,-7.2366586191371916,-8.310937559947236e-17,1.0710056031936885,-1.7047654223967649e-16,30.87823939972695
Q,388,4.086189092282051e-15,-41.877726844902966,3.144902840102845e-15,0.32683700913231223,-4.699540191140925e-15,-30.07006538624369,-4.086189092282051e-15,41.877726844902966,-3.144902840102845e-15,-0.32683700913231223,-4.687994786566068e-15,-94.93494924579167
Q,389,-5.263117342162643e-15,44.79674584016801,-8.305538419401287e-16,-0.6866387147668974,1.92852622369689e-15,96.88319454519481,5.263117342162643e-15,-44.79674584016801,8.305538419401287e-16,0.6866387147668974,1.9210908336956063e-15,110.74972242398391
Q,390,2.8598533271891978e-15,-26.908608619433853,-1.3328303438877762e-16,1.8287250968899187,2.802100022897043e-16,-111.33316867631218,-2.8598533271891978e-15,26.908608619433853,1.3328303438877762e-16,-1.8287250968899187,2.882421393784321e-16,-3.432047085573174
Q,217,0.0,2.5840880520148906,6.660870210517807e-17,0.02369283570700714,-2.4183891650029053e-16,1.5467346333569605,0.0,-2.5840880520148906,-6.660870210517807e-17,-0.02369283570700714,-2.4107417376225054e-16,17.187903743750994
Q,391,0.0,-2.0444204016062955,-3.099258879878771e-17,-0.023707622779558027,1.3795901815902072e-16,-16.918016298316978,0.0,2.0444204016062955,3.099258879878771e-17,0.023707622779558027,1.3787502215018983e-16,-1.2773252759790488
Q,218,0.0,2.881157756959358,1.0709484048185004e-09,-0.05202794457743601,-3.882188112119133e-09,1.6924556944963633,0.0,-2.881157756959358,-1.0709484048185004e-09,0.05202794457743601,-3.882187822814996e-09,19.19593804345898
Q,392,2.7409605484184106e-15,-2.280036933515425,7.10664660529562e-10,0.029443324533358864,-3.162457675939947e-09,-18.89903123438266,-2.7409605484184106e-15,2.280036933515425,-7.10664660529562e-10,-0.029443324533358864,-3.1624578027731536e-09,-1.3932974739046156
Q,219,-5.655913946278904e-06,6.307401641820824,-4.620919863212654e-07,0.15161479055985455,3.3303676496796933e-07,8.909743411464232,5.655913946278904e-06,-6.307401641820824,4.620919863212654e-07,-0.15161479055985455,3.3699661519786543e-07,0.23598896917596246
Q,393,-2.55724354709337e-06,0.1727293015083299,-7.365558182161495e-09,0.15161479055985455,2.2069469243279123e-08,-0.23598896917595913,2.55724354709337e-06,-0.1727293015083299,7.365558182161495e-09,-0.15161479055985455,2.0650768213257538e-08,1.2378189179242725
Q,394,2.9663623644212625e-06,-4.664521657762245,1.4088165781499886e-08,-0.282446367285791,-3.60442664822703e-08,-12.137519138062945,-2.9663623644212625e-06,4.664521657762245,-1.4088165781499886e-08,0.282446367285791,-3.4396562425229134e-08,-11.18508915074828
Q,395,-8.557797550739103e-07,1.07630211822108,5.378721479891593e-08,0.16708121150497304,-1.0411004296804733e-07,2.8456588182219793,8.557797550739103e-07,-1.07630211822108,-5.378721479891593e-08,-0.16708121150497304,-1.0566009474772473e-07,1.351919442840231
Q,220,-3.1543044846012126e-07,1.0165615525674788e-09,0.24590379758302314,-0.004359923854440266,-1.565090046639561,5.087707624425942e-09,3.1543044846012126e-07,-1.0165615525674788e-09,-0.24590379758302314,0.004359923854440266,-0.89394792919067,5.077907901248845e-09
Q,221,4.173160254540102e-07,8.779870670191095e-11,3.8771840368412067,-0.0017746952522193055,-21.050160930884175,4.389750701586063e-10,-4.173160254540102e-07,-8.779870670191095e-11,-3.8771840368412067,0.0017746952522193055,-17.72167943752789,4.390119968605032e-10
Q,222,2.394747091698725e-08,-2.196087078636661e-09,0.3867759195765194,0.0218244012203338,-2.664784356444215,-1.0980692145108412e-08,-2.394747091698725e-08,2.196087078636661e-09,-0.3867759195765194,-0.0218244012203338,-1.2029748393209785,-1.0980178641258198e-08
Q,223,6.16217505760052e-10,0.9649103262038732,-1.1690472139347627e-09,0.11085901191637834,4.237859730066648e-09,3.5359998648081685,-6.16217505760052e-10,-0.9649103262038732,1.1690472139347627e-09,-0.11085901191637834,4.237732570960381e-09,3.4596000001699125
Q,224,-1.0504288952119465e-08,-0.4688866104350107,-1.85422523667168e-09,-0.07494632145735262,8.251273495907225e-09,-2.171112716443109,1.0504288952119465e-08,0.4688866104350107,1.85422523667168e-09,0.07494632145735262,8.251331110470724e-09,-2.0019781164284844
Q,225,-3.5635034440437444e-07,3.249281326564952,1.1146937549086868e-08,0.05120250653052623,-4.0419645296274804e-08,11.878462327663808,3.5635034440437444e-07,-3.249281326564952,-1.1146937549086868e-08,-0.05120250653052623,-4.0395651934604995e-08,11.678827289932094
Q,226,-7.233775924657206e-07,-2.0011911010116306,-5.425758197798127e-09,-0.04080920812795019,2.4144119190749304e-08,-8.531674006199273,7.233775924657206e-07,2.0011911010116306,5.425758197798127e-09,0.04080920812795019,2.414512876965401e-08,-9.278926792804238
Q,227,2.1717282513338335e-07,-9.6212098132444e-10,-1.326370881099725,-0.2296404111100958,-1.6639407645465383,-4.820062837639378e-09,-2.1717282513338335e-07,9.6212098132444e-10,1.326370881099725,0.2296404111100958,14.927649575543787,-4.801146975605023e-09
Q,396,-4.343456392892197e-07,7.765064958400268e-09,55.89354894061494,0.5004300741163028,-136.0950962398187,1.94315782747899e-08,4.343456392892197e-07,-7.765064958400268e-09,-55.89354894061494,-0.5004300741163028,-143.37264846325596,1.939374651721144e-08
Q,397,-4.653578601782665e-14,-6.009689884997622e-15,-34.9940730473368,-14.134590160646397,143.10290363259588,-7.46062697311599e-15,4.653578601782665e-14,6.009689884997622e-15,34.9940730473368,14.134590160646397,-55.96766174472731,-7.503500840528077e-15
Q,398,-4.1196627053510896e-07,-1.9510057465689925e-08,-96.56035038173738,13.925648465993563,60.37857686119062,-2.4522803251141263e-08,4.1196627053510896e-07,1.9510057465689925e-08,96.56035038173738,-13.925648465993563,181.98790259697034,-2.4447440987740484e-08
Q,399,2.0680706292971508e-07,2.502234171948092e-09,39.34823154889837,0.6238921183224425,-104.40696034301654,6.2745013323289015e-09,-2.0680706292971508e-07,-2.502234171948092e-09,-39.34823154889837,-0.6238921183224425,-92.33419740147528,6.236669527411558e-09
Q,400,-3.5871987875252774e-07,-1.663990644375164e-09,-38.7664731860683,-0.585958027438916,92.27989169816185,-4.17889250525365e-09,3.5871987875252774e-07,1.663990644375164e-09,38.7664731860683,0.585958027438916,101.55247423217966,-4.1410607166221696e-09
Q,401,3.5871988485116496e-07,1.709388172259658e-09,38.440330007148866,0.6038116636834833,-92.15680447691176,4.2923869542486575e-09,-3.5871988485116496e-07,-1.709388172259658e-09,-38.440330007148866,-0.6038116636834833,-100.04484555883253,4.254553907049633e-09
Q,402,8.923863845143945e-09,2.904929166224549e-07,-39.84609586116996,-0.65983531061342,100.14160449408426,7.261417276013671e-07,-8.923863845143945e-09,-2.904929166224549e-07,39.84609586116996,0.65983531061342,99.08887481176552,7.263228555109073e-07
Q,403,-1.0277547611787022e-07,-2.9013301712100327e-07,5.041639340327201,0.028906213111162572,-17.684549526849647,-7.252608959871762e-07,1.0277547611787022e-07,2.9013301712100327e-07,-5.041639340327201,-0.028906213111162572,-7.523647174786355,-7.254041896178399e-07
Q,228,3.0025715800404557e-07,9.135924732417179e-11,-0.24189769995079652,0.018438900661141427,-8.483656677347527,4.5678041528596837e-10,-3.0025715800404557e-07,-9.135924732417179e-11,0.24189769995079652,-0.018438900661141427,10.902633676855492,4.5681205795574954e-10
Q,404,-6.4567148502781e-07,-7.186739260137202e-10,71.1444117238422,0.0047975524526875785,-159.19828940618657,-1.777768931664393e-09,6.4567148502781e-07,7.186739260137202e-10,-71.1444117238422,-0.0047975524526875785,-196.5237692130244,-1.8156006984042077e-09
Q,405,-1.4060782811513295e-07,-1.785457327001307e-11,-79.1673294453737,-0.05057870230711287,196.8575772964008,-6.355231735565976e-11,1.4060782811513295e-07,1.785457327001307e-11,79.1673294453737,0.05057870230711287,198.97906993046763,-2.5720548994405587e-11
Q,406,1.4060781225867618e-07,6.325274111923241e-11,74.0893866618665,0.08873687391451461,-180.7509922776583,1.7704773846837768e-10,-1.4060781225867618e-07,-6.325274111923241e-11,-74.0893866618665,-0.08873687391451461,-189.69594103167424,1.3921596712778438e-10
Q,407,-3.86442586914823e-09,-1.0955004236221656e-10,-78.27740431961713,-0.09293864866428247,189.75810389407644,-2.927904356499168e-10,3.86442586914823e-09,1.0955004236221656e-10,78.27740431961713,0.09293864866428247,201.62891770400924,-2.54959776161166e-10
Q,408,3.864414891601234e-09,1.5494680346934105e-10,79.29609129266123,0.08097014477975492,-199.72611531298293,4.0628233881080426e-10,-3.864414891601234e-09,-1.5494680346934105e-10,-79.29609129266123,-0.08097014477975492,-196.75434115032323,3.68451678535901e-10
Q,409,-5.343498800174876e-07,-1.9256112921486567e-11,-72.87450242389299,-0.06321182771154514,196.64317528795277,-6.705558752549537e-11,5.343498800174876e-07,1.9256112921486567e-11,72.87450242389299,0.06321182771154514,167.72933683151217,-2.922497708193746e-11
Q,410,3.7550682900036776e-07,-1.280465611132579e-10,9.430391684008146,-0.008401990021700523,-38.74838267900955,-3.201164007574621e-10,-3.7550682900036776e-07,1.280465611132579e-10,-9.430391684008146,0.008401990021700523,-8.403575741031174,-3.2011640480882733e-10
Q,229,4.971670036107208e-07,-1.5711985624063303e-10,2.1341489404780605,-0.017181717959124633,-21.953413003596314,-7.855993225923052e-10,-4.971670036107208e-07,1.5711985624063303e-10,-2.1341489404780605,0.017181717959124633,0.6119235988157108,-7.855992398140252e-10
Q,411,-3.6782133857270714e-07,1.4142710636795058e-09,41.53987711360659,-0.6024205612118332,-94.99934238500396,3.5545935367238965e-09,3.6782133857270714e-07,-1.4142710636795058e-09,-41.53987711360659,0.6024205612118332,-112.70004318302898,3.5167617816736327e-09
Q,412,-8.043661074122639e-08,-7.0222664970049e-10,-44.33831643697599,0.6223441142224536,112.63597993031263,-1.7744825099371554e-09,8.043661074122639e-08,7.0222664970049e-10,44.33831643697599,-0.6223441142224536,109.0556022545673,-1.7366507385652947e-09
Q,413,8.043567155109448e-08,7.476248084348077e-10,41.09768806335031,-0.5512795676561704,-98.04924180696719,1.8879779063620062e-09,-8.043567155109448e-08,-7.476248084348077e-10,-41.09768806335031,0.5512795676561704,-107.43919850978435,1.8501461358120322e-09
Q,414,-3.2239260049424364e-05,-2.3078361363417424e-10,-44.68527872019937,0.5691766457677986,107.43134135069559,-5.853830211469795e-10,3.2239260049424364e-05,2.3078361363417424e-10,44.68527872019937,-0.5691766457677986,115.99505225030126,-5.685350470238917e-10
Q,415,3.2239259104135595e-05,2.5100056798933147e-10,44.19208089134975,-0.6154616789744283,-112.40220490850426,6.359260065475873e-10,-3.2239259104135595e-05,-2.5100056798933147e-10,-44.19208089134975,0.6154616789744283,-108.55819954824446,6.190768333990701e-10
Q,416,-3.2867909548824504e-05,2.777808099535036e-07,-41.69626688627724,0.6407997183822783,108.57260647536322,6.945238570247362e-07,3.2867909548824504e-05,-2.777808099535036e-07,41.69626688627724,-0.6407997183822783,99.90872795602296,6.943801927427818e-07
Q,417,-4.6030603279207695e-07,-2.7817393320463557e-07,2.7075427967237897,-0.019477805806304687,-11.465814044677126,-6.955193039700074e-07,4.6030603279207695e-07,2.7817393320463557e-07,-2.7075427967237897,0.019477805806304687,-2.0718999389418222,-6.953503620531702e-07
Q,230,-5.968066944396648e-09,-2.4069604531585725e-09,11.943049803860376,-1.4275615153938839,-44.00632679889618,-9.01406687399952e-09,5.968066944396648e-09,2.4069604531585725e-09,-11.943049803860376,1.4275615153938839,-45.44711623201802,-9.014066920158187e-09
Q,231,4.847667929790373e-09,1.019578189351186,3.6003398057972384e-10,-0.004798626990514179,-1.3282762736383407e-09,3.6434499684435924,-4.847667929790373e-09,-1.019578189351186,-3.6003398057972384e-10,0.004798626990514179,-1.2819700855646574e-09,3.7484919043525053
Q,418,-5.6584129170297564e-09,-0.5067019238162219,-3.0742995910726945e-09,0.1735200614627429,1.3680601668742918e-08,-2.392122597219512,5.6584129170297564e-09,0.5067019238162219,3.0742995910726945e-09,-0.1735200614627429,1.3680664691804057e-08,-2.1175245247448613
Q,232,4.063093342380312e-07,8.213173844428692,1.736164824845197e-09,-0.06753883923262748,-6.293597518213081e-09,35.63307629728159,-4.063093342380312e-07,-8.213173844428692,-1.736164824845197e-09,0.06753883923262748,-6.293597461914598e-09,23.912434074826425
Q,419,-8.321414517337942e-08,-2.4088140223586993,-1.2866919758870898e-09,0.11538265787160795,5.725779301657866e-09,-11.548121761304543,8.321414517337942e-08,2.4088140223586993,1.2866919758870898e-09,-0.11538265787160795,5.725779283737231e-09,-9.890323037687875
Q,233,1.1680945643664212e-07,1.4758379053261033,5.175037420474545e-10,-0.1816150906830108,-1.8759510466797812e-09,5.277105548827449,-1.1680945643664212e-07,-1.4758379053261033,-5.175037420474545e-10,0.1816150906830108,-1.8759510831642646e-09,5.4227192647868
Q,420,-2.6699907756105966e-08,-1.5570478359509667,2.476568536274567e-10,-0.011926242188015516,-1.1020729970227667e-09,-7.11990983543733,2.6699907756105966e-08,1.5570478359509667,-2.476568536274567e-10,0.011926242188015516,-1.1020730002615971e-09,-6.737815904526271
Q,234,7.444642289487051e-08,0.735131414686208,2.9414163326394977e-09,0.025140930550401074,-1.066263351596461e-08,2.089901238779672,-7.444642289487051e-08,-0.735131414686208,-2.9414163326394977e-09,-0.025140930550401074,-1.0662634895671751e-08,3.2398015176953368
Q,421,-4.23860494631094e-09,-1.5523806310923003,-1.4634153561782618e-07,0.022382472801380938,6.512303117454278e-07,-6.8846080898584425,4.23860494631094e-09,1.5523806310923003,1.4634153561782618e-07,-0.022382472801380938,6.512093552532251e-07,-6.931579526863027
Q,235,-1.3909300575208508e-05,2.087277885071734,-4.673077802871748e-09,0.21597800770491532,1.702775134958399e-08,7.870709668332701,1.3909300575208508e-05,-2.087277885071734,4.673077802871748e-09,-0.21597800770491532,1.685206272123618e-08,7.262054998437369
Q,422,1.0842266097781426e-05,-1.4435102776644297,-1.4673308862147678e-07,-0.17075554011978838,6.530528791186749e-07,-6.3265520946162255,-1.0842266097781426e-05,1.4435102776644297,1.4673308862147678e-07,0.17075554011978838,6.528716096124681e-07,-6.520689376597196
Q,236,-1.6055861179918537e-08,0.6691069089959435,-5.841345909666411e-10,-0.0105834212856905,2.1174893701905673e-09,2.2852290178952894,1.6055861179918537e-08,-0.6691069089959435,5.841345909666411e-10,0.0105834212856905,2.117486414317581e-09,2.565796072325301
Q,423,-7.994641860388431e-10,-0.9502761856431764,-1.505838915717319e-07,0.020816147909119686,6.701045867437455e-07,-4.2391829113901665,7.994641860388431e-10,0.9502761856431764,1.505838915717319e-07,-0.020816147909119686,6.700920482446682e-07,-4.218275140834103
Q,237,3.3290567639299747e-07,-54.915713653262706,-7.910392075405866e-09,2.351593068697621,1.625735057305688e-08,-54.985836972087895,-3.3290567639299747e-07,54.915713653262706,7.910392075405866e-09,-2.351593068697621,1.6333464777615292e-08,-171.26690327935444
Q,238,-1.682382681443024e-15,4.0500059364514955,2.925360726663254e-17,0.269744830660069,-1.28577410790753e-16,14.635020234762688,1.682382681443024e-15,-4.0500059364514955,-2.925360726663254e-17,-0.269744830660069,-8.351124189233292e-17,14.727522804510652
Q,424,1.3704802742092053e-15,-1.7861698005825999,-1.568136444374736e-17,-0.0640632527163484,7.290491094116807e-17,-14.672146549750856,-1.3704802742092053e-15,1.7861698005825999,1.568136444374736e-17,0.0640632527163484,6.665923260818342e-17,-1.2247646754342796
Q,239,1.682382681443024e-15,2.113167234966657,1.1798660332614636e-16,0.05430570331345555,-4.300426434254996e-16,1.209850145761357,-1.682382681443024e-15,-2.113167234966657,-1.1798660332614636e-16,-0.05430570331345555,-4.2536023068906145e-16,14.110612307746907
Q,425,1.3704802742092053e-15,-1.6909430335496747,-4.206156083414865e-15,-0.007857159088753472,1.871861917026929e-14,-13.92893678516812,-1.3704802742092053e-15,1.6909430335496747,4.206156083414865e-15,0.007857159088753472,1.8716169972123e-14,-1.1204562134239824
Q,240,1.667688151039866e-06,-30.19117920399137,-2.731627317520628e-08,4.410915116463214,5.6274276544561545e-08,-96.32741969380457,-1.667688151039866e-06,30.19117920399137,2.731627317520628e-08,-4.410915116463214,5.626876893728833e-08,-28.06023862663987
Q,241,-6.729530725772096e-15,2.2260484683188184,6.135054097508426e-16,-0.09675893525173268,-2.997352043500205e-15,1.2636469742969023,6.729530725772096e-15,-2.2260484683188184,-6.135054097508426e-16,0.09675893525173268,-1.4505621771934043e-15,14.87520442101453
Q,426,6.852401371046027e-15,-1.7963240276269616,-8.043263254769676e-15,0.014406927118737357,3.6392117756688596e-14,-14.73102244852324,-6.852401371046027e-15,1.7963240276269616,8.043263254769676e-15,-0.014406927118737357,3.51929252107615e-14,-1.256261397356715
Q,242,-9.743650682722369e-07,-20.85356029710699,-7.956483180258551e-08,3.7639806959578417,9.800127048243176e-08,-51.417385388921936,9.743650682722369e-07,20.85356029710699,7.956483180258551e-08,-3.7639806959578417,9.772821575192862e-08,0.1176270580387353
Q,243,-1.9832966569856787e-14,-23.80235167325768,-1.0682390530512295e-15,-0.02124032405138012,1.3056702991822385e-15,-58.314216954838635,1.9832966569856787e-14,23.80235167325768,1.0682390530512295e-15,0.02124032405138012,1.322197771323786e-15,-0.23956816137525294
Q,244,-1.116400940823756e-06,-20.864768342135307,2.0942965848788965e-08,-3.798780597048024,-2.562332048827534e-08,-51.44927122498922,1.116400940823756e-06,20.864768342135307,-2.0942965848788965e-08,3.798780597048024,-2.5896375499745514e-08,0.12194110333636132
Q,245,-2.744386749103933e-15,3.577727408765868e-17,3.645954125232004,-0.11762705803875294,-3.7639806959578435,9.241658850136452e-17,2.744386749103933e-15,-3.577727408765868e-17,-3.645954125232004,0.11762705803875294,-14.465789930202176,8.646978193692889e-17
Q,246,0.0,-1.321155404315159e-17,-3.657162170260316,0.12194110333637061,14.487030254253554,-3.230562485004221e-17,0.0,1.321155404315159e-17,3.657162170260316,-0.12194110333637061,3.798780597048026,-3.375214536571574e-17
Q,247,1.4031934912786467e-06,-10.829815674265875,7.520335640933437e-08,1.4229446732732212,-9.256754398755711e-08,-26.736400312979484,-1.4031934912786467e-06,10.829815674265875,-7.520335640933437e-08,-1.4229446732732212,-9.243271277940545e-08,0.09505375428543061
Q,248,7.933186627942715e-14,-9.298026985109216,-2.145608585737153e-15,0.2704504832366196,2.238584769156435e-15,-22.778092629083204,-7.933186627942715e-14,9.298026985109216,2.145608585737153e-15,-0.2704504832366196,3.0396123517569625e-15,-0.09505375428546614
Q,249,0.0,-1.886814572322485e-15,0.7697250711408703,-0.09505375428543929,-1.422944673273255,-2.094402761106538e-15,0.0,1.886814572322485e-15,-0.7697250711408703,0.09505375428543929,-0.2704504832366593,-2.0565892980029275e-15
Q,250,-1.3459061451544192e-14,3.1720640606310107,6.424196624827957e-17,-0.21294114822312799,-8.762752080815199e-17,20.83342994705111,1.3459061451544192e-14,-3.1720640606310107,-6.424196624827957e-17,0.21294114822312799,-3.781267344918749e-16,2.1640344925237187
Q,251,5.378858292478274e-08,-50.920439160568975,-3.4009782369155396e-08,-0.0912074973444967,7.001986604275624e-08,-158.6899106565445,-5.378858292478274e-08,50.920439160568975,3.4009782369155396e-08,0.0912074973444967,7.0100437318164e-08,-51.102298684999674
Q,252,-2.2232647117429082e-08,-52.22737396054612,4.02922553546168e-09,-0.08017410735349394,-8.34049026469278e-09,-162.65460685569263,2.2232647117429082e-08,52.22737396054612,-4.02922553546168e-09,0.08017410735349394,-8.259918941409343e-09,-52.52217386175739
Q,253,-1.309518899567097e-09,-3.278466581503053e-11,-0.5649881452752247,-0.04216149592297562,2.7792722931895106,-1.63923295223696e-10,1.309518899567097e-09,3.278466581503053e-11,0.5649881452752247,0.04216149592297562,2.8706091595627368,-1.6392336292660933e-10
Q,254,-2.3546546912033766e-06,1.0141852786691382e-08,97.07236984090524,-0.7057480420134927,-233.372966448449,1.2967444835639243e-08,2.3546546912033766e-06,-1.0141852786691382e-08,-97.07236984090524,0.7057480420134927,-14.161576645859071,1.2894279770423753e-08
Q,427,4.4399004562164605e-06,-4.6293550149069725e-08,58.24137752734593,0.5183648868747847,14.334781992013902,-5.6709137914251446e-08,-4.4399004562164605e-06,4.6293550149069725e-08,-58.24137752734593,-0.5183648868747847,-157.0261569340116,-5.671005995096951e-08
Q,255,-3.26399159691659e-06,6.1146445975624895e-09,133.09624972729014,0.031662757403811574,-315.79348079035077,7.832754527602151e-09,3.26399159691659e-06,-6.1146445975624895e-09,-133.09624972729014,-0.031662757403811574,-23.60195601423868,7.759589196182179e-09
Q,428,5.775216641009927e-06,5.250218067955198e-09,74.70764168760468,0.049349557854720644,23.198351063096908,6.431978122876071e-09,-5.775216641009927e-06,-5.250218067955198e-09,-74.70764168760468,-0.049349557854720644,-206.2320731977286,6.431056143614181e-09
Q,256,-2.27704528027124e-06,-7.07384212711421e-10,91.8122136888,0.6718783460714995,-223.3964379501306,-8.653320951704621e-10,2.27704528027124e-06,7.07384212711421e-10,-91.8122136888,-0.6718783460714995,-10.724706956309149,-9.384976472436596e-10
Q,429,4.3387651172736605e-06,5.083268764150817e-08,58.35820279204522,-0.3721044034395305,10.955106561296034,6.227050334251353e-08,-4.3387651172736605e-06,-5.083268764150817e-08,-58.35820279204522,0.3721044034395305,-153.93270340180698,6.226958137918163e-08
Q,257,0.0,0.5404418342549072,2.0441575777878505e-16,-0.23039960498701692,-7.550519534896796e-16,1.0439827495110305,0.0,-0.5404418342549072,-2.0441575777878505e-16,0.23039960498701692,-7.269622904065119e-16,2.8742205488370463
Q,430,-5.481921096836821e-15,-0.4624741885591273,-1.2228368369589707e-16,0.17320534615497998,5.300846787932448e-16,-2.8919073492879552,5.481921096836821e-15,0.4624741885591273,1.2228368369589707e-16,-0.17320534615497998,5.582401061002389e-16,-1.224112928888277
Q,258,-2.568358241600862e-07,8.198280862180436,5.910942668301506e-09,-0.2210030421249142,-2.142716721774504e-08,28.0617916845555,2.568358241600862e-07,-8.198280862180436,-5.910942668301506e-09,0.2210030421249142,-2.142716712744088e-08,31.37574456625266
Q,431,-2.3658212853659856e-07,-6.037808680506454,-2.9697215586813768e-09,0.17283400145102487,1.3215260900137221e-08,-28.38974866186159,2.3658212853659856e-07,6.037808680506454,2.9697215586813768e-09,-0.17283400145102487,1.3215260972127028e-08,-25.346748594645838
Q,259,-7.425647987127637e-07,1.2598957227935847e-10,-0.0019103595182354384,-0.02008153805928507,-19.386187925720396,6.299473247941411e-10,7.425647987127637e-07,-1.2598957227935847e-10,0.0019103595182354384,0.02008153805928507,19.40529152090275,6.299483979994436e-10
Q,432,1.056782630154407e-06,-2.728131698104936e-09,55.57939244456146,-0.40138944305434854,-111.26294656638125,-6.820103338136883e-09,-1.056782630154407e-06,2.728131698104936e-09,-55.57939244456146,0.40138944305434854,-166.63401565642607,-6.8205551523877974e-09
Q,433,2.9469091229750166e-07,2.533104121715346e-09,-66.72085628255083,0.40770872978895034,166.56510916553955,6.332534398985352e-09,-2.9469091229750166e-07,-2.533104121715346e-09,66.72085628255083,-0.40770872978895034,167.03917224721457,6.332986209591378e-09
Q,434,-2.9469091229750166e-07,-2.532561203929994e-09,58.55015563402287,-0.710141490403004,-142.53916140883618,-6.3311771037000855e-09,2.9469091229750166e-07,2.532561203929994e-09,-58.55015563402287,0.710141490403004,-150.21161676127818,-6.331628915949884e-09
Q,435,1.2869744332733024e-07,2.720790727912713e-09,-63.5902132233918,0.7010958750032938,150.18131893405547,6.8017509211968e-09,-1.2869744332733024e-07,-2.720790727912713e-09,63.5902132233918,-0.7010958750032938,167.76974718290353,6.802202718366765e-09
Q,436,-1.2869736526477382e-07,-2.720248389235846e-09,65.05682498231188,-0.7705173580361143,-160.8748283182522,-6.800395076219874e-09,1.2869736526477382e-07,2.720248389235846e-09,-65.05682498231188,0.7705173580361143,-164.4092965933072,-6.800846869959356e-09
Q,437,1.2753379602381543e-06,2.1077983061643633e-09,-57.79355564784037,0.7987309895602104,164.42112690156213,5.269269882727646e-09,-1.2753379602381543e-06,-2.1077983061643633e-09,57.79355564784037,-0.7987309895602104,124.54665133763973,5.269721648094171e-09
Q,438,-3.0682600210552025e-06,-2.1465334824437875e-10,-10.470517178492543,0.011465325510906533,-22.466928492223467,-5.366334127058374e-10,3.0682600210552025e-06,2.1465334824437875e-10,10.470517178492543,-0.011465325510906533,74.81951438468617,-5.366333285160564e-10
Q,439,3.5155329933909427e-06,-1.4264465215852449e-08,100.34978667751969,-0.9457656138222015,-208.9629657566765,-1.8186750092555782e-08,-3.5155329933909427e-06,1.4264465215852449e-08,-100.34978667751969,0.9457656138222015,-46.92899027099841,-1.818763620786792e-08
Q,440,-4.4399002969051215e-06,4.6293556826112803e-08,38.57079714557991,0.819676653243539,47.33581911512063,5.67091461029274e-08,4.4399002969051215e-06,-4.6293556826112803e-08,-38.57079714557991,-0.819676653243539,-141.8342721217915,5.67100681210491e-08
Q,260,-1.1846592847322701e-06,8.840614529961909e-07,-0.5737060643075717,-0.014787601900026173,-8.280174843817855,4.4209252503412935e-06,1.1846592847322701e-06,-8.840614529961909e-07,0.5737060643075717,0.014787601900026173,14.017235486893572,4.419689279620615e-06
Q,441,1.2546727719275896e-06,-2.242985060228411e-12,55.3279700069181,0.2854686708331943,-109.66454134820637,-5.38539823830992e-12,-1.2546727719275896e-06,2.242985060228411e-12,-55.3279700069181,-0.2854686708331943,-166.9753086863841,-5.8295270628321344e-12
Q,442,-1.0526439095381868e-07,-3.273935148920286e-10,-72.8968207227499,-0.2593851596447245,167.2324824612616,-8.187097041467001e-10,1.0526439095381868e-07,3.273935148920286e-10,72.8968207227499,0.2593851596447245,197.25162115248781,-8.18257870313443e-10
Q,443,1.0526439095381868e-07,3.2793533749554353e-10,91.79062363402885,-0.17836103908487172,-212.97897710707463,8.200642617632477e-10,-1.0526439095381868e-07,-3.2793533749554353e-10,-91.79062363402885,0.17836103908487172,-245.97414106306957,8.1961242571447e-10
Q,444,1.6131502383887053e-07,-1.4136104955779373e-10,-102.30974113905741,0.1701384340668754,246.00544899309116,-3.5362851258109295e-10,-1.6131502383887053e-07,1.4136104955779373e-10,102.30974113905741,-0.1701384340668754,265.54325670219583,-3.531767352078757e-10
Q,445,-1.613148677137577e-07,1.419039233043146e-10,102.56620475487185,0.06962663981906013,-255.97722187245603,3.549856978764844e-10,1.613148677137577e-07,-1.419039233043146e-10,-102.56620475487185,-0.06962663981906013,-256.85380190190324,3.545339186450886e-10
Q,446,1.886131173120531e-06,4.739503984615422e-10,-89.86022922025631,-0.10515043702197392,256.7365540672015,1.1846500879921066e-09,-1.886131173120531e-06,-4.739503984615422e-10,89.86022922025631,0.10515043702197392,192.56459203408008,1.1851019043156045e-09
Q,447,-4.32158980476216e-06,4.018810950355856e-10,-12.378810431541934,-0.014002930066362803,-39.053105074703836,1.004702745521957e-09,4.32158980476216e-06,-4.018810950355856e-10,12.378810431541934,0.014002930066362803,100.9471572324135,1.004702729655971e-09
Q,448,4.775408316331078e-06,-6.595358921009957e-09,140.5958813831176,0.04314671897729332,-284.57278642471414,-8.408639710339164e-09,-4.775408316331078e-06,6.595358921009957e-09,-140.5958813831176,-0.04314671897729332,-73.94671110223527,-8.409525538236209e-09
Q,449,-5.775216720665597e-06,-5.250209022214759e-09,45.10901541261239,0.03270161022916399,73.00108314637458,-6.431967040708536e-09,5.775216720665597e-06,5.250209022214759e-09,-45.10901541261239,-0.03270161022916399,-183.51817090727508,-6.4310450637176375e-09
Q,261,-2.7673340181888495e-07,-3.264216046792626e-10,0.6148215429804654,0.03896506475944298,-6.056445974445664,-1.6322209614325305e-09,2.7673340181888495e-07,3.264216046792626e-10,-0.6148215429804654,-0.03896506475944298,-0.09176945535898984,-1.6319950853600954e-09
Q,450,5.534668036377699e-07,2.6121856449446833e-09,15.109312429403047,0.7909793290152927,-32.73367108777907,6.530690035781962e-09,-5.534668036377699e-07,-2.6121856449446833e-09,-15.109312429403047,-0.7909793290152927,-42.81289105923616,6.530238188941455e-09
Q,451,-5.5864445881737e-07,1.9319730288392765e-08,-23.66672643881666,-1.5446268850812395,42.624623775245084,4.82990998116052e-08,5.5864445881737e-07,-1.9319730288392765e-08,23.66672643881666,1.5446268850812395,75.70900841883821,4.8299551630358625e-08
Q,452,5.5864445881737e-07,-1.9319188658410895e-08,63.67454088046766,0.9981215731990811,-132.81496336796314,-4.829774578249751e-08,-5.5864445881737e-07,1.9319188658410895e-08,-63.67454088046766,-0.9981215731990811,-185.55774103437514,-4.829819750955697e-08
Q,453,5.367384661725261e-07,2.001968720412252e-08,-74.66928941028144,-1.0112785116740417,185.55673093157628,5.004899207956053e-08,-5.367384661725261e-07,-2.001968720412252e-08,74.66928941028144,1.0112785116740417,187.7897161198309,5.004944394105206e-08
Q,454,-5.367383881099697e-07,-2.0019144738517765e-08,55.99901916070126,1.5187367351072598,-143.47095683033706,-5.004763596328954e-08,5.367383881099697e-07,2.0019144738517765e-08,-55.99901916070126,-1.5187367351072598,-136.5241389731692,-5.004808772929928e-08
Q,455,1.1017600113488735e-06,-1.3786890694231235e-09,-49.42945123401834,-0.7947059374474955,136.629556499616,-3.4469485482723443e-09,-1.1017600113488735e-06,1.3786890694231235e-09,49.42945123401834,0.7947059374474955,110.51769967047568,-3.4464967988432734e-09
Q,456,-2.8756428488430075e-06,6.516534721416805e-10,-9.432349352369334,-0.027479493784330775,-22.096853269390223,1.6291337274161459e-09,2.8756428488430075e-06,-6.516534721416805e-10,9.432349352369334,0.027479493784330775,69.2586000312369,1.6291336332922566e-09
Q,457,3.47820102989002e-06,5.4879897280338715e-09,97.55873116986781,0.8178145869242819,-202.22552297348284,6.997629699619167e-09,-3.47820102989002e-06,-5.4879897280338715e-09,-97.55873116986781,-0.8178145869242819,-46.54924150967979,6.99674410686719e-09
Q,458,-4.338764838478816e-06,-5.0832683402287715e-08,37.11695667231358,-0.6155829225220656,47.088040621417505,-6.227049816023602e-08,4.338764838478816e-06,5.0832683402287715e-08,-37.11695667231358,0.6155829225220656,-138.02458446858589,-6.226957617536902e-08
Q,262,-0.00033857862636927093,0.30344436298825084,8.105613229742128e-09,0.024765131698136388,-3.089848662244733e-08,1.1452617360088941,0.00033857862636927093,-0.30344436298825084,-8.105613229742128e-09,-0.024765131698136388,-2.7867209293183105e-08,1.0547098956559249
Q,459,0.0002758755963752838,-1.7972007137408486,-3.947751473192725e-09,0.25046818432378415,1.8801918976013108e-08,-8.97784230502568,-0.0002758755963752838,1.7972007137408486,3.947751473192725e-09,-0.25046818432378415,1.6333069135402134e-08,-7.0172440472678685
Q,263,1.2521190980603947e-07,4.327700058308964,-5.8886413886230154e-09,-0.3419000490585256,2.134632970613821e-08,14.452021624821477,-1.2521190980603947e-07,-4.327700058308964,5.8886413886230154e-09,0.3419000490585256,2.1346320361378654e-08,16.923803797918513
Q,460,1.0634725193167069e-07,-3.493212065745492,8.979627400058493e-10,-0.051170193410439456,-3.995938030656313e-09,-16.627878458336223,-1.0634725193167069e-07,3.493212065745492,-8.979627400058493e-10,0.051170193410439456,-3.995930355395744e-09,-14.46170892679865
Q,264,-9.409541841818992e-07,7.302919019401715,3.806677206411918e-09,0.2226742293974681,-1.3799204941458564e-08,34.529433698200855,9.409541841818992e-07,-7.302919019401715,-3.806677206411918e-09,-0.2226742293974681,-1.3799204805027843e-08,18.416729192461585
Q,461,1.1159866921022772e-07,-3.144494525894065,1.8151756798243996e-09,0.20124906061119013,-8.077531763333943e-09,-15.267953832156273,-1.1159866921022772e-07,3.144494525894065,-1.8151756798243996e-09,-0.20124906061119013,-8.07753178710321e-09,-12.7180474483009
Q,265,-9.655674158932877e-07,7.291254607930671,-3.152975088675814e-09,-0.19323404367260996,1.1429534746614623e-08,34.54595384947096,9.655674158932877e-07,-7.291254607930671,3.152975088675814e-09,0.19323404367260996,1.1429534646285031e-08,18.315642058026395
Q,462,1.1166324624074846e-07,-3.3239006798244235,-1.4836202263287703e-10,-0.012473006256790459,6.602109908302861e-10,-16.074300890964352,-1.1166324624074846e-07,3.3239006798244235,1.4836202263287703e-10,0.012473006256790459,6.602110106023192e-10,-13.50841515947301
Q,266,8.872800123937219e-08,2.44441456707189,6.586085580224878e-09,0.3218016860619913,-2.3874560211053233e-08,7.924363253615073,-8.872800123937219e-08,-2.44441456707189,-6.586085580224878e-09,-0.3218016860619913,-2.3874560245577128e-08,9.79764235765613
Q,463,6.374250670832409e-08,-2.5155131776383906,-2.7728210774862893e-09,-0.21034210869336134,1.2339053817619631e-08,-11.85822214196531,-6.374250670832409e-08,2.5155131776383906,2.7728210774862893e-09,0.21034210869336134,1.2339053772008337e-08,-10.52984513901636
Q,267,7.676572201185422e-08,1.3475750760663483,-5.555861002741705e-09,-0.2242293058391653,2.0139996104226434e-08,4.108923561510664,-7.676572201185422e-08,-1.3475750760663483,5.555861002741705e-09,0.2242293058391653,2.0139996165650927e-08,5.66099573997036
Q,464,3.9689196451836135e-08,-2.1114790635892686,2.91630183663454e-09,0.1802263771428955,-1.2977543200183477e-08,-9.813027943224688,-3.9689196451836135e-08,2.1114790635892686,-2.91630183663454e-09,-0.1802263771428955,-1.2977543145863923e-08,-8.9791357227198
Q,268,2.5683585107820915e-07,8.208311314676745,-5.910943788874257e-09,-0.1460498279716403,2.1427171279839405e-08,28.056445398244392,-2.5683585107820915e-07,-8.208311314676745,5.910943788874257e-09,0.1460498279716403,2.142717118949896e-08,31.45381163316201
Q,465,2.365820627535454e-07,-6.042458329919914,2.9697221389337795e-09,0.10507203945496169,-1.3215263482280209e-08,-28.458476421252264,-2.365820627535454e-07,6.042458329919914,-2.9697221389337795e-09,-0.10507203945496169,-1.3215263554230423e-08,-25.319402715034958
Q,269,2.6918122903088385e-14,2.6471144369696966,-2.589564032514241e-16,0.18826728399105036,8.797459438379147e-16,2.335606214096522,-2.6918122903088385e-14,-2.6471144369696966,2.589564032514241e-16,-0.18826728399105036,9.9768797973491e-16,16.855973453933778
Q,466,-2.1927684387347285e-14,-1.9236199771122662,1.1115903909491798e-16,-0.06890649088649078,-4.943722072485914e-16,-16.311119623455866,2.1927684387347285e-14,1.9236199771122662,-1.1115903909491798e-16,0.06890649088649078,-4.949432406961785e-16,-0.8090981728433011
Q,270,2.6918122903088385e-14,2.1995793382490842,-3.0435172905242984e-16,0.0010101027988569887,1.1018730322471892e-15,2.009400084873114,-2.6918122903088385e-14,-2.1995793382490842,3.0435172905242984e-16,-0.0010101027988569887,1.1046770033829274e-15,13.937550117432748
Q,467,2.1927684387347285e-14,-1.7637401074146968,1.1245830059083265e-16,-0.030297827222678504,-5.004394376292052e-16,-14.286049590584504,-2.1927684387347285e-14,1.7637401074146968,-1.1245830059083265e-16,0.030297827222678504,-5.004394376292052e-16,-1.4112373654062935
Q,271,5.383624580617677e-14,3.1634983634696154,3.0362656410353195e-16,-0.10541752644677646,-1.0423762697107404e-15,2.31344267255475,-5.383624580617677e-14,-3.1634983634696154,-3.0362656410353195e-16,0.10541752644677646,-1.1589163200398664e-15,20.621920462599963
Q,468,0.0,-2.473751880152279,-2.4243257097844026e-16,0.011830308254926755,1.0761839111589682e-15,-20.447143385758938,0.0,2.473751880152279,2.4243257097844026e-16,-0.011830308254926755,1.0814659705491495e-15,-1.5692483475963392
Q,272,0.0,1.908332310054446,-3.6769488733865756e-16,-0.5387991117381039,1.3756983384716395e-15,1.4333975094463378,0.0,-1.908332310054446,3.6769488733865756e-16,0.5387991117381039,1.2900895947336274e-15,12.402011738448397
Q,469,-4.385536877469457e-14,-1.5906751569400028,4.800530623423818e-16,0.4068288441223583,-2.0901965557118832e-15,-12.391566629700275,4.385536877469457e-14,1.5906751569400028,-4.800530623423818e-16,-0.4068288441223583,-2.182275699135314e-15,-1.7654422670657475
Q,273,7.365631826397169e-07,-45.438077263697615,-2.732151737798503e-08,-0.7811763817236898,5.6281871309629435e-08,-49.84884590024532,-7.365631826397169e-07,45.438077263697615,2.732151737798503e-08,0.7811763817236898,5.628278028766889e-08,-137.35603242618885
Q,274,7.734557931172073e-07,-46.470094278938745,2.268016819544753e-08,0.18839668178155425,-4.672160092453571e-08,-51.07313312024702,-7.734557931172073e-07,46.470094278938745,-2.268016819544753e-08,-0.18839668178155425,-4.672069204070811e-08,-140.3836553089806
Q,275,1.3095384152062017e-09,3.278458063803635e-11,-0.6044877623339586,-0.028076567995278124,3.378349712726125,1.639228586653655e-10,-1.3095384152062017e-09,-3.278458063803635e-11,0.6044877623339586,0.028076567995278124,2.6665279106134605,1.6392294771499803e-10
Q,276,5.52352166229058e-06,-8.675637110583014e-06,71.64149458379859,1.2269341531289073,-163.43278221458945,-3.209973532036585e-06,-5.52352166229058e-06,8.675637110583014e-06,-71.64149458379859,-1.2269341531289073,110.4180762225786,-3.209997929794832e-06
Q,470,2.674485425483347e-13,-7.044817047096486e-15,60.231627944509135,1.226934153128907,-110.41807622257846,-5.995409511109059e-15,-2.674485425483347e-13,7.044817047096486e-15,-60.231627944509135,-1.226934153128907,-70.87912389039391,-1.5209489800651346e-14
Q,471,0.0,-3.4978520860345014e-16,0.9959572111601801,-0.4966006767359168,69.50815967334981,-6.528897490597104e-16,0.0,3.4978520860345014e-16,-0.9959572111601801,0.4966006767359168,-73.24299921520048,-6.588047832032276e-16
Q,472,5.059801861349855e-08,1.3692198877488425e-09,-54.30185578803008,-0.6741680925477421,74.29042559559477,2.567287390440327e-09,-5.059801861349855e-08,-1.3692198877488425e-09,54.30185578803008,0.6741680925477421,129.34153360951805,2.5672871886178323e-09
Q,473,-3.794851517985136e-08,-5.776398177425616e-10,48.99686521504198,0.8915928371927572,-123.12281309094845,-1.44409962208304e-09,3.794851517985136e-08,5.776398177425616e-10,-48.99686521504198,-0.8915928371927572,-121.86151298426141,-1.4440994666297675e-09
Q,474,-3.919418744635986e-08,6.585980627083741e-10,-49.002824301846715,-0.8840152855916541,121.85948169505764,1.6464952321979848e-09,3.919418744635986e-08,-6.585980627083741e-10,49.002824301846715,0.8840152855916541,123.15463981417595,1.6464950813438857e-09
Q,475,4.304560492231733e-07,-1.6913185971387592e-09,54.07567732125959,0.8778963718473578,-132.1380652007917,-3.2227546098573497e-09,-4.304560492231733e-07,1.6913185971387592e-09,-54.07567732125959,-0.8778963718473578,-138.24032140550636,-5.233838375836448e-09
Q,476,13.585481734569802,0.41939142985676997,-48.78965413929646,-0.7975455614330771,138.18793318484472,1.1638217239614428,-13.585481734569802,-0.41939142985676997,48.78965413929646,0.7975455614330771,132.59464728825057,1.1638007117436304
Q,277,7.31280368291426e-08,-3.330334517096023e-10,78.14620765215282,0.9630829492414055,-133.60103690871944,-6.244378289474288e-10,-7.31280368291426e-08,3.330334517096023e-10,-78.14620765215282,-0.9630829492414055,-159.44724178685365,-6.244376149635798e-10
Q,477,4.197875770953208e-09,4.641595352292116e-10,-88.36340780607527,-0.9984245241361198,160.42126119831585,8.702992301455274e-10,-4.197875770953208e-09,-4.641595352292116e-10,88.36340780607527,0.9984245241361198,170.94151807446644,8.702990269640162e-10
Q,478,-3.1484056084874618e-09,-1.95817476476633e-10,95.01940762125328,0.15179504848211936,-232.488552035546,-4.895437675052172e-10,3.1484056084874618e-09,1.95817476476633e-10,-95.01940762125328,-0.15179504848211936,-242.6084860707204,-4.895436148779477e-10
Q,479,-7.523962898027536e-08,2.382995814348482e-10,-97.44807652843261,-0.1517986275170817,242.61114252251843,5.957490273110724e-10,7.523962898027536e-08,-2.382995814348482e-10,97.44807652843261,0.1517986275170817,244.62924011964458,5.957488798631684e-10
Q,480,4.6642838029409267e-07,-1.271019972819141e-09,105.71219080823684,0.19441419524123996,-258.6247800243732,-2.172008162821732e-09,-4.6642838029409267e-07,1.271019972819141e-09,-105.71219080823684,-0.19441419524123996,-269.93617401681115,-4.1830917012739735e-09
Q,481,13.582943162400403,0.41939138346980637,-96.63700131718342,-0.1669136916603374,270.10424895920016,1.1638215951966475,-13.582943162400403,-0.41939138346980637,96.63700131718342,0.1669136916603374,266.2311083511678,1.1638005830607776
Q,278,-6.000152478767296e-06,-8.799577625303508e-06,85.35008831817531,-2.733974971534088,-202.04206741035276,-3.2558279538879793e-06,6.000152478767296e-06,8.799577625303508e-06,-85.35008831817531,2.733974971534088,138.88300205490316,-3.255859488836603e-06
Q,482,-2.856836704493576e-13,-6.9136118237924855e-15,74.03166721913801,-2.7339749715340878,-138.88300205490305,-5.7321243630123685e-15,2.856836704493576e-13,6.9136118237924855e-15,-74.03166721913801,2.7339749715340878,-83.95231627470221,-1.5077847226603e-14
Q,483,1.6263032587282567e-15,-3.425127028323329e-16,4.41076050164313,-0.44099937696422165,83.17403933952006,-6.437991168458139e-16,-1.6263032587282567e-15,3.425127028323329e-16,-4.41076050164313,0.44099937696422165,-99.7143912206818,-6.406235187754346e-16
Q,484,6.948719919776247e-08,-7.350884922230147e-10,-71.96297480842397,3.1505134086093562,101.52548741239977,-1.3782908218099482e-09,-6.948719919776247e-08,7.350884922230147e-10,71.96297480842397,-3.1505134086093562,168.3356681191901,-1.3782910240263568e-09
Q,485,-5.211539817859441e-08,3.1011529038537235e-10,59.1882216017722,-0.7369527049840204,-149.54992498955772,7.752881511559718e-10,5.211539817859441e-08,-3.1011529038537235e-10,-59.1882216017722,0.7369527049840204,-146.39118301930324,7.752883007708899e-10
Q,486,2.7106527471839476e-08,-3.875071516749479e-10,-59.28190973165319,0.7379709350920923,146.39055785670894,-9.687678061524179e-10,-2.7106527471839476e-08,3.875071516749479e-10,59.28190973165319,-0.7379709350920923,150.01899080155698,-9.687679522223218e-10
Q,487,3.6399245556127837e-07,-6.45213182414116e-10,68.80242957909225,-0.6419222311936278,-171.83695942954475,-6.074911143583182e-10,-3.6399245556127837e-07,6.45213182414116e-10,-68.80242957909225,0.6419222311936278,-172.17518846591653,-2.6185747977122627e-09
Q,488,13.579826223045867,0.4193914100633999,-54.79075277798149,0.5509832131906666,172.05950174418913,1.1638216689952179,-13.579826223045867,-0.4193914100633999,54.79075277798149,-0.5509832131906666,132.02917617360805,1.1638006568566515
Q,279,-3.2526065174565165e-15,3.286104602568896e-16,0.15203954977209866,3.4235910037771733,-1.5253729464994499,6.114389117238239e-16,3.2526065174565165e-15,-3.286104602568896e-16,-0.15203954977209866,-3.4235910037771733,0.9552246348540805,6.208503142395108e-16
Q,489,0.0,-3.3752420816859713e-16,0.816006375273064,-0.528040137021677,-0.5555936295259079,-6.281521890582762e-16,0.0,3.3752420816859713e-16,-0.816006375273064,0.528040137021677,-2.504430277748082,-6.375635915739631e-16
Q,280,1.6263032587282582e-15,6.359953253749644e-16,-8.271910289781633,-3.5206630803783088,1.2956810370893699,1.2038367978309248e-15,-1.6263032587282582e-15,-6.359953253749644e-16,8.271910289781633,3.5206630803783088,29.723982549591724,1.181145672325189e-15
Q,490,0.0,-3.0139343050523004e-17,7.705808607241656,0.7388133319418904,-27.56867057132984,-6.78568309725985e-17,0.0,3.0139343050523004e-17,-7.705808607241656,-0.7388133319418904,-1.3281117058263732,-4.516570546686276e-17
Q,281,-0.00012849477469915142,46.517066918092944,0.005959170980036766,0.5502710481293174,-0.00022644828575513366,114.43764319876634,0.00012849477469915142,-46.517066918092944,-0.005959170980036766,-0.5502710481293174,-0.00022644870872765962,-110.90234611299128
Q,491,-1.1646955779863379e-14,36.1311905681152,2.2943455035660168e-18,0.5502710481293173,-4.805506657219022e-18,110.90234611299225,1.1646955779863379e-14,-36.1311905681152,-2.2943455035660168e-18,-0.5502710481293173,-4.805506657219022e-18,40.451211176842335
Q,492,6.402768735150616e-15,1.2211606871042764,1.1582977448843597e-17,-0.745409988959965,-4.4131144080094106e-17,-36.93054809646401,-6.402768735150616e-15,-1.2211606871042764,-1.1582977448843597e-17,0.745409988959965,-4.4131144080094106e-17,46.235792532198595
Q,493,6.085114743024241e-13,-40.616986192335325,7.880158927186663e-15,0.7799629575394765,-2.122228077420417e-14,-49.65938353597585,-6.085114743024241e-13,40.616986192335325,-7.880158927186663e-15,-0.7799629575394765,-7.209332635085316e-15,-96.88670264597003
Q,494,1.507632184702424e-05,-51.0028615615928,1.0019943852988984e-05,0.7799629575394765,-3.2915831275699933e-06,96.88670264597008,-1.507632184702424e-05,51.0028615615928,-1.0019943852988984e-05,-0.7799629575394765,-3.291519983843751e-06,-130.39558269193645
Q,282,0.0,17.46788234483389,1.2040990543948946e-17,1.3709642170440837,-7.9429703157803e-18,1.7235348298648177,0.0,-17.46788234483389,-1.2040990543948946e-17,-1.3709642170440837,-4.341185435416195e-17,72.77698337085171
Q,495,1.6343089203978555e-08,-68.66408789147691,-6.598757093125434e-09,-0.7843477612178034,9.848645175737698e-09,-77.03645978317196,-1.6343089203978555e-08,68.66408789147691,6.598757093125434e-09,0.7843477612178034,9.848644747241723e-09,-127.92584257288665
Q,496,-1.0525161008387486e-08,56.40763495052364,1.7625684768940333e-09,-0.37864592985402035,-4.084752606267439e-09,143.05943036125194,1.0525161008387486e-08,-56.40763495052364,-1.7625684768940333e-09,0.37864592985402035,-4.084752284136404e-09,118.38995763442514
Q,497,0.0,-27.36959017308237,2.705467864460818e-17,-0.7782769351822041,-5.0338643469597215e-17,-114.43832649362635,0.0,27.36959017308237,-2.705467864460818e-17,0.7782769351822041,-6.504956094965664e-17,-2.292975594569924
Q,283,-1.828651050626898e-08,3.5767355265217198,-2.9222431761323224e-10,-0.1257214288037915,1.0593131495136797e-09,12.690715524523753,1.828651050626898e-08,-3.5767355265217198,2.9222431761323224e-10,0.1257214288037915,1.059313153182254e-09,13.240617042758716
Q,498,-1.9738325703534788e-08,-1.8435447853815756,2.2227141763454626e-10,0.12079297445208766,-9.891078102367057e-10,-8.66577591787323,1.9738325703534788e-08,1.8435447853815756,-2.2227141763454626e-10,-0.12079297445208766,-9.891078067107555e-10,-7.7417726720227895
Q,284,-2.012923771631498e-08,4.314889763205155,-3.0268165932159416e-10,-0.0060836025662110915,1.0972210128508182e-09,15.27617846878313,2.012923771631498e-08,-4.314889763205155,3.0268165932159416e-10,0.0060836025662110915,1.0972210172307396e-09,16.006772314454246
Q,499,-2.4415056747747122e-08,-2.2992013340304265,4.6457047241828315e-10,-0.015349817210471179,-2.067338603208179e-09,-10.68352797397206,2.4415056747747122e-08,2.2992013340304265,-4.6457047241828315e-10,0.015349817210471179,-2.0673386013145397e-09,-9.779363898898733
Q,285,1.143941330875679e-14,7.940965686765297,-6.404181368128653e-18,-1.0474263803942683,9.03406324217425e-18,0.17756741581183988,-1.143941330875679e-14,-7.940965686765297,6.404181368128653e-18,1.0474263803942683,1.8279770292894452e-17,33.690651238242154
Q,500,-1.6344756369128205e-14,-42.388673948180646,-4.076974198743153e-16,0.280685325432033,6.091208390126666e-16,-32.95183790630025,1.6344756369128205e-14,42.388673948180646,4.076974198743153e-16,-0.280685325432033,6.078559593121647e-16,-93.57835382901901
Q,501,0.0,44.89833626767253,4.363912473451906e-17,-0.6933340860301733,-1.0154097102273316e-16,95.53986130239655,0.0,-44.89833626767253,-4.363912473451906e-17,0.6933340860301733,-1.0072637212176267e-16,112.56392729826567
Q,502,0.0,-27.358377542992,8.422104211539643e-17,1.8110961917179678,-1.820833505277286e-16,-113.09196743528733,0.0,27.358377542992,-8.422104211539643e-17,-1.8110961917179678,-1.7711939409443705e-16,-3.5915127855735136
Q,286,0.0,2.997767641888716,-1.0416066789664706e-17,0.0020312892038122443,3.765637054157825e-17,1.775608122784412,0.0,-2.997767641888716,1.0416066789664706e-17,-0.0020312892038122443,3.786011368349087e-17,19.95820728090878
Q,503,0.0,-2.374105308425359,1.5691326952324254e-17,-0.0006251625942756307,-7.008508476254946e-17,-19.654613604909578,0.0,2.374105308425359,-1.5691326952324254e-17,0.0006251625942756307,-6.956772511313637e-17,-1.4749236400761117
Q,287,0.0,2.8099202574310422,2.039962573057278e-09,0.052388220661645286,-7.394864469002658e-09,1.6754419332804424,0.0,-2.8099202574310422,-2.039962573057278e-09,-0.052388220661645286,-7.3948641856626074e-09,18.696479933094615
Q,504,5.481921096836821e-15,-2.194163762986218,1.3536867240979156e-09,-0.11568672172740344,-6.023905850822142e-09,-18.335152046193038,-5.481921096836821e-15,2.194163762986218,-1.3536867240979156e-09,0.11568672172740344,-6.023905993649304e-09,-1.192905444384298
Q,288,-3.2273323165647854e-06,17.870382449867513,9.52010334954427e-08,0.030955914736003426,-1.4125837393962568e-07,29.39209226647732,3.2273323165647854e-06,-17.870382449867513,-9.52010334954427e-08,-0.030955914736003426,-1.3482462319715814e-07,22.432016838138463
Q,505,-2.917157325348361e-06,-9.117824807944972,-6.381665927063249e-09,0.03095591473600331,1.5931775841494408e-08,-22.432016838138452,2.917157325348361e-06,9.117824807944972,6.381665927063249e-09,-0.03095591473600331,1.1828470941230723e-08,-17.23052107642217
Q,506,1.4190159372768252e-06,-0.2613416142889772,6.533298604148092e-10,0.25129664478371794,-2.90582325360713e-09,-1.9982300279924887,-1.4190159372768252e-06,0.2613416142889772,-6.533298604148092e-10,-0.25129664478371794,-2.908812504084671e-09,-0.32771033917940795
Q,289,5.246807879776635e-06,-3.304606255761435e-06,71.38240617796953,1.3369502867525205,-167.89382068309834,-1.834054791386654e-06,-5.246807879776635e-06,3.304606255761435e-06,-71.38240617796953,-1.3369502867525205,88.6593498255522,-1.8340581525085372e-06
Q,507,2.772107827377713e-13,-1.6309232950405093e-15,59.97253953867942,1.33695028675252,-88.6593498255524,8.483672900424941e-16,-2.772107827377713e-13,1.6309232950405093e-15,-59.97253953867942,-1.33695028675252,-69.66815455656109,-5.154004788949433e-15
Q,508,1.3010426069826053e-14,-8.347900538030561e-16,1.5663676868138965,-0.4682624453721299,68.33894435926092,-1.5656566716420685e-15,-1.3010426069826053e-14,8.347900538030561e-16,-1.5663676868138965,0.4682624453721299,-74.21282318481303,-1.564806030119392e-15
Q,509,-6.290792105984044e-08,-1.9693720890336667e-10,-54.221599293240665,-0.7919886647285294,75.25812375488175,-3.692585734072389e-10,6.290792105984044e-08,1.9693720890336667e-10,54.221599293240665,0.7919886647285294,128.07287359477075,-3.692559599803861e-10
Q,510,4.718094079488033e-08,8.308487094119357e-11,48.98941910335609,0.9605554977309047,-122.28885060528783,2.0771315777355737e-10,-4.718094079488033e-08,-8.308487094119357e-11,-48.98941910335609,-0.9605554977309047,-122.65824491149263,2.077111969324105e-10
Q,511,-2.6644985046467284e-08,-5.231335195649456e-11,-49.287800961114925,-0.9506414567883393,122.66542761605089,-1.307843611326845e-10,2.6644985046467284e-08,5.231335195649456e-11,49.287800961114925,0.9506414567883393,123.77357718952373,-1.307823986497883e-10
Q,512,2.4006806308499157e-07,-1.3328452656654785e-09,53.001510392676074,0.9253845970712968,-127.0066949172495,-1.98144197020362e-09,-2.4006806308499157e-07,1.3328452656654785e-09,-53.001510392676074,-0.9253845970712968,-138.0008570461309,-4.682784358123774e-09
Q,513,7.410523763512067,0.5681977086806156,-50.05570842802788,-0.8645556826495505,137.91559830464507,1.563275726715101,-7.410523763512067,-0.5681977086806156,50.05570842802788,0.8645556826495505,139.89358347090962,1.5902215564623152
Q,290,-6.315035733922558e-08,5.88887532340206e-10,78.54754276631795,0.9575280088700205,-134.65422126292165,1.1041654340404965e-09,6.315035733922558e-08,-5.88887532340206e-10,-78.54754276631795,-0.9575280088700205,-159.89906411077064,1.104162812235276e-09
Q,514,-1.1215104366024686e-08,-1.9651754798654406e-10,-88.25569879677639,-0.9989733613189774,160.92286569492424,-3.684717096172396e-10,1.1215104366024686e-08,1.9651754798654406e-10,88.25569879677639,0.9989733613189774,170.03600479298717,-3.6846909533230065e-10
Q,515,8.411338032338067e-09,8.290810541622789e-11,94.8098440271657,0.15889490636895864,-231.68748890475678,2.0727124325567183e-10,-8.411338032338067e-09,-8.290810541622789e-11,-94.8098440271657,-0.15889490636895864,-242.36173123107164,2.072692838254676e-10
Q,516,-2.0746656346007364e-08,-8.579132526279009e-11,-97.15558976349553,-0.15823109515660297,242.34461907595076,-2.1447929182779413e-10,2.0746656346007364e-08,8.579132526279009e-11,97.15558976349553,0.15823109515660297,243.43332974152688,-2.1447733448615632e-10
Q,517,3.279411995866371e-07,-1.2993677539922873e-09,104.01867723121013,0.20599001322021693,-250.44161969494584,-1.8977482821230366e-09,-3.279411995866371e-07,1.2993677539922873e-09,-104.01867723121013,-0.20599001322021693,-269.65176646110496,-4.5990904878384005e-09
Q,518,10.666477736692716,0.5681976754648396,-97.99157474417599,-0.1798930551110331,269.8838398995407,1.5632756344991967,-10.666477736692716,-0.5681976754648396,97.99157474417599,0.1798930551110331,273.969399930636,1.5902214643306625
Q,291,-4.458140817376508e-06,-3.2916215949342364e-06,85.03083970892513,-2.8437836472264686,-206.8536099995874,-1.8268487802667158e-06,4.458140817376508e-06,3.2916215949342364e-06,-85.03083970892513,2.8437836472264686,112.46937792268056,-1.8268511901102845e-06
Q,519,-2.4024934503940184e-13,-1.657726386290279e-15,73.71241860988746,-2.8437836472264686,-112.46937792268051,8.011941138117025e-16,2.4024934503940184e-13,1.657726386290279e-15,-73.71241860988746,2.8437836472264686,-82.13140720742217,-5.1775917736180335e-15
Q,520,-1.3010426069826053e-14,-1.6757115011786003e-16,5.184042309007907,-0.45158544901497555,81.37515578679742,-3.152996187321959e-16,1.3010426069826053e-14,1.6757115011786003e-16,-5.184042309007907,0.45158544901497555,-100.81531444557707,-3.130921942097792e-16
Q,521,-5.953861102053759e-08,-5.109640154277296e-10,-71.52278959579259,3.2608965055540726,102.61840212264178,-9.58058833055971e-10,5.953861102053759e-08,5.109640154277296e-10,71.52278959579259,-3.2608965055540726,165.59205886158045,-9.580562247980148e-10
Q,522,4.465395826540319e-08,2.1556492751827349e-10,58.951382971758065,-0.8051831753716617,-147.98178057773072,5.389132976875032e-10,-4.465395826540319e-08,-2.1556492751827349e-10,-58.951382971758065,0.8051831753716617,-146.77513428105956,5.389113399038641e-10
Q,523,-1.6387792490211994e-07,-2.3069016834132967e-10,-59.74326817310969,0.8049914738312646,146.78506373162224,-5.767263993425407e-10,1.6387792490211994e-07,2.3069016834132967e-10,59.74326817310969,-0.8049914738312646,151.93127713392622,-5.767244423641076e-10
Q,524,5.861850653314514e-07,-1.1544687094071424e-09,68.21177018785427,-0.6763868804858346,-167.4666214948102,-1.5355006048334811e-09,-5.861850653314514e-07,1.1544687094071424e-09,-68.21177018785427,0.6763868804858346,-173.5922294444612,-4.236842942202232e-09
Q,525,14.663442432623437,0.5681976982324909,-55.528464959105676,0.5731585606834316,173.4454147475114,1.5632756977144102,-14.663442432623437,-0.5681976982324909,55.528464959105676,-0.5731585606834316,134.73756577552507,1.5902215274759137
Q,292,0.0,-8.419341397840761e-16,0.5651444827330833,3.3763759482424156,-1.6173676051046155,-1.5745395988041545e-15,0.0,8.419341397840761e-16,-0.5651444827330833,-3.3763759482424156,-0.5019242051444445,-1.5827134253861279e-15
Q,526,-1.3010426069826053e-14,4.90295219427893e-16,0.4536136387857148,-0.49670476759372756,0.8242679299857114,9.152399341199502e-16,1.3010426069826053e-14,-4.90295219427893e-16,-0.4536136387857148,0.49670476759372756,-2.525319075432142,9.233671387346485e-16
Q,293,-1.3010426069826066e-14,-1.5365975065303541e-16,-7.43761025027381,-3.4342665018742764,1.1486837911734789,-2.9790971799643263e-16,1.3010426069826066e-14,1.5365975065303541e-16,7.43761025027381,3.4342665018742764,26.74235464735328,-2.7831434695244956e-16
Q,527,1.3010426069826053e-14,5.12473205508583e-16,6.951324663264924,0.703906860139442,-24.72059673138844,9.706848993216752e-16,-1.3010426069826053e-14,-5.12473205508583e-16,-6.951324663264924,-0.703906860139442,-1.3468707558550257,9.51089621335511e-16
Q,294,-1.9050306310628414e-05,46.39417411073179,1.3023880246097585e-05,0.4173911996138675,-4.291363487382793e-06,120.12948228096371,1.9050306310628414e-05,-46.39417411073179,-1.3023880246097585e-05,-0.4173911996138675,-4.291373594795514e-06,-89.55572154199147
Q,528,0.0,36.00830119313643,4.8571249261122965e-18,0.41739119961386756,-8.757310220502126e-18,89.55572154199147,0.0,-36.00830119313643,-4.8571249261122965e-18,-0.41739119961386756,-8.757482263058814e-18,40.2902125604585
Q,529,0.0,1.4549688114852226,-2.816729740721483e-17,-0.7312925915596021,1.0729696785241855e-16,-36.855946058584244,0.0,-1.4549688114852226,2.816729740721483e-17,0.7312925915596021,1.0733783839055847e-16,47.94280840210164
Q,530,5.889142048543636e-12,-42.10700208431279,9.403817991622948e-12,0.8860750135450877,-2.0254676856847e-11,-51.31918435034402,-5.889142048543636e-12,42.10700208431279,-9.403817991622948e-12,-0.8860750135450877,-1.9166128164036414e-11,-125.19336838709526
Q,531,0.00017129847946785115,-52.49287745365917,0.008139262465266368,0.8860750135450882,-0.00029708308149103594,125.19336838709155,-0.00017129847946785115,52.49287745365917,-0.008139262465266368,-0.8860750135450882,-0.00029708307847338324,-129.0253484412085
Q,295,-2.287882661751358e-14,17.47719919376041,-9.899346839879389e-17,1.3292101972999786,1.9578885082244807e-16,1.8052127321246587,2.287882661751358e-14,-17.47719919376041,9.899346839879389e-17,-1.3292101972999786,2.264182918984078e-16,72.73504182926348
Q,532,-2.8898673393564503e-08,-67.06598705906585,5.698409789441736e-09,-0.6925477186648237,-8.504879514722897e-09,-76.87321519127721,2.8898673393564503e-08,67.06598705906585,-5.698409789441736e-09,0.6925477186648237,-8.504873706760686e-09,-123.31875618003437
Q,533,1.861109870584564e-08,55.60791630597315,-1.5220837871460494e-09,-0.43390769578344474,3.527431066849454e-09,139.42720501355404,-1.861109870584564e-08,-55.60791630597315,1.5220837871460494e-09,0.43390769578344474,3.5274272865724843e-09,118.31548706463153
Q,534,4.5757653235027165e-14,-27.393811148184493,-6.851262638996737e-17,-0.7562514206247107,1.3975138870596884e-16,-114.44240634879536,-4.5757653235027165e-14,27.393811148184493,6.851262638996737e-17,0.7562514206247107,1.524549628472419e-16,-2.3921981982114744
Q,296,8.479208714472841e-12,4.57914380339017,3.255552737642633e-10,-0.12285314300236339,-1.1801378666195877e-09,16.191220076517208,-8.479208714472841e-12,-4.57914380339017,-3.255552737642633e-10,0.12285314300236339,-1.1801378681713215e-09,17.007572498061524
Q,535,-5.175437852154868e-09,-2.410917190295495,-1.645141736913386e-10,0.11856643835184323,7.320880737222577e-10,-11.32314860154149,5.175437852154868e-09,2.410917190295495,1.645141736913386e-10,-0.11856643835184323,7.320880721306553e-10,-10.13401439208841
Q,297,-1.603337613538105e-09,5.5190731995400535,4.952768253935702e-11,-0.006964505610045904,-1.7953784614251871e-10,19.488226917051552,1.603337613538105e-09,-5.5190731995400535,-4.952768253935702e-11,0.006964505610045904,-1.795378522678197e-10,20.525053779613835
Q,536,-5.65304474579568e-09,-2.987140940904198,-6.4970384011206e-10,-0.027171720002282213,2.8911820886535885e-09,-13.895649494203907,5.65304474579568e-09,2.987140940904198,6.4970384011206e-10,0.027171720002282213,2.891182088343744e-09,-12.689904879843446
Q,298,2.287882661751358e-14,8.43111966762959,-7.838389763923748e-17,-1.0453005700687437,1.6781855783173132e-16,0.3237262193564021,-2.287882661751358e-14,-8.43111966762959,7.838389763923748e-17,1.0453005700687437,1.6648876559961647e-16,35.63499916308379
Q,537,-3.268951273825641e-14,-42.653003911293,-1.0338222398332944e-16,0.30157018578627265,1.5619061257356495e-16,-34.93109230294432,3.268951273825641e-14,42.653003911293,1.0338222398332944e-16,-0.30157018578627265,1.5240532601667343e-16,-92.38812437226528
Q,538,0.0,44.9276324094263,-4.0846327829906284e-16,-0.7222313983673735,9.453947606865225e-16,94.34462574245433,0.0,-44.9276324094263,4.0846327829906284e-16,0.7222313983673735,9.478325342296337e-16,113.89495047523658
Q,539,2.2878826617513582e-14,-27.691474137725532,-7.987546454850035e-17,1.8030876770646926,1.686092765556185e-16,-114.39165524283028,-2.2878826617513582e-14,27.691474137725532,7.987546454850035e-17,-1.8030876770646926,1.7205957974373536e-16,-3.7124819545690855
Q,299,1.3459061451544192e-14,3.2752981894710005,5.87516036190704e-17,-0.007182704558240168,-2.1306364191406135e-16,1.9111969545192338,-1.3459061451544192e-14,-3.2752981894710005,-5.87516036190704e-17,0.007182704558240168,-2.1288548432419905e-16,21.83471491914552
Q,540,0.0,-2.5986251198677426,-1.1075915245937527e-16,0.009929450562659868,4.928517749294054e-16,-21.51758891761997,0.0,2.5986251198677426,1.1075915245937527e-16,-0.009929450562659868,4.929046819590342e-16,-1.610174649202932
Q,300,-1.3459061451544192e-14,3.0018076175789856,3.528376168637753e-09,0.0852587414858335,-1.2790363719945627e-08,1.789940279720847,1.3459061451544192e-14,-3.0018076175789856,-3.528376168637753e-09,-0.0852587414858335,-1.279036350267808e-08,19.9731649477268
Q,541,1.0963842193673642e-14,-2.341216552872454,2.3413744937466423e-09,-0.14681469694981233,-1.0419116431273121e-08,-19.587281879395555,-1.0963842193673642e-14,2.341216552872454,-2.3413744937466423e-09,0.14681469694981233,-1.041911656307199e-08,-1.2495454411692783
Q,301,-1.1226133169613465e-06,10.736512646169194,6.008853039564828e-09,0.05899922168561185,-1.5893023603192503e-08,22.447151111708088,1.1226133169613465e-06,-10.736512646169194,-6.008853039564828e-09,-0.05899922168561185,-1.0245487118914494e-08,24.2566788991279
Q,542,-3.7625849533292554e-06,-17.604705577893302,-5.356289171697056e-08,0.05899922168561191,8.175852085189757e-08,-24.25667889912789,3.7625849533292554e-06,17.604705577893302,5.356289171697056e-08,-0.05899922168561191,7.357386512731705e-08,-26.796967276762686
Q,543,1.2168175032799643e-06,-0.4281013692934239,2.0530981636145807e-09,0.2875241299446147,-9.097506208433422e-09,-2.9592381707663633,-1.2168175032799643e-06,0.4281013692934239,-2.0530981636145807e-09,-0.2875241299446147,-9.175067447736341e-09,-0.8508640159451084
Q,302,-6.4979699856713e-06,3.156474485295047e-06,69.97119473849827,1.3986905193396844,-167.2790396466348,2.335778644706167e-06,6.4979699856713e-06,-3.156474485295047e-06,-69.97119473849827,-1.3986905193396844,63.721671433657576,2.335803593530493e-06
Q,544,-3.868739029573827e-13,3.561461551687079e-15,58.561328099208374,1.3986905193396844,-63.721671433657576,-4.029712043518901e-16,3.868739029573827e-13,-3.561461551687079e-15,-58.561328099208374,-1.3986905193396844,-69.2125433515454,8.487488926681558e-15
Q,545,-2.6020852139652106e-14,-5.691076729747715e-16,1.9727616834579749,-0.43489254089073565,67.92691954505948,-1.058279014512098e-15,2.6020852139652106e-14,5.691076729747715e-16,-1.9727616834579749,0.43489254089073565,-75.32477585802688,-1.0758747591432953e-15
Q,546,2.1275564643374878e-07,4.0730556202790315e-09,-54.20528213767137,-0.902413855369988,76.38012492937168,7.636981175377945e-09,-2.1275564643374878e-07,-4.0730556202790315e-09,54.20528213767137,0.902413855369988,126.88968308689596,7.636977400668425e-09
Q,547,-1.5956669579403338e-07,-1.7183234105704293e-09,48.8171961045509,1.032220242885237,-121.9333359502463,-4.2958099482047714e-09,1.5956669579403338e-07,1.7183234105704293e-09,-48.8171961045509,-1.032220242885237,-122.15264457250817,-4.295807104647375e-09
Q,548,-1.7867145263306128e-07,1.8737767166229264e-09,-49.60925730076003,-1.0230268805930711,122.1582641163335,4.684443205137737e-09,1.7867145263306128e-07,-1.8737767166229264e-09,49.60925730076003,1.0230268805930711,125.88802238746663,4.684440377976895e-09
Q,549,1.7867582413622071e-07,-1.8737833372068796e-09,51.97107152523648,1.038919385341054,-120.87759325023785,-4.684456339288937e-09,-1.7867582413622071e-07,1.8737833372068796e-09,-51.97107152523648,-1.038919385341054,-138.97776437594462,-4.6844603467454615e-09
Q,550,0.00015240088168077642,2.0191764394330327e-06,-51.695211938769766,-0.9166775241040329,138.89331320194785,3.960291848273597e-06,-0.00015240088168077642,-2.0191764394330327e-06,51.695211938769766,0.9166775241040329,148.0151130582243,7.2461373905797325e-06
Q,303,2.594595111676812e-07,-4.293487817890319e-09,78.00330686418313,0.9817154817278629,-131.57069559851277,-8.05029156094116e-09,-2.594595111676812e-07,4.293487817890319e-09,-78.00330686418313,-0.9817154817278629,-160.94170514217402,-8.050287756147538e-09
Q,551,-1.3415830946161833e-07,2.0099792817280442e-09,-89.24749231233528,-1.0054682856665655,162.0438300945495,3.76871304439821e-09,1.3415830946161833e-07,-2.0099792817280442e-09,89.24749231233528,1.0054682856665655,172.63426607670783,3.768709262081958e-09
Q,552,1.0061877112749196e-07,-8.479633361781663e-10,94.17882034925879,0.18606472454472622,-229.08706787637044,-2.1199097549365e-09,-1.0061877112749196e-07,8.479633361781663e-10,-94.17882034925879,-0.18606472454472622,-241.80703386992343,-2.1199069259543313e-09
Q,553,-2.3689971859197634e-07,9.305448508089035e-10,-97.53306394294394,-0.186219592425438,241.81011229910325,2.326363539419612e-09,2.3689971859197634e-07,-9.305448508089035e-10,97.53306394294394,0.186219592425438,245.85520741561643,2.326360714624905e-09
Q,554,2.3691554577529026e-07,-9.305511459723068e-10,102.36166723744732,0.13706890993914778,-242.68430405340777,-2.326375894019555e-09,-2.3691554577529026e-07,9.305511459723068e-10,-102.36166723744732,-0.13706890993914778,-269.1240321338289,-2.32637983584198e-09
Q,555,0.0005496749280404718,2.0040906670608374e-06,-98.46667343942111,-0.08310265895260605,269.1777330541073,3.918399109995021e-06,-0.0005496749280404718,-2.0040906670608374e-06,98.46667343942111,0.08310265895260605,277.31230453467975,7.204304092192625e-06
Q,304,1.0240230129753907e-05,3.1631957686478404e-06,84.09687443193005,-2.859517514784189,-207.62500647787252,2.340751453141932e-06,-1.0240230129753907e-05,-3.1631957686478404e-06,-84.09687443193005,2.859517514784189,83.16163231861631,2.3407782844568617e-06
Q,556,6.877758274797915e-13,3.536438661936517e-15,72.77845333289271,-2.8595175147841885,-83.1616323186164,-4.408391775077411e-16,-6.877758274797915e-13,-3.536438661936517e-15,-72.77845333289271,2.8595175147841885,-82.04545674705001,8.468554940103632e-15
Q,557,5.204170427930421e-14,-5.514164137982426e-16,5.484629121266186,-0.4785785630473123,81.31024698105473,-1.0361649405414368e-15,-5.204170427930421e-14,5.514164137982426e-16,-5.484629121266186,0.4785785630473123,-101.87760618580293,-1.031646611201973e-15
Q,558,3.2292067457528884e-07,-1.0459668661190685e-09,-71.37031457737366,3.310713750576443,103.70348136920474,-1.9611859974998374e-09,-3.2292067457528884e-07,1.0459668661190685e-09,71.37031457737366,-3.310713750576443,163.93519829594652,-1.9611897504466695e-09
Q,559,-2.4219054496274484e-07,4.412639626970001e-10,59.90140374900746,-0.8278155282637883,-151.3161255708536,1.1031585007283781e-09,2.4219054496274484e-07,-4.412639626970001e-10,-59.90140374900746,0.8278155282637883,-148.19089317418366,1.1031613127566224e-09
Q,560,-1.6009285693993625e-07,-6.048970453411254e-10,-58.8975635534789,0.8280396870586679,148.1821952011785,-1.5122412019551104e-09,1.6009285693993625e-07,6.048970453411254e-10,58.8975635534789,-0.8280396870586679,146.305622566216,-1.5122440247505165e-09
Q,561,1.6009287645557532e-07,6.048942568751765e-10,58.08760820920223,-0.945510299421897,-132.80289820412187,1.512234227601938e-09,-1.6009287645557532e-07,-6.048942568751765e-10,-58.08760820920223,0.945510299421897,-157.63514284188932,1.512237056773945e-09
Q,562,8.328350344892413e-08,-2.1528937466913044e-09,-64.86229187407066,0.9865968395079816,157.66589309560777,-5.611881558955541e-09,-8.328350344892413e-08,2.1528937466913044e-09,64.86229187407066,-0.9865968395079816,181.23958194641142,-5.636988267506524e-09
Q,563,0.017704204412890525,0.0017217010572519453,335.7444049740759,-2.155404007776644,-180.57052425829235,0.0002517197171179481,-0.017704204412890525,-0.0017217010572519453,-335.7444049740759,2.155404007776644,71.4535926417177,0.00030783312648893405
Q,305,0.0,5.641624762530203e-15,0.7877939941475827,3.336856613895254,-1.6214697027314726,1.025422997330944e-14,0.0,-5.641624762530203e-15,-0.7877939941475827,-3.336856613895254,-1.3327577753219593,1.09018628861788e-14
Q,564,0.0,1.3781550306627587e-16,0.2550996712119957,-0.4921718452583486,1.6341749831252361,2.750999437715835e-16,0.0,-1.3781550306627587e-16,-0.2550996712119957,0.4921718452583486,-2.59079875017022,2.41708192726951e-16
Q,306,0.0,7.128264662878192e-16,-6.599619304255416,-3.355230531534001,1.0610980902549692,1.3768042033634304e-15,0.0,-7.128264662878192e-16,6.599619304255416,3.355230531534001,23.687474300702817,1.296295045215889e-15
Q,565,0.0,7.128285507829615e-16,6.1640923825003835,0.6817928187754725,-21.72279597742488,1.2962989536442822e-15,0.0,-7.128285507829615e-16,-6.1640923825003835,-0.6817928187754725,-1.3925504569515574,1.3768081117918233e-15
Q,307,2.2886021639973573e-05,45.28082715137876,-3.2124573882376725e-06,0.35230687376963,1.994909597271585e-06,122.35298417185906,-2.2886021639973573e-05,-45.28082715137876,3.2124573882376725e-06,-0.35230687376963,1.994962478919603e-06,-66.11419684984665
Q,566,-3.227859593903255e-14,34.89495080145643,-4.552457351838924e-16,0.35230687376963,6.881041339522394e-16,66.11419684984668,3.227859593903255e-14,-34.89495080145643,4.552457351838924e-16,-0.35230687376963,6.881037235086671e-16,39.37323942295609
Q,567,-1.152498372327111e-13,1.6380213103267869,1.942241002677133e-16,-0.7087912164853046,-4.712969008368175e-16,-36.01800889142208,1.152498372327111e-13,-1.6380213103267869,-1.942241002677133e-16,0.7087912164853046,-1.0086907432031578e-15,48.49973127611219
Q,568,-6.6787801339001e-06,-42.29572882343571,-1.250126248385367e-07,0.912678486246092,2.665977024248322e-07,-51.83658789000742,6.6787801339001e-06,42.29572882343571,1.250126248385367e-07,-0.912678486246092,2.665811425115267e-07,-128.55469554194585
Q,308,-2.287882661751358e-14,17.41784274612029,-2.906384321339761e-16,1.2856238064858372,6.827091062942205e-16,1.8335830602304242,2.287882661751358e-14,-17.41784274612029,2.906384321339761e-16,-1.2856238064858372,5.568638067571875e-16,72.4535162519726
Q,569,2.1069629892339037e-07,-65.50012027992307,-2.3412496733542044e-08,-0.6790545167920192,3.4943155522683746e-08,-76.49053960228207,-2.1069629892339037e-07,65.50012027992307,2.3412496733542044e-08,0.6790545167920192,3.4943147226939265e-08,-119.02731943328828
Q,570,-1.3569116501931302e-07,55.304553524520564,6.2536262213922035e-09,-0.433792558191706,-1.4492781521273483e-08,138.5563315067189,1.3569116501931302e-07,-55.304553524520564,-6.2536262213922035e-09,0.433792558191706,-1.4492776014879379e-08,117.78027407943395
Q,571,4.5757653235027165e-14,-27.276010450648833,3.890912612442158e-16,-0.735209765995051,-8.036399056831206e-16,-113.95124562028033,-4.5757653235027165e-14,27.276010450648833,-3.890912612442158e-16,0.735209765995051,-8.558343235234595e-16,-2.3809389517369084
Q,309,-4.1683924630963e-08,5.5755354668531885,-2.1848340171799654e-09,-0.14593762674661487,7.920023303149323e-09,19.9364759499433,4.1683924630963e-08,-5.5755354668531885,2.1848340171799654e-09,0.14593762674661487,7.920023321405427e-09,20.486156184742313
Q,572,-5.029756895390649e-08,-2.6498109217384673,1.5560842209267436e-09,0.13618804340824275,-6.9245747921214795e-09,-12.321279279918242,5.029756895390649e-08,2.6498109217384673,-1.5560842209267436e-09,-0.13618804340824275,-6.924574774126537e-09,-11.262037923554113
Q,310,-4.517395347877857e-08,6.654141075217104,-4.889533126636719e-10,-0.009159154607706345,1.7724557567622598e-09,23.73501616482296,4.517395347877857e-08,-6.654141075217104,4.889533126636719e-10,0.009159154607706345,1.7724557600493616e-09,24.50750663050104
Q,573,-5.990332001504978e-08,-3.2904917897521098,3.4864410279304473e-10,0.04544883096066216,-1.551466258958543e-09,-15.16862960271703,5.990332001504978e-08,3.2904917897521098,-3.4864410279304473e-10,-0.04544883096066216,-1.5514662558995548e-09,-14.11674732607674
Q,311,2.287882661751358e-14,8.821196508704418,4.451511763299876e-16,-1.055349071344816,-9.630366399910072e-16,0.4675213144792494,-2.287882661751358e-14,-8.821196508704418,-4.451511763299876e-16,1.055349071344816,-9.355331270563895e-16,37.15488179514509
Q,574,-3.268951273825641e-14,-43.05015935098274,-3.273577352576767e-15,0.33720138560682733,4.874798148171136e-15,-36.47308897636965,3.268951273825641e-14,43.05015935098274,3.273577352576767e-15,-0.33720138560682733,4.896830249270514e-15,-92.03163668631383
Q,575,-2.1052469368650573e-14,44.97803458316073,7.822087256413725e-16,-0.7649235667685715,-1.8056742425172848e-15,94.01882045370829,2.1052469368650573e-14,-44.97803458316073,-7.822087256413725e-16,0.7649235667685715,-1.8198632008304762e-15,114.45436983924168
Q,576,2.2878826617513582e-14,-27.839585931564777,2.030762514932692e-15,1.8258751834017566,-4.334132678233268e-15,-114.94654168450003,-2.2878826617513582e-14,27.839585931564777,-2.030762514932692e-15,-1.8258751834017566,-4.32706944795466e-15,-3.7892923136237187
Q,312,-1.3459061451544192e-14,3.4245315303109365,-1.3972271450046417e-16,-0.005619543825333534,5.063017932232944e-16,2.0552471234783134,1.3459061451544192e-14,-3.4245315303109365,1.3972271450046417e-16,0.005619543825333534,5.066878869050708e-16,22.772606471275978
Q,577,0.0,-2.702941277486324,-1.8647701372516856e-17,-0.008697973005166133,8.24511793307021e-17,-22.400322154305833,0.0,2.702941277486324,1.8647701372516856e-17,0.008697973005166133,8.351336288469787e-17,-1.6558552153224486
Q,313,0.0,3.610872260881224,1.0295658716107736e-13,0.08445117399675628,-3.7325950747238017e-13,1.9555969094450898,0.0,-3.610872260881224,-1.0295658716107736e-13,-0.08445117399675628,-3.7317574944543063e-13,24.22322698194378
Q,578,-2.1927684387347285e-14,-2.914063208087855,-6.949703063535214e-14,0.030750253718466417,3.058789862052913e-13,-24.003055413052028,2.1927684387347285e-14,2.914063208087855,6.949703063535214e-14,-0.030750253718466417,3.126445864493427e-13,-1.9321071389298776
Q,314,-2.548529645669722e-07,3.7981199774474574,-7.433119721021128e-10,0.09675163530502913,2.1116521364706745e-09,9.438890324118908,2.548529645669722e-07,-3.7981199774474574,7.433119721021128e-10,-0.09675163530502913,2.19955730172158e-09,12.590205545076344
Q,579,-3.931668501004195e-06,-25.31996864286509,3.1618642688956663e-07,0.09675163530502914,-2.2926158164824977e-07,-12.59020554507635,3.931668501004195e-06,25.31996864286509,-3.1618642688956663e-07,-0.09675163530502914,-2.2920873734162188e-07,-24.123748987078034
Q,580,6.405248084036051e-07,-1.3334908173422613,-1.3728533940010466e-09,-0.2617311120805869,6.11376732197252e-09,-7.425352775131468,-6.405248084036051e-07,1.3334908173422613,1.3728533940010466e-09,0.2617311120805869,6.104627884636793e-09,-4.442715499214655
Q,315,-1.7618288584798745e-06,1.2138838151887558e-06,-32.2917437687485,-3.4708127353491093e-10,29.869862988069933,1.1228600565887455e-06,1.7618288584798745e-06,-1.2138838151887558e-06,32.2917437687485,3.4708127353491093e-10,29.869862984114743,1.1228250015104502e-06
Q,581,-4.677489583981991e-06,-8.067854300036803e-07,31.876875848731842,2.2881430828161733,-66.23223769700881,-7.664000325177816e-07,4.677489583981991e-06,8.067854300036803e-07,-31.876875848731842,-2.2881430828161733,5.66617358441836,-7.664922844892098e-07
Q,582,-1.0408340855860843e-13,1.383948326567575e-15,9.454873501336753,-0.010730951754993168,-5.694725656514091,3.4603502037730636e-15,1.0408340855860843e-13,-1.383948326567575e-15,-9.454873501336753,0.010730951754993168,-29.76104997349873,1.7294560208553424e-15
Q,583,-1.1658804130454392e-07,-8.125926911365264e-09,-15.819587722192281,-0.9813624057304666,29.95001637709985,-1.523611359627075e-08,1.1658804130454392e-07,8.125926911365264e-09,15.819587722192281,0.9813624057304666,29.37343758112121,-1.523611232134899e-08
Q,584,8.744103097840794e-08,3.428125655126935e-09,18.97742181748859,0.5643958491402877,-41.086484474110534,8.570314627955177e-09,-8.744103097840794e-08,-3.428125655126935e-09,-18.97742181748859,-0.5643958491402877,-53.800624613332424,8.570313647679495e-09
Q,585,1.5932727793349644e-07,-3.947480287553935e-09,-21.08979292685296,-0.5463195790452913,53.85441319964771,-9.868701205536745e-09,-1.5932727793349644e-07,3.947480287553935e-09,21.08979292685296,0.5463195790452913,51.594551434617095,-9.86870023223293e-09
Q,586,-1.5337872378423654e-06,7.859500212135312e-09,17.91069976148396,0.42007053396092653,-37.234250085236795,1.5839657210872553e-08,1.5337872378423654e-06,-7.859500212135312e-09,-17.91069976148396,-0.42007053396092653,-52.319248722183026,2.345784384980402e-08
Q,587,-47.72430608008198,-1.5887685026744418,-21.722503032100445,-0.4501121721475702,52.15931959683192,-4.408673439521062,47.72430608008198,1.5887685026744418,21.722503032100445,0.4501121721475702,68.40057223132553,-4.408991750322088
Q,316,1.0832006125394145e-06,7.966492259208567e-09,30.63414593974386,0.22716115201142142,-50.925848558578394,1.493717353644057e-08,-1.0832006125394145e-06,-7.966492259208567e-09,-30.63414593974386,-0.22716115201142142,-63.95219871546108,1.4937172435591556e-08
Q,588,-4.569681091859401e-07,-3.475500242050725e-09,-35.22528499613849,-0.3360503543510746,64.68967014859258,-6.516563620142605e-09,4.569681091859401e-07,3.475500242050725e-09,35.22528499613849,0.3360503543510746,67.40514858692676,-6.516562287547613e-09
Q,589,3.427262380145679e-07,1.4662268870022844e-09,37.211730852508154,0.10897514520954925,-89.63926022604909,3.665567709754068e-09,-3.427262380145679e-07,-1.4662268870022844e-09,-37.211730852508154,-0.10897514520954925,-96.41939403649167,3.665566725257353e-09
Q,590,1.8663434079441155e-07,-1.5584996510557377e-09,-36.695996851062695,-0.10397537746721583,96.30813702448637,-3.8962496146242e-09,-1.8663434079441155e-07,1.5584996510557377e-09,36.695996851062695,0.10397537746721583,87.1718472308271,-3.8962486406544874e-09
Q,591,-1.562202086441422e-06,5.4705064280666316e-09,33.2083485462489,0.12850074571428452,-69.39674431299566,9.86718510944453e-09,1.562202086441422e-06,-5.4705064280666316e-09,-33.2083485462489,-0.12850074571428452,-96.64499841824889,1.7485347030888634e-08
Q,592,-47.762768903017616,-1.58876335434694,-40.09921245029753,-0.06579627662455384,96.99283272921298,-4.408659151618204,47.762768903017616,1.58876335434694,40.09921245029753,0.06579627662455384,125.55779636993829,-4.408977465007311
Q,317,1.0524375923113715e-06,1.2372457188870557e-06,-34.357624960852874,7.199658490987238e-10,31.780802988452088,1.1444299838466006e-06,-1.0524375923113715e-06,-1.2372457188870557e-06,34.357624960852874,-7.199658490987238e-10,31.780803189125656,1.14447459609445e-06
Q,593,-1.834833785730053e-06,-8.381117309894722e-07,47.41550491492645,-3.735480605910886,-96.8355189051901,-7.961917022985843e-07,1.834833785730053e-06,8.381117309894722e-07,-47.41550491492645,3.735480605910886,6.7460595668299135,-7.962205865814116e-07
Q,594,5.204170427930421e-14,1.3940432015400445e-15,13.795250956372108,0.08107071506155236,-6.966791793455364,3.541462795347341e-15,-5.204170427930421e-14,-1.3940432015400445e-15,-13.795250956372108,-0.08107071506155236,-44.76539929294004,1.686199210427826e-15
Q,595,-1.1439391101042418e-07,4.8082014832166225e-09,-23.821321167192373,1.7179713117882038,45.0598276853354,9.015377112924556e-09,1.1439391101042418e-07,-4.8082014832166225e-09,23.821321167192373,-1.7179713117882038,44.270126691636,9.015378449137776e-09
Q,596,8.579547228909634e-08,-2.0284592156484262e-09,26.29024173907128,-0.4224731318752458,-57.71391150918015,-5.071147545478253e-09,-8.579547228909634e-08,2.0284592156484262e-09,-26.29024173907128,0.4224731318752458,-73.73729718617624,-5.071148532763877e-09
Q,597,1.5285499428696614e-07,2.191476489529607e-09,-30.255563435731393,0.4136894157544516,73.79476561186627,5.478690737005881e-09,-1.5285499428696614e-07,-2.191476489529607e-09,30.255563435731393,-0.4136894157544516,77.4830515667907,5.478691710642155e-09
Q,598,-1.5297825506355165e-06,1.7205428953449774e-09,29.78812894176176,-0.21516803375748872,-67.85132909131605,4.92263894879925e-10,1.5297825506355165e-06,-1.7205428953449774e-09,-29.78812894176176,0.21516803375748872,-81.08931561749279,8.110450581844963e-09
Q,599,-47.80998546964653,-1.5887685047694002,-25.44342307271248,0.18374481983841875,80.90141043187973,-4.408673445256196,47.80998546964653,1.5887685047694002,25.44342307271248,-0.18374481983841875,60.30958762167454,-4.4089917562139735
Q,318,0.0,1.436785774460255e-15,0.43874556567420436,0.762796651654695,-0.5079467996517822,2.655477587345555e-15,0.0,-1.436785774460255e-15,-0.43874556567420436,-0.762796651654695,-1.1373490716264825,2.7324690668803957e-15
Q,600,0.0,5.458924272213584e-17,-0.12624883581776825,0.029133943437688024,1.1368852682050512,1.720564625431737e-16,0.0,-5.458924272213584e-17,0.12624883581776825,-0.029133943437688024,-0.6634521338884203,3.2653197664835705e-17
Q,319,5.2041704279304263e-14,2.3387117589243623e-15,2.5717230510522406,-0.8664190588630382,-1.0799146334263394,4.553140594478041e-15,-5.2041704279304263e-14,-2.3387117589243623e-15,-2.5717230510522406,0.8664190588630382,-8.564046808019553,4.217028501488309e-15
Q,601,-1.0408340855860843e-13,-3.2582304357232e-16,-2.067144609652947,-0.00337090593490051,8.30920638143804,-7.789742066640565e-16,1.0408340855860843e-13,3.2582304357232e-16,2.067144609652947,0.00337090593490051,-0.5574140952394888,-4.4286220673214356e-16
Q,320,3.2706408215294445e-06,-2.323307184448079,-1.2793140133114185e-06,-4.673529813495931e-09,1.167490998979511e-06,-2.120017715339094,-3.2706408215294445e-06,2.323307184448079,1.2793140133114185e-06,4.673529813495931e-09,1.1672570753138279e-06,-2.12001789627865
Q,602,-7.998212747843886e-14,30.764897423824923,9.547750039177517e-15,-1.0485415993132938,-1.1648255174924735e-14,69.01364454406104,7.998212747843886e-14,-30.764897423824923,-9.547750039177517e-15,1.0485415993132938,-1.16482549206684e-14,6.052705170071754
Q,603,0.0,3.6561113335076874,-2.3185097136117065e-16,0.03137303411305339,8.560504778700549e-16,-5.186286111208709,0.0,-3.6561113335076874,2.3185097136117065e-16,-0.03137303411305339,9.106539239020656e-16,33.045854472537286
Q,604,-1.3577591113995642e-06,-23.298222251541514,1.270538602834815e-08,0.5393198337648292,-2.7088473897277713e-08,-33.80865112419198,1.3577591113995642e-06,23.298222251541514,-1.270538602834815e-08,-0.5393198337648292,-2.7099997513627138e-08,-65.55826677863256
Q,321,0.0,7.0654013630201575,-1.6076685314239766e-15,0.02855207209569786,5.071268499074253e-15,2.2988740345711722,0.0,-7.0654013630201575,1.6076685314239766e-15,-0.02855207209569786,1.7854377874490065e-15,27.835062778709794
Q,605,-3.909435589325789e-07,-17.05465490703965,-9.774335622902151e-08,0.28339249867719496,1.4588195758883315e-07,-28.69811093163796,3.909435589325789e-07,17.05465490703965,9.774335622902151e-08,-0.28339249867719496,1.4588196075479608e-07,-22.2100339658754
Q,606,2.5177267060568656e-07,20.25054298418863,2.6107841989680274e-08,-0.22119603004699634,-6.05049231335978e-08,40.370153816531875,-2.5177267060568656e-07,-20.25054298418863,-2.6107841989680274e-08,0.22119603004699634,-6.050492448857025e-08,53.49111291518241
Q,607,4.5757653235027165e-14,-13.26471313667946,-3.8157271732586076e-15,-0.22073222662554084,6.8122325039049816e-15,-52.7574502069654,-4.5757653235027165e-14,13.26471313667946,3.8157271732586076e-15,0.22073222662554084,9.461843890042976e-15,-3.8165513209724793
Q,322,9.396066898674934e-08,4.9391391921478185,-2.1436888852383814e-09,0.012819782138147212,7.770872207532533e-09,16.951586728111295,-9.396066898674934e-08,-4.9391391921478185,2.1436888852383814e-09,-0.012819782138147212,7.770872210445736e-09,18.857172414960385
Q,608,1.3634077188869104e-07,-2.391926270634121,1.166261256494159e-09,-0.02705042403779565,-5.189862592240936e-09,-11.895796166572262,-1.3634077188869104e-07,2.391926270634121,-1.166261256494159e-09,0.02705042403779565,-5.189862590557078e-09,-9.39234764207141
Q,323,1.144147815283817e-07,5.900242776281142,2.2930291809263137e-10,0.023398330313539363,-8.312230773629968e-10,20.27975138566079,-1.144147815283817e-07,-5.900242776281142,-2.2930291809263137e-10,-0.023398330313539363,-8.312230788085805e-10,22.497008742377492
Q,609,1.4630058926963682e-07,-2.9979268414893845,-1.5333202123506503e-10,-0.0597974896140609,6.823274952133338e-10,-14.726306909774166,-1.4630058926963682e-07,2.9979268414893845,1.5333202123506503e-10,0.0597974896140609,6.823274937787447e-10,-11.95524197948135
Q,324,0.0,6.390106189333995,-7.411720593371068e-17,-0.18896640360110625,1.854906703856562e-16,0.9706314539754679,0.0,-6.390106189333995,7.411720593371068e-17,0.18896640360110625,1.3061921292161983e-16,26.283171443534016
Q,610,0.0,-18.791972457864006,-1.4805183712617983e-14,0.3684476916383621,2.2118401808722775e-14,-26.28654234946888,0.0,18.791972457864006,1.4805183712617983e-14,-0.3684476916383621,2.2075071573441915e-14,-29.807495437255174
Q,611,-4.2104938737301145e-14,17.13040872684326,4.303897891132591e-15,-0.3690237414931781,-9.988236012376812e-15,30.37070694361771,4.2104938737301145e-14,-17.13040872684326,-4.303897891132591e-15,0.3690237414931781,-9.960330713022748e-15,49.028737505300796
Q,612,4.5757653235027165e-14,-11.872568384194553,-1.2682718329303355e-17,0.294428392395321,4.327992244051853e-17,-48.99960356186311,-4.5757653235027165e-14,11.872568384194553,1.2682718329303355e-17,-0.294428392395321,1.0811871233960263e-17,-1.6369005967266474
Q,325,0.0,2.0664459943415627,2.660917182951095e-16,-0.05378858631528445,-9.634514733420546e-16,1.1107154281855784,0.0,-2.0664459943415627,-2.660917182951095e-16,0.05378858631528445,-9.657134842974892e-16,13.871018030790752
Q,613,2.1927684387347285e-14,-1.6285651748026624,7.004221543024159e-17,0.05746842569002421,-3.111370748772081e-16,-13.658067508113993,-2.1927684387347285e-14,1.6285651748026624,-7.004221543024159e-17,-0.05746842569002421,-3.1223864245194197e-16,-0.8361625476296997
Q,326,8.075436870926515e-14,1.5044190151493744,-7.739198476530632e-09,0.15992912535110881,2.8054609630629006e-08,0.8701827061084941,-8.075436870926515e-14,-1.5044190151493744,7.739198476530632e-09,-0.15992912535110881,2.8054579324218077e-08,10.03685515372447
Q,614,-6.578305316204185e-14,-1.1507270769642193,-5.135609097934233e-09,-0.18790518561304864,2.2853448119223285e-08,-9.842558131385633,6.578305316204185e-14,1.1507270769642193,5.135609097934233e-09,0.18790518561304864,2.2853472852391378e-08,-0.3989128535959159
Q,327,0.0003373048653157414,0.6944298404184304,-8.77800044628373e-09,0.006380732560641168,3.358135096856814e-08,3.017755622776319,-0.0003373048653157414,-0.6944298404184304,8.77800044628373e-09,-0.006380732560641168,3.0059152266988895e-08,2.016860720257301
Q,615,-0.0002748780757742266,-0.9028110579790427,-6.450167237134806e-09,0.3110197997616737,2.735552873711428e-08,-6.050344283397674,0.0002748780757742266,0.9028110579790427,6.450167237134806e-09,-0.3110197997616737,3.005095967338548e-08,-1.9846741326158042
Q,328,-5.897122390017759e-08,1.1285708414399473e-09,-0.6737265198587714,-0.22090932273702346,-3.6722583671609588,5.661746173361962e-09,5.897122390017759e-08,-1.1285708414399473e-09,0.6737265198587714,0.22090932273702346,10.409523565748673,5.623962241037511e-09
Q,616,1.1794243804253562e-07,-9.164588929053401e-09,57.013616450191265,0.5206721152115937,-139.3971164364308,-2.2949256275540855e-08,-1.1794243804253562e-07,9.164588929053401e-09,-57.013616450191265,-0.5206721152115937,-145.67096581452554,-2.2873688369726153e-08
Q,617,4.8985037913501735e-14,5.145642160341489e-15,-38.62839548778365,-13.985081603851715,145.4247057606954,6.23640763936269e-15,-4.8985037913501735e-14,-5.145642160341489e-15,38.62839548778365,13.985081603851715,-49.240000996114176,6.576241339887608e-15
Q,618,7.342624994544509e-07,-5.474794446731241e-08,-103.99786823083761,13.406208869018977,53.62205530888255,-6.863340343612597e-08,-7.342624994544509e-07,5.474794446731241e-08,103.99786823083761,-13.406208869018977,207.41259395052,-6.878393717682826e-08
Q,619,-3.6859979424177375e-07,6.85784177919212e-09,67.25134620003591,-1.083171590732456,-165.20602358988432,1.7106820581978528e-08,3.6859979424177375e-07,-6.85784177919212e-09,-67.25134620003591,1.083171590732456,-171.05070741029527,1.718238831398207e-08
Q,620,-9.897933546994947e-08,-7.954818398535747e-09,-67.20708730012905,1.1268273892419527,170.97995803897157,-1.9849261986257293e-08,9.897933546994947e-08,7.954818398535747e-09,67.20708730012905,-1.1268273892419527,165.05547846167366,-1.9924830006421443e-08
Q,621,9.89793305910397e-08,7.864136766105607e-09,40.31731071707267,0.8034545043335113,-104.45773895740255,1.9622557925764842e-08,-9.89793305910397e-08,-7.864136766105607e-09,-40.31731071707267,-0.8034545043335113,-97.1288146279608,1.969812590476319e-08
Q,622,-5.8985794764224164e-08,8.868202998118732e-10,-38.163160505526974,-0.6775315806960645,97.17099743966969,2.254834707011012e-09,5.8985794764224164e-08,-8.868202998118732e-10,38.163160505526974,0.6775315806960645,93.64480508796518,2.179266792048354e-09
Q,623,6.903672701867244e-07,-6.861939730418523e-10,9.805964718847584,-0.024500568156622875,-28.76573543987062,-1.7154849303176417e-09,-6.903672701867244e-07,6.861939730418523e-10,-9.805964718847584,0.024500568156622875,-20.264088154367293,-1.7154849348916196e-09
Q,329,-8.929839289892327e-08,-6.253577207767757e-11,1.212954527970541,0.017217250883444998,-14.70319135883036,-3.126921557986928e-10,8.929839289892327e-08,6.253577207767757e-11,-1.212954527970541,-0.017217250883444998,2.573646079124952,-3.1266556497808293e-10
Q,624,2.1026793099645363e-07,8.402100194792369e-10,71.50896990157528,0.004317535329394521,-162.13581851320743,2.0627410591989178e-09,-2.1026793099645363e-07,-8.402100194792369e-10,-71.50896990157528,-0.004317535329394521,-195.409030994669,2.1383090381972667e-09
Q,625,-1.4374263498234674e-08,-6.002948900902258e-11,-78.48783688636364,-0.04253898942255977,195.70257633102102,-1.1228973073639306e-10,1.4374263498234674e-08,6.002948900902258e-11,78.48783688636364,0.04253898942255977,196.7366081007971,-1.8785771430871985e-10
Q,626,1.4374263498234674e-08,-3.065208853338282e-11,69.18197343315829,0.27146519030100164,-168.40956584052208,-1.1441421998058731e-10,-1.4374263498234674e-08,3.065208853338282e-11,-69.18197343315829,-0.27146519030100164,-177.50030132526933,-3.8846222686326776e-11
Q,627,-5.424923693857914e-08,1.5610772196401543e-10,-73.97402158947042,-0.2757811626104778,177.5471108353654,4.280532898352351e-10,5.424923693857914e-08,-1.5610772196401543e-10,73.97402158947042,0.2757811626104778,192.3229971119867,3.5248531998484205e-10
Q,628,5.424923693857914e-08,-2.4678926108500634e-10,77.28554910519361,0.0920633546704184,-190.61247416720357,-6.547571353507234e-10,-5.424923693857914e-08,2.4678926108500634e-10,-77.28554910519361,-0.0920633546704184,-195.81527135876442,-5.791891700743083e-10
Q,629,1.796292362901339e-07,4.4687266582445206e-11,-74.42644829984137,-0.08294504249387072,195.78649671688785,1.4950215138130954e-10,-1.796292362901339e-07,-4.4687266582445206e-11,74.42644829984137,0.08294504249387072,176.34574478231897,7.393418153091649e-11
Q,630,6.546839291391229e-07,1.7456451323512312e-11,11.10258363264268,-0.006917526551562981,-36.47849010748618,4.364112830878078e-11,-6.546839291391229e-07,-1.7456451323512312e-11,-11.10258363264268,0.006917526551562981,-19.034428055727215,4.364112830878078e-11
Q,330,-5.78222901688203e-07,4.960421897151309e-11,3.366984728119281,-0.011369894380129801,-29.113704712954362,2.480212172114747e-10,5.78222901688203e-07,-4.960421897151309e-11,-3.366984728119281,0.011369894380129801,-4.556142568238448,2.480209725036562e-10
Q,631,2.6722131343630273e-07,-1.8487464184047727e-10,41.276381133633066,-0.6739827071946844,-93.4818852127953,-4.999705895263897e-10,-2.6722131343630273e-07,1.8487464184047727e-10,-41.276381133633066,0.6739827071946844,-112.90002045537001,-4.2440261967599665e-10
Q,632,2.114063318934406e-08,-4.4490886499839576e-11,-44.759616301703254,0.6782541970464366,112.85273517284818,-7.344323361139138e-11,-2.114063318934406e-08,4.4490886499839576e-11,44.759616301703254,-0.6782541970464366,110.94534633566808,-1.490111988878065e-10
Q,633,-2.1140618552614732e-08,-4.619080630680929e-11,40.78148666421487,-0.6682996920251364,-96.14580930484284,-1.5326100069221974e-10,2.1140618552614732e-08,4.619080630680929e-11,-40.78148666421487,0.6682996920251364,-107.76162401623148,-7.76930308418267e-11
Q,634,-8.534564656555166e-09,-2.352107455338851e-10,-45.727837267499076,0.6644924219889561,107.76432355340768,-5.502428789095162e-10,8.534564656555166e-09,2.352107455338851e-10,45.727837267499076,-0.6644924219889561,120.8748627840877,-6.258108487599092e-10
Q,635,8.53455977764539e-09,1.4452919543534717e-10,43.93334699106407,-0.6505575329484725,-108.94543759640504,3.2353900595016036e-10,-8.53455977764539e-09,-1.4452919543534717e-10,-43.93334699106407,0.6505575329484725,-110.72129735891528,3.991069712265755e-10
Q,636,-1.1698517642880907e-07,-4.765719224892532e-10,-42.138646881301355,0.6549015494498005,110.707889189083,-1.1536458144369697e-09,1.1698517642880907e-07,4.765719224892532e-10,42.138646881301355,-0.6549015494498005,99.98534521742373,-1.2292137980092965e-09
Q,637,7.718223326083629e-07,3.598867727875395e-10,7.87836474416552,0.013462965382210734,-24.360610540093557,8.997169251078818e-10,-7.718223326083629e-07,-3.598867727875395e-10,-7.87836474416552,-0.013462965382210734,-15.03121318073404,8.997169388298156e-10
Q,331,5.968062873210252e-09,2.406960546872307e-09,11.942770902154002,-1.4645278040550638,-44.03217259625096,9.014067240403315e-09,-5.968062873210252e-09,-2.406960546872307e-09,-11.942770902154002,1.4645278040550638,-45.41918146088251,9.014067255670263e-09
Q,332,-2.7140406032491364e-08,0.9500512557086437,-2.2758486719730233e-10,0.014924160182609138,8.713529460199813e-10,3.1767184039156176,2.7140406032491364e-08,-0.9500512557086437,2.2758486719730233e-10,-0.014924160182609138,7.786373411604606e-10,3.711153199972049
Q,638,4.994901744672741e-09,-0.9218449041912669,4.23103446409177e-09,0.21255099377961192,-1.8828130174086668e-08,-4.260768217400804,-4.994901744672741e-09,0.9218449041912669,-4.23103446409177e-09,-0.21255099377961192,-1.8828076556330074e-08,-3.943651429901471
Q,333,-4.791570427069722e-07,8.57886074737955,-6.986021312939206e-10,-0.056803917786268344,2.5324327988437117e-09,36.50677652454913,4.791570427069722e-07,-8.57886074737955,6.986021312939206e-10,0.056803917786268344,2.5324326530372125e-09,25.689963893952612
Q,639,3.9992385061938886e-08,-3.1011313827093905,-2.076420745923e-10,0.07940337727313433,9.240072250833334e-10,-14.513633350350913,-3.9992385061938886e-08,3.1011313827093905,2.076420745923e-10,-0.07940337727313433,9.240072387881362e-10,-13.086435955762653
Q,334,3.299087027271116e-07,2.853110712152592,-3.139244579673483e-09,0.013072583726861282,1.1379761761142731e-08,11.886888890041794,-3.299087027271116e-07,-2.853110712152592,3.139244579673483e-09,-0.013072583726861282,1.137976144149002e-08,8.7981637730645
Q,640,6.062237264147967e-10,-2.2975880685901524,2.1209055501099256e-10,-0.020389392433043517,-9.438029812195856e-10,-10.52534983208875,-6.062237264147967e-10,2.2975880685901524,-2.1209055501099256e-10,0.020389392433043517,-9.438029583782478e-10,-9.923183978363605
Q,335,3.88454314512368e-07,2.2706386358505233,4.5228497949680444e-10,-0.18284958524744355,-1.6395330843235698e-09,9.20373644120414,-3.88454314512368e-07,-2.2706386358505233,-4.5228497949680444e-10,0.18284958524744355,-1.6395330170282625e-09,7.258393668712154
Q,641,-1.526679392981925e-08,-2.27903521788744,2.58389502433526e-10,0.01792721015889473,-1.1498332835450567e-09,-10.437851233381592,1.526679392981925e-08,2.27903521788744,-2.58389502433526e-10,-0.01792721015889473,-1.1498332881133242e-09,-9.84556220581662
Q,336,-4.03320426625241e-08,2.3584786169979397,2.080381021565343e-09,0.13645583303410905,-7.541381194762455e-09,8.130167623867433,4.03320426625241e-08,-2.3584786169979397,-2.080381021565343e-09,-0.13645583303410905,-7.541381211586281e-09,8.968802349367634
Q,642,-2.0336266247172264e-08,-1.805651056655978,-1.2955129829064567e-09,-0.09312610020473949,5.765032783070266e-09,-8.377639934591361,2.0336266247172264e-08,1.805651056655978,1.2955129829064567e-09,0.09312610020473949,5.765032764797196e-09,-7.692654469646839
Q,337,-6.6323091953768664e-09,1.2059516954594292,1.7807398642382565e-09,0.03607851211259735,-6.455182002255738e-09,4.1617988842802855,6.6323091953768664e-09,-1.2059516954594292,-1.7807398642382565e-09,-0.03607851211259735,-6.455182013471622e-09,4.5813509078005765
Q,643,-6.976780678812157e-09,-1.436721981767158,-7.637975647113832e-10,-0.018926875123547227,3.3988991652497885e-09,-6.538054483574534,6.976780678812157e-09,1.436721981767158,7.637975647113832e-10,0.018926875123547227,3.398899160681521e-09,-6.248771154153168
Q,338,-2.1686584614340819e-07,-52.8324590441264,2.244736274315103e-08,2.3843058174378804,-4.61628022804764e-08,-53.76913006083586,2.1686584614340819e-07,52.8324590441264,-2.244736274315103e-08,-2.3843058174378804,-4.632033222130584e-08,-163.9006012009649
Q,339,0.0,4.20713643297479,-4.6410556729462734e-17,0.24626005383018754,1.9627797950168616e-16,14.505753719063318,0.0,-4.20713643297479,4.6410556729462734e-17,-0.24626005383018754,1.4019855678691868e-16,15.995985420003905
Q,644,5.481921096836821e-15,-1.9439736853363003,-1.5398654766395568e-18,-0.04728528252181367,4.568267580697351e-18,-15.949128895251949,-5.481921096836821e-15,1.9439736853363003,1.5398654766395568e-18,0.04728528252181367,9.136535161394702e-18,-1.3522369042411206
Q,340,0.0,10.597606045657326,-7.657741860361351e-17,0.0495090472723032,2.747891713023606e-16,56.10421797486414,0.0,-10.597606045657326,7.657741860361351e-17,-0.0495090472723032,2.8039711357383736e-16,20.728425856151475
Q,645,0.0,-2.4173001817139426,6.005475358894271e-17,0.0026995371761978047,-2.649595196804463e-16,-20.18117950323999,0.0,2.4173001817139426,-6.005475358894271e-17,-0.0026995371761978047,-2.695277872611437e-16,-1.3327921140140973
Q,341,-1.6676881924869153e-06,-29.831320768867496,2.731627326066264e-08,4.382054312768549,-5.627427688094298e-08,-95.51375109486342,1.6676881924869153e-06,29.831320768867496,-2.731627326066264e-08,-4.382054312768549,-5.626876895298709e-08,-27.391290472870654
Q,342,0.0,2.478933722599652,-1.1602639182365685e-17,-0.04218281170889069,1.6823826814430242e-17,1.4809860850295635,0.0,-2.478933722599652,1.1602639182365685e-17,0.04218281170889069,6.729530725772097e-17,16.491283403817913
Q,646,0.0,-1.9799701223653827,3.849663691598892e-17,-0.013408169832277795,-1.69025900485802e-16,-16.316275006653626,0.0,1.9799701223653827,-3.849663691598892e-17,0.013408169832277795,-1.7359416806649935e-16,-1.3054590823982757
Q,343,-1.7454685158173333e-07,1.2482654369168419e-09,-0.9901733150632769,0.04397176814335616,-0.41296676384721476,6.231998590301093e-09,1.7454685158173333e-07,-1.2482654369168419e-09,0.9901733150632769,-0.04397176814335616,10.314699914479982,6.250655778867326e-09
Q,647,7.933947355632446e-07,-1.1658873886738789e-07,64.76733907864225,-0.6094899069157969,-113.783262173952,-1.2820521030475446e-07,-7.933947355632446e-07,1.1658873886738789e-07,-64.76733907864225,0.6094899069157969,-28.704883799060916,-1.282900152034988e-07
Q,648,1.0454806663253074e-13,6.856290005182305e-16,16.649462382901902,1.3351727751162978,29.18827543052066,1.1195264404844041e-15,-1.0454806663253074e-13,-6.856290005182305e-16,-16.649462382901902,-1.3351727751162978,-75.806770102646,8.002347609666415e-16
Q,649,7.061100727560887e-07,-9.919071305421231e-09,-29.9930359946707,-0.877473595882932,75.68353663137923,-2.4816335440705303e-08,-7.061100727560887e-07,9.919071305421231e-09,29.9930359946707,0.877473595882932,74.28164334197425,-2.477902108640085e-08
Q,650,-7.061100922717278e-07,9.963848482377895e-09,37.073829700041074,0.6976094991312289,-86.49269235170601,2.492827840208718e-08,7.061100922717278e-07,-9.963848482377895e-09,-37.073829700041074,-0.6976094991312289,-98.87645614849936,2.4890964009802295e-08
Q,651,-1.2783397387514106e-07,-1.1083313005508233e-08,-41.95014188093306,-0.7212573601192608,98.8714272277542,-2.7726939653305303e-08,1.2783397387514106e-07,1.1083313005508233e-08,41.95014188093306,0.7212573601192608,110.87928217691109,-2.7689625374235863e-08
Q,652,1.2783393484386285e-07,1.112808999148781e-08,27.12120523737407,0.9135210381602953,-60.13358998052593,2.7838882145196155e-08,-1.2783393484386285e-07,-1.112808999148781e-08,-27.12120523737407,-0.9135210381602953,-75.47243620634441,2.780156781224289e-08
Q,653,-6.222459461753538e-07,2.2549409938144414e-10,-31.875223886288826,-0.5140425230542665,75.56007811343065,5.450780849024361e-10,6.222459461753538e-07,-2.2549409938144414e-10,31.875223886288826,0.5140425230542665,83.81604131801346,5.823924120047846e-10
Q,654,1.7835392537857153e-06,-5.307475357202931e-11,-12.458135444933445,-0.0067345312321716476,10.029481272878659,-1.3268690765814205e-10,-1.7835392537857153e-06,5.307475357202931e-11,12.458135444933445,0.0067345312321716476,52.261195951788565,-1.326868602020045e-10
Q,344,1.0807446734414916e-07,-1.5146559635394992e-10,2.372642851056574,0.00569279629356896,-19.48219103526048,-7.573353512588907e-10,-1.0807446734414916e-07,1.5146559635394992e-10,-2.372642851056574,-0.00569279629356896,-4.244237475305257,-7.573206122806086e-10
Q,655,-4.5860572087045514e-07,8.063244559235215e-09,74.77208019033175,1.2470160582174525,-143.93965697525,8.911971672235972e-09,4.5860572087045514e-07,-8.063244559235215e-09,-74.77208019033175,-1.2470160582174525,-20.55891944347981,8.827166358081498e-09
Q,656,3.4849355544176915e-14,1.7465141305847604e-15,42.06559586033754,-0.9170184343062652,20.3459782952567,2.4333536186652755e-15,-3.4849355544176915e-14,-1.7465141305847604e-15,-42.06559586033754,0.9170184343062652,-138.12964670420183,2.456885946972055e-15
Q,657,3.082891949536537e-07,4.87841259441278e-10,-57.01122225625545,-0.04395618038778728,138.35054465682887,1.200946018583824e-09,-3.082891949536537e-07,-4.87841259441278e-10,57.01122225625545,0.04395618038778728,146.70556662444835,1.2382602786225663e-09
Q,658,-3.082892144692928e-07,-4.430642791384165e-10,55.49493530570737,-0.03779837219430585,-132.93230223579843,-1.0890035691379478e-09,3.082892144692928e-07,4.430642791384165e-10,-55.49493530570737,0.03779837219430585,-144.54237429273843,-1.1263178265541347e-09
Q,659,-1.0377893856772236e-07,3.3120345904769504e-10,-60.348676993929075,0.03620074692781524,144.52991417905332,8.093514974600141e-10,1.0377893856772236e-07,-3.3120345904769504e-10,60.348676993929075,-0.03620074692781524,157.21347079059205,8.466657977784611e-10
Q,660,1.0377891905208325e-07,-2.8642614265192903e-10,57.57362168594134,0.048751412788350636,-140.05470962567406,-6.974082081464773e-10,-1.0377891905208325e-07,2.8642614265192903e-10,-57.57362168594134,-0.048751412788350636,-147.81339880403263,-7.347225051131678e-10
Q,661,-9.735505370617181e-07,-6.012465991424833e-10,-57.63718948098199,-0.04558799597156735,147.75228329045115,-1.5217736417295622e-09,9.735505370617181e-07,6.012465991424833e-10,57.63718948098199,0.04558799597156735,140.43366411445882,-1.4844593539828542e-09
Q,662,2.638186544223764e-06,-1.3128323504987901e-10,-22.094581350111483,-0.00709626759031946,24.85747335791513,-3.282080890532281e-10,-2.638186544223764e-06,1.3128323504987901e-10,22.094581350111483,0.00709626759031946,85.61543339264227,-3.2820808619616696e-10
Q,345,3.064041500990683e-07,-4.056388493450606e-11,-1.4345170803628564,-0.006374331418126581,9.320514702769739,-2.0281900080416888e-10,-3.064041500990683e-07,4.056388493450606e-11,1.4345170803628564,0.006374331418126581,5.0246561008588255,-2.0281984854089174e-10
Q,663,-5.142640805387566e-07,1.4242641954036269e-09,38.26090988400472,-0.6153304330947106,-91.15641444129119,3.579317639726079e-09,5.142640805387566e-07,-1.4242641954036269e-09,-38.26090988400472,0.6153304330947106,-100.1481349787324,3.5420033372920555e-09
Q,664,-2.0840713920236564e-07,-1.4227217780969104e-09,-40.24147088432953,0.619227581634087,100.05047049737215,-3.5754615847769953e-09,2.0840713920236564e-07,1.4227217780969104e-09,40.24147088432953,-0.619227581634087,101.15688392427549,-3.5381473057075568e-09
Q,665,2.0840710017108743e-07,1.4674990661667325e-09,35.84416938723526,-0.5096378512035579,-81.13291322092522,3.687404804651718e-09,-2.0840710017108743e-07,-1.4674990661667325e-09,-35.84416938723526,0.5096378512035579,-98.0879337152511,3.6500905261819442e-09
Q,666,-2.7128436216189433e-08,-1.6047218365753806e-09,-42.19221399115419,0.5087762785281787,98.10542274968138,-4.030461741028161e-09,2.7128436216189433e-08,1.6047218365753806e-09,42.19221399115419,-0.5087762785281787,112.85564720608954,-3.993147441848742e-09
Q,667,2.7128436216189433e-08,1.649499148419726e-09,39.14575768569053,-0.5435920738828173,-95.35854972678368,4.142405021836399e-09,-2.7128436216189433e-08,-1.649499148419726e-09,-39.14575768569053,0.5435920738828173,-100.37023870166897,4.10509072026223e-09
Q,668,-6.925192255584356e-07,-1.2323575346649844e-09,-39.168239523723244,0.5475124445683671,100.34371230816421,-3.09955099386551e-09,6.925192255584356e-07,1.2323575346649844e-09,39.168239523723244,-0.5475124445683671,95.49748531045198,-3.062236679459412e-09
Q,669,1.8933933132285474e-06,-3.4385753723008634e-11,-15.45599909187238,-0.00019213891279692242,16.015648663048566,-8.596435745913108e-11,-1.8933933132285474e-06,3.4385753723008634e-11,15.45599909187238,0.00019213891279692242,61.26434679631333,-8.59644111559121e-11
Q,346,2.989631710296318e-08,1.8296339617822497,-1.3952030819352523e-10,0.07748642667228842,4.829045072288544e-10,7.144731261501955,-2.989631710296318e-08,-1.8296339617822497,1.3952030819352523e-10,-0.07748642667228842,5.286177271742036e-10,6.120114961419354
Q,670,-6.289183315635914e-08,-1.7122354991642716,-4.072334432990747e-10,-0.22202550385644018,1.8121732656536393e-09,-7.691539171939044,6.289183315635914e-08,1.7122354991642716,4.072334432990747e-10,0.22202550385644018,1.8122043797081249e-09,-7.5473567706229705
Q,347,-5.085419020157153e-07,4.754169351309401,4.5880053904851295e-09,-0.023768217760812078,-1.66315195073083e-08,16.833812553966403,5.085419020157153e-07,-4.754169351309401,-4.5880053904851295e-09,0.023768217760812078,-1.6631519573708883e-08,17.63391524302676
Q,671,-2.82797727475694e-08,-3.604630526541399,1.3932760484970709e-09,0.13520274407094568,-6.200078405583272e-09,-16.34698914136063,2.82797727475694e-08,3.604630526541399,-1.3932760484970709e-09,-0.13520274407094568,-6.200078426040657e-09,-15.734222544857815
Q,348,4.984153580158192e-07,4.933485984770437,-3.378454420963616e-09,0.013713499362394205,1.2246897361340348e-08,22.121465142343315,-4.984153580158192e-07,-4.933485984770437,3.378454420963616e-09,-0.013713499362394205,1.2246897190645868e-08,13.646308247242354
Q,672,-7.453820741811555e-08,-3.013116767391608,-2.370515711868444e-09,-0.03138433830741036,1.0548794907245996e-08,-13.591496163078148,7.453820741811555e-08,3.013116767391608,2.370515711868444e-09,0.03138433830741036,1.0548794928383154e-08,-13.225243066707158
Q,349,5.466722441106885e-07,4.977395311755049,1.6413395391467007e-10,-0.0025557333315173168,-5.949855932977789e-10,22.54341443422683,-5.466722441106885e-07,-4.977395311755049,-1.6413395391467007e-10,0.0025557333315173168,-5.949855725835791e-10,13.542701575997276
Q,673,-7.552767224841021e-08,-3.1603647920963955,3.228081070182281e-10,-0.0014082531844762307,-1.4364960757172402e-09,-14.239604373702985,7.552767224841021e-08,3.1603647920963955,-3.228081070182281e-10,0.0014082531844762307,-1.436496076744989e-09,-13.887642275954926
Q,350,-3.959484948963867e-08,2.7658821042615838,-2.9878463347897204e-09,0.08718054240837173,1.0830942955320964e-08,9.803696368484974,3.959484948963867e-08,-2.7658821042615838,2.9878463347897204e-09,-0.08718054240837173,1.0830942971904509e-08,10.248948887411508
Q,674,-2.4621993787231615e-08,-2.5246395502087764,1.2505349302950295e-09,-0.049133560982285614,-5.564880450311196e-09,-11.403278641206292,2.4621993787231615e-08,2.5246395502087764,-1.2505349302950295e-09,0.049133560982285614,-5.564880429314563e-09,-11.066013355651812
Q,351,-4.334046591441906e-08,1.455590012213297,4.188822018122167e-09,-0.12077389989381537,-1.5184479796644197e-08,5.049576635314215,4.334046591441906e-08,-1.455590012213297,-4.188822018122167e-09,0.12077389989381537,-1.5184479834741513e-08,5.503450953232189
Q,675,-2.0841660998852942e-08,-2.099817744444876,-2.130235468288347e-09,0.09268070470729174,9.479547851626446e-09,-9.4457972552493,2.0841660998852942e-08,2.099817744444876,2.130235468288347e-09,-0.09268070470729174,9.47954781613984e-09,-9.24258067031009
Q,352,0.0,2.1815989400726354,-1.794856898087314e-16,0.12323347126685331,6.781954580648768e-16,2.212646370999231,0.0,-2.1815989400726354,1.794856898087314e-16,-0.12323347126685331,6.23075793048426e-16,13.603945944527375
Q,676,-1.0963842193673642e-14,-1.7653445183342305,2.6054027619031057e-17,-0.09766448136024823,-1.170055341204025e-16,-14.477008198445844,1.0963842193673642e-14,1.7653445183342305,-2.6054027619031057e-17,0.09766448136024823,-1.1487531168897384e-16,-1.2345580147288029
Q,353,0.0,1.6400886969741277,-1.6154748842048705e-16,0.005028920745146967,5.882787576966884e-16,1.4188668592504925,0.0,-1.6400886969741277,1.6154748842048705e-16,-0.005028920745146967,5.829405333518427e-16,10.471776193811934
Q,677,0.0,-1.2993471283894145,-6.361625641925152e-17,0.017489034430273456,2.8303741255533e-16,-10.545775312934047,0.0,1.2993471283894145,6.361625641925152e-17,-0.017489034430273456,2.831472695760084e-16,-1.0184141297317382
Q,354,1.3459061451544192e-14,1.9952759986629078,2.7966722749897015e-17,-0.0876419070862307,-1.337972056906566e-16,1.4275635612145745,-1.3459061451544192e-14,-1.9952759986629078,-2.7966722749897015e-17,0.0876419070862307,-6.896153424609675e-17,13.038187429091508
Q,678,0.0,-1.5769609594137965,2.4647058247370036e-17,-0.02652639350474205,-1.0686467157706984e-16,-12.943848020331593,0.0,1.5769609594137965,-2.4647058247370036e-17,0.02652639350474205,-1.1249414682452343e-16,-1.0911045184511936
Q,355,5.6962510511521955,21.03601022954837,-28.19370109908403,-0.0014773164218404974,56.413398487481786,41.65473373019851,-5.6962510511521955,-21.03601022954837,28.19370109908403,0.0014773164218404974,55.233657864890986,41.64786677881305
Q,356,4.834831865853131,20.725587945370876,-47.71441451242908,-0.001477316421840502,94.8998581784108,41.036201115554775,-4.834831865853131,-20.725587945370876,47.71441451242908,0.001477316421840502,94.04922329080838,41.03712714811391
Q,357,14.929668433344244,-1.3346560926382431,-25.51045016393014,1.7656471165553325e-05,51.144460180922756,-2.6880647958450163,-14.929668433344244,1.3346560926382431,25.51045016393014,-1.7656471165553325e-05,49.876922468240615,-2.597173331002427
Q,358,15.106626942770484,-1.425595869849552,-26.14269417123385,1.765647116553785e-05,52.4800123658344,-2.7904350522092356,-15.106626942770484,1.425595869849552,26.14269417123385,-1.765647116553785e-05,51.045056552251665,-2.854924592394991
Q,679,1.0929226273992394e-06,0.00029133690304349676,-88.80639527744687,1.30854359195031e-08,9.990719508940128,3.277554702040744e-05,-1.0929226273992394e-06,-0.00029133690304349676,88.80639527744687,-1.30854359195031e-08,9.990719428485423,3.2775256164379345e-05
Q,680,-1.5066399690344401e-05,-0.1129250704010855,-36.71434748937996,-1.1424724827204663e-08,4.589292350156096,-0.014115658275631122,1.5066399690344401e-05,0.1129250704010855,36.71434748937996,1.1424724827204663e-08,4.589294522188895,-0.014115609324640253
Q,681,-8.960762668837771e-06,-0.0001891078116833426,13.471172906446213,-0.08487172097534056,-40.148360023441825,-2.3632016948525645e-05,8.960762668837771e-06,0.0001891078116833426,-13.471172906446213,0.08487172097534056,36.78056679683027,-2.3644935972310005e-05
Q,682,7.092286714291608e-06,0.00034161029875509033,-54.600451955007316,-0.4870660702241012,-67.94791499366019,4.2710543337670384e-05,-7.092286714291608e-06,-0.00034161029875509033,54.600451955007316,0.4870660702241012,81.59802798241202,4.26920313511022e-05
Q,683,-3.081434644587814e-05,7.46875660103965e-05,-220.7542311942023,-0.7843729646159591,-35.67800310836951,9.34273483831195e-06,3.081434644587814e-05,-7.46875660103965e-05,220.7542311942023,0.7843729646159591,90.86656090692009,9.329156664287175e-06
Q,684,1.3497090700946221e-05,-0.00021614119967304843,85.08995828682872,-0.7537643378331134,-38.15063716191669,-2.69966598493882e-05,-1.3497090700946221e-05,0.00021614119967304843,-85.08995828682872,0.7537643378331134,16.87814759020951,-2.7038640068873907e-05
Q,685,5.642066062397019e-06,0.0002927060605761652,-43.996363020979516,-0.5592349644600211,-53.8678531317606,3.660871580316834e-05,-5.642066062397019e-06,-0.0002927060605761652,43.996363020979516,0.5592349644600211,64.86694388700548,3.656779934087295e-05
Q,686,-4.7082705410209785e-06,5.673338503659273e-07,101.18783480833054,0.8786935523700742,-157.0748382309089,9.140552333223971e-08,4.7082705410209785e-06,-5.673338503659273e-07,-101.18783480833054,-0.8786935523700742,131.77787952882628,5.042793925924211e-08
Q,687,1.0875590467258889e-06,-0.00011317609073924326,86.1715837697789,-0.031087131460723685,-37.2837018254742,-1.4119373709546237e-05,-1.0875590467258889e-06,0.00011317609073924326,-86.1715837697789,0.031087131460723685,15.740805883029477,-1.4174648975264577e-05
Q,688,8.821853599190466e-06,0.00024620834469506344,-48.08059640350098,-0.4211383688766803,-59.76777009560929,3.080198931572147e-05,-8.821853599190466e-06,-0.00024620834469506344,48.08059640350098,0.4211383688766803,71.78791919648454,3.075009685804439e-05
Q,689,2.6230617287612e-05,-2.301775766814845e-06,106.56659080696795,1.4240225766285401,-161.09168934732222,-2.609986232570045e-07,-2.6230617287612e-05,2.301775766814845e-06,-106.56659080696795,-1.4240225766285401,134.45004164558023,-3.144453184467067e-07
Q,690,-9.618770623748274e-07,-3.4070266674844246e-05,172.4875977466598,-1.6761962458532043,-81.32229407340353,-4.258209757075901e-06,9.618770623748274e-07,3.4070266674844246e-05,-172.4875977466598,1.6761962458532043,38.20039463673858,-4.259356911635161e-06
Q,691,-6.31391813832316e-06,0.00013635408994288356,-54.43754121137022,-0.6365598492965447,-70.11964077038581,1.7044547885111806e-05,6.31391813832316e-06,-0.00013635408994288356,54.43754121137022,0.6365598492965447,83.72902607322837,1.7043974600609084e-05
Q,692,-1.960685129878681e-06,-7.88790163892091e-06,-305.71451252306963,2.287311491438012,4.713304376966683,-9.856092424679588e-07,1.960685129878681e-06,7.88790163892091e-06,305.71451252306963,-2.287311491438012,71.71532375380072,-9.863661672622687e-07
Q,693,-4.29050794892305e-05,-2.5395852162397382e-05,9.551735113530412,0.7638873960641476,-17.572261478819442,-3.2524088046102874e-06,4.29050794892305e-05,2.5395852162397382e-05,-9.551735113530412,-0.7638873960641476,15.184327700436839,-3.096554235989058e-06
Q,694,-1.897160397529296e-05,1.0329042641783132e-05,49.78094046941072,2.168418952454223,-72.44380293926278,1.2149474735103113e-06,1.897160397529296e-05,-1.0329042641783132e-05,-49.78094046941072,-2.168418952454223,59.9985678219101,1.3673131869354719e-06
EX,1,14.749950155469932,11.76846655912847,-4.4800835590942985,1.145547543214167e-07,5.91371290190351,15.53437361983413,-14.749950155469932,-11.76846655912847,4.4800835590942985,-1.145547543214167e-07,11.82741799210991,31.068753954314605
EX,2,8.481206159155224,4.016996695807335,-0.2222757372937491,1.1467776616997267e-07,0.2934058759624726,5.302433391520891,-8.481206159155224,-4.016996695807335,0.2222757372937491,-1.1467776616997267e-07,0.5868060437207738,10.604873523876154
EX,3,2.9194175090865175,22.69047380548969,-0.3205607293125805,1.1452905907505232e-07,0.4231413828017643,29.95142314496815,-2.9194175090865175,-22.69047380548969,0.3205607293125805,-1.1452905907505232e-07,0.8462791052760544,59.90285312477102
EX,4,112.69267108984663,9.20370013072338,0.38639380274666785,1.1450232777245847e-07,-0.5100372091245605,12.148881448625543,-112.69267108984663,-9.20370013072338,-0.38639380274666785,-1.1450232777245847e-07,-1.020082249752244,24.29777106903904
EX,5,15.497666122215835,16.99008746983403,-0.15620973901563184,1.1452905909428027e-07,0.20619877078363927,22.426912705629483,-15.497666122215835,-16.99008746983403,0.15620973901563184,-1.1452905909428027e-07,0.41239179571826273,44.85383367491327
EX,6,-1.664134483019881,22.487309543426093,-0.3524307122248365,1.1452905907505232e-07,0.46520975999647335,29.683245817388386,1.664134483019881,-22.487309543426093,0.3524307122248365,-1.1452905907505232e-07,0.9304158604138791,59.36649997457894
EX,7,19.479742620559215,7.375917415866542,-0.24791491030108848,1.1451714259560659e-07,0.32725029427377184,9.736207641908393,-19.479742620559215,-7.375917415866542,0.24791491030108848,-1.1451714259560659e-07,0.6544927505185385,19.472425324923112
EX,8,3.9265777185856074,4.957441436400391,-0.03836854199754908,1.1433606525585363e-07,0.05064838387144289,6.543819310187517,-3.9265777185856074,-4.957441436400391,0.03836854199754908,-1.1433606525585363e-07,0.10129104243885144,13.08764877795803
EX,9,-7.80164065622955,22.773114412646645,-0.41047271922680856,1.1452905907505232e-07,0.5418252087847407,30.060507624744314,7.80164065622955,-22.773114412646645,0.41047271922680856,-1.1452905907505232e-07,1.0836467593534211,60.12102544933639
EX,10,-1.5943260636940748,-21.111967300410026,-0.10536706303308166,-5.374026355242768e-08,0.10143018760876461,-59.6087987596469,1.5943260636940748,21.111967300410026,0.10536706303308166,5.374026355242768e-08,0.31582338200223875,-23.994591749976788
EX,11,12.750950350922855,-18.525329137991122,-0.021779328823752615,-5.3740263551824036e-08,-0.00890529558816501,-56.19443639780748,-12.750950350922855,18.525329137991122,0.021779328823752615,5.3740263551824036e-08,0.09515143773022536,-17.165866988637365
EX,12,-16.058511876613988,3.6739950246770796,-0.06109673033492877,-5.3960619961791185e-08,0.042994001335917575,-26.89132866319229,16.058511876613988,-3.6739950246770796,0.06109673033492877,5.3960619961791185e-08,0.19894905079040032,41.440348960913525
EX,13,-125.94027847799688,-16.50990762037561,-0.3196912592625884,-5.374026351436534e-08,0.38433788153762105,-53.53408028861509,125.94027847799688,16.50990762037561,0.3196912592625884,5.374026351436534e-08,0.881639505142229,-11.845153888072325
EX,14,53.49254688717061,-22.925021386665627,-0.00013770579338060656,-5.3740263548753377e-08,-0.03747256361593679,-62.00203043698892,-53.49254688717061,22.925021386665627,0.00013770579338060656,5.3740263548753377e-08,0.03801787855772399,-28.78105425420696
EX,15,-3.761760255199417,-18.351021712735655,-0.006781922663139253,-5.3740263551637597e-08,-0.028701871678170468,-55.96435088890619,3.761760255199417,18.351021712735655,0.006781922663139253,5.3740263551637597e-08,0.05555828542420191,-16.705695093527005
EX,16,-0.235514314452273,-21.157636685951882,0.05717719253403834,-5.374026354650733e-08,-0.1131282291967704,-59.66908287421801,0.235514314452273,21.157636685951882,-0.05717719253403834,5.374026354650733e-08,-0.11329345323802142,-24.115158402151433
EX,17,-6.538067897535353,-18.37592901507296,-0.029689503217811983,-5.3740263549973706e-08,0.0015361346080472876,-55.99722876387528,6.538067897535353,18.37592901507296,0.029689503217811983,5.3740263549973706e-08,0.11603429813448815,-16.771450135813627
EX,18,344.11493959052336,-9.606032992597742,-2.8829841641388225,-0.0015288877173896646,9.418542799191375,-58.96467024975416,-344.11493959052336,9.606032992597742,2.8829841641388225,0.0015288877173896646,1.998074490798361,20.9247795990671
EX,19,11.04216702669003,-37.086914653158324,3.084433910091089,-0.0015288879977719539,-4.069487982207605,-105.4713742522592,-11.04216702669003,37.086914653158324,-3.084433910091089,0.0015288879977719539,-8.144870301753107,-41.392807774247785
EX,20,2.9194175090865184,-21.238784885939594,0.7479147136266576,-0.0015288879013167138,-0.8462791052760541,-59.902853124771035,-2.9194175090865184,21.238784885939594,-0.7479147136266576,0.0015288879013167138,-2.11546316068551,-24.202735023549753
EX,21,9.524373001100319,-40.396488680120946,1.7302688022168178,-0.0015288306367872671,-2.5568579647918206,-115.14245274130005,-9.524373001100319,40.396488680120946,-1.7302688022168178,0.0015288306367872671,-4.295006491986777,-44.82764243197888
EX,22,-115.14239804850735,-25.583125613764413,1.2536312283382396,-0.0015288425265691955,-1.918384340793364,-95.58881265903942,115.14239804850735,25.583125613764413,-1.2536312283382396,0.0015288425265691955,-3.045995323426065,-5.7203647714676435
EX,23,277.60871950586784,-40.29724032603274,2.2105824887485834,-0.0015288306367080102,-3.1769735685940956,-115.01144491004469,-277.60871950586784,40.29724032603274,-2.2105824887485834,0.0015288306367080102,-5.576933086850294,-44.565626781044955
EX,24,185.03105812992698,-10.556260920688914,0.38775196563225284,-0.0015288879013109133,-1.3225790140952352,-63.59774397456045,-185.03105812992698,10.556260920688914,-0.38775196563225284,0.0015288879013109133,-0.212918769808486,21.794950728632358
EX,25,10.101866248516327,-27.200529524546656,0.5682411205535576,-0.0015288879013167084,-0.8353206469143193,-75.29014719023652,-10.101866248516327,27.200529524546656,-0.5682411205535576,0.0015288879013167084,-1.414914190477769,-32.42394972696823
EX,26,-1.664134483019881,-20.63438251404344,0.8435246625519212,-0.001528887901316697,-0.9304158604138792,-59.36649997457896,1.664134483019881,20.63438251404344,-0.8435246625519212,0.001528887901316697,-2.409941803291728,-22.34565478103306
EX,27,-6.750384321880057,-39.053817065913805,0.5917045914463295,-0.0015288306368615296,-1.0539532107852774,-113.36340862764632,6.750384321880057,39.053817065913805,-0.5917045914463295,0.0015288306368615296,-1.2891969713421874,-41.289706953372345
EX,28,-180.7309728385341,-48.13335136573163,1.9239964011118131,-0.0015288306368613684,-2.8033127541531613,-125.34839387075517,180.7309728385341,48.13335136573163,-1.9239964011118131,0.0015288306368613684,-4.815712994249618,-65.25967753754207
EX,29,266.627405541329,-36.25836070610073,2.8252529276555554,-0.001528830636861523,-3.988338545669273,-109.67340624115081,-266.627405541329,36.25836070610073,-2.8252529276555554,0.001528830636861523,-7.199663047846727,-33.90970215500807
EX,30,22.67373100346126,-32.82298620753697,0.0782792192804339,-0.0015288879013177674,-0.07678749074158517,-95.39424654386087,-22.67373100346126,32.82298620753697,-0.0782792192804339,0.0015288879013177674,-0.23319821760893306,-34.584778837985525
EX,31,-0.21511612968314808,-35.296176904672976,0.9024478563041621,-0.0015288877767862107,-1.4320238984562679,-101.85124651001428,0.21511612968314808,35.296176904672976,-0.9024478563041621,0.0015288877767862107,-2.141669612508214,-37.921614032490695
EX,32,-7.801640656229547,-21.498046051531066,1.017650684526656,-0.0015288879013166956,-1.0836467593534214,-60.12102544933645,7.801640656229547,21.498046051531066,-1.017650684526656,0.0015288879013166956,-2.9462499513721356,-25.011236914726563
EX,33,-881.4149826143872,-47.07676737232526,0.31222430533753887,-0.0015288420359333475,-0.6850392813414352,-123.94537842514784,881.4149826143872,47.07676737232526,-0.31222430533753887,0.0015288420359333475,-0.5513689677952186,-62.47862036926016
EX,34,-104.87389554980332,-22.686545261407954,0.5420139971773518,-0.001528841611346914,-0.9790496557774209,-91.75028534520379,104.87389554980332,22.686545261407954,-0.5420139971773518,0.001528841611346914,-1.1673257730448916,1.9115661100282964
EX,35,1034.9026642501817,-44.90148517007606,1.4353434137484726,-0.0015288419880475712,-2.153657910132355,-121.07400598857862,-1034.9026642501817,44.90148517007606,-1.4353434137484726,0.0015288419880475712,-3.5303020083115957,-56.73587528492254
EX,36,-0.7320170841328217,-37.09936445559165,-0.13769485768828707,2.4238741598847806e-07,0.10434828791699219,-86.0697397872213,0.7320170841328217,37.09936445559165,0.13769485768828707,-2.4238741598847806e-07,0.4409233485286245,-60.84374345692162
EX,37,7.352874790906819,-34.80690728567561,0.12564415489518546,2.4238741598921466e-07,-0.3535971384018614,-79.6293339362324,-7.352874790906819,34.80690728567561,-0.12564415489518546,-2.4238741598921466e-07,-0.14395371498307302,-58.206018915042975
EX,38,-16.863168009754954,-7.732487261957444,0.0008872331773728487,2.4272264134658634e-07,-0.1370211657701497,-14.587991375704165,16.863168009754954,7.732487261957444,-0.0008872331773728487,-2.4272264134658634e-07,0.1335077223877532,-16.03265818164731
EX,39,-107.06111552964124,-25.7132778357247,-0.6150801490254109,2.4238741601933976e-07,1.0174064025325515,-64.96538477111525,107.06111552964124,25.7132778357247,0.6150801490254109,-2.4238741601933976e-07,1.4183109876080753,-36.85919545835455
EX,40,45.584268166384184,-41.85766701927763,0.1894346575590787,2.423874159869745e-07,-0.46636542398078995,-94.7439286826092,-45.584268166384184,41.85766701927763,-0.1894346575590787,-2.423874159869745e-07,-0.2837958199531617,-71.01243271373022
EX,41,-8.42626686584738,-36.89737825990815,0.17915331802571702,2.4238741598789964e-07,-0.444025809914732,-82.15866792756744,8.42626686584738,36.89737825990815,-0.17915331802571702,-2.4238741598789964e-07,-0.2654213294671073,-63.95494998166882
EX,42,0.6636603608696346,-36.9756144932707,0.3275116669548877,2.4238741598609266e-07,-0.7242827423474342,-85.96667000204485,-0.6636603608696346,36.9756144932707,-0.3275116669548877,-2.4238741598609266e-07,-0.5726634587939212,-60.45676339130712
EX,43,-11.686620783470984,-36.75388288611961,0.07363141323763756,2.423874159862514e-07,-0.2744988892799646,-82.00213013725799,11.686620783470984,36.75388288611961,-0.07363141323763756,-2.423874159862514e-07,-0.017081507141080143,-63.54324609177567
EX,44,265.66252735516355,-44.19740115772303,-0.6740268560500144,-0.14869897318407244,-0.1555092040435857,-97.7944297865931,-265.66252735516355,44.19740115772303,0.6740268560500144,0.14869897318407244,2.8246555540016436,-77.22727879799012
EX,45,11.422665680506121,-88.84762088602758,3.3212895834709752,-0.14869897262070392,-6.803339936127697,-182.77554332746243,-11.422665680506121,88.84762088602758,-3.3212895834709752,0.14869897262070392,-6.348966814417366,-169.06103538120684
EX,46,-2.0495347441096845,-90.18372482807914,-3.468717516647925,-0.14869897262070397,5.9966111466299825,-188.26865905614048,2.0495347441096845,90.18372482807914,3.468717516647925,0.14869897262070397,7.739510219295803,-168.85889126305295
EX,47,13.599727761592998,-85.5042546994261,-3.3895320863624203,-0.1486989726207039,5.9011900919433815,-177.4284958393874,-13.599727761592998,85.5042546994261,3.3895320863624203,0.1486989726207039,7.521356970051805,-161.16835277034
EX,48,-127.1644623811047,-84.08925857375758,-5.308209927246978,-0.14869897268500662,9.945541988852316,-156.00706283946386,127.1644623811047,84.08925857375758,5.308209927246978,0.14869897268500662,11.074969323045718,-176.9864011126162
EX,49,188.86989358905328,-79.79475603839838,-5.133893154637689,-0.14869897262078285,8.893744554964272,-169.7609497893751,-188.86989358905328,79.79475603839838,5.133893154637689,0.14869897262078285,11.436472337400977,-146.2262841226825
EX,50,71.26685017339162,-49.350446363395704,-1.6961674606126582,-0.14869897262071183,3.3000948212787913,-101.82532095502211,-71.26685017339162,49.350446363395704,1.6961674606126582,0.14869897262071183,3.4167283227473364,-93.60244664402492
EX,51,4.447498234389589,-89.562577160209,-2.102342825796928,-0.1486989726207037,3.764436475239142,-187.15379949289564,-4.447498234389589,89.562577160209,2.102342825796928,0.1486989726207037,4.560841114916694,-167.5140060615321
EX,52,-0.5409855505208537,-87.3106445359309,-2.759480875535006,-0.1486989726207037,4.892145272288061,-182.77026752744695,0.5409855505208537,87.3106445359309,2.759480875535006,0.1486989726207037,6.035398994830567,-162.97988483483948
EX,53,-5.355627300177733,-83.56447228523302,-5.547698716940333,-0.14869897262062934,10.252874803700491,-172.45571741973475,5.355627300177733,83.56447228523302,5.547698716940333,0.14869897262062934,11.71601211538323,-158.45959282978808
EX,54,-127.66459939326096,-101.98494439502765,-4.835343767119201,-0.1486989726206295,8.436615691995879,-208.75572589926935,127.66459939326096,101.98494439502765,4.835343767119201,0.1486989726206295,10.71134562579616,-195.10465390504024
EX,55,190.91628292797938,-75.80925119785769,-3.980462563163501,-0.14869897262062934,6.5598511926629754,-158.5288231868072,-190.91628292797938,75.80925119785769,3.980462563163501,0.14869897262062934,9.202780557464491,-141.67581155670933
EX,56,26.82735446052975,-78.5255027074563,-1.313458434178449,-0.14869897262070256,2.3661354336266647,-166.53022102079214,-26.82735446052975,78.5255027074563,1.313458434178449,0.14869897262070256,2.8351599657199946,-144.43076970073483
EX,57,-1.223476695969869,-84.51315994502005,-1.6465026622010481,-0.1486989726207037,2.8771249227034543,-174.50615203238928,1.223476695969869,84.51315994502005,1.6465026622010481,0.1486989726207037,3.643025619612697,-160.16596134989018
EX,58,-7.372259926487843,-88.30418812476914,-2.5466170263654706,-0.1486989726207037,4.30470319272797,-184.8134648097327,7.372259926487843,88.30418812476914,2.5466170263654706,0.1486989726207037,5.779900231679294,-164.8711201643532
EX,59,15.241596696916819,-88.81718399218174,-5.692853279729165,-0.14869897267823834,10.813392908256828,-189.19424423095484,-15.241596696916819,88.81718399218174,5.692853279729165,0.14869897267823834,11.730306079470669,-162.52180437808488
EX,60,-112.085057563785,-75.69358167310182,-5.585468543903219,-0.1486989726164908,11.250858179636904,-139.67599553276494,112.085057563785,75.69358167310182,5.585468543903219,0.1486989726164908,10.86759725421985,-160.07058789271832
EX,61,154.40437786453586,-77.98266707095927,-4.733250908450437,-0.14869897271265375,9.38821223926045,-172.02130931211002,-154.40437786453586,77.98266707095927,4.733250908450437,0.14869897271265375,9.355461358203284,-136.79005228888872
EX,62,0.4635207769094697,-58.852228151212664,-0.1324226828328718,2.7722009574069274e-07,0.18990618049460553,-121.60518268988419,-0.4635207769094697,58.852228151212664,0.1324226828328718,-2.7722009574069274e-07,0.33448764352356697,-111.44964078891799
EX,63,6.246098404447986,-60.057135297638204,0.2497289124157492,2.7722009573705744e-07,-0.5518037032463949,-123.58397903739561,-6.246098404447986,60.057135297638204,-0.2497289124157492,-2.7722009573705744e-07,-0.4371227899199721,-114.24227674125171
EX,64,-16.511233033490605,13.296561496047953,0.037992820201545444,2.7720036904835905e-07,-0.15952997193393667,-20.32197313193617,16.511233033490605,-13.296561496047953,-0.037992820201545444,-2.7720036904835905e-07,0.009078403935816673,72.97635665628607
EX,65,-75.31032459062165,-43.29794580246875,-0.7891281844620726,2.7722009566038915e-07,1.403996655414682,-92.11861614268798,75.31032459062165,43.29794580246875,0.7891281844620726,-2.7722009566038915e-07,1.7209509550551259,-79.3412492350883
EX,66,31.327762143645952,-65.39422750266746,0.3806086735039447,2.7722009573764575e-07,-0.7802034181100025,-134.12835151746629,-31.327762143645952,65.39422750266746,-0.3806086735039447,-2.7722009573764575e-07,-0.7270069289656189,-124.83278939309689
EX,67,-4.183225299891647,-62.16885089846463,0.3738287536394053,2.772200957412323e-07,-0.7664510126902191,-129.3609528283393,4.183225299891647,62.16885089846463,-0.3738287536394053,-2.772200957412323e-07,-0.7139108517218262,-116.82769672958068
EX,68,1.3529037348801904,-58.72241753443782,0.5714487466348365,2.7722009573561176e-07,-1.1387183010779651,-121.21020221921765,-1.3529037348801904,58.72241753443782,-0.5714487466348365,-2.7722009573561176e-07,-1.1242187355959876,-111.33057121715616
EX,69,-8.054298077654598,-63.04479031728557,0.20910201383500135,2.772200957444787e-07,-0.4399608081430625,-130.29490270784265,8.054298077654598,63.04479031728557,-0.20910201383500135,-2.772200957444787e-07,-0.38808316664354303,-119.36246694860824
EX,70,276.79133112914536,-22.706841818693754,0.922820284649002,0.15022976741730265,-1.2372578511139034,-27.079472175409165,-276.79133112914536,22.706841818693754,-0.922820284649002,-0.15022976741730265,-2.4171104760961435,-62.83962142661807
EX,71,10.978718405909694,-57.93706574954148,3.1819187501479225,0.15022976684983227,-9.930761829693683,-106.47883439325867,-10.978718405909694,57.93706574954148,-3.1819187501479225,-0.15022976684983227,-2.669636420892087,-122.95194597492554
EX,72,-6.943994710523664,-55.15197923549123,3.127163902089017,0.15022976684983244,-6.544507095201476,-100.83671889032422,6.943994710523664,55.15197923549123,-3.127163902089017,-0.15022976684983244,-5.839061957071028,-117.56511888222099
EX,73,11.17592406201177,-54.245540328331906,1.737891958406855,0.15022976684983244,-6.6359859438503435,-98.12658158737833,-11.17592406201177,54.245540328331906,-1.737891958406855,-0.15022976684983244,-0.24606621144080076,-116.68575811281598
EX,74,-66.31366900066189,-72.35486440857093,3.900005636570188,0.1502297668498322,-10.28066139649781,-139.716732533459,66.31366900066189,72.35486440857093,-3.900005636570188,-0.1502297668498322,-5.16336092432013,-146.80853052448185
EX,75,104.00277367562921,-45.31124737264287,4.365108182061729,0.1502297668498322,-11.208886599647428,-78.92778446500532,-104.00277367562921,45.31124737264287,-4.365108182061729,-0.1502297668498322,-6.0769418013170124,-100.50475513066039
EX,76,-8.372825714370567,-12.753711313381148,-1.4346075373755571,0.15022976684982453,1.1173940444843047,-24.82796296891204,8.372825714370567,12.753711313381148,1.4346075373755571,-0.15022976684982453,4.563651803522901,-25.67673383207729
EX,77,0.4979908561398013,-59.43191768154652,1.265637332238227,0.15022976684983216,-3.650657203809938,-107.27474211262108,-0.4979908561398013,59.43191768154652,-1.265637332238227,-0.15022976684983216,-1.3612666318534403,-128.07565190630308
EX,78,0.08109975781791152,-54.686498257533046,2.3858092537712494,0.15022976684983216,-6.333837818230801,-99.44921832161413,-0.08109975781791152,54.686498257533046,-2.3858092537712494,-0.15022976684983216,-3.113966826703343,-117.10931477821669
EX,79,-4.823574449086891,-55.307782626405356,2.0729008785235536,0.15022976684983216,-5.732322523228918,-100.69396903029954,4.823574449086891,55.307782626405356,-2.0729008785235536,-0.15022976684983216,-2.4763649557243514,-118.32485017026558
EX,80,-67.05043778963977,-69.83417510151135,4.500024238782969,0.15022976684983216,-10.812172647770069,-132.19884499648433,67.05043778963977,69.83417510151135,-4.500024238782969,-0.15022976684983216,-7.007923337810484,-144.34448840550053
EX,81,103.62377097865239,-46.63334905141615,6.179208363883308,0.15022976684983216,-14.31466223903486,-82.69682726387335,-103.62377097865239,46.63334905141615,-6.179208363883308,-0.15022976684983216,-10.155002881943034,-101.97123497973456
EX,82,32.3731168006504,-68.28345641389085,-0.28738759046356943,0.1502297668498326,-0.47332872601577947,-112.05687862452609,-32.3731168006504,68.28345641389085,0.28738759046356943,-0.1502297668498326,1.611383584251514,-158.3456087744816
EX,83,-2.4844075150243206,-55.44725292205342,0.9861611150638259,0.15022976684983216,-3.5978550770207223,-102.94457414358618,2.4844075150243206,55.44725292205342,-0.9861611150638259,-0.15022976684983216,-0.307342938632027,-116.62654742774531
EX,84,-4.922777914928542,-57.94902573371381,1.8985598387582583,0.15022976684983216,-5.665187073444444,-105.94791588795707,4.922777914928542,57.94902573371381,-1.8985598387582583,-0.15022976684983216,-1.8531098880382575,-123.53022601754954
EX,85,8.150206928941282,-54.942379626776805,1.5042427601105557,0.15022976684983216,-5.159003866707219,-98.9525953178635,-8.150206928941282,54.942379626776805,-1.5042427601105557,-0.15022976684983216,-0.7977974633305793,-118.61922800417261
EX,86,-57.70314411969581,-67.54547136078295,4.268553390635071,0.15022976684983214,-11.34049788145197,-130.46061505923083,57.70314411969581,67.54547136078295,-4.268553390635071,-0.15022976684983214,-5.562973545462907,-137.01945152946956
EX,87,78.46296642173843,-41.32495230162686,5.83960867700696,0.1502297668498322,-14.707390467012779,-69.54740149573705,-78.46296642173843,41.32495230162686,-5.83960867700696,-0.1502297668498322,-8.417459893934776,-94.09940961870524
EX,88,1.1591965052555842,-55.7771777948733,-0.17572996283783338,-2.888645998512922e-07,0.4611350756880611,-103.21009802215126,-1.1591965052555842,55.7771777948733,0.17572996283783338,2.888645998512922e-07,0.23475557714975875,-117.66752604554696
EX,89,6.220408971057621,-52.99395820718083,0.2697228439921369,-2.8886459984705615e-07,-0.3940295263237795,-100.73840669428364,-6.220408971057621,52.99395820718083,-0.2697228439921369,2.8886459984705615e-07,-0.6740729358850825,-109.1176678061524
EX,90,-23.03598641048568,-27.890173708693357,-0.27344522391537696,-2.878593349354464e-07,0.48966532807825824,22.790342661595403,23.03598641048568,27.890173708693357,0.27344522391537696,2.878593349354464e-07,0.5931777586266341,-133.23543054802107
EX,91,-38.63948261851957,-40.465411427249926,-0.829658157107085,-2.88864599913092e-07,1.8439297684854066,-71.42183061441322,38.63948261851957,40.465411427249926,0.829658157107085,2.88864599913092e-07,1.441516533658649,-88.82119863749644
EX,92,15.238378161123277,-61.378685398106775,0.33662239793405824,-2.8886459985343065e-07,-0.5994632229242169,-115.35180057284065,-15.238378161123277,61.378685398106775,-0.33662239793405824,2.8886459985343065e-07,-0.7335614728946533,-127.70779360366213
EX,93,-0.8038215158710309,-59.54580514265619,0.33561235685193885,-2.8886459985434455e-07,-0.5939799548674665,-109.18480308720136,0.8038215158710309,59.54580514265619,-0.33561235685193885,2.8886459985434455e-07,-0.735044978266211,-126.6165852777171
EX,94,1.780015117616078,-55.497803518140735,0.5481681065832827,-2.888645998545434e-07,-1.0240064686002353,-102.89360996036865,-1.780015117616078,55.497803518140735,-0.5481681065832827,2.888645998545434e-07,-1.1467392334695636,-116.87769197146861
EX,95,-3.957728768435813,-57.67024686014642,0.13563798483914585,-2.888645998612482e-07,-0.2216253953321624,-108.08759883573899,3.957728768435813,57.67024686014642,-0.13563798483914585,2.888645998612482e-07,-0.3155010246308551,-120.28657873044075
EX,96,-80.63762370033622,-25.992654441376057,1.039581873469165,-0.00018824109845473993,-5.285155294344886,-43.04470800379497,80.63762370033622,25.992654441376057,-1.039581873469165,0.00018824109845473993,1.1684110754069912,-59.88620358405424
EX,97,6.178237436571794,-58.384384609547546,1.218505090413515,-0.00018824090825731002,-1.8802256189801296,-99.41022071634039,-6.178237436571794,58.384384609547546,-1.218505090413515,0.00018824090825731002,-2.94505453905739,-131.7919423374679
EX,98,-3.681075247306131,-52.74177587731818,5.400104151182521,-0.00018824090825741508,-9.730014016246692,-90.25146430117812,3.681075247306131,52.74177587731818,-5.400104151182521,0.00018824090825741508,-11.654398422436097,-118.60596817300191
EX,99,5.412475407912174,-53.684645994727845,-3.1652463868407064,-0.000188240908257421,6.247029751531941,-91.81319144353947,-5.412475407912174,53.684645994727845,3.1652463868407064,0.000188240908257421,6.287345940357257,-120.77800669558285
EX,100,-24.0773701331492,-62.56710773981867,0.43165583715751255,-0.00018824090825730351,0.34743845401141327,-109.75650559507906,24.0773701331492,62.56710773981867,-0.43165583715751255,0.00018824090825730351,-2.056795569155163,-138.0092410546029
EX,101,40.511452704726885,-36.38187868200442,0.41053771039385195,-0.00018824090825731978,0.5314810104258292,-64.58580233368355,-40.511452704726885,36.38187868200442,-0.41053771039385195,0.00018824090825731978,-2.1572103435854832,-79.48643724705397
EX,102,-2.8357870814378656,-4.440320712465197,1.6567011078629441,-0.00018824109797930614,-3.2736751175283905,-10.950545860918744,2.8357870814378656,4.440320712465197,-1.6567011078629441,0.00018824109797930614,-3.2868612696088695,-6.633124160443437
EX,103,-116.70101887775708,-53.18591429450786,1.430098572718031,-0.0001882387192243533,-1.9316891737596982,-54.25412771553595,116.70101887775708,53.18591429450786,-1.430098572718031,0.0001882387192243533,-3.7315011742037063,-156.3620928907152
EX,104,-5.275352983530962,-52.66820276549091,2.505464698868515,-0.00018824090826130422,-4.800133981538928,-94.35443446615166,5.275352983530962,52.66820276549091,-2.505464698868515,0.00018824090826130422,-5.121506225980392,-114.21164848519238
EX,105,0.8194612528268086,-53.432786952732926,1.9443184670419673,-0.0001882409082573092,-3.421869924282813,-90.6613020939942,-0.8194612528268086,53.432786952732926,-1.9443184670419673,0.0001882409082573092,-4.277631205203379,-120.93253423882821
EX,106,-2.614945205016761,-53.47269909490352,0.292335530830387,-0.0001882409082573055,-0.10506534400535905,-91.10942615099927,2.614945205016761,53.47269909490352,-0.292335530830387,0.0001882409082573055,-1.0525833580829735,-120.64246226481872
EX,107,-24.08989894621045,-62.26507133395328,1.8030189729366328,-0.0001882409082572984,-2.515298741653467,-109.5601576737073,24.08989894621045,62.26507133395328,-1.8030189729366328,0.0001882409082572984,-4.6246563911756,-137.00952480874773
EX,108,41.19882734452719,-35.249850472643544,3.258554074671592,-0.00018824090825730238,-4.91134942778549,-62.151903125930986,-41.19882734452719,35.249850472643544,-3.258554074671592,0.00018824090825730238,-7.992524707914016,-77.43750474573748
EX,109,-2.8148266251054723,-4.2287915126517275,4.655675141813615,-0.0001882410979793419,-9.22179312902325,-10.536862935767513,2.8148266251054723,4.2287915126517275,-4.655675141813615,0.0001882410979793419,-9.214680432558666,-6.2091514543333295
EX,110,-4.001637574702679,-63.68741411265085,1.3786629038396228,-0.00018824090825803795,-3.301722586414793,-126.67437356766595,4.001637574702679,63.68741411265085,-1.3786629038396228,0.00018824090825803795,-2.1577825127901136,-125.52778631843145
EX,111,1.1886737603386015,-52.43165842364928,1.3177720109940962,-0.00018824090825730525,-2.547364548729993,-87.04150331246117,-1.1886737603386015,52.43165842364928,-1.3177720109940962,0.00018824090825730525,-2.671012614806629,-120.58786404519002
EX,112,-2.6021369881694767,-55.38953898029299,1.0415214384299374,-0.00018824090825730593,-1.6124901364582316,-94.54724412169466,2.6021369881694767,55.38953898029299,-1.0415214384299374,0.00018824090825730593,-2.511934759724321,-124.7953302402656
EX,113,3.7854367676180383,-53.63493886994547,-1.581533831509723,-0.00018824090825730595,3.296380987264153,-91.28894682054847,-3.7854367676180383,53.63493886994547,1.581533831509723,0.00018824090825730595,2.9664929855143507,-121.10541110443563
EX,114,-20.088144561929347,-53.49844593416054,0.7394413319871032,-0.000188240908257293,0.02803201470749639,-92.87291862101767,20.088144561929347,53.49844593416054,-0.7394413319871032,0.000188240908257293,-2.956219689376425,-118.98092727825812
EX,115,29.5778906108151,-31.79437449452912,2.318050060711689,-0.00018824090825731333,-2.3806127299828734,-55.91458755590328,-29.5778906108151,31.79437449452912,-2.318050060711689,0.00018824090825731333,-6.798865510435416,-69.99113544243205
EX,116,-2.7104274088610367,-6.277408765274299,3.589753769384928,-0.0001882410979793307,-7.079719939523077,-14.535573975996657,2.7104274088610367,6.277408765274299,-3.589753769384928,0.0001882410979793307,-7.13570498724124,-10.322964734489574
EX,117,2.6575199865924897,-35.44547392147508,-0.45567803213081287,-3.028543904046956e-08,0.8603141801414472,-55.15327480552999,-2.6575199865924897,35.44547392147508,0.45567803213081287,3.028543904046956e-08,0.9441708270965721,-85.21080192351134
EX,118,-1.3844995065892447,-32.73125739108546,0.12464959146816156,-3.028543905134755e-08,-0.22655065757273296,-46.69450060069452,1.3844995065892447,32.73125739108546,-0.12464959146816156,3.028543905134755e-08,-0.2670617246411869,-82.92127866800391
EX,119,0.0,-23.00909061352152,-0.1849447273036474,-3.1057221202358764e-08,0.7323811201224437,-91.11599882954548,0.0,23.00909061352152,0.1849447273036474,3.1057221202358764e-08,5.551115123125783e-17,2.4158453015843406e-13
EX,120,-10.770942257139273,-21.633043055388843,-1.0464756408544937,-3.028543905500839e-08,1.9837439387323395,-28.28606887321061,10.770942257139273,21.633043055388843,1.0464756408544937,3.028543905500839e-08,2.160299599051456,-57.38078162612922
EX,121,3.393342014438756,-38.34406262983594,0.22060279150046905,-3.0285439041473076e-08,-0.32438844010829276,-61.62568802885211,-3.393342014438756,38.34406262983594,-0.22060279150046905,3.0285439041473076e-08,-0.5491986142335648,-90.21679998529824
EX,122,4.34450782835587,-34.3262566374452,0.24147560614806332,-3.028543904493986e-08,-0.3547588821444527,-57.6503777376317,-4.34450782835587,34.3262566374452,-0.24147560614806332,3.028543904493986e-08,-0.6014845182018782,-78.2815985466513
EX,123,2.5203505453465893,-35.3369156946635,0.6317379607768697,-3.02854390422387e-08,-1.001024288106724,-54.58891538611301,-2.5203505453465893,35.3369156946635,-0.6317379607768697,3.02854390422387e-08,-1.5006580365696807,-85.34527076475449
EX,124,-2.730072051558804,-36.28222291216477,0.10605799683069507,-3.028543904246997e-08,-0.020429855244904316,-56.37798246024866,2.730072051558804,36.28222291216477,-0.10605799683069507,3.028543904246997e-08,-0.3995598122046482,-87.29962027192386
EX,207,9.005411492526584e-05,1.1742056381845712e-05,-10.798379277789557,-0.263257972066274,61.52471388237224,2.172265628165997e-06,-9.005411492526584e-05,-1.1742056381845712e-05,10.798379277789557,0.263257972066274,-57.52931354959009,2.172295233116928e-06
EX,359,0.0,2.10747091051598e-17,-10.79837927778928,-0.2632579720662739,57.52931354958977,3.5616219670986925e-17,0.0,-2.10747091051598e-17,10.79837927778928,0.2632579720662739,-21.030791590662055,3.5616297104453107e-17
EX,360,0.0,-1.671573406087212e-17,-9.87329063690255,0.36153035723274785,21.26112923103059,-3.076797420817522e-17,0.0,1.671573406087212e-17,9.87329063690255,-0.36153035723274785,15.763710657353968,-3.1916028520095225e-17
EX,361,-6.074103719999613e-07,2.657490522532398e-10,-10.281440694959896,-0.09656359004302091,-15.49412954967027,4.982798169366179e-10,6.074103719999613e-07,-2.657490522532398e-10,10.281440694959896,0.09656359004302091,54.04953215576988,4.982791290130312e-10
EX,362,4.5555809125019664e-07,-1.1211341933024464e-10,-11.389763620723478,-0.0022762642673704843,56.005754214311395,-2.8028380687707907e-10,-4.5555809125019664e-07,1.1211341933024464e-10,11.389763620723478,0.0022762642673704843,0.9430638893059893,-2.8028328977414414e-10
EX,363,-5.292842726600799e-07,4.284894335414448e-11,-11.379421102668026,0.00038469669175305714,-0.9436096713292272,1.0712261456530248e-10,5.292842726600799e-07,-4.284894335414448e-11,11.379421102668026,-0.00038469669175305714,57.84071518466935,1.0712210220541987e-10
EX,364,3.1518090949644855e-05,-6.112331066168657e-12,-6.2733801953735995,-0.0012012805428150682,40.933239133082395,-5.105155902522326e-11,-3.1518090949644855e-05,6.112331066168657e-12,6.2733801953735995,0.0012012805428150682,-9.566338156214393,2.0489903694379965e-11
EX,365,1076.0002646424578,-0.014919321658353238,-6.247147987672627,0.009291249581701508,9.567772297660936,-0.04140101339648156,-1076.0002646424578,0.014919321658353238,6.247147987672627,-0.009291249581701508,25.10389903392214,-0.04140122180737889
EX,208,3.5340938508987563e-07,2.9037846974616556e-10,-19.281032985003336,0.03126996703576663,74.91870480870385,5.44459257948029e-10,-3.5340938508987563e-07,-2.9037846974616556e-10,19.281032985003336,-0.03126996703576663,-2.6148311149413317,5.444600036000919e-10
EX,366,-7.270138657755609e-07,1.8635665589714402e-10,-19.347094583503992,-0.021991976670485164,3.2308694730548595,3.49419071264357e-10,7.270138657755609e-07,-1.8635665589714402e-10,19.347094583503992,0.021991976670485164,69.32073521508511,3.4941838834993307e-10
EX,367,5.452603993316707e-07,-7.861975376484866e-11,-11.15184066140187,0.0018945168262648293,54.25296976283548,-1.965496412805963e-10,-5.452603993316707e-07,7.861975376484866e-11,11.15184066140187,-0.0018945168262648293,1.506233544173874,-1.96549127543647e-10
EX,368,-5.341344554155025e-07,7.711075570615126e-11,-11.172218837204435,-0.002039188187877626,-1.5025880956613946,1.9277714416061116e-10,5.341344554155025e-07,-7.711075570615126e-11,11.172218837204435,0.002039188187877626,57.363682281683566,1.927766343701451e-10
EX,369,3.152294003952449e-05,-4.03741228042028e-11,-6.518242641475759,0.005398785234352524,41.49817429797375,-1.367060522799211e-10,-3.152294003952449e-05,4.03741228042028e-11,6.518242641475759,-0.005398785234352524,-8.906961090594951,-6.516456174109294e-11
EX,370,1076.000228230885,-0.014919327529971204,-6.566272201740836,0.011489441399893807,8.911807574914661,-0.041401030941826567,-1076.000228230885,0.014919327529971204,6.566272201740836,-0.011489441399893807,27.531003144746972,-0.041401236849513606
EX,209,9.485208437943826e-05,1.1750297556688518e-05,-10.739370761801476,0.25118605467302807,61.39813732906009,2.173790114934745e-06,-9.485208437943826e-05,-1.1750297556688518e-05,10.739370761801476,-0.25118605467302807,-57.424570147193535,2.1738199810400187e-06
EX,371,3.926223251841004e-12,1.0824270997022098e-14,-10.739370761802165,0.25118605467302807,57.424570147193265,1.5514644536379165e-14,-3.926223251841004e-12,-1.0824270997022098e-14,10.739370761802165,-0.25118605467302807,-21.125496972301995,2.1071391433555477e-14
EX,372,2.0816681711721685e-13,-5.279272430490795e-18,-9.876339632920615,-0.3576805392294499,21.35380855747493,-9.967329925868502e-18,-2.0816681711721685e-13,5.279272430490795e-18,9.876339632920615,0.3576805392294499,15.682465065977379,-9.82994168847198e-18
EX,373,-6.139162095353257e-07,-3.178005400558167e-11,-10.377011816239438,0.10352747188482485,-15.418776196188453,-5.958726205657314e-11,6.139162095353257e-07,3.178005400558167e-11,10.377011816239438,-0.10352747188482485,54.332570507086345,-5.958794046435813e-11
EX,374,4.604370010263814e-07,1.3406680939569802e-11,-11.317147746674717,0.007440770778510468,55.709581023122055,3.351644815852593e-11,-4.604370010263814e-07,-1.3406680939569802e-11,11.317147746674717,-0.007440770778510468,0.8761577102515261,3.351695653932308e-11
EX,375,-4.6890834964896655e-07,6.11391580824176e-11,-11.307112088927596,-0.005620583213802405,-0.8792573767407958,1.52848149809423e-10,4.6890834964896655e-07,-6.11391580824176e-11,11.307112088927596,0.005620583213802405,57.414817821378776,1.52847640602665e-10
EX,376,3.145771346538261e-05,-2.4402534412749332e-11,-5.855994135351074,0.013616089069060177,39.38251550024805,-9.677707338934153e-11,-3.145771346538261e-05,2.4402534412749332e-11,5.855994135351074,-0.013616089069060177,-10.102544823492671,-2.523559867440515e-11
EX,377,1076.000209113855,-0.014919324476694388,-5.834196782786964,-0.006780029209568937,10.096264197726434,-0.04140102170888239,-1076.000209113855,0.014919324476694388,5.834196782786964,0.006780029209568937,22.28352794674121,-0.04140122913677145
EX,210,-4.163336342344341e-13,2.058810255035673e-17,0.3422839145343345,0.1768439132535429,0.9014586774793294,1.5861460956812525e-17,4.163336342344341e-13,-2.058810255035673e-17,-0.3422839145343345,-0.1768439132535429,-2.1850233569830824,6.134392360702515e-17
EX,378,0.0,5.181341173602147e-17,-0.5860944037256653,-0.236705742150927,2.6985560508111273,1.19891296904555e-16,0.0,-5.181341173602147e-17,0.5860944037256653,0.236705742150927,-0.5007020368398825,7.440899710552551e-17
EX,211,2.0816681711721705e-13,1.3515948309143305e-15,0.06908197870944129,-0.18384053043780868,0.9278573330384998,3.2643340748012007e-15,-2.0816681711721705e-13,-1.3515948309143305e-15,-0.06908197870944129,0.18384053043780868,-1.1869147531989044,1.804146541127534e-15
EX,379,0.0,-7.230125379228214e-17,-0.38878943615115985,0.24567444601888005,2.1065666843131354,-1.9039549487070503e-16,0.0,7.230125379228214e-17,0.38878943615115985,-0.24567444601888005,-0.648606298746286,-8.073420685035299e-17
EX,212,3.873795238397985e-07,0.12199778946097754,2.748737315701386e-07,0.9208259542686792,-5.86170516568906e-07,0.4014997512897922,-3.873795238397985e-07,-0.12199778946097754,-2.748737315701386e-07,-0.9208259542686792,-5.861659485777351e-07,0.11882082076127694
EX,380,7.4032013500179e-15,0.052915810751536285,9.451023945841349e-16,-0.007031378769819767,-3.010058611353744e-15,0.0650197096765317,-7.4032013500179e-15,-0.052915810751536285,-9.451023945841349e-16,0.007031378769819767,-4.191621635377364e-15,0.3381987682501748
EX,381,-6.352747104407254e-14,-0.2893681037827984,-2.870026010443851e-14,-0.9084900562491497,6.191447985097319e-14,-0.5150426815037178,6.352747104407254e-14,0.2893681037827984,2.870026010443851e-14,0.9084900562491497,2.4875106704848823e-14,-0.36000646433546435
EX,382,-1.3322604292923581e-06,-0.28936810378279854,-1.175200463856313e-05,-0.9084900562491495,7.292126761646296e-06,0.3600064643354647,1.3322604292923581e-06,0.28936810378279854,1.175200463856313e-05,0.9084900562491495,7.292110994810545e-06,-0.7191122811299175
EX,213,-1.0724449976959491e-15,-0.9250886408867306,1.448044268617899e-14,-0.23033764036853394,-3.079383769523749e-14,-0.624788329299018,1.0724449976959491e-15,0.9250886408867306,-1.448044268617899e-14,0.23033764036853394,-3.096525036131591e-14,-3.3207147240828876
EX,383,-1.4249913813548882e-08,-0.4672172260261314,-3.18901288235016e-08,-1.1499895714827642,4.759601798158349e-08,2.8911997476261972,1.4249913813548882e-08,0.4672172260261314,3.18901288235016e-08,1.1499895714827642,4.7596016556568796e-08,-4.2858431673142
EX,384,9.177129289774052e-09,-0.06534718937845901,8.518040020242977e-09,0.7418442790009964,-1.9740558317350922e-08,2.3555272926036492,-9.177129289774052e-09,0.06534718937845901,-8.518040020242977e-09,-0.7418442790009964,-1.9740557176475277e-08,-2.6584115153728067
EX,385,3.574816658986497e-16,0.8630311288815383,1.430463888076898e-15,0.2283115851729514,-3.014917272720671e-15,3.071961170777279,-3.574816658986497e-16,-0.8630311288815383,-1.430463888076898e-15,-0.2283115851729514,-3.086011209927297e-15,0.6088665939024813
EX,214,-1.6041026770624912e-09,0.20914825044166502,-7.532498609816376e-10,0.026542034114918747,2.730530744174438e-09,0.7432888698098052,1.6041026770624912e-09,-0.20914825044166502,7.532498609816376e-10,-0.026542034114918747,2.730530747942435e-09,0.7730359458922662
EX,386,-3.5902946272253498e-09,-0.07782695087403006,3.8503016470769544e-10,-0.022180006989595963,-1.7133842354598842e-09,-0.3685748939659505,3.5902946272253498e-09,0.07782695087403006,-3.8503016470769544e-10,0.022180006989595963,-1.7133842304386044e-09,-0.3240849688129168
EX,215,1.6408913391576058e-09,0.042511978641207794,-4.0727200796433686e-11,-0.0003740446800950827,1.47636101491392e-10,0.1600505683800444,-1.6408913391576058e-09,-0.042511978641207794,4.0727200796433686e-11,0.0003740446800950827,1.476361042827522e-10,0.1481612767687121
EX,387,-6.231116409037739e-10,0.053042393560490064,2.9607400228833563e-10,0.0021323967571334774,-1.31752931031049e-09,0.23286827429958773,6.231116409037739e-10,-0.053042393560490064,-2.9607400228833563e-10,-0.0021323967571334774,-1.3175293100556963e-09,0.23920902838877373
EX,216,0.0,0.4081500580573559,1.4361133294779567e-14,-0.26958110768370264,-3.062601404631758e-14,0.45809394727576824,0.0,-0.4081500580573559,-1.4361133294779567e-14,0.26958110768370264,-3.0624219455917267e-14,1.2826660503388543
EX,388,5.107736365352564e-16,0.019360621906196814,1.0230764219479018e-15,0.37902519106258276,-1.5246416651194264e-15,-1.0369916043199778,-5.107736365352564e-16,-0.019360621906196814,-1.0230764219479018e-15,-0.37902519106258276,-1.5292414543950603e-15,1.0947830607099753
EX,389,0.0,0.085422220406857,-9.05567529186801e-15,-0.23701316705095976,2.098504641900576e-14,-1.0415211170037233,0.0,-0.085422220406857,9.05567529186801e-15,0.23701316705095976,2.098800855880247e-14,1.4374531085895055
EX,390,-3.574816658986497e-16,-0.5006721833188069,7.92002027262374e-15,0.26368886978892286,-1.6889550571509623e-14,-1.6741588507404346,3.574816658986497e-16,0.5006721833188069,-7.92002027262374e-15,-0.26368886978892286,-1.688933589123063e-14,-0.46120801111427645
EX,217,0.0,-0.01034251805545081,3.723268341891866e-16,0.0005457820232363068,-1.3495053327898162e-15,-0.002660960959123604,0.0,0.01034251805545081,-3.723268341891866e-16,-0.0005457820232363068,-1.3498642150817866e-15,-0.07232229494289477
EX,391,0.0,0.010035657747118013,-1.1163267032188208e-15,-0.00309966648923633,4.9678179221490945e-15,0.07625599995703733,0.0,-0.010035657747118013,1.1163267032188208e-15,0.00309966648923633,4.967489736498408e-15,0.013061353992312966
EX,218,0.0,-0.026232207700969658,-7.259892442739608e-11,-0.0014341414465292436,2.631710825996997e-10,-0.01049253012451716,0.0,0.026232207700969658,7.259892442739608e-11,0.0014341414465292436,2.6317111949892186e-10,-0.17969097570751288
EX,392,0.0,0.021797352564112252,-4.817289983203133e-11,-0.006280625766237997,2.1436941202721083e-10,0.1736003195419696,0.0,-0.021797352564112252,4.817289983203133e-11,0.006280625766237997,2.1436939647786792e-10,0.020396118278629388
EX,219,-1.065865117323409e-06,0.11767690489037295,2.0314748302036247e-05,-0.03984791664929432,-1.473131474780703e-05,0.540255987589016,1.065865117323409e-06,-0.11767690489037295,-2.0314748302036247e-05,0.03984791664929432,-1.4725070290145524e-05,-0.3696244754979753
EX,393,-3.2505252047183975e-07,0.11767690489037222,-5.251873280584229e-07,-0.03984791664929421,1.5216946411812872e-06,0.36962447549797683,3.2505252047183975e-07,-0.11767690489037222,5.251873280584229e-07,0.03984791664929421,1.5243918615575651e-06,0.312901572866182
EX,394,6.949156219764834e-07,0.9631702778289558,1.00257074773391e-06,-0.0926418604017583,-2.5049209988859614e-06,0.4324990342386461,-6.949156219764834e-07,-0.9631702778289558,-1.00257074773391e-06,0.0926418604017583,-2.507932739783589e-06,4.383352354906132
EX,395,-4.190887075560575e-07,2.808215409551157,-1.4193225432975945e-06,0.2534156920321109,2.7676713468981025e-06,7.734167917332618,4.190887075560575e-07,-2.808215409551157,1.4193225432975945e-06,-0.2534156920321109,2.7676865719625143e-06,3.21787217991689
EX,220,-3.9555099100147904e-07,6.400924112161157e-10,-3.1834599324686605,0.04635824393409477,18.509964051718942,3.232796567275233e-09,3.9555099100147904e-07,-6.400924112161157e-10,3.1834599324686605,-0.04635824393409477,13.324635272967662,3.1681275448859235e-09
EX,221,-3.5179240149162896e-07,3.827862516308834e-11,-5.497988567978812,-0.005907782475700846,24.88559944557182,1.9139075856467364e-10,3.5179240149162896e-07,-3.827862516308834e-11,5.497988567978812,0.005907782475700846,30.094286234216295,1.9139549306620974e-10
EX,222,-6.610477500303211e-08,4.871451323121424e-10,-2.513727540794296,0.002281492057349998,13.377554797811097,2.393126699195395e-09,6.610477500303211e-08,-4.871451323121424e-10,2.513727540794296,-0.002281492057349998,11.759720610131861,2.478324623926029e-09
EX,223,2.6104783895922912e-11,1.2380952568715267,-4.780239834684334e-09,0.03851684580642966,1.7326755533520326e-08,5.75097351343956,-2.6104783895922912e-11,-1.2380952568715267,4.780239834684334e-09,-0.03851684580642966,1.7329983267941097e-08,3.2252170988790074
EX,224,5.256447862906299e-09,-0.2043861015900962,-2.6737058695125353e-09,0.02236018348219462,1.1897986620284527e-08,-1.0436078574821444,-5.256447862906299e-09,0.2043861015900962,2.6737058695125353e-09,-0.02236018348219462,1.1897995618377032e-08,-0.7754284466697114
EX,225,-2.3829025513425096e-07,0.10699618818994812,-3.979725510979778e-09,-0.1948258168955225,1.4345597615052726e-08,0.40500568414295157,2.3829025513425096e-07,-0.10699618818994812,3.979725510979778e-09,0.1948258168955225,1.4507412339550666e-08,0.37071668023417226
EX,226,1.373743777250446e-07,0.004807493910646915,-1.3748378417523903e-10,0.1472014642114292,5.267115088440758e-10,0.04630438848618321,-1.373743777250446e-07,-0.004807493910646915,1.3748378417523903e-10,-0.1472014642114292,6.968941703155513e-10,-0.0035176926814256687
EX,227,-7.453539348223348e-07,5.042505522841124e-11,-25.89834706752455,0.01876680281432674,136.09070874669248,1.8854785181961027e-10,7.453539348223348e-07,-5.042505522841124e-11,25.89834706752455,-0.01876680281432674,122.89276192855297,3.157027004645021e-10
EX,396,1.4907078696446696e-06,5.435702032681179e-11,-19.619898797900625,-0.15981702670838352,100.97364013534747,2.6304739989073175e-10,-1.4907078696446696e-06,-5.435702032681179e-11,19.619898797900625,0.15981702670838352,-2.8741461458443496,8.737701743327192e-12
EX,397,-1.8810254558784668e-12,-9.24002409437665e-16,-19.91479367096269,-2.483308713533201,2.8709957624393923,-1.2364895117072196e-15,1.8810254558784668e-12,9.24002409437665e-16,19.91479367096269,2.483308713533201,46.71684047825767,-1.064276487792565e-15
EX,398,-3.955405475264846e-06,-1.3217739146240163e-08,-25.92551345308664,2.685401417631455,-45.384332932794834,-1.6841559284706175e-08,3.955405475264846e-06,1.3217739146240163e-08,25.92551345308664,-2.685401417631455,110.45737170004234,-1.633496597235666e-08
EX,399,1.985614485333631e-06,1.901307661955097e-09,-20.62028670995176,-0.009833300466165113,102.02599729222655,4.880424118596766e-09,-1.985614485333631e-06,-1.901307661955097e-09,20.62028670995176,0.009833300466165113,1.075436257532246,4.626114191178719e-09
EX,400,-1.2991039494147927e-06,-1.970697833588044e-09,-20.701582270628165,0.02455004317388035,-1.0845667735781461,-5.0538995851285776e-09,1.2991039494147927e-06,1.970697833588044e-09,20.701582270628165,-0.02455004317388035,104.59247812671896,-4.799589582811642e-09
EX,401,1.2991039494147927e-06,2.275924502494119e-09,-24.39622641477179,0.09390623524870556,117.68367111309699,5.816912032313834e-09,-1.2991039494147927e-06,-2.275924502494119e-09,24.39622641477179,-0.09390623524870556,4.297460960761953,5.562710480156761e-09
EX,402,-1.3096086715069788e-07,-2.510654994399612e-05,-24.9510333815702,-0.10397809100218135,-4.224887859550023,-6.27664579678154e-05,1.3096086715069788e-07,2.510654994399612e-05,24.9510333815702,0.10397809100218135,128.98005476740101,-6.27662917521652e-05
EX,403,-1.0065676417370106e-06,2.5103856217975813e-05,-89.69202104673184,0.020989553535417902,234.07302688909317,6.275959660621235e-05,1.0065676417370106e-06,-2.5103856217975813e-05,89.69202104673184,-0.020989553535417902,214.38707834456596,6.27596844836667e-05
EX,228,-3.393649423977241e-07,4.5881838872728785e-11,-25.431941592032402,0.008025774562655621,135.33112487426456,2.2940484479652022e-10,3.393649423977241e-07,-4.5881838872728785e-11,25.431941592032402,-0.008025774562655621,118.98829104605946,2.2941354393076764e-10
EX,404,1.7960273893113943e-06,1.260130515006932e-09,-20.276562904220228,0.0016807877209781537,100.6839766562603,3.2774812342168733e-09,-1.7960273893113943e-06,-1.260130515006932e-09,20.276562904220228,-0.0016807877209781537,0.69883786484084,3.0231713408177865e-09
EX,405,-1.9202770623616416e-06,-1.341652535052708e-09,-20.001842189534518,0.0088922665243476,-0.7030189075376398,-3.481286289762912e-09,1.9202770623616416e-06,1.341652535052708e-09,20.001842189534518,-0.0088922665243476,100.71222985521023,-3.2269763855006278e-09
EX,406,1.920276750111416e-06,1.6468244167369658e-09,-21.18484076385631,-0.04022301044566337,104.3775026396381,4.2442159925441885e-09,-1.920276750111416e-06,-1.6468244167369658e-09,21.18484076385631,0.04022301044566337,1.546701179643449,3.98990609114064e-09
EX,407,-1.2819067682356966e-06,-2.393486353575325e-09,-21.011827921651047,0.027370825455279812,-1.607030931386916,-6.110921690127663e-09,1.2819067682356966e-06,2.393486353575325e-09,21.011827921651047,-0.027370825455279812,106.66617053964214,-5.856510077748962e-09
EX,408,1.2819070804859223e-06,2.698780305410659e-09,-21.043664921093857,-0.03345773031319016,106.96093973713707,6.874156571574176e-09,-1.2819070804859223e-06,-2.698780305410659e-09,21.043664921093857,0.03345773031319016,-1.7426151316677903,6.619744955479118e-09
EX,409,-1.5509259501667039e-06,-2.651491458816462e-09,-20.001071832634796,0.06277494869443095,1.724636751528017,-6.755934344884403e-09,1.5509259501667039e-06,2.651491458816462e-09,20.001071832634796,-0.06277494869443095,98.28072241164597,-6.501522949197906e-09
EX,410,4.118599211677676e-07,2.869657558378464e-10,-73.731353806537,0.019778294606152085,176.38463549802276,7.174142838213767e-10,-4.118599211677676e-07,-2.869657558378464e-10,73.731353806537,-0.019778294606152085,192.2721335346622,7.174144953678553e-10
EX,229,-5.059687044339789e-08,1.6302967048253372e-11,-21.535086791304153,0.00684476804642512,107.69373461392112,8.151507794796999e-11,5.059687044339789e-08,-1.6302967048253372e-11,21.535086791304153,-0.00684476804642512,107.65713329912037,8.151459253456374e-11
EX,411,1.4174499074481872e-06,1.2096867128297566e-09,-20.681548547909735,0.0060873972369878075,104.72262232980322,3.1513717380648274e-09,-1.4174499074481872e-06,-1.2096867128297566e-09,20.681548547909735,-0.0060873972369878075,-1.3148795902545487,2.8970618260839553e-09
EX,412,-1.9240171955647867e-06,-1.325587151109042e-09,-20.661374389533393,0.00482976600915475,1.3222110163562917,-3.4411228289031897e-09,1.9240171955647867e-06,1.325587151109042e-09,20.661374389533393,-0.00482976600915475,101.98466093131067,-3.1868129266420207e-09
EX,413,1.924100566375042e-06,1.6307590285051956e-09,-21.36717996739103,-0.07445373493250736,107.8542556942016,4.20405252253651e-09,-1.924100566375042e-06,-1.6307590285051956e-09,21.36717996739103,0.07445373493250736,-1.0183558572464477,3.949742619989468e-09
EX,414,0.0029099064976362277,-1.7145226315726196e-09,-21.458897248919907,0.050460076229531664,1.0878161250357579,-4.374099114814547e-09,-0.0029099064976362277,1.7145226315726196e-09,21.458897248919907,-0.050460076229531664,106.20667011956377,-4.198514043048551e-09
EX,415,-0.002909906413953167,1.9252793735261164e-09,-21.40477653220001,-0.2076432832659582,99.50301974772512,4.900936753194566e-09,0.002909906413953167,-1.9252793735261164e-09,21.40477653220001,0.2076432832659582,7.520862913274918,4.725460114436016e-09
EX,416,0.0029051730574339296,-2.5102261056760723e-05,-21.892562653860654,0.21295433746859466,-7.575457634347089,-6.275578262488287e-05,-0.0029051730574339296,2.5102261056760723e-05,21.892562653860654,-0.21295433746859466,117.03827090365036,-6.275552265892073e-05
EX,417,4.647270068769416e-06,2.5100211018788896e-05,-73.44763724927596,0.019604150064616334,198.47972867247785,6.275059333696567e-05,-4.647270068769416e-06,-2.5100211018788896e-05,73.44763724927596,-0.019604150064616334,168.75845757390192,6.275046175697878e-05
EX,230,-5.092513527026761e-09,-1.5264411400591443e-09,-6.092843542015413,-0.8871400831529392,23.35848135418631,-5.7165221511996715e-09,5.092513527026761e-09,1.5264411400591443e-09,6.092843542015413,0.8871400831529392,22.27691677550913,-5.716521987843318e-09
EX,231,-4.139254940959852e-08,-0.37165152634423715,-9.511210444377908e-09,-0.024093763173243802,3.4322249740899134e-08,-1.7613405951344263,4.139254940959852e-08,0.37165152634423715,9.511210444377908e-09,0.024093763173243802,3.46340259808407e-08,-0.9331329708612931
EX,418,1.1200720115708784e-08,-0.4230899707314062,-1.0743413631477317e-09,0.2501928447340668,4.780809883646809e-09,-1.8140816631942343,-1.1200720115708784e-08,0.4230899707314062,1.0743413631477317e-09,-0.2501928447340668,4.7808282483680006e-09,-1.9514190763152799
EX,232,-5.7747767875513646e-08,-0.6538116492068663,-2.8218743758971146e-09,0.046508046499564984,1.0229294492056282e-08,-3.04017789318577,5.7747767875513646e-08,0.6538116492068663,2.8218743758971146e-09,-0.046508046499564984,1.02292947331978e-08,-1.6999565635640108
EX,419,1.9680007656426364e-09,-0.15482232289230233,1.5472090335992735e-09,-0.04801043595640931,-6.885080208796059e-09,-0.6432207343556864,-1.9680007656426364e-09,0.15482232289230233,-1.5472090335992735e-09,0.04801043595640931,-6.885080190237471e-09,-0.7346979393858039
EX,233,1.2187894315821539e-08,-0.3362744899386956,2.9061645459237827e-10,-0.011974912578632235,-1.0534846338775155e-09,-1.185913267846855,-1.2187894315821539e-08,0.3362744899386956,-2.9061645459237827e-10,0.011974912578632235,-1.053484661917227e-09,-1.252076784208688
EX,420,6.267699666857411e-10,-0.27642484811593376,-1.8820964221483274e-10,0.014214901053040026,8.37532908855314e-10,-1.181011407817636,-6.267699666857411e-10,0.27642484811593376,1.8820964221483274e-10,-0.014214901053040026,8.37532906856697e-10,-1.279169740414174
EX,234,-2.025141234664137e-08,-0.3807106163490618,-1.1368240548121881e-10,-0.020010968449586858,4.1203642824865224e-10,-1.6755397920314303,2.025141234664137e-08,0.3807106163490618,1.1368240548121881e-10,0.020010968449586858,4.121610114901842e-10,-1.0846121764992673
EX,421,2.833409927087919e-08,-1.743630638608577,1.3214341493356692e-05,0.09830312787846625,-5.8803780281370474e-05,-7.818237100090567,-2.833409927087919e-08,1.743630638608577,-1.3214341493356692e-05,-0.09830312787846625,-5.8803859009504064e-05,-7.700075583525765
EX,235,0.0012022914595616056,-0.7512352119269828,-1.2137221137564263e-08,0.33880505260041904,4.394342674949993e-08,-2.549282346830427,-0.0012022914595616056,0.7512352119269828,1.2137221137564263e-08,-0.33880505260041904,4.405142649784098e-08,-2.897172939640198
EX,422,-0.0009792295973234603,-0.0873266832979042,1.319404849812004e-05,-0.3111494202568678,-5.8713518644599224e-05,-0.680733104017784,0.0009792295973234603,0.0873266832979042,-1.319404849812004e-05,0.3111494202568678,-5.87135129886691e-05,-0.09647437733356318
EX,236,1.0701389767596245e-08,-0.9531951299173912,-2.709443231512712e-10,-0.0605017741457944,9.820444039558989e-10,-3.295821914578563,-1.0701389767596245e-08,0.9531951299173912,2.709443231512712e-10,0.0605017741457944,9.823019388908174e-10,-3.614842777322523
EX,423,1.494877329694887e-08,1.0265736768951925,1.3213318197552238e-05,0.10589003300725906,-5.879920309910824e-05,4.2744329271124295,-1.494877329694887e-08,-1.0265736768951925,-1.3213318197552238e-05,-0.10589003300725906,-5.8799328859106644e-05,4.862072797254783
EX,237,-9.252879035065961e-08,6.005135274233142,-5.3268617701292014e-08,-0.25544099131024905,1.0947773473560657e-07,6.574185369251254,9.252879035065961e-08,-6.005135274233142,5.3268617701292014e-08,0.25544099131024905,1.0998897019371653e-07,18.16697196058929
EX,238,-8.41191340721512e-16,0.29489487306204815,2.5921746263302735e-15,0.003150383404957794,-9.39750926142716e-15,2.323491686824817,8.41191340721512e-16,-0.29489487306204815,-2.5921746263302735e-15,-0.003150383404957794,-9.395756779467323e-15,-0.18550385712496786
EX,424,-6.852401371046026e-16,0.020174158376340685,-1.5645033242657899e-15,0.007331426101744748,6.9620397929827634e-15,0.17829237832159883,6.852401371046026e-16,-0.020174158376340685,1.5645033242657899e-15,-0.007331426101744748,6.9620397929827634e-15,0.0012576312278332336
EX,239,0.0,0.08129556067640141,-3.2052290741285196e-17,0.009130516045877788,1.142618237813387e-16,-0.034383343640045416,0.0,-0.08129556067640141,3.2052290741285196e-17,-0.009130516045877788,1.1811728409297898e-16,0.6237761585439556
EX,425,-6.852401371046026e-16,-0.09171728152886954,3.782894162115878e-13,0.06946026778932236,-1.6833863317995844e-12,-0.6913699944448992,6.852401371046026e-16,0.09171728152886954,-3.782894162115878e-13,-0.06946026778932236,-1.6833894724835462e-12,-0.12491381116203948
EX,240,3.3426148634115297e-07,-6.01071978212399,1.5690363198948707e-08,1.3325075454628583,-3.2303429503470616e-08,-19.595455371186166,-3.3426148634115297e-07,6.01071978212399,-1.5690363198948707e-08,-1.3325075454628583,-3.2340866876198054e-08,-5.168710131164672
EX,241,4.988264650478566e-13,0.5548069667984135,-5.2428265541396704e-14,-0.0725731012119136,2.565356697050958e-13,0.19788432625088603,-4.988264650478566e-13,-0.5548069667984135,5.2428265541396704e-14,0.0725731012119136,1.235692554700303e-13,3.824466183037612
EX,426,-4.07032641440134e-13,-0.4877861216606505,7.202231859692694e-13,-0.054594721072137455,-3.2591422807808728e-12,-3.920698862045234,4.07032641440134e-13,0.4877861216606505,-7.202231859692694e-13,0.054594721072137455,-3.1508440743456237e-12,-0.4205976207345543
EX,242,3.861003789931434e-07,0.37173496938816797,-2.191453547944993e-07,-2.2618717422426364,2.704820274324974e-07,0.9155884396308372,-3.861003789931434e-07,-0.37173496938816797,2.191453547944993e-07,2.2618717422426364,2.6861554536197087e-07,-0.0011204149359440585
EX,243,3.9665933139713574e-14,-0.04737388427359287,2.768553138247488e-13,1.0218653001618188,-3.4046592611587486e-13,-0.11954206158500608,-3.9665933139713574e-14,0.04737388427359287,-2.768553138247488e-13,-1.0218653001618188,-3.4059814589300724e-13,0.0030023062719676252
EX,244,3.001418822574626e-07,-0.32436108511457507,-1.9578810747370124e-07,-2.240473830432894,2.4175261309569604e-07,-0.7960463780458313,-3.001418822574626e-07,0.32436108511457507,1.9578810747370124e-07,2.240473830432894,2.3988613128960904e-07,-0.0018818913360233447
EX,245,0.0,3.8573880417960845e-18,-0.37173496938816747,0.001120414935944079,2.2618717422426364,1.8001144195048394e-17,0.0,-3.8573880417960845e-18,0.37173496938816747,-0.001120414935944079,-0.40319689530179925,1.285796013932028e-18
EX,246,0.0,1.0800686517029038e-17,-0.32436108511457495,-0.0018818913360234926,-0.61866840486002,2.057273622291245e-17,0.0,-1.0800686517029038e-17,0.32436108511457495,0.0018818913360234926,2.2404738304328946,3.343069636223273e-17
EX,247,-1.1493148594925612e-07,0.16429508641850582,3.914282078809133e-09,-1.2594537190894048,-5.28416461777474e-09,0.41737460738326465,1.1493148594925612e-07,-0.16429508641850582,-3.914282078809133e-09,1.2594537190894048,-4.3449692960957285e-09,-0.013208694793740317
EX,248,0.0,-0.16429508641851784,-1.5192514826330913e-13,0.8980045289686734,1.8690260333661837e-13,-0.41737460738328347,0.0,0.16429508641851784,1.5192514826330913e-13,-0.8980045289686734,1.8683326139112212e-13,0.013208694793729547
EX,249,2.483808613330429e-12,1.287254965700775e-16,-0.16429508641850893,0.013208694793737884,1.2594537190893993,1.407091061245502e-16,-2.483808613330429e-12,-1.287254965700775e-16,0.16429508641850893,-0.013208694793737884,-0.8980045289686798,1.4248698632962022e-16
EX,250,0.0,0.07940423762572407,-2.0799925774698698e-14,0.011395334370338319,7.538155954368009e-14,0.4993289571327716,0.0,-0.07940423762572407,2.0799925774698698e-14,-0.011395334370338319,7.541790232288546e-14,0.07635176565372792
EX,251,4.9804432043911e-09,4.238228820459083,-1.5571652127271667e-08,-0.8930205335731136,3.1797236237821506e-08,12.960733729974132,-4.9804432043911e-09,-4.238228820459083,1.5571652127271667e-08,0.8930205335731136,3.2357970526537764e-08,4.500769010317292
EX,252,-1.0104882930860966e-07,-3.9928131721966307,-1.3137720780475952e-08,-0.8867794191369542,2.6783337659448853e-08,-12.223776282843142,1.0104882930860966e-07,3.9928131721966307,1.3137720780475952e-08,0.8867794191369542,2.7344071956112066e-08,-4.226613986606978
EX,253,-3.372302437298913e-11,-2.1473866058528328e-10,-4.02261372073679,-0.2347071157461378,20.114436597287582,-1.07369330076017e-09,3.372302437298913e-11,2.1473866058528328e-10,4.02261372073679,0.2347071157461378,20.111700610080316,-1.0736933050926628e-09
EX,254,-5.381969379962308e-07,1.160938995272342e-08,-4.353963909077845,0.297895420313335,6.904076172986468,1.5056798012020045e-08,5.381969379962308e-07,-1.160938995272342e-08,4.353963909077845,-0.297895420313335,4.198531795162025,1.4547146367424643e-08
EX,427,-3.689599646214229e-07,1.2654915050876504e-08,-4.228102910352969,-0.2083462396283442,-4.1887287711630865,1.5501938994779954e-08,3.689599646214229e-07,-1.2654915050876504e-08,4.228102910352969,0.2083462396283442,14.547580901527873,1.5502602879867523e-08
EX,255,-6.428338253862334e-07,9.730721508993285e-09,-1.9381184429264846,0.2072567776656009,-0.4682900688099565,1.266149575649337e-08,6.428338253862334e-07,-9.730721508993285e-09,1.9381184429264846,-0.2072567776656009,5.410492098272487,1.2151844091439478e-08
EX,428,-2.485562776008248e-07,1.6412354248743588e-08,-2.0817880464561522,-0.132666651168668,-5.422954900622928,2.0104802016066448e-08,2.485562776008248e-07,-1.6412354248743588e-08,2.0817880464561522,0.132666651168668,10.523335614440507,2.0105465893355395e-08
EX,256,-5.042437056137239e-07,1.2963157523822496e-08,-2.068958763401926,0.10663977363962718,-0.6535632998294147,1.6782851657068217e-08,5.042437056137239e-07,-1.2963157523822496e-08,2.068958763401926,-0.10663977363962718,5.92940814650432,1.6273200028679107e-08
EX,429,-2.609800131105715e-07,5.840785477745137e-09,-2.0511501585965597,-0.0382456413966786,-5.926748368153007,7.154630262222216e-09,2.609800131105715e-07,-5.840785477745137e-09,2.0511501585965597,0.0382456413966786,10.952066256714584,7.155294158253387e-09
EX,257,0.0,-0.017808604805227626,5.9616680522901784e-15,-0.002659778351583794,-2.1608416394255894e-14,0.14488541503630617,0.0,0.017808604805227626,-5.9616680522901784e-15,0.002659778351583794,-2.1613676984847903e-14,-0.27399779987420647
EX,430,0.0,0.1258609987247367,-2.508980422921558e-15,0.009803023998931794,1.116442711990643e-14,0.6139212287084768,0.0,-0.1258609987247367,2.508980422921558e-15,-0.009803023998931794,1.1165498644095432e-14,0.5062416599416795
EX,258,5.956582883187567e-08,0.7846369228417219,5.0810343983230013e-11,-0.0015203957958502276,-1.8418748195719947e-10,3.2354294761316957,-5.956582883187567e-08,-0.7846369228417219,-5.0810343983230013e-11,0.0015203957958502276,-1.8418751192121815e-10,2.453188214470788
EX,431,-1.7246370457097998e-08,1.5176755014919687,-2.680311901117718e-10,0.012006925531279758,1.1927387921841745e-09,6.635938263383783,1.7246370457097998e-08,-1.5176755014919687,2.680311901117718e-10,-0.012006925531279758,1.1927387998105938e-09,6.871373699894736
EX,259,-1.620878431474182e-07,3.048491156665675e-12,-13.17501627641114,0.0049056810746224925,68.38811438545099,1.524241596649328e-11,1.620878431474182e-07,-3.048491156665675e-12,13.17501627641114,-0.0049056810746224925,63.3620483786604,1.5242495600163468e-11
EX,432,-1.5100320993610694e-06,5.463118232251278e-10,-11.422441468434753,0.025189930569072295,57.287812394154585,1.3656169168955866e-09,1.5100320993610694e-06,-5.463118232251278e-10,11.422441468434753,-0.025189930569072295,-0.1756050519808241,1.3659421992300522e-09
EX,433,1.59521645892724e-06,-4.3213418573428427e-10,-11.49431272314715,-0.021779835635124256,0.1576593783777227,-1.0801728254554668e-09,-1.59521645892724e-06,4.3213418573428427e-10,11.49431272314715,0.021779835635124256,57.313904237358024,-1.0804981032159545e-09
EX,434,-1.59521645892724e-06,4.317440306781946e-10,-13.550694651892469,-0.03038059603903108,67.49329712774389,1.0791974399235606e-09,1.59521645892724e-06,-4.317440306781946e-10,13.550694651892469,0.03038059603903108,0.26017613171844545,1.0795227134674124e-09
EX,435,1.5446843804056698e-06,6.556980724253593e-10,-13.656120577688348,-0.002857846241091944,-0.17249536910178875,1.6394078187286793e-09,-1.5446843804056698e-06,-6.556980724253593e-10,13.656120577688348,0.002857846241091944,68.45309825754353,1.6390825433981173e-09
EX,436,-1.5446843804056698e-06,-6.560887888800634e-10,-10.59370112127288,0.0005568458652373227,52.65462801701517,-1.6403846142964805e-09,1.5446843804056698e-06,6.560887888800634e-10,10.59370112127288,-0.0005568458652373227,0.31387758934923227,-1.6400593301038363e-09
EX,437,1.5407525255639598e-06,-3.068559616198894e-10,-10.700000264843055,0.04662646168154803,-0.4057109393923355,-7.669772595413428e-10,-1.5407525255639598e-06,3.068559616198894e-10,10.700000264843055,-0.04662646168154803,53.90571226360761,-7.673025485581043e-10
EX,438,-6.250749917668941e-07,-6.550710675948383e-10,-30.129389853630354,0.029025164977810335,65.01538540485312,-1.6376776629837497e-09,6.250749917668941e-07,6.550710675948383e-10,30.129389853630354,-0.029025164977810335,85.63156386329864,-1.6376776749904417e-09
EX,439,-1.7954461447001308e-06,7.246403021186401e-09,0.930204496677922,0.24196507377939053,-15.667157947581316,9.238844922784266e-09,1.7954461447001308e-06,-7.246403021186401e-09,-0.930204496677922,-0.24196507377939053,13.295136481052618,9.239482781241034e-09
EX,440,3.689548666585547e-07,-1.2654916192648735e-08,1.1978215903507234,-0.2969963381034637,-13.270701301996743,-1.550194043533664e-08,-3.689548666585547e-07,1.2654916192648735e-08,-1.1978215903507234,0.2969963381034637,10.336038405637467,-1.5502604236652803e-08
EX,260,-4.20451048976922e-06,-6.369210372027805e-07,-7.700953424104128,-0.00023365913442295169,27.99745551599967,-3.185354001065125e-06,4.20451048976922e-06,6.369210372027805e-07,7.700953424104128,0.00023365913442295169,49.01207872504161,-3.1838563709626792e-06
EX,441,-1.5168441502844132e-06,1.0388741735306404e-09,-12.7681310079522,0.048411116940809025,65.02341464993853,2.597025538350416e-09,1.5168441502844132e-06,-1.0388741735306404e-09,12.7681310079522,-0.048411116940809025,-1.1827596101775342,2.5973453293027864e-09
EX,442,1.5388640361990724e-06,-8.065435014290772e-10,-12.571954267277789,-0.0500941291704757,1.2213329931480743,-2.0161961154607345e-09,-1.5388640361990724e-06,8.065435014290772e-10,12.571954267277789,0.0500941291704757,61.638438343240864,-2.0165213916846515e-09
EX,443,-1.5388640361990724e-06,8.061527864108881e-10,-11.930863203259163,0.0056414446704241205,59.29832621692165,2.0152193288979523e-09,1.5388640361990724e-06,-8.061527864108881e-10,11.930863203259163,-0.0056414446704241205,0.3559897993741572,2.015544603156488e-09
EX,444,1.540010619027754e-06,-1.2143216188036782e-10,-11.682310846150925,-0.02285227955817303,-0.439092515451037,-3.034177659636125e-10,-1.540010619027754e-06,1.2143216188036782e-10,11.682310846150925,0.02285227955817303,58.850646746205655,-3.037430434382266e-10
EX,445,-1.540010619027754e-06,1.2104200725308858e-10,-12.189033473113911,0.019041055598836735,61.79115061694037,3.024423765724124e-10,1.540010619027754e-06,-1.2104200725308858e-10,12.189033473113911,-0.019041055598836735,-0.8459832513708179,3.027676596930305e-10
EX,446,1.7932330620418213e-06,-7.479430036013255e-10,-11.938250168495316,0.007009078168714122,0.939898097114984,-1.8696948658349657e-09,-1.7932330620418213e-06,7.479430036013255e-10,11.938250168495316,-0.007009078168714122,58.75135274536159,-1.870020152171662e-09
EX,447,-7.78037634319162e-07,-6.04030150389323e-10,-36.171691158787944,0.02387291019883666,78.31117316465561,-1.5100753651637112e-09,7.78037634319162e-07,6.04030150389323e-10,36.171691158787944,-0.02387291019883666,102.5472826292841,-1.5100753867829037e-09
EX,448,-1.990579270044432e-06,1.0186792134248165e-08,4.017554906467049,0.11183436206287636,-25.089349279018293,1.2987841032338822e-08,1.990579270044432e-06,-1.0186792134248165e-08,-4.017554906467049,-0.11183436206287636,14.844584267527331,1.2988478909993965e-08
EX,449,2.485409837122203e-07,-1.6412354202083832e-08,3.543706856552457,-0.1373220192175182,-14.876522118745532,-2.0104802003275745e-08,-2.485409837122203e-07,1.6412354202083832e-08,-3.543706856552457,0.1373220192175182,6.194440320192001,-2.0105465791829692e-08
EX,261,8.407349816330623e-07,-6.321621084182128e-11,-16.761104755841085,0.03199063141074413,91.19148170485329,-3.1599973157077336e-10,-8.407349816330623e-07,6.321621084182128e-11,16.761104755841085,-0.03199063141074413,76.41956585355757,-3.1616237684743945e-10
EX,450,-1.68147246126793e-06,5.051444414362065e-10,-11.354943766589962,0.08436141863426266,55.486534866497706,1.2626984545974931e-09,1.68147246126793e-06,-5.051444414362065e-10,11.354943766589962,-0.08436141863426266,1.2881839664521024,1.2630237525835394e-09
EX,451,1.5189674518190088e-06,-2.2397263862085477e-09,-11.479249252551984,-0.031724175334568915,-1.3088116758195838,-5.599153423105605e-09,-1.5189674518190088e-06,2.2397263862085477e-09,11.479249252551984,0.031724175334568915,58.7050579385795,-5.5994785079371335e-09
EX,452,-1.5189674518190088e-06,2.2393359086655745e-09,-11.827305416146432,-0.005519910704734771,59.55273006228886,5.5981772406652496e-09,1.5189674518190088e-06,-2.2393359086655745e-09,11.827305416146432,0.005519910704734771,-0.416202981556701,5.598502302662623e-09
EX,453,1.5461207314437786e-06,1.3124956809360872e-09,-11.970431847458782,-0.10392482370527734,0.411624935016917,3.281401731802334e-09,-1.5461207314437786e-06,-1.3124956809360872e-09,11.970431847458782,0.10392482370527734,59.44053430227699,3.281076672878102e-09
EX,454,-1.5461207314437786e-06,-1.3128855933712358e-09,-11.888981308988036,0.097415093951238,61.021811619987204,-3.282376523789137e-09,1.5461207314437786e-06,1.3128855933712358e-09,11.888981308988036,-0.097415093951238,-1.57690507504703,-3.282051443067042e-09
EX,455,1.8019336023300525e-06,-1.792114997422281e-10,-12.033465470036464,-0.038070334261512614,1.57482357934596,-4.47866106169355e-10,-1.8019336023300525e-06,1.792114997422281e-10,12.033465470036464,0.038070334261512614,58.59250377083636,-4.4819139254178547e-10
EX,456,-7.541342550432262e-07,8.367621583286754e-12,-36.626048532245605,0.002125783470834317,79.42356579229447,2.0919056441743956e-11,7.541342550432262e-07,-8.367621583286754e-12,36.626048532245605,-0.002125783470834317,103.70667686893356,2.0919051474689814e-11
EX,457,-2.054503626049063e-06,1.282756344848012e-09,3.413281712260502,0.03977386665104744,-24.213938699693205,1.6351954234853031e-09,2.054503626049063e-06,-1.282756344848012e-09,-3.413281712260502,-0.03977386665104744,15.510070333428935,1.635833255877124e-09
EX,458,2.6098511107343967e-07,-5.840791371579345e-09,3.6195126685022294,-0.05872604112320327,-15.50256766126705,-7.154637513701478e-09,-2.6098511107343967e-07,5.840791371579345e-09,-3.6195126685022294,0.05872604112320327,6.634761623436578,-7.155301346667936e-09
EX,262,0.00024380910690131633,-0.6314607117031024,8.486952196111226e-08,0.6892391358289939,-3.058156462297188e-07,-1.4270891522197464,-0.00024380910690131633,0.6314607117031024,-8.486952196111226e-08,-0.6892391358289939,-3.0948838798834507e-07,-3.151001007627746
EX,459,-0.00019863084535662296,0.38241407917744424,-3.572111728193963e-08,-0.41422725294318447,1.5746321432425376e-07,1.460589905406281,0.00019863084535662296,-0.38241407917744424,3.572111728193963e-08,0.41422725294318447,1.6045472948500883e-07,1.942895399272972
EX,263,-2.556161101751015e-08,0.7720764473206734,-1.3820616664940745e-09,-0.11415838258735113,5.009970170273406e-09,2.892683751833872,2.556161101751015e-08,-0.7720764473206734,1.3820616664940745e-09,0.11415838258735113,5.0099769118086335e-09,2.7048704912410093
EX,460,1.9216545489695667e-08,0.5639010476377903,-3.0711303859411556e-11,0.06199672762491412,1.3666804420561752e-10,2.3679909586641523,-1.9216545489695667e-08,-0.5639010476377903,3.0711303859411556e-11,-0.06199672762491412,1.3666256014314526e-10,2.6507283653121796
EX,264,6.863903303492023e-08,0.36738487061597763,1.6743867398731644e-10,0.016101446170470088,-6.06965070683627e-10,0.7783291893501447,-6.863903303492023e-08,-0.36738487061597763,-1.6743867398731644e-10,-0.016101446170470088,-6.069653157244171e-10,1.8852111226156931
EX,461,1.460708309926262e-08,0.5457550594241595,2.5600714253321406e-10,0.011871124836515722,-1.1392317837374585e-09,2.3366845087467887,-1.460708309926262e-08,-0.5457550594241595,-2.5600714253321406e-10,-0.011871124836515722,-1.1392317848081462e-09,2.5205355201282296
EX,265,-6.867469954776683e-08,1.3852052668513335,-5.0945495190191673e-11,0.0016502684507469722,1.8467754644030017e-10,5.567101769665177,6.867469954776683e-08,-1.3852052668513335,5.0945495190191673e-11,-0.0016502684507469722,1.8467729368858948e-10,4.47563641500699
EX,462,3.031875137185347e-08,-0.7230173112024387,2.142701895039899e-11,0.0023151701231325012,-9.535023450772344e-11,-3.4649463920810244,-3.031875137185347e-08,0.7230173112024387,-2.142701895039899e-11,-0.0023151701231325012,-9.535023415082752e-11,-2.9699076776206796
EX,266,-2.7238098630037397e-08,0.5152129290598955,-7.269780334967752e-11,-0.006828508527962166,2.6352953942080755e-10,2.016599451422817,2.7238098630037397e-08,-0.5152129290598955,7.269780334967752e-11,0.006828508527962166,2.635295348643545e-10,1.7186942842614248
EX,463,1.720843008118679e-08,0.6587549731420475,-1.1458494871579043e-09,-0.05982960979733991,5.099030218477241e-09,2.8890982748840575,-1.720843008118679e-08,-0.6587549731420475,1.1458494871579043e-09,0.05982960979733991,5.0990302172281054e-09,2.9738209860801637
EX,267,-5.6567493146538633e-08,0.47212246022083315,-2.73419921783263e-10,-0.00630092218624831,9.911472289507624e-10,2.1195622604052717,5.6567493146538633e-08,-0.47212246022083315,2.73419921783263e-10,0.00630092218624831,9.911472039778946e-10,1.3033255761957687
EX,464,1.5217133206603008e-08,1.4817037394930392,-4.515204256517235e-10,-0.0267295267147036,2.009265889974487e-09,6.601237679854209,-1.5217133206603008e-08,-1.4817037394930392,4.515204256517235e-10,0.0267295267147036,2.0092658983258513e-09,6.5859256016338374
EX,268,-5.956579518422203e-08,0.7837255870643735,-5.086150992156909e-11,-0.0016374629933220788,1.8437295846006118e-10,3.228135228485644,5.956579518422203e-08,-0.7837255870643735,5.086150992156909e-11,0.0016374629933220788,1.8437298847131474e-10,2.453875277731063
EX,465,1.72463649751769e-08,1.512605818510995,2.680377446653397e-10,0.013073671147772841,-1.1927679599241304e-09,6.623483135610076,-1.72463649751769e-08,-1.512605818510995,-2.680377446653397e-10,-0.013073671147772841,-1.1927679675973923e-09,6.838708649137777
EX,269,0.0,0.12430548596201843,3.2564057774846145e-14,0.020627709367462846,-1.1803951770601125e-13,0.11608559396883172,0.0,-0.12430548596201843,-3.2564057774846145e-14,-0.020627709367462846,-1.1804990116162328e-13,0.785129179255802
EX,466,-2.1927684387347285e-14,-0.07187125471239561,-7.16572790494507e-15,-0.01794567360311008,3.188725719466747e-14,-0.6866239331445172,2.1927684387347285e-14,0.07187125471239561,7.16572790494507e-15,0.01794567360311008,3.1887721159343633e-14,0.046969766204196295
EX,270,0.0,0.14312643131235459,3.2576639386709515e-14,0.004578046539789639,-1.180979191673228e-13,0.0984049130005426,0.0,-0.14312643131235459,-3.2576639386709515e-14,-0.004578046539789639,-1.180827163863212e-13,0.9392617140140281
EX,467,0.0,-0.10542592579588453,-7.163646680511798e-15,0.0876807626166643,3.187911996803935e-14,-0.9107679897854322,0.0,0.10542592579588453,7.163646680511798e-15,-0.0876807626166643,3.187733548851564e-14,-0.027522749797939894
EX,271,0.0,0.14448416104842746,3.256271621969068e-14,0.0020814957010719948,-1.1803754616380644e-13,0.13548542821275067,0.0,-0.14448416104842746,-3.256271621969068e-14,-0.0020814957010719948,-1.18042146428951e-13,0.9120247393883485
EX,468,-2.1927684387347285e-14,-0.10629914357017266,-7.168530941320514e-15,-0.09183335004311412,3.1899248897066795e-14,-0.899992761958226,2.1927684387347285e-14,0.10629914357017266,7.168530941320514e-15,0.09183335004311412,3.1900676480685766e-14,-0.046069615816310416
EX,272,0.0,-0.20623095624154061,1.1579941519465181e-14,-0.007502672162069698,-4.1978952865923125e-14,0.09849990777424633,0.0,0.20623095624154061,-1.1579941519465181e-14,0.007502672162069698,-4.197562315019944e-14,-1.593674340525416
EX,469,0.0,0.26761709367288333,-7.174064832877187e-15,0.02443517905593,3.192530229811296e-14,1.8428307218058055,0.0,-0.26761709367288333,7.174064832877187e-15,-0.02443517905593,3.192387471449399e-14,0.5389614118828557
EX,273,-1.1427931947230489e-07,3.700403954327669,5.670011808673754e-08,-0.33207872596311794,-1.1680191606255988e-07,4.395799323373878,1.1427931947230489e-07,-3.700403954327669,-5.670011808673754e-08,0.33207872596311794,-1.168025704547988e-07,10.849864968456119
EX,274,4.030699469581028e-08,-3.9458196025901002,5.7939601110400325e-08,-0.3140105048678247,-1.1935525108987894e-07,-4.200989134992261,-4.030699469581028e-08,3.9458196025901002,-5.7939601110400325e-08,0.3140105048678247,-1.193559054849704e-07,-12.055787627678951
EX,275,3.247402347028583e-11,2.1473876189501359e-10,-3.916019054049943,-0.2253025762547977,19.586418219552556,1.0736938083762412e-09,-3.247402347028583e-11,-2.1473876189501359e-10,3.916019054049943,0.2253025762547977,19.573772320946873,1.0736938105738947e-09
EX,276,6.132343788173152e-05,-7.59308218232089e-06,-17.714251110284774,-0.4093877968203875,100.05874892069238,-2.8094416224518507e-06,-6.132343788173152e-05,7.59308218232089e-06,17.714251110284774,0.4093877968203875,-86.95020309908168,-2.809439192465596e-06
EX,470,4.14950466014386e-12,-6.499595917359947e-15,-17.714251110284582,-0.4093877968203875,86.95020309908165,-5.749739941480063e-15,-4.14950466014386e-12,6.499595917359947e-15,17.714251110284582,0.4093877968203875,-33.6303072571251,-1.3814043769773364e-14
EX,471,-8.326672684688674e-13,8.226876983378846e-17,-16.27797946467251,0.5910610955633732,34.01964707058484,1.547718567295093e-16,8.326672684688674e-13,-8.226876983378846e-17,16.27797946467251,-0.5910610955633732,27.022775921937075,1.5373603014719744e-16
EX,472,-8.350770075438163e-07,2.3979977819012654e-10,-16.980126278336186,-0.17899934714202073,-26.594458658573828,4.4962462574997754e-10,8.350770075438163e-07,-2.3979977819012654e-10,16.980126278336186,0.17899934714202073,90.26993220233453,4.4962454246299697e-10
EX,473,6.263083801583136e-07,-1.0116560993722822e-10,-18.097507160702474,0.0013421663025166232,91.35025833406904,-2.5291405656125815e-10,-6.263083801583136e-07,1.0116560993722822e-10,18.097507160702474,-0.0013421663025166232,-0.862722530556681,-2.5291399312488295e-10
EX,474,-7.571768212422114e-07,5.6182336046882437e-11,-18.102458114328318,-0.004979053440880131,0.8621452443567392,1.4045586957244855e-10,7.571768212422114e-07,-5.6182336046882437e-11,18.102458114328318,0.004979053440880131,89.65014532728485,1.4045581066196364e-10
EX,475,4.238152204183442e-05,-2.9882022429354645e-11,-21.86018126898946,-0.02395224633634582,104.18547448338373,-1.0017621162860641e-10,-4.238152204183442e-05,2.9882022429354645e-11,21.86018126898946,0.02395224633634582,5.115431861563586,-4.9233900518166864e-11
EX,476,1445.2898182380882,-0.010283997005460368,-21.6151240243392,0.04499520083816867,-5.130453025158062,-0.029480470074068316,-1445.2898182380882,0.010283997005460368,21.6151240243392,-0.04499520083816867,125.09439136024059,-0.027595713306236717
EX,277,6.752506886975596e-07,1.7109597295277836e-10,-32.54344194635819,0.05510461565449503,125.79866992078536,3.208048482525618e-10,-6.752506886975596e-07,-1.7109597295277836e-10,32.54344194635819,-0.05510461565449503,-3.760762621942135,3.2080505032035705e-10
EX,477,-9.038036985486997e-07,1.8793168661516667e-10,-32.472795970998604,-0.04102421618798012,4.784612814285282,3.523719525449048e-10,9.038036985486997e-07,-1.8793168661516667e-10,32.472795970998604,0.04102421618798012,116.9883720769595,3.523718722619702e-10
EX,478,6.778527739115248e-07,-7.928375713839722e-11,-17.674624725054468,0.002125253085345166,88.23521797978532,-1.9820942353055837e-10,-6.778527739115248e-07,7.928375713839722e-11,17.674624725054468,-0.002125253085345166,0.13790564548701667,-1.9820936216142772e-10
EX,479,-7.278171815228163e-07,8.073575383196052e-11,-17.66759125219773,-0.0022045129901792603,-0.13808526367868978,2.0183941392411997e-10,7.278171815228163e-07,-8.073575383196052e-11,17.66759125219773,0.0022045129901792603,88.47604152466734,2.0183935523568265e-10
EX,480,4.2358721530355574e-05,-5.443543434121644e-11,-21.911449500464,0.04300504337255042,104.87009648944156,-1.61559775644279e-10,-4.2358721530355574e-05,5.443543434121644e-11,21.911449500464,-0.04300504337255042,4.687151012878445,-1.1061739606180324e-10
EX,481,1445.5175592217317,-0.010284010578544072,-22.38721116550407,-0.05942313176865054,-4.588831459059705,-0.029480509640060288,-1445.5175592217317,0.010284010578544072,22.38721116550407,0.05942313176865054,128.83785342760729,-0.0275957490708593
EX,278,5.281869536338963e-05,-7.596433734705324e-06,-17.591017521878342,0.3976797794072395,99.74383995102936,-2.8106875519664247e-06,-5.281869536338963e-05,7.596433734705324e-06,17.591017521878342,-0.3976797794072395,-86.72648698483941,-2.8106734117155034e-06
EX,482,2.07475233007193e-12,-6.4960650360848375e-15,-17.591017521877927,0.3976797794072395,86.72648698483965,-5.7426545237855205e-15,-2.07475233007193e-12,6.4960650360848375e-15,17.591017521877927,-0.3976797794072395,-33.77752424398713,-1.3810501234829826e-14
EX,483,0.0,-1.8715788539624804e-19,-16.250721781115196,-0.5815963637928193,34.16003934528686,-3.398471546674114e-19,0.0,1.8715788539624804e-19,16.250721781115196,0.5815963637928193,26.780167333895122,-3.6199491556851874e-19
EX,484,-8.353101543789876e-07,5.182791659907054e-12,-17.07479181723189,0.17785136101961638,-26.362518550394114,9.717773288015882e-12,8.353101543789876e-07,-5.182791659907054e-12,17.07479181723189,-0.17785136101961638,90.39298786501371,9.717695436635571e-12
EX,485,6.264838647851434e-07,-2.1865284401081464e-12,-18.383857393124316,0.005311573800643062,92.0199075303652,-5.466350196408512e-12,-6.264838647851434e-07,2.1865284401081464e-12,18.383857393124316,-0.005311573800643062,-0.1006205647436147,-5.4662920041322196e-12
EX,486,-7.272064200813944e-07,5.146037378543707e-11,-18.3859399123552,-0.0013974330128976814,0.10137746913519408,1.2865096447667604e-10,7.272064200813944e-07,-5.146037378543707e-11,18.3859399123552,0.0013974330128976814,91.82832209264082,1.286509044505093e-10
EX,487,4.236616245323343e-05,-2.516004201978507e-11,-17.15294639474106,0.1245525577841985,89.9339696446468,-8.83712782160608e-11,-4.236616245323343e-05,2.516004201978507e-11,17.15294639474106,-0.1245525577841985,-4.169237670941463,-3.742893188286457e-11
EX,488,1445.7971338215789,-0.010284003707491973,-16.92224197435126,-0.11857103200396522,4.085939280717156,-0.029480489590384115,-1445.7971338215789,0.010284003707491973,16.92224197435126,0.11857103200396522,89.83250367693232,-0.027595730986196325
EX,279,-8.326672684688682e-13,6.935208400688012e-17,0.47932021050789664,0.276806552587895,1.4509961079839186,8.658392603722123e-17,8.326672684688682e-13,-6.935208400688012e-17,-0.47932021050789664,-0.276806552587895,-3.248446897388529,1.7348638898857897e-16
EX,489,0.0,6.935204678375242e-17,-0.8806401831981161,-0.3922523370212905,4.1136048428032375,1.734859702283937e-16,0.0,-6.935204678375242e-17,0.8806401831981161,0.3922523370212905,-0.811204155810302,8.658420521067788e-17
EX,280,0.0,-1.677906549011105e-16,0.04902529410753194,-0.28826802753133374,1.4886285024956578,-2.0984375313521547e-16,0.0,1.677906549011105e-16,-0.04902529410753194,0.28826802753133374,-1.6724733553989024,-4.193712027439483e-16
EX,490,8.326672684688674e-13,-8.452437969483788e-17,-0.5749306912226639,0.4074510007325978,3.2146021754820193,-2.6324702979000624e-16,-8.326672684688674e-13,8.452437969483788e-17,0.5749306912226639,-0.4074510007325978,-1.0586120833970294,-5.3719394065635795e-17
EX,281,-0.00011245963604101123,0.14232066009927657,0.06616030927170591,1.478607217468576,-0.002514091773072378,0.5256738654975476,0.00011245963604101123,-0.14232066009927657,-0.06616030927170591,-1.478607217468576,-0.00251409173157726,-0.5148574953300026
EX,491,-2.9117389449658447e-15,0.14232066012371275,4.480587740756877e-15,1.4786072174685847,-9.384591060039955e-15,0.5148574953297487,2.9117389449658447e-15,-0.14232066012371275,-4.480587740756877e-15,-1.4786072174685847,-9.384590985990604e-15,0.08132374992848407
EX,492,1.600692183787654e-15,0.09329536601618144,4.23077622105022e-15,-0.010021285027074,-1.6119257076539683e-14,0.2069442776028496,-1.600692183787654e-15,-0.09329536601618144,-4.23077622105022e-15,0.010021285027074,-1.6119257727863e-14,0.503966411440453
EX,493,5.172347531570604e-13,-0.38602484449171515,-1.2377679450430594e-13,-1.4610173930109924,2.8497169427300697e-13,-0.7807729640283481,-5.172347531570604e-13,0.38602484449171515,1.2377679450430594e-13,1.4610173930109924,1.61614980298529e-13,-0.6120046748977607
EX,494,1.3014687392796281e-05,-0.3860248444917237,-8.820689511727148e-05,-1.4610173930109902,2.8975978831444215e-05,0.6120046748977588,-1.3014687392796281e-05,0.3860248444917237,8.820689511727148e-05,1.4610173930109902,2.897595126060299e-05,-0.8656229977288206
EX,282,0.0,-1.4362716456120583,-8.034614558377063e-15,-0.38933981345974855,1.7297572833436416e-14,-1.0004488923837567,0.0,1.4362716456120583,8.034614558377063e-15,0.38933981345974855,1.6970058258041758e-14,-5.125249676151672
EX,495,-8.396280915875697e-09,-0.8123156602818662,-6.09316628061643e-08,-1.9314686335428666,9.094050673160216e-08,4.429530647887736,8.396280915875697e-09,0.8123156602818662,6.09316628061643e-08,1.9314686335428666,9.09405067447983e-08,-6.854292893829107
EX,496,5.407316231103215e-09,-0.019664652943262098,1.6275217330503718e-08,1.247673046714406,-3.771781637237484e-08,3.976880635151849,-5.407316231103215e-09,0.019664652943262098,-1.6275217330503718e-08,-1.247673046714406,-3.77178159545099e-08,-4.068026301543869
EX,497,-2.8598533271891978e-15,1.3402957407627478,-8.360535945383043e-15,0.3825151012996988,1.7896761474491918e-14,4.737085191153057,2.8598533271891978e-15,-1.3402957407627478,8.360535945383043e-15,-0.3825151012996988,1.7760924332566752e-14,0.9792761432000605
EX,283,-1.0479814080110812e-09,0.4281375083557398,-4.328293633217482e-10,0.04677507412117222,1.5690064408970683e-09,1.5310402464273494,1.0479814080110812e-09,-0.4281375083557398,4.328293633217482e-10,-0.04677507412117222,1.5690064431856061e-09,1.5729566891517643
EX,498,-3.0078506179784595e-09,-0.11352771485013288,2.331774756458091e-10,-0.036030751426911554,-1.0376397681071466e-09,-0.5521069203619255,3.0078506179784595e-09,0.11352771485013288,-2.331774756458091e-10,0.036030751426911554,-1.037639765140554e-09,-0.45828974180425686
EX,284,1.1759299757001861e-09,0.1254004488447552,2.46540269136345e-10,0.0025289889498208377,-8.937084756323641e-10,0.47601550817960836,-1.1759299757001861e-09,-0.1254004488447552,-2.46540269136345e-10,-0.0025289889498208377,-8.937084756061368e-10,0.433137745944867
EX,499,-1.1421418147626613e-09,0.1262171311552924,2.77575189221976e-12,-0.027706215150989397,-1.2352095149200466e-11,0.5535250398497298,1.1421418147626613e-09,-0.1262171311552924,-2.77575189221976e-12,0.027706215150989397,-1.2352096691555395e-11,0.5698074274323723
EX,285,0.0,0.7021468136636766,4.3253750615054816e-14,-0.4283172633632473,-9.22394328878142e-14,0.7700604427053954,0.0,-0.7021468136636766,-4.3253750615054816e-14,0.4283172633632473,-9.223781348539457e-14,2.224595717570185
EX,500,0.0,0.1272161224410124,-4.223789890569721e-14,0.6302948200337818,6.304179641584999e-14,-1.817144716837583,0.0,-0.1272161224410124,4.223789890569721e-14,-0.6302948200337818,6.30383318176562e-14,2.196884842324005
EX,501,0.0,0.056570147081427206,-1.0055303333636863e-14,-0.3935553723093102,2.3302050019970445e-14,-2.1007560104815273,0.0,-0.056570147081427206,1.0055303333636863e-14,0.3935553723093102,2.3304280931436418e-14,2.3629586422039424
EX,502,-2.8598533271891978e-15,-0.8240700361166872,-8.264963831482729e-15,0.4176487835009915,1.7625052716701637e-14,-2.7552109792252364,2.8598533271891978e-15,0.8240700361166872,8.264963831482729e-15,-0.4176487835009915,1.7625018024572194e-14,-0.7594477248124332
EX,286,0.0,0.004950953625845207,6.131593276116568e-16,0.0005772861999322001,-2.2225795551304752e-15,0.006321219743396762,0.0,-0.004950953625845207,-6.131593276116568e-16,-0.0005772861999322001,-2.222825570054036e-15,0.029573194043980993
EX,503,0.0,-0.002082519230889412,3.339506031272327e-15,0.0007569043915952591,-1.4860698691365945e-14,-0.0252434279684565,0.0,0.002082519230889412,-3.339506031272327e-15,-0.0007569043915952591,-1.4860904986957757e-14,0.006709006813540738
EX,287,-1.682382681443024e-15,-0.2450572446502657,3.3897508545085183e-12,0.015021163594475286,-1.2287888835901658e-11,-0.06894744717451351,1.682382681443024e-15,0.2450572446502657,-3.3897508545085183e-12,-0.015021163594475286,-1.22878048592851e-11,-1.7077175765399129
EX,504,1.3704802742092053e-15,0.23070442038980665,2.251348112511637e-12,-0.08329839022427603,-1.001848172561441e-11,1.8101457516811155,-1.3704802742092053e-15,-0.23070442038980665,-2.251348112511637e-12,0.08329839022427603,-1.0018516475739153e-11,0.24312358978816329
EX,288,-1.2605021123390998e-06,-0.17409133729779275,5.674228244566677e-06,-0.024872457952846833,-8.230681800139974e-06,-1.1929561392734391,1.2605021123390998e-06,0.17409133729779275,-5.674228244566677e-06,0.024872457952846833,-8.224580109103388e-06,0.6880912611098402
EX,505,-8.656973867106774e-07,-0.17409133729779294,-1.7116719664702149e-06,-0.024872457952846677,3.7206092924440306e-06,-0.68809126110984,8.656973867106774e-07,0.17409133729779294,1.7116719664702149e-06,0.024872457952846677,3.725163761701403e-06,-0.06920605613555914
EX,506,4.2328806146632005e-07,-0.036131389156527596,9.715613922611636e-09,0.4006389282192362,-4.214526113942925e-08,-0.01463542374025345,-4.2328806146632005e-07,0.036131389156527596,-9.715613922611636e-09,-0.4006389282192362,-4.432370277181429e-08,-0.3069339397528421
EX,289,-1.0856405864380178e-06,-5.129559764973847e-06,-21.33203594131429,-0.5223513042345688,121.37693818741762,-2.8469041871744234e-06,1.0856405864380178e-06,5.129559764973847e-06,21.33203594131429,0.5223513042345688,-97.69837829255877,-2.8469071519465437e-06
EX,507,2.3655320126956487e-12,-3.96615692763619e-15,-21.332035941314047,-0.5223513042345688,97.69837829255891,-5.767517408512222e-16,-2.3655320126956487e-12,3.96615692763619e-15,21.332035941314047,0.5223513042345688,-41.3818034074899,-9.893902548108307e-15
EX,508,0.0,-8.568317287906035e-18,-19.545802223300115,0.7162078392060299,41.84030885189856,-1.6115008616666202e-17,0.0,8.568317287906035e-18,19.545802223300115,-0.7162078392060299,31.456449485476874,-1.601618121298143e-17
EX,509,1.2382428415946833e-07,-2.288499025589445e-11,-20.320298866538476,-0.18997258571477238,-30.919369728745394,-4.29100096302528e-11,-1.2382428415946833e-07,2.288499025589445e-11,20.320298866538476,0.18997258571477238,107.12049047826468,-4.2908703829351385e-11
EX,510,-9.286821311960125e-08,9.655625235268568e-12,-21.29640830267776,-0.0032994757005541213,107.05027065311131,2.4139552755553008e-11,9.286821311960125e-08,-9.655625235268568e-12,21.29640830267776,0.0032994757005541213,-0.5682291397225043,2.413857342078983e-11
EX,511,1.547861838702147e-07,-3.046641783279628e-11,-21.276594234188014,-0.0009540263691125689,0.5611871123796419,-7.616653044598291e-11,-1.547861838702147e-07,3.046641783279628e-11,21.276594234188014,0.0009540263691125689,105.82178405856043,-7.61655587179985e-11
EX,512,1.2066025678603152e-05,8.588859379976788e-10,-25.529738717549446,0.01986089634559009,121.64396532576893,1.3540713051336873e-09,-1.2066025678603152e-05,-8.588859379976788e-10,25.529738717549446,-0.01986089634559009,6.004728261978329,2.9403583848547075e-09
EX,513,424.33377076819073,-0.29744044669145775,-25.46577875531868,-0.018746867929151752,-6.001626557500558,-0.9179907597244645,-424.33377076819073,0.29744044669145775,25.46577875531868,0.018746867929151752,147.3366986495192,-0.7328037194131258
EX,290,-1.0877299061462509e-07,3.9843679631968314e-11,-37.9041701438507,0.06653628803880912,147.01604011720036,7.470756122266883e-11,1.0877299061462509e-07,-3.9843679631968314e-11,37.9041701438507,-0.06653628803880912,-4.875402077760242,7.470623739721235e-11
EX,514,1.5419998611321262e-07,-4.3239542678791705e-11,-37.85203525044426,-0.04665437704368661,6.05735404734564,-8.107479485432271e-11,-1.5419998611321262e-07,4.3239542678791705e-11,37.85203525044426,0.04665437704368661,135.88777814182032,-8.107349019114618e-11
EX,515,-1.1564749158310406e-07,1.8242630731377445e-11,-21.060338129436143,0.004927797309071739,104.3942327503155,4.56070660877434e-11,1.1564749158310406e-07,-1.8242630731377445e-11,21.060338129436143,-0.004927797309071739,0.9074578968652105,4.5606087569143825e-11
EX,516,7.554332159820376e-08,-1.5848397481144674e-11,-21.100577852451202,-0.004996229964451878,-0.8911441855268407,-3.9621481848747935e-11,-7.554332159820376e-08,1.5848397481144674e-11,21.100577852451202,0.004996229964451878,106.39403344778285,-3.962050555697544e-11
EX,517,1.2789719283645694e-05,8.442679815495015e-10,-24.48833751468925,0.040767915548869556,119.60091027196485,1.317526367405305e-09,-1.2789719283645694e-05,-8.442679815495015e-10,24.48833751468925,-0.040767915548869556,2.840777301481424,2.903813540342203e-09
EX,518,446.7105378923297,-0.29744046329583324,-24.635936008804318,-0.05636147599019138,-2.798761779151988,-0.9179908049879211,-446.7105378923297,0.29744046329583324,24.635936008804318,0.05636147599019138,139.52820662801594,-0.732803766303953
EX,291,-1.5116061555617671e-05,-5.128486664111464e-06,-21.207773757604688,0.5049984961934553,121.10917610013489,-2.8463071199435984e-06,1.5116061555617671e-05,5.128486664111464e-06,21.207773757604688,-0.5049984961934553,-97.5685472291937,-2.846313077220123e-06
EX,519,0.0,-3.968366209661888e-15,-21.207773757604905,0.5049984961934554,97.56854722919367,-5.806400772164513e-16,0.0,3.968366209661888e-15,21.207773757604905,-0.5049984961934554,-41.58002450911678,-9.895846716290922e-15
EX,520,0.0,-1.750335682858133e-16,-19.550607873884193,-0.7051841883977908,42.03214669005712,-3.28280067776623e-16,0.0,1.750335682858133e-16,19.550607873884193,0.7051841883977908,31.282632837008613,-3.2809581329517683e-16
EX,521,1.1808221067610702e-07,-4.257141160554068e-11,-20.494496197023683,0.19239685343062218,-30.76022423238652,-7.98220482078347e-11,-1.1808221067610702e-07,4.257141160554068e-11,20.494496197023683,-0.19239685343062218,107.61458497122533,-7.982074531294285e-11
EX,522,-8.856040900617757e-08,1.7960902184106183e-11,-21.343487010451895,0.01748257599412323,107.00115295979442,4.490274417161754e-11,8.856040900617757e-08,-1.7960902184106183e-11,21.343487010451895,-0.01748257599412323,-0.28371790753494963,4.490176674891337e-11
EX,523,2.0341728301787043e-07,8.292583236840553e-12,-21.323061355926587,-0.013075174788369563,0.2744462235393854,2.0730967810607983e-11,-2.0341728301787043e-07,-8.292583236840553e-12,21.323061355926587,0.013075174788369563,106.34086055609355,2.0731948373594782e-11
EX,524,1.34529637429992e-05,8.201269125485777e-10,-21.132440870176133,0.06604106325351132,108.64169537649396,1.2571737161259016e-09,-1.34529637429992e-05,-8.201269125485777e-10,21.132440870176133,-0.06604106325351132,-2.979491025613271,2.843460846616988e-09
EX,525,474.17994506121795,-0.29744046009443076,-21.048802338291836,-0.07889498852994198,2.9343737988059786,-0.917990796558709,-474.17994506121795,0.29744046009443076,21.048802338291836,0.07889498852994198,113.8864791787137,-0.7328037569653817
EX,292,0.0,1.468156086339349e-16,0.5498907008964695,0.35156862178638904,1.7824019483149791,2.8235789529982315e-16,0.0,-1.468156086339349e-16,-0.5498907008964695,-0.35156862178638904,-3.8444920766767376,2.6820063707743214e-16
EX,526,0.0,-1.984603158500501e-17,-1.0367675816859836,-0.47883745480501444,4.862967219538192,-4.421065307136669e-17,0.0,1.984603158500501e-17,1.0367675816859836,0.47883745480501444,-0.9750887882157535,-3.0211965372402097e-17
EX,293,3.330669073875473e-12,1.8354873094755707e-17,-0.006069343881694784,-0.36734909262540955,1.8317339605091982,1.7539909939850066e-17,-3.330669073875473e-12,-1.8354873094755707e-17,0.006069343881694784,0.36734909262540955,-1.8089739209528428,5.129086416548376e-17
EX,527,0.0,1.8352937492122293e-17,-0.6294824912854328,0.4979544987940801,3.626910885043593,5.128770019964069e-17,0.0,-1.8352937492122293e-17,0.6294824912854328,-0.4979544987940801,-1.2663515427232204,1.753581539581791e-17
EX,294,-2.957071463820083e-05,0.11377388381143543,-2.6948677448974514e-06,1.8185857747924408,8.879633940318321e-07,0.4581910505064164,2.957071463820083e-05,-0.11377388381143543,2.6948677448974514e-06,-1.8185857747924408,8.879544498555876e-07,-0.3832140610746805
EX,528,0.0,0.11377388381143856,-9.857283428884008e-14,1.8185857747924405,1.7772682005073608e-13,0.3832140610746817,0.0,-0.11377388381143856,9.857283428884008e-14,-1.8185857747924405,1.777268203948212e-13,0.02705456394936573
EX,529,0.0,0.11984322769313405,5.340672085249114e-15,-0.013148185716757488,-2.034803001073238e-14,0.34029452867604415,0.0,-0.11984322769313405,-5.340672085249114e-15,0.013148185716757488,-2.0347891278865868e-14,0.5729108663456373
EX,530,9.17123307164503e-12,-0.43004747320333564,3.1958864624438007e-11,-1.7955501340317366,-6.883123170413488e-11,-0.9244794881320262,-9.17123307164503e-12,0.43004747320333564,-3.1958864624438007e-11,1.7955501340317366,-6.514032880150931e-11,-0.8782795195363576
EX,531,0.0002668906375734452,-0.4300474732128288,0.027597503544647805,-1.7955501340317375,-0.0010073088542230648,0.8782795195370942,-0.0002668906375734452,0.4300474732128288,-0.027597503544647805,1.7955501340317375,-0.0010073089045361378,-0.9096729850816293
EX,295,0.0,-1.7862337180139982,3.506228584562582e-14,-0.45850544440870783,-7.479670294824431e-14,-1.2385591434406007,0.0,1.7862337180139982,-3.506228584562582e-14,0.45850544440870783,-7.474394618334979e-14,-6.379727663889101
EX,532,-1.9552087911442233e-09,-1.1628205706102532,9.814844107186526e-09,-2.276442408499458,-1.4648656270611102e-08,5.514424072469607,1.9552087911442233e-09,1.1628205706102532,-9.814844107186526e-09,2.276442408499458,-1.4648653389340677e-08,-8.985443475741214
EX,533,1.2591850347603858e-09,0.07050760113824413,-2.621663218875367e-09,1.4705973238017498,6.075705471871296e-09,5.354026464161873,-1.2591850347603858e-09,-0.07050760113824413,2.621663218875367e-09,-1.4705973238017498,6.075703547616029e-09,-5.027223732886111
EX,534,-5.7197066543783956e-15,1.657165883720697,3.511478617690222e-14,0.45212218094029466,-7.4893222125279e-14,5.857629809477516,5.7197066543783956e-15,-1.657165883720697,-3.511478617690222e-14,-0.45212218094029466,-7.487134091920892e-14,1.2101826845912553
EX,296,-4.112550817133843e-10,0.5489980534033958,1.912850645789525e-10,0.053420046148780286,-6.934083585368476e-10,1.9615520941820042,4.112550817133843e-10,-0.5489980534033958,-1.912850645789525e-10,-0.053420046148780286,-6.934083596605582e-10,2.018683792992616
EX,535,1.0991251799157826e-11,-0.15331508508209757,-1.229508777095798e-10,-0.044000880049415894,5.471314064063368e-10,-0.7437958154555385,-1.0991251799157826e-11,0.15331508508209757,1.229508777095798e-10,0.044000880049415894,5.471314052089232e-10,-0.6207084417751294
EX,297,7.000966347596114e-10,0.15657517414264477,-6.654181336235712e-10,-0.01568359998215113,2.4121407316492464e-09,0.5888936392610031,-7.000966347596114e-10,-0.15657517414264477,6.654181336235712e-10,0.01568359998215113,2.412140737121645e-09,0.5462763732731714
EX,536,9.418296769236953e-10,0.16493105236007538,5.804493293524619e-10,0.0018724970521558574,-2.5829995176999526e-09,0.7158502878028005,-9.418296769236953e-10,-0.16493105236007538,-5.804493293524619e-10,-0.0018724970521558574,-2.5829995135369573e-09,0.7520360782018702
EX,298,0.0,0.7744966432383488,3.509928710031084e-14,-0.537079756731468,-7.484915192049355e-14,0.9061804249208032,0.0,-0.7744966432383488,-3.509928710031084e-14,0.537079756731468,-7.484930756233215e-14,2.3970477584907535
EX,537,8.172378184564102e-15,0.1450141519529169,-3.562602993910797e-13,0.7292717859917511,5.317184797987718e-13,-1.8990932596966723,-8.172378184564102e-15,-0.1450141519529169,3.562602993910797e-13,-0.7292717859917511,5.317185138836011e-13,2.3319605032761292
EX,538,0.0,0.09287925854647773,3.861283586987288e-14,-0.4526801835936655,-8.948523682213473e-14,-2.218769838193633,0.0,-0.09287925854647773,-3.861283586987288e-14,0.4526801835936655,-8.948525743472606e-14,2.6492652015565574
EX,539,-1.1439413308756791e-14,-0.9438883231395055,3.5099192150791586e-14,0.5224086046220864,-7.484917112116899e-14,-3.1281026563615755,1.1439413308756791e-14,0.9438883231395055,-3.5099192150791586e-14,-0.5224086046220864,-7.484888340195709e-14,-0.8975810418284146
EX,299,0.0,-0.019814068489746792,3.257036373559219e-15,0.00704202734284094,-1.1806695329028676e-14,-0.0023454493314415265,0.0,0.019814068489746792,-3.257036373559219e-15,-0.00704202734284094,-1.180681837927566e-14,-0.1413065472192227
EX,540,0.0,0.02042565452530778,3.647179088267048e-15,-0.009271683995541367,-1.622989549958959e-14,0.15123057449274635,0.0,-0.02042565452530778,-3.647179088267048e-15,0.009271683995541367,-1.622999838598713e-14,0.030557750782492864
EX,300,0.0,-0.06395996223076733,3.8020521013113195e-09,-0.0031017044777866152,-1.3782438927133565e-08,0.03860776427474244,0.0,0.06395996223076733,-3.8020521013113195e-09,0.0031017044777866152,-1.3782438807373503e-08,-0.5023174904478056
EX,541,-2.7409605484184106e-15,0.08363853188430553,2.5229810367763957e-09,-0.04511722680720636,-1.1227265594540046e-08,0.5994468819868661,2.7409605484184106e-15,-0.08363853188430553,-2.5229810367763957e-09,0.04511722680720636,-1.122726563276987e-08,0.14493605178345292
EX,301,-1.430625768572094e-06,-0.46635627678486663,4.1371045635064626e-07,0.13409529228760858,-8.977121674885977e-07,-1.9176500996371026,1.430625768572094e-06,0.46635627678486663,-4.1371045635064626e-07,-0.13409529228760858,-9.019283176367133e-07,-0.11099970437706719
EX,542,-4.2896660723478624e-07,-0.4663562767848676,-1.3507281574444759e-06,0.134095292287609,1.9581621160899493e-06,0.11099970437706919,4.2896660723478624e-07,0.4663562767848676,1.3507281574444759e-06,-0.134095292287609,1.9589495404990313e-06,-1.4634329070531853
EX,543,1.4458817930631344e-07,-0.10232117958481622,-1.5800490719100833e-08,0.2733271672875057,6.980811941056822e-08,-0.47088888872625834,-1.4458817930631344e-07,0.10232117958481622,1.5800490719100833e-08,-0.2733271672875057,7.081624798942916e-08,-0.43976960957860595
EX,302,-2.1752878214925262e-05,-7.566522886558861e-07,-16.82398265377169,-0.4285543380611434,95.40140034345976,-5.59919427984565e-07,2.1752878214925262e-05,7.566522886558861e-07,16.82398265377169,0.4285543380611434,-70.50190601587771,-5.599259592261441e-07
EX,544,0.0,-6.246544357645708e-16,-16.823982653771655,-0.42855433806114346,70.50190601587762,3.566021995895682e-16,0.0,6.246544357645708e-16,16.823982653771655,0.42855433806114346,-32.31146539181598,-1.7745677687751435e-15
EX,545,-3.3306690738754696e-12,-2.325589340871398e-18,-15.463028366725583,0.5653719390604891,32.67498160562933,-4.182623257737899e-18,3.3306690738754696e-12,2.325589340871398e-18,15.463028366725583,-0.5653719390604891,25.311374769591605,-4.538336770529843e-18
EX,546,7.741807195316142e-07,8.215181055458714e-11,-15.978969924717319,-0.13341965639340278,-24.88129780500593,1.5403493967114175e-10,-7.741807195316142e-07,-8.215181055458714e-11,15.978969924717319,0.13341965639340278,84.80243502269587,1.5403434990856002e-10
EX,547,-5.806330416469052e-07,-3.4658121291262036e-11,-17.275836914453283,0.023248402914152505,86.62927511394724,-8.664552462347191e-11,5.806330416469052e-07,3.4658121291262036e-11,17.275836914453283,-0.023248402914152505,-0.25009054168082656,-8.664508183283827e-11
EX,548,6.159722731879924e-07,-1.2267858830961646e-11,-17.366864496878815,-0.027977952511229205,0.25177820727568445,-3.0669426465779536e-11,-6.159722731879924e-07,1.2267858830961646e-11,17.366864496878815,0.027977952511229205,86.5825442771184,-3.0669867689028697e-11
EX,549,-6.159722731879923e-07,1.2269497705520551e-11,-18.7244295422174,-0.19355060296181642,90.03816673901092,3.067124681515259e-11,6.159722731879923e-07,-1.2269497705520551e-11,18.7244295422174,0.19355060296181642,3.5839809720761124,3.0676241712450176e-11
EX,550,-4.742838554327099e-05,-1.3591850841758137e-06,-17.84367684738044,0.06921317580190597,-3.7315367008094427,-2.6353763425225475e-06,4.742838554327099e-05,1.3591850841758137e-06,17.84367684738044,-0.06921317580190597,102.76394320377086,-4.9081008746532175e-06
EX,303,-7.231681919961375e-07,2.1314013057195105e-10,-29.620879371610204,0.05242141946236799,114.14595842253236,3.9963751235581075e-10,7.231681919961375e-07,-2.1314013057195105e-10,29.620879371610204,-0.05242141946236799,-3.067660778994096,3.996379772890057e-10
EX,551,8.845324472872562e-07,-1.1405291124389474e-10,-29.2921038537042,-0.038441257784221146,3.938561187002577,-2.1384891211135157e-10,-8.845324472872562e-07,1.1405291124389474e-10,29.2921038537042,0.038441257784221146,105.90682826438818,-2.138495050532537e-10
EX,552,-6.633968374636368e-07,4.8115602473966185e-11,-16.67041205125521,0.002067563084527689,83.4860757702213,1.2028878369103364e-10,6.633968374636368e-07,-4.8115602473966185e-11,16.67041205125521,-0.002067563084527689,-0.13401551394525768,1.2028922867879728e-10
EX,553,7.263215029418291e-07,-3.9040852040799135e-11,-16.505966922521353,-0.0020210669640959088,0.1279718232464404,-9.760190711996378e-11,-7.263215029418291e-07,3.9040852040799135e-11,16.505966922521353,0.0020210669640959088,82.40186278936032,-9.76023530840319e-11
EX,554,-7.263289969472452e-07,3.9042377489576465e-11,-21.657768741807242,0.04974218671019471,101.99097494307597,9.760341610770397e-11,7.263289969472452e-07,-3.9042377489576465e-11,21.657768741807242,-0.04974218671019471,6.29786876596026,9.76084713401784e-11
EX,555,-0.00032446103236593237,-1.3708262883330313e-06,-23.319629623407405,-0.10874756363267453,-5.920731576419158,-2.6674755638347834e-06,0.00032446103236593237,1.3708262883330313e-06,23.319629623407405,0.10874756363267453,135.34467598633023,-4.940610336413539e-06
EX,304,-2.5751596800906333e-05,-7.604441638539774e-07,-16.646342466650633,0.405813920066582,94.92781211547253,-5.627248869303035e-07,2.5751596800906333e-05,7.604441638539774e-07,16.646342466650633,-0.405813920066582,-70.29122526482965,-5.627324755735807e-07
EX,556,0.0,-6.105394934602009e-16,-16.6463424666504,0.4058139200665822,70.2912252648297,3.779645801704343e-16,0.0,6.105394934602009e-16,16.6463424666504,-0.4058139200665822,-32.50402786553331,-1.7638892303250899e-15
EX,557,3.3306690738754696e-12,-1.091642662095419e-18,-15.409721352096861,-0.5521855325606569,32.86050734288426,-2.6412600741854158e-18,-3.3306690738754696e-12,1.091642662095419e-18,15.409721352096861,0.5521855325606569,24.92594772747897,-1.4523999086724052e-18
EX,558,7.807354762690011e-07,-2.7520067615194066e-10,-16.095652724850957,0.14053834479668706,-24.513010991505624,-5.160009677558487e-10,-7.807354762690011e-07,2.7520067615194066e-10,16.095652724850957,-0.14053834479668706,84.87170870969672,-5.160015678139288e-10
EX,559,-5.855516072017508e-07,1.160998118874789e-10,-17.814100299946926,-0.021744248175423843,87.92456696022322,2.9024930526363933e-10,5.855516072017508e-07,-1.160998118874789e-10,17.814100299946926,0.021744248175423843,1.1459345395114227,2.9024975417375514e-10
EX,560,5.835631977646472e-07,-6.016495811225819e-11,-17.88751784625526,0.027036926857561743,-1.1415785144074988,-1.5041216949759433e-10,-5.835631977646472e-07,6.016495811225819e-11,17.88751784625526,-0.027036926857561743,90.57916774568379,-1.504126210636966e-10
EX,561,-5.83563197764647e-07,6.016456098442858e-11,-10.149228565087832,0.33828012469874047,65.15097611863604,1.5041117074694535e-10,5.83563197764647e-07,-6.016456098442858e-11,10.149228565087832,-0.33828012469874047,-14.404833293196866,1.504116341751976e-10
EX,562,1.8609372416250785e-06,-3.0184113642268234e-09,-9.36812037832466,-0.3323997283464087,14.17525183238907,-6.875035310854991e-09,-1.8609372416250785e-06,3.0184113642268234e-09,9.36812037832466,0.3323997283464087,34.77317714435728,-8.896164067230161e-09
EX,563,-0.011281994377182898,-0.0010718269160889628,-55.12338283544436,0.18027245500512012,-170.47109588731905,-0.00015477881573761255,0.011281994377182898,0.0010718269160889628,55.12338283544436,-0.18027245500512012,188.38619530883847,-0.0001935649319913003
EX,305,0.0,-1.7296798249098302e-16,0.27865039204421027,0.2816837141150913,1.397084733832021,4.945924433896217e-16,0.0,1.7296798249098302e-16,-0.27865039204421027,-0.2816837141150913,-2.4420237039978083,-1.1432223777308073e-15
EX,564,0.0,-4.0956469534072346e-16,-0.667939331807148,-0.3909896042144537,3.2471126707048485,-8.144681338379159e-16,0.0,4.0956469534072346e-16,0.667939331807148,0.3909896042144537,-0.7423401764280433,-7.21399473689797e-16
EX,306,0.0,-1.5559468327011333e-16,-0.306511413514384,-0.29669011320438166,1.4541101063880328,-4.0393714471717225e-16,0.0,1.5559468327011333e-16,0.306511413514384,0.29669011320438166,-0.304692305709094,-1.7954291754575218e-16
EX,565,-3.3306690738754696e-12,-1.5559449715447519e-16,-0.205158081032714,0.41334821784340703,1.740916736012185,-1.795430106035709e-16,3.3306690738754696e-12,1.5559449715447519e-16,0.205158081032714,-0.41334821784340703,-0.9715739321395076,-4.0393635372571105e-16
EX,307,-5.486116338666155e-06,-0.1908554352004086,-1.0754616547582729e-05,1.4389752129750166,6.678623797555617e-06,-0.5021609962449711,5.486116338666155e-06,0.1908554352004086,1.0754616547582729e-05,-1.4389752129750166,6.67860995454213e-06,0.2651185457260637
EX,566,1.6139297969516277e-14,-0.1908554352004163,1.2193088862149964e-13,1.4389752129750157,-1.8429853763834222e-13,-0.26511854572606564,-1.6139297969516277e-14,0.1908554352004163,-1.2193088862149964e-13,-1.4389752129750157,-1.8429853866445113e-13,-0.31183743488479276
EX,567,2.5611074940602465e-14,0.11565597831396804,-1.7092679666359156e-14,-0.015134893413017018,6.444736732725782e-14,0.6085275480891749,-2.5611074940602465e-14,-0.11565597831396804,1.7092679666359156e-14,0.015134893413017018,6.579885173039896e-14,0.2727710066632616
EX,568,1.6056087461375352e-06,-0.16299441373024084,3.144011701892375e-07,-1.4122196272450396,-6.704628359805897e-07,-0.5544547207783531,-1.6056087461375352e-06,0.16299441373024084,-3.144011701892375e-07,1.4122196272450396,-6.70458154876508e-07,-0.140716453781124
EX,308,0.0,-1.36095428704607,7.385932529035455e-14,-0.3635162138133994,-1.5768038636896568e-13,-0.9939262771216271,0.0,1.36095428704607,-7.385932529035455e-14,0.3635162138133994,-1.5732963599439645e-13,-4.810543757129861
EX,569,-1.045953263280895e-08,-1.4623076195277422,6.525518854837444e-08,-1.79974064411649,-9.739336813820395e-08,4.100505426082064,1.045953263280895e-08,1.4623076195277422,-6.525518854837444e-08,1.79974064411649,-9.739336967869378e-08,-8.465493670372375
EX,570,6.736084940244333e-09,0.2900313907022193,-1.74301312240383e-08,1.161568444058025,4.039432884396913e-08,4.987811778519014,-6.736084940244333e-09,-0.2900313907022193,1.74301312240383e-08,-1.161568444058025,4.039432937944839e-08,-3.643516282614228
EX,571,-1.1439413308756791e-14,1.2366211145535773,-2.882682665257816e-14,0.35647947735098245,6.140046945975231e-14,4.31618960094377,1.1439413308756791e-14,-1.2366211145535773,2.882682665257816e-14,-0.35647947735098245,6.154594621349351e-14,0.9579994526272364
EX,309,-3.96425887806073e-09,0.5565315620054516,6.949967197855646e-10,0.03489722093823974,-2.5193631077274146e-09,1.9910954622687327,3.96425887806073e-09,-0.5565315620054516,-6.949967197855646e-10,-0.03489722093823974,-2.5193631107179294e-09,2.0437583622707916
EX,572,-2.652323366203656e-09,-0.22012409375906636,-3.533546610116979e-10,-0.024525181156905246,1.5724282435619093e-09,-1.0263172701365944,2.652323366203656e-09,0.22012409375906636,3.533546610116979e-10,0.024525181156905246,1.5724282394422012e-09,-0.9327871643190956
EX,310,-1.2822313254271638e-09,0.12990832846157374,9.266379048692379e-10,0.04385017456013418,-3.3590624020963806e-09,0.5015035303263452,1.2822313254271638e-09,-0.12990832846157374,-9.266379048692379e-10,-0.04385017456013418,-3.359062408205594e-09,0.44033185102006434
EX,573,-8.241355719351572e-10,0.1333808035205558,-6.480085236168413e-10,-0.08202454252738617,2.8836379329935892e-09,0.5977087557163091,8.241355719351572e-10,-0.1333808035205558,6.480085236168413e-10,0.08202454252738617,2.8836379271962964e-09,0.5893803956166372
EX,311,-1.143941330875679e-14,0.515941557991745,7.410643499530315e-14,-0.4300769645856913,-1.5803225001905983e-13,0.6987915954538889,1.143941330875679e-14,-0.515941557991745,-7.410643499530315e-14,0.4300769645856913,-1.5803169523590807e-13,1.5016991493809033
EX,574,3.268951273825641e-14,0.3107834769590328,-7.597018350135351e-14,0.5414969675538149,1.1338597658296559e-13,-1.0883509315374966,-3.268951273825641e-14,-0.3107834769590328,7.597018350135351e-14,-0.5414969675538149,1.1338502116857466e-13,2.0160396102602096
EX,575,-1.0526234684325286e-14,-0.01799204094695885,2.698477505533486e-14,-0.3294034404546835,-6.253752357266034e-14,-1.925176933013619,1.0526234684325286e-14,0.01799204094695885,-2.698477505533486e-14,0.3294034404546835,-6.253690880881673e-14,1.8417838232244648
EX,576,0.0,-0.6859313727541057,7.410473823306969e-14,0.4129367359733596,-1.580292835147083e-13,-2.2327734274389184,0.0,0.6859313727541057,-7.410473823306969e-14,-0.4129367359733596,-1.5802742504933383e-13,-0.6927238773573415
EX,312,0.0,0.09102758242553405,9.784362023541216e-15,-0.0016876655948680772,-3.5468163977641696e-14,0.05122635542538184,0.0,-0.09102758242553405,-9.784362023541216e-15,0.0016876655948680772,-3.5468460693032113e-14,0.60872361715974
EX,577,-5.481921096836821e-15,-0.07341754630832613,6.279247796682741e-16,0.004356025103932342,-2.7941641432086228e-15,-0.6046349871111165,5.481921096836821e-15,0.07341754630832613,-6.279247796682741e-16,-0.004356025103932342,-2.7943663958390154e-15,-0.04878117503298579
EX,313,-6.729530725772096e-15,-0.8807526948369654,-5.779317088115138e-14,0.14755572873332135,2.0946631196944124e-13,-0.26276377876371937,6.729530725772096e-15,0.8807526948369654,5.779317088115138e-14,-0.14755572873332135,2.095341769189063e-13,-6.122693258804279
EX,578,2.7409605484184107e-14,0.7811081867631806,3.308902450237688e-14,-0.22958146080778402,-1.449502245727562e-13,6.281183009147154,-2.7409605484184107e-14,-0.7811081867631806,-3.308902450237688e-14,0.22958146080778402,-1.4954209349839794e-13,0.6706798530451525
EX,314,-1.1526745597209543e-06,-0.3178366513853786,6.572950970865519e-09,-0.2856633322015706,-1.8689337685770055e-08,-0.5762823288012345,1.1526745597209543e-06,0.3178366513853786,-6.572950970865519e-09,0.2856633322015706,-1.9433777945249953e-08,-1.2671702492339612
EX,579,8.708520838718888e-07,-0.31783665138536893,-3.1940816892284414e-06,-0.28566333220157075,2.3156161046069773e-06,1.267170249233966,-8.708520838718888e-07,0.31783665138536893,3.1940816892284414e-06,0.28566333220157075,2.3158023447742635e-06,-1.728033393742751
EX,580,-1.418630015513529e-07,0.4048986723629793,1.3802212694195751e-08,0.7941088346105539,-6.140484370499848e-08,2.5205371618635857,1.418630015513529e-07,-0.4048986723629793,-1.3802212694195751e-08,-0.7941088346105539,-6.143484927334368e-08,1.083061022166929
EX,315,1.1935574150644913e-05,-1.0073573039864727e-06,-297.0981850325179,-2.0405769646361271e-10,274.81582392297145,-9.302746075984693e-07,-1.1935574150644913e-05,1.0073573039864727e-06,297.0981850325179,2.0405769646361271e-10,274.815818387186,-9.333364047765031e-07
EX,581,-3.511704742787423e-05,6.897576654187326e-07,-10.417471731391801,-0.3835329571835426,49.94764140619834,6.567554748275942e-07,3.511704742787423e-05,-6.897576654187326e-07,10.417471731391801,0.3835329571835426,-30.154445116553937,6.537840894679967e-07
EX,582,3.3306690738754696e-12,-2.538249163193625e-16,-10.143092127290942,0.20160619219542925,30.101618542791986,-1.2304220673557694e-15,-3.3306690738754696e-12,2.538249163193625e-16,10.143092127290942,-0.20160619219542925,7.934976934549043,2.7857863115815996e-16
EX,583,1.3569345647113096e-06,-6.210243300339466e-10,-10.050334932629326,0.005048755676717554,-7.641013502974232,-1.1644205862076095e-09,-1.3569345647113096e-06,6.210243300339466e-10,10.050334932629326,-0.005048755676717554,45.32976950033421,-1.1644206514196907e-09
EX,584,-1.0177009235334822e-06,2.6199449415990225e-10,-7.971848505629717,-0.015690201167734813,40.00523809354512,6.549862124220004e-10,1.0177009235334822e-06,-2.6199449415990225e-10,7.971848505629717,0.015690201167734813,-0.14599556539653236,6.549862583775108e-10
EX,585,1.0449241472088033e-06,-4.3984340728040364e-11,-7.932390632196598,0.008972736593850464,0.11342115124801921,-1.0996082978425948e-10,-1.0449241472088033e-06,4.3984340728040364e-11,7.932390632196598,-0.008972736593850464,39.54853200973497,-1.0996087385594234e-10
EX,586,-2.4536385423434833e-05,-3.854786493591579e-09,-10.716470293624047,0.20819917251732084,47.824312521392926,-5.840777870789225e-09,2.4536385423434833e-05,3.854786493591579e-09,10.716470293624047,-0.20819917251732084,5.7580389467273285,-1.3433154597168675e-08
EX,587,-815.6757207444227,1.5833698978987107,-11.42374921472193,-0.2783619671346981,-5.63321385783069,4.39373659890258,815.6757207444227,-1.5833698978987107,11.42374921472193,0.2783619671346981,69.03502199953739,4.393966334435263
EX,316,-8.307088350534286e-07,-1.0287274139622285e-09,-14.226205889124918,0.03885952685685562,55.77946850698775,-1.9288638611078535e-09,8.307088350534286e-07,1.0287274139622285e-09,14.226205889124918,-0.03885952685685562,-2.431196422769304,-1.9288639412505036e-09
EX,588,1.4724188535097937e-06,-2.1686096215557451e-10,-13.148713551821917,-0.016051082477472466,2.8308960016710643,-4.066142677617389e-10,-1.4724188535097937e-06,2.1686096215557451e-10,13.148713551821917,0.016051082477472466,46.476779817661125,-4.066143403216655e-10
EX,589,-1.10431164213054e-06,9.148821168615159e-11,-9.076707685465827,0.0009858300295657498,43.76121806351028,2.2872050400461995e-10,1.10431164213054e-06,-9.148821168615159e-11,9.076707685465827,-0.0009858300295657498,1.622320363818858,2.2872055442613797e-10
EX,590,9.885942064968845e-07,-1.0014469871681237e-10,-9.149943712296157,-0.0005778010938165023,-1.5553922543176881,-2.5036172346492503e-10,-9.885942064968845e-07,1.0014469871681237e-10,9.149943712296157,0.0005778010938165023,47.30511081579847,-2.5036177011913684e-10
EX,591,-2.447925362414338e-05,-3.798616885005079e-09,-4.842448773258771,0.03350431876958116,30.840751362651602,-5.700362848101876e-09,2.447925362414338e-05,3.798616885005079e-09,4.842448773258771,-0.03350431876958116,-6.6285074963577415,-1.3292721576923525e-08
EX,592,-815.6479668480705,1.5833661533479633,-3.591253436171454,-0.06637397270519041,6.38487252935127,4.393726207205038,815.6479668480705,-1.5833661533479633,3.591253436171454,0.06637397270519041,13.546584041400298,4.393955943876159
EX,317,4.131107618150443e-06,-1.0454413026875465e-06,-297.2252134252253,-1.4576863057268837e-10,274.93332518856073,-9.670287000471765e-07,-4.131107618150443e-06,1.0454413026875465e-06,297.2252134252253,1.4576863057268837e-10,274.93331964810557,-9.670377099247822e-07
EX,593,-4.270675260799697e-05,6.647953727030699e-07,-10.441950232590157,0.3568190455645347,50.06528229822581,6.315526980961165e-07,4.270675260799697e-05,-6.647953727030699e-07,10.441950232590157,-0.3568190455645347,-30.225576856304528,6.315585100397153e-07
EX,594,-3.3306690738754696e-12,-2.1655287756485602e-16,-10.153588783936659,-0.20062113745638735,30.181339677698183,-1.1326242553794412e-15,3.3306690738754696e-12,2.1655287756485602e-16,10.153588783936659,0.20062113745638735,7.894618262064284,3.2055096451123113e-16
EX,595,1.3611112237299494e-06,4.479495660787125e-10,-10.21520588033291,0.009109173753217042,-7.617768998491599,8.399054726845751e-10,-1.3611112237299494e-06,-4.479495660787125e-10,10.21520588033291,-0.009109173753217042,45.92479104974001,8.399054001105968e-10
EX,596,-1.0208284217938512e-06,-1.889788780661368e-10,-7.794485627310758,0.02249981255768493,39.275076148773216,-4.724472236262384e-10,1.0208284217938512e-06,1.889788780661368e-10,7.794485627310758,-0.02249981255768493,-0.30264801221943216,-4.724471667044456e-10
EX,597,9.426584512972624e-07,-5.1694686708280155e-11,-7.76070747391355,-0.01515547692554798,0.26829431686674354,-1.2923669442399932e-10,-9.426584512972624e-07,5.1694686708280155e-11,7.76070747391355,0.01515547692554798,38.535243052701006,-1.2923673911740146e-10
EX,598,-2.4432338652236037e-05,-3.847076115270657e-09,-9.054186481315655,-0.1819955919779218,44.448547724300205,-5.821501948906956e-09,2.4432338652236037e-05,3.847076115270657e-09,9.054186481315655,0.1819955919779218,0.8223846822780843,-1.3413878627446335e-08
EX,599,-815.6138848017232,1.5833698857064407,-9.598102897305095,0.11752776349529721,-0.7035748041682623,4.393736565229332,815.6138848017232,-1.5833698857064407,9.598102897305095,-0.11752776349529721,53.97304588421154,4.393966300441412
EX,318,0.0,1.2484226786397107e-15,-0.4949641340453321,0.14175622533082963,0.6164362540405317,3.883788079732389e-15,0.0,-1.2484226786397107e-15,0.4949641340453321,-0.14175622533082963,1.2396792486294619,7.977969651665217e-16
EX,600,0.0,-1.3564357079599233e-16,0.26523323194130716,-0.2019928645872378,-0.572352274992818,-3.0778566514412904e-16,0.0,1.3564357079599233e-16,-0.26523323194130716,0.2019928645872378,-0.4222723447870837,-2.0087772534084218e-16
EX,319,0.0,1.560942176420341e-16,-1.2889260096175532,-0.15363830105474177,1.1879155538535304,1.6379418450432446e-16,0.0,-1.560942176420341e-16,1.2889260096175532,0.15363830105474177,3.6455569822122893,4.2155913165330287e-16
EX,601,3.3306690738754696e-12,1.5609391985701326e-16,0.8433992036270505,0.2275639034991683,-2.6145070843392455,4.2155848024857004e-16,-3.3306690738754696e-12,-1.5609391985701326e-16,-0.8433992036270505,-0.2275639034991683,-0.5482399292621936,1.637937192152297e-16
EX,320,-2.6993064247845517e-06,0.5352308544128793,-4.718468653210214e-06,-8.783379018844451e-08,4.311111298140239e-06,0.48839815463010094,2.6993064247845517e-06,-0.5352308544128793,4.718468653210214e-06,8.783379018844451e-08,4.3000939939683995e-06,0.48839815467340386
EX,602,1.9995531869609714e-14,-1.2903960429402155,-2.874185498648549e-13,1.1690260239931511,3.506506321064046e-13,-2.654814833651325,-1.9995531869609714e-14,1.2903960429402155,2.874185498648549e-13,-1.1690260239931511,3.5065062956384123e-13,-0.49375151112280036
EX,603,1.920830620545185e-14,-0.0014700333226627868,9.931421433517627e-15,-0.018889529860378475,-3.9141901917012044e-14,0.6473898121775422,-1.920830620545185e-14,0.0014700333226627868,-9.931421433517627e-15,0.018889529860378475,-3.653552940639228e-14,-0.6585914660962326
EX,604,1.3412906002572922e-06,0.49349410072267036,6.063322916559016e-07,-0.6353257839009104,-1.293004780944618e-06,0.5168352407654028,-1.3412906002572922e-06,-0.49349410072267036,-6.063322916559016e-07,0.6353257839009104,-1.2930024429678013e-06,1.5879170988167857
EX,321,3.431823992627037e-14,-0.2743796041008977,-8.108578530315601e-14,0.052826573761932644,1.7153670920547302e-13,-0.5851391493789726,-3.431823992627037e-14,0.2743796041008977,8.108578530315601e-14,-0.052826573761932644,1.742941651124873e-13,-0.5850898621113558
EX,605,5.048323175950783e-08,-2.4067048173454975,7.495966349263321e-08,-0.9782233241111095,-1.1187729757041537e-07,0.20388765755744487,-5.048323175950783e-08,2.4067048173454975,-7.495966349263321e-08,0.9782233241111095,-1.1187729795509477e-07,-7.3879015373337555
EX,606,-3.2511854757741295e-08,1.048558814640162,-2.002213416351574e-08,0.6230897950303075,4.6401296062338285e-08,5.188742411425441,3.2511854757741295e-08,-1.048558814640162,2.002213416351574e-08,-0.6230897950303075,4.6401295785557166e-08,-0.32867230556828986
EX,607,-3.431823992627037e-14,0.28836144865352387,2.2294066548548455e-14,-0.044237178606338495,-4.648840221301892e-14,0.6724213954863569,3.431823992627037e-14,-0.28836144865352387,-2.2294066548548455e-14,0.044237178606338495,-4.8595791616540226e-14,0.5574401830209222
EX,322,8.166009624964681e-09,0.44186411834698236,7.272800776942359e-10,0.010263170874995014,-2.6363902795041423e-09,1.5213969934141343,-8.166009624964681e-09,-0.44186411834698236,-7.272800776942359e-10,-0.010263170874995014,-2.6363902837790683e-09,1.682117864601488
EX,608,1.0942068003077006e-08,-0.23679973357033746,-3.789421131991001e-10,-0.010934724997950958,1.6862924064815492e-09,-1.1499561628749626,-1.0942068003077006e-08,0.23679973357033746,3.789421131991001e-10,0.010934724997950958,1.6862924009904407e-09,-0.9575614659010404
EX,323,-2.689672299538043e-09,0.05400760986864585,-4.730252688309081e-10,-0.07322425920402152,1.7147166004948823e-09,0.20033337628117698,2.689672299538043e-09,-0.05400760986864585,4.730252688309081e-10,0.07322425920402152,1.7147165985292017e-09,0.19122179526650543
EX,609,1.8902157314792073e-09,0.09102049918713893,-2.0850641369700289e-10,0.06251210899724234,9.278535394719561e-10,0.3761806030719753,-1.8902157314792073e-09,-0.09102049918713893,2.0850641369700289e-10,-0.06251210899724234,9.278535424313691e-10,0.433901839693561
EX,324,0.0,-0.09275719466161551,-8.24615087342632e-14,-0.29396343157481536,1.7585126432230699e-13,0.196557436518712,0.0,0.09275719466161551,8.24615087342632e-14,0.29396343157481536,1.7584707042932553e-13,-0.5921668717505021
EX,610,-1.6344756369128205e-14,0.7506420089654335,-2.025281145539582e-13,0.25427649768737876,3.0226720102661347e-13,0.8197307752496722,1.6344756369128205e-14,-0.7506420089654335,2.025281145539582e-13,-0.25427649768737876,3.0227922091695174e-13,1.4209356215121471
EX,611,1.0526234684325286e-14,-0.326850328337566,2.2499636019140367e-14,-0.1454230812143988,-5.213903629302822e-14,-1.366025012177818,-1.0526234684325286e-14,0.326850328337566,-2.2499636019140367e-14,0.1454230812143988,-5.214677665568738e-14,-0.1489262596668005
EX,612,0.0,-0.061617096396258585,-8.245643215794594e-14,0.2768492635726844,1.7583985395729279e-13,-0.05306660492043791,0.0,0.061617096396258585,8.245643215794594e-14,-0.2768492635726844,1.7583682919634652e-13,-0.2097303112096049
EX,325,0.0,-0.03945787343311688,-9.944905416989126e-15,0.03257441414849734,3.604968181738689e-14,-0.024662937761585207,0.0,0.03945787343311688,9.944905416989126e-15,-0.03257441414849734,3.6050882455784274e-14,-0.26140664462851215
EX,613,0.0,0.033778153397205336,5.442794495728722e-15,-0.03435369535268428,-2.422093603158734e-14,0.26297027575189447,0.0,-0.033778153397205336,-5.442794495728722e-15,0.03435369535268428,-2.4219934980398276e-14,0.03765528948323296
EX,326,-7.402483798349306e-14,0.7072789210978797,7.71043390787081e-09,-0.12482508889664284,-2.7950333948034475e-08,0.4865611396520175,7.402483798349306e-14,-0.7072789210978797,-7.71043390787081e-09,0.12482508889664284,-2.7950311884028907e-08,4.641211038307611
EX,614,6.030113206520504e-14,-0.5439164159894452,5.116510402811492e-09,0.11880987810982113,-2.276846233033654e-08,-4.5413327468328415,-6.030113206520504e-14,0.5439164159894452,-5.116510402811492e-09,-0.11880987810982113,-2.2768480254685724e-08,-0.29952335547321995
EX,327,-0.00024530676765211975,-0.017184478736329525,-4.7121086765769655e-08,0.7162785616882187,1.7003926814591032e-07,0.6645877452899049,0.00024530676765211975,0.017184478736329525,4.7121086765769655e-08,-0.7162785616882187,1.7158861090591966e-07,-0.789175216128294
EX,615,0.00019918725778241282,0.04231011642135643,2.8033426147232224e-08,-0.3634506006044736,-1.2393998100223857e-07,0.04905084021225453,-0.00019918725778241282,-0.04231011642135643,-2.8033426147232224e-08,0.3634506006044736,-1.255575117081282e-07,0.32750919593781763
EX,328,4.4511269670088893e-07,-8.47073083063473e-11,-31.741506456190788,0.03960041709123427,167.04289226536113,-2.943993498690043e-10,-4.4511269670088893e-07,8.47073083063473e-11,31.741506456190788,-0.03960041709123427,150.37217229654672,-5.526737331944687e-10
EX,616,-8.902253934017779e-07,-2.521294232963635e-10,-24.608706466711276,-0.13775597359823885,124.66336645812727,-8.885979232704615e-10,8.902253934017779e-07,2.521294232963635e-10,24.608706466711276,0.13775597359823885,-1.6198341245709003,-3.7204919321135593e-10
EX,617,0.0,9.737989464732279e-16,-25.001584238248167,-2.6765526132354283,1.5997233317771276,1.3225960236645468e-15,0.0,-9.737989464732279e-16,25.001584238248167,2.6765526132354283,60.65422142146077,1.102163353053789e-15
EX,618,2.0097867593268147e-06,2.0393176332705518e-08,-31.208980313804556,2.7908157244764347,-59.30535199193662,2.610792662718411e-08,-2.0097867593268147e-06,-2.0393176332705518e-08,31.208980313804556,-2.7908157244764347,137.6398925795861,2.5078945967906767e-08
EX,619,-1.0089129531820618e-06,-3.0453729528380144e-09,-26.081614606437974,0.02599907370644564,129.81015101313662,-7.871706582461384e-09,1.0089129531820618e-06,3.0453729528380144e-09,26.081614606437974,-0.02599907370644564,0.5979220190532573,-7.355158181728688e-09
EX,620,9.002511236477773e-07,1.8165158903438693e-09,-26.315029061470838,-0.009257654723788328,0.41437877144593926,4.799563944521933e-09,-9.002511236477773e-07,-1.8165158903438693e-09,26.315029061470838,0.009257654723788328,131.16076653590824,4.283015507197414e-09
EX,621,-9.002498746468746e-07,-2.436374212729138e-09,-24.267063560127337,-0.02059428350601645,125.8879471424903,-6.349209768781016e-09,9.002498746468746e-07,2.436374212729138e-09,24.267063560127337,0.02059428350601645,-4.552629341853631,-5.832661294864674e-09
EX,622,3.379484192489457e-07,3.508901762899752e-09,-24.31753240398621,0.018618011110466934,4.536350398446174,9.030528827166668e-09,-3.379484192489457e-07,-3.508901762899752e-09,24.31753240398621,-0.018618011110466934,117.05131162148487,8.513979987332092e-09
EX,623,6.551759135220436e-07,-4.99263601652384e-10,-84.9691122619861,-0.00232524090170917,199.7070083595138,-1.2481589858350482e-09,-6.551759135220436e-07,4.99263601652384e-10,84.9691122619861,0.00232524090170917,225.13855295041668,-1.2481590224268715e-09
EX,329,-9.310802129292028e-08,6.072729599455699e-12,-29.833893992340382,0.0024187840705297468,154.44796147901815,3.036208369683151e-11,9.310802129292028e-08,-6.072729599455699e-12,29.833893992340382,-0.0024187840705297468,143.89097844438567,3.0365212297725486e-11
EX,624,-8.67762112166659e-07,-1.7066979811830238e-09,-26.362876462778026,0.017646360377835693,130.87576032428532,-4.5250194094666706e-09,8.67762112166659e-07,1.7066979811830238e-09,26.362876462778026,-0.017646360377835693,0.9386219896048118,-4.008470496448448e-09
EX,625,9.39574668068488e-07,1.823925361329852e-09,-25.938319925477387,-0.012795171626682873,-0.9141397609659805,4.818087859833741e-09,-9.39574668068488e-07,-1.823925361329852e-09,25.938319925477387,0.012795171626682873,130.6057393883529,4.301538946815519e-09
EX,626,-9.395759170693907e-07,-2.4437839471762486e-09,-26.414319206297627,-0.030269603885091843,131.79425203986756,-6.367734306153821e-09,9.395759170693907e-07,2.4437839471762486e-09,26.414319206297627,0.030269603885091843,0.2773439916205547,-5.851185429727422e-09
EX,627,8.137927831608494e-07,2.850485816623897e-09,-26.071807568943736,0.012140395078657664,-0.36372884145785633,7.3844889797729414e-09,-8.137927831608494e-07,-2.850485816623897e-09,26.071807568943736,-0.012140395078657664,130.72276668617653,6.867940103346543e-09
EX,628,-8.137915341599467e-07,-3.4703442707397295e-09,-25.106516283067783,-0.017033836965632123,128.45572056815706,-8.934135133358435e-09,8.137915341599467e-07,3.4703442707397295e-09,25.106516283067783,0.017033836965632123,-2.923139152818152,-8.417586220340213e-09
EX,629,9.259405742145788e-07,3.5616339028434266e-09,-24.993344033263003,0.032962454802042455,3.042530113673351,9.162359213617677e-09,-9.259405742145788e-07,-3.5616339028434266e-09,24.993344033263003,-0.032962454802042455,121.92419005264166,8.645810300599455e-09
EX,630,-8.567521692093294e-08,-2.7800323810578745e-10,-85.95446674139534,0.013704218809790971,205.31974320746502,-6.95008076968557e-10,8.567521692093294e-08,2.7800323810578745e-10,85.95446674139534,-0.013704218809790971,224.45259049951164,-6.950081135603803e-10
EX,330,2.710675434114407e-07,-7.167884267091171e-11,-27.144777671638295,0.0043960294344162435,137.70830280881594,-3.5839435057389603e-10,-2.710675434114407e-07,7.167884267091171e-11,27.144777671638295,-0.0043960294344162435,133.73947390756697,-3.583940761352211e-10
EX,631,-8.370978910043902e-07,-1.4017476534979728e-09,-25.881229135332145,-0.001799614742311927,129.37216685791046,-3.76264355366222e-09,8.370978910043902e-07,1.4017476534979728e-09,25.881229135332145,0.001799614742311927,0.03397881875025632,-3.2460947138276443e-09
EX,632,8.74228189839954e-07,1.5335744246768382e-09,-25.91290790109592,0.0010157285546469066,-0.03835025459537178,4.092210481609383e-09,-8.74228189839954e-07,-1.5335744246768382e-09,25.91290790109592,-0.0010157285546469066,129.60288976007496,3.5756616417748077e-09
EX,633,-8.74228189839954e-07,-2.1534330763885168e-09,-28.369646711738156,-0.08548548129640993,141.22895283888028,-5.64185711088858e-09,8.74228189839954e-07,2.1534330763885168e-09,28.369646711738156,0.08548548129640993,0.6192807198104759,-5.125308271054004e-09
EX,634,9.755946051015485e-07,2.6748503997690853e-09,-28.52611777833279,0.07070166444273283,-0.5233313603106495,6.945400419340001e-09,-9.755946051015485e-07,-2.6748503997690853e-09,28.52611777833279,-0.07070166444273283,143.15392025197457,6.428851579505426e-09
EX,635,-9.755946051015485e-07,-3.294709183211328e-09,-22.880595034200987,-0.038096485738541706,118.3013008986149,-8.495047377945607e-09,9.755946051015485e-07,3.294709183211328e-09,22.880595034200987,0.038096485738541706,-3.898325727609972,-7.978498538111032e-09
EX,636,2.3466478760170162e-07,3.776730527437194e-09,-22.943298440146894,0.06485612281901232,3.7952137101621304,9.700100756806183e-09,-2.3466478760170162e-07,-3.776730527437194e-09,22.943298440146894,-0.06485612281901232,110.92127849057233,9.183551880379785e-09
EX,637,8.21076956425415e-07,-3.2174200071755435e-10,-77.17746430216783,0.013821890784534259,179.61430376787132,-8.043550200897975e-10,-8.21076956425415e-07,3.2174200071755435e-10,77.17746430216783,-0.013821890784534259,206.27301774296785,-8.043549834979742e-10
EX,331,5.092721971770203e-09,1.5264411366959311e-09,-6.125272315665111,-0.9435902965816194,23.604896633511203,5.7165221057804985e-09,-5.092721971770203e-09,-1.5264411366959311e-09,6.125272315665111,0.9435902965816194,22.27339301082047,5.7165220080720245e-09
EX,332,5.194536543902251e-09,-0.5801902501486471,9.112566304984524e-09,0.11634750387024109,-3.2716390704685724e-08,-1.9543370727045573,-5.194536543902251e-09,0.5801902501486471,-9.112566304984524e-09,-0.11634750387024109,-3.334971500645208e-08,-2.2520422408731346
EX,638,1.2370049518151208e-08,-0.44789181364047054,-3.09752460393756e-09,0.12158737445200393,1.3783981636923169e-08,-1.980884493310219,-1.2370049518151208e-08,0.44789181364047054,3.09752460393756e-09,-0.12158737445200393,1.3783987338121109e-08,-2.005352648089968
EX,333,6.96632440580252e-08,-0.4758721314357342,3.355006707943658e-10,-0.020904133481184622,-1.2161898643342687e-09,-2.4623888835395915,-6.96632440580252e-08,0.4758721314357342,-3.355006707943658e-10,0.020904133481184622,-1.216189998924883e-09,-0.9876840693694817
EX,639,-1.1897251639792597e-08,0.002617717251704736,2.0860941962459046e-10,0.0011052720010237475,-9.283119173294274e-10,0.06227258195541987,1.1897251639792597e-08,-0.002617717251704736,-2.0860941962459046e-10,-0.0011052720010237475,-9.283119173294274e-10,-0.038974898415247726
EX,334,-2.8811745554013395e-08,0.13882922843557383,-5.811960603629773e-11,-0.016305181588332895,2.106838410628083e-10,0.6542250870448244,2.8811745554013395e-08,-0.13882922843557383,5.811960603629773e-11,0.016305181588332895,2.1068330270035025e-10,0.3522868191130858
EX,640,-1.1327671814949606e-08,-0.0072567990829481635,5.1179486376392464e-11,0.012806546644854797,-2.2774871437494643e-10,-0.0363735634544441,1.1327671814949606e-08,0.0072567990829481635,-5.1179486376392464e-11,-0.012806546644854797,-2.2774871437494643e-10,-0.028211948383794545
EX,335,4.9519642158376064e-08,0.051477113123149905,-2.0189106406284852e-10,0.005746848887057433,7.318553539772859e-10,-0.07798801937340255,-4.9519642158376064e-08,-0.051477113123149905,2.0189106406284852e-10,-0.005746848887057433,7.318548604783659e-10,0.4511970895162394
EX,641,-6.852193058044347e-09,-1.4458670238436453,1.082258232620102e-09,-0.019178545358927504,-4.816049135159452e-09,-6.405712449626263,6.852193058044347e-09,1.4458670238436453,-1.082258232620102e-09,0.019178545358927504,-4.816049135159452e-09,-6.462504062582177
EX,336,2.525498667952107e-09,-0.19921352244282267,5.461623851601477e-09,-0.05518633492331354,-1.9798386439623586e-08,-0.7733646745357317,-2.525498667952107e-09,0.19921352244282267,-5.461623851601477e-09,0.05518633492331354,-1.9798386484487123e-08,-0.6709333631747327
EX,642,8.391713851195612e-09,0.1477475820682572,-2.7900429967130205e-09,0.004379306494417585,1.2415691353646009e-08,0.7910186211408938,-8.391713851195612e-09,-0.1477475820682572,2.7900429967130205e-09,-0.004379306494417585,1.2415691317099867e-08,0.5239348592665949
EX,337,1.3122261897780751e-08,-0.1019923485618303,-7.594721336662868e-10,0.015515637271103855,2.7530865069720586e-09,-0.22991097865525675,-1.3122261897780751e-08,0.1019923485618303,7.594721336662868e-10,-0.015515637271103855,2.7530864621085206e-09,-0.5095335484180129
EX,643,6.685301452172247e-09,1.2360528593699114,1.3258925330948975e-09,-0.06443604165788493,-5.900221790545363e-09,5.635119448798178,-6.685301452172247e-09,-1.2360528593699114,-1.3258925330948975e-09,0.06443604165788493,-5.900221753999222e-09,5.365750999594031
EX,338,9.593602791351852e-08,6.212980583447351,2.6204203671477666e-08,-0.5252351532728206,-5.344215190983998e-08,6.67800608546297,-9.593602791351852e-08,-6.212980583447351,-2.6204203671477666e-08,0.5252351532728206,-5.4519167216647996e-08,18.919473918340113
EX,339,0.0,0.39287777153687264,5.940551261371231e-15,0.020110792793760938,-2.1579361860642523e-14,2.53879663963719,0.0,-0.39287777153687264,-5.940551261371231e-15,-0.020110792793760938,-2.14896347842989e-14,0.30956720400513693
EX,644,0.0,-0.031678765763772695,1.9710278100986325e-16,-0.0043714358451286016,-8.405612348483126e-16,-0.2791256720006181,0.0,0.031678765763772695,-1.9710278100986325e-16,0.0043714358451286016,-9.1365351613947e-16,-0.0028153432969588166
EX,340,0.0,0.18604057075925884,-4.5482345594873486e-15,0.009564509662606217,1.646491850905573e-14,0.15479879001523944,0.0,-0.18604057075925884,4.5482345594873486e-15,-0.009564509662606217,1.6509782047227545e-14,1.1939953479893872
EX,645,0.0,-0.1564710665946384,5.9007645064827824e-15,0.0959493594998444,-2.6240128983525583e-14,-1.2364053469531378,0.0,0.1564710665946384,-5.9007645064827824e-15,-0.0959493594998444,-2.6276675124171164e-14,-0.15618714573914383
EX,341,-3.3426148634115297e-07,-6.207396075556404,-1.5690483760423963e-08,1.3488694295241348,3.230367791438554e-08,-20.107103493580542,3.3426148634115297e-07,6.207396075556404,1.5690483760423963e-08,-1.3488694295241348,3.234111517856119e-08,-5.467368337711841
EX,342,1.3459061451544192e-14,0.05046884385888195,-4.585363004870918e-15,0.016278943407433712,1.6599509123571173e-14,-0.0392122946164834,-1.3459061451544192e-14,-0.05046884385888195,4.585363004870918e-15,-0.016278943407433712,1.6644372661742986e-14,0.4051114125933776
EX,646,-1.0963842193673642e-14,-0.06270340594591091,1.9710278100986325e-16,-0.10311201744780525,-8.405612348483126e-16,-0.45510770436105247,1.0963842193673642e-14,0.06270340594591091,-1.9710278100986325e-16,0.10311201744780525,-9.1365351613947e-16,-0.10295260855755448
EX,343,-6.441097655240924e-09,-6.279499499816342e-11,-24.460223129353075,-0.030023726858692368,125.74934623008404,-3.7895554943246097e-10,6.441097655240924e-09,6.279499499816342e-11,24.460223129353075,0.030023726858692368,118.85288506344668,-2.489944005491732e-10
EX,647,2.9283393891561947e-08,1.0364460232518705e-08,-20.535030726833792,0.09390634547951231,102.2214945307489,1.169627252503794e-08,-2.9283393891561947e-08,-1.0364460232518705e-08,20.535030726833792,-0.09390634547951231,-57.04442693171457,1.1105539986503204e-08
EX,648,-4.460717509654645e-12,-2.137001593600475e-16,-20.77873005087807,0.011951995730025628,57.9310361263129,-3.1227644936919464e-16,4.460717509654645e-12,2.137001593600475e-16,20.77873005087807,-0.011951995730025628,0.24940801614571484,-2.8608399683893853e-16
EX,649,6.941447416863866e-08,1.0985870602189665e-09,-20.726040453307395,-0.00955449587504542,-0.24110886532020004,2.6165064647113338e-09,-6.941447416863866e-08,-1.0985870602189665e-09,20.726040453307395,0.00955449587504542,103.87131113185717,2.8764288363834985e-09
EX,650,-6.941447416863866e-08,-7.866802003138858e-10,-20.55395137794244,0.030469054025176693,103.0579567563266,-1.8367393231884366e-09,6.941447416863866e-08,7.866802003138858e-10,20.55395137794244,-0.030469054025176693,-0.28819986661440566,-2.096661678380992e-09
EX,651,1.6154577675564497e-08,-1.8774760163524342e-09,-20.716273501425878,-0.10750271083296632,0.27832450653599494,-4.823651215986577e-09,-1.6154577675564497e-08,1.8774760163524342e-09,20.716273501425878,0.10750271083296632,103.30304300059339,-4.563728865775592e-09
EX,652,-1.6154577675564497e-08,2.18938287091112e-09,-20.5078619583948,0.10071900303312198,104.31394153677115,5.6034183600968536e-09,1.6154577675564497e-08,-2.18938287091112e-09,20.5078619583948,-0.10071900303312198,-1.7746317447971762,5.343495994458744e-09
EX,653,2.8188951173291343e-07,-1.282440734677927e-09,-20.666005562461677,-0.08170125643864376,1.7721123490078838,-3.336062997045155e-09,-2.8188951173291343e-07,1.282440734677927e-09,20.666005562461677,0.08170125643864376,101.5579154633005,-3.07614067634448e-09
EX,654,-2.472522186991455e-08,1.1026142291107782e-10,-64.15192213626422,-0.0025668239666163406,155.00480921529265,2.756535708963341e-10,2.472522186991455e-08,-1.1026142291107782e-10,64.15192213626422,0.0025668239666163406,165.75480146602843,2.7565354365905497e-10
EX,344,6.796226081906553e-07,-6.257395080790745e-12,-26.520391871527472,0.0119610299147882,142.936109833712,-3.1285931305275774e-11,-6.796226081906553e-07,6.257395080790745e-12,26.520391871527472,-0.0119610299147882,122.2678088815627,-3.1288019502631675e-11
EX,655,-4.427197245168461e-07,-5.230579337385589e-09,-20.306607049357396,0.08845625458770295,100.25548254328423,-5.458270997718665e-09,4.427197245168461e-07,5.230579337385589e-09,20.306607049357396,-0.08845625458770295,-55.58094703469797,-6.049003544529625e-09
EX,656,4.460717509654645e-12,-9.477942417095081e-16,-20.22720281173165,0.012104488933975841,55.59234236906834,-1.3178841667360904e-15,-4.460717509654645e-12,9.477942417095081e-16,20.22720281173165,-0.012104488933975841,1.0438255037802975,-1.335939710050533e-15
EX,657,3.610362009354162e-08,-2.7141480259197818e-11,-20.350424407845406,-0.05619793402199349,-1.0646057420162407,-1.9781485656310333e-10,-3.610362009354162e-08,2.7141480259197818e-11,20.350424407845406,0.05619793402199349,102.81672778124326,6.210745526711424e-11
EX,658,-3.610362009354162e-08,3.390484113464748e-10,-21.027599090638375,0.021482821305588824,104.9360982148143,9.775821837017317e-10,3.610362009354162e-08,-3.390484113464748e-10,21.027599090638375,-0.021482821305588824,0.201897238377569,7.176598730306423e-10
EX,659,5.285022419698748e-08,-5.824828294905529e-10,-20.754110053553532,-0.04020733955375694,-0.28142479258524133,-1.5861682299815244e-09,-5.285022419698748e-08,5.824828294905529e-10,20.754110053553532,0.04020733955375694,104.0519750603529,-1.3262459174712403e-09
EX,660,-5.285022419698748e-08,8.943896225129319e-10,-20.802734080784287,0.03842442225581864,105.37779844889019,2.365935212916031e-09,5.285022419698748e-08,-8.943896225129319e-10,20.802734080784287,-0.03842442225581864,-1.3641280449687656,2.1060128996486285e-09
EX,661,2.1798812754880714e-07,-9.62548617362824e-10,-20.54534221172396,-0.0315408091689662,1.461190832588187,-2.536332703307928e-09,-2.1798812754880714e-07,9.62548617362824e-10,20.54534221172396,0.0315408091689662,101.2655202260316,-2.2764103835061916e-09
EX,662,1.0985712339817155e-07,2.1915518035475164e-10,-63.457021433823115,0.007841125650740794,152.6888354492859,5.478879644407504e-10,-1.0985712339817155e-07,-2.1915518035475164e-10,63.457021433823115,-0.007841125650740794,164.59627171982964,5.478879373330078e-10
EX,345,-2.2759294449059553e-08,8.799480110181461e-12,-18.1137561300427,-0.005549829975703292,84.2909910815744,4.3997110096749115e-11,2.2759294449059553e-08,-8.799480110181461e-12,18.1137561300427,0.005549829975703292,96.84657021885258,4.3997691005065494e-11
EX,663,-8.684553076676593e-08,1.8427459365700705e-11,-21.187694734667815,0.07326915072087326,106.75660884694231,1.7602980375426323e-10,8.684553076676593e-08,-1.8427459365700705e-11,21.187694734667815,-0.07326915072087326,-0.8181351736032383,-8.38925069257597e-11
EX,664,7.371103727393802e-08,-1.9947737323674893e-10,-21.11716273612476,-0.08265713936383583,0.8306162610135743,-6.286545902640992e-10,-7.371103727393802e-08,1.9947737323674893e-10,21.11716273612476,0.08265713936383583,104.75519741961023,-3.687322759196455e-10
EX,665,-7.371103727393802e-08,5.113843098995665e-10,-22.695770193223165,-0.018027349350739255,113.33435835742905,1.4084219309895414e-09,7.371103727393802e-08,-5.113843098995665e-10,22.695770193223165,0.018027349350739255,0.14449260868676106,1.1484996185082913e-09
EX,666,3.765487921469912e-08,-1.1237799452059532e-09,-22.806937106824595,-0.005815287835383828,-0.05508969440073486,-2.9394110183339564e-09,-3.765487921469912e-08,1.1237799452059532e-09,22.806937106824595,0.005815287835383828,114.0897752285237,-2.6794887076958095e-09
EX,667,-3.765487921469912e-08,1.43568673834257e-09,-19.03994822346877,0.007120572126871493,95.81808800807309,3.719178002774883e-09,3.765487921469912e-08,-1.43568673834257e-09,19.03994822346877,-0.007120572126871493,-0.6183468907292422,3.4592556889379666e-09
EX,668,4.0455389038740464e-07,-1.3076399759544066e-09,-19.139196488462204,-0.0037255080199111515,0.5238034988990705,-3.399061103255615e-09,-4.0455389038740464e-07,1.3076399759544066e-09,19.139196488462204,0.0037255080199111515,95.17217894341195,-3.139138776516418e-09
EX,669,-1.300759500111326e-07,3.150392931860757e-10,-55.55343796126913,0.005368878475028652,134.67279305193279,7.875982528736067e-10,1.300759500111326e-07,-3.150392931860757e-10,55.55343796126913,-0.005368878475028652,143.09439675441286,7.875982130567716e-10
EX,346,5.689937341334153e-08,-1.2564653669141252,-9.910009169081344e-09,-0.28084046777868443,3.576444131764713e-08,-5.315305299339964,-5.689937341334153e-08,1.2564653669141252,9.910009169081344e-09,0.28084046777868443,3.608312515819261e-08,-3.7940686107874444
EX,670,-1.939438449199815e-08,0.22997365768519004,5.711503624410137e-09,0.5427162544243461,-2.5416188453294646e-08,1.2536652884210213,1.939438449199815e-08,-0.22997365768519004,-5.711503624410137e-09,-0.5427162544243461,-2.5416193803955564e-08,0.7931002649771696
EX,347,6.362298215207495e-08,1.039583653237132,1.480192985962708e-09,0.02833337798083307,-5.365699594518567e-09,4.00855736015075,-6.362298215207495e-08,-1.039583653237132,-1.480192985962708e-09,-0.02833337798083307,-5.365699553711066e-09,3.528424125818458
EX,671,-1.4694733535679942e-08,0.599142670737802,-6.650086214251833e-10,-0.06487167441145063,2.959288374899068e-09,2.556481262900995,1.4694733535679942e-08,-0.599142670737802,6.650086214251833e-10,0.06487167441145063,2.9592883557850616e-09,2.775888506665442
EX,348,-5.391420741963484e-08,0.8032202818765967,-5.434318188259852e-10,-0.0057052383579129454,1.969940376947642e-09,2.5683186934433726,5.391420741963484e-08,-0.8032202818765967,5.434318188259852e-10,0.0057052383579129454,1.9699403095407504e-09,3.2550283501619526
EX,672,-6.7234665868484246e-09,0.7420334696606763,-4.299542517928152e-12,0.012085637795351416,1.91329625047847e-11,3.2031276454966244,6.7234665868484246e-09,-0.7420334696606763,4.299542517928152e-12,-0.012085637795351416,1.9132965904775843e-11,3.4009702344833928
EX,349,6.202074818157587e-08,1.5622239388718708,4.442874786563097e-11,-0.004814400146088858,-1.6105418149077916e-10,6.014591028885904,-6.202074818157587e-08,-1.5622239388718708,-4.442874786563097e-11,0.004814400146088858,-1.6105424053504538e-10,5.311532527935159
EX,673,-2.1118021087107777e-08,-0.5977812779675121,-2.4398219369800963e-10,-0.00031158812416036776,1.0857207620949976e-09,-2.8087339900150274,2.1118021087107777e-08,0.5977812779675121,2.4398219369800963e-10,0.00031158812416036776,1.085720761817288e-09,-2.51151938389583
EX,350,1.532050348653856e-08,1.2496177062897846,-8.003074616267408e-10,0.0023114409676394643,2.901114546365494e-09,4.736788037836687,-1.532050348653856e-08,-1.2496177062897846,8.003074616267408e-10,-0.0023114409676394643,2.901114550428377e-09,4.322940332764251
EX,674,-1.3463302190092004e-08,1.200758084959603,6.718531698625654e-10,-0.04739815514237205,-2.9897466089295587e-09,5.160899811879995,1.3463302190092004e-08,-1.200758084959603,-6.718531698625654e-10,0.04739815514237205,-2.989746602847272e-09,5.525847144260468
EX,351,2.053572156074379e-08,1.4083575980399945,3.298112387435377e-10,-0.010680701855276815,-1.195565742556175e-09,5.4362541932849435,-2.053572156074379e-08,-1.4083575980399945,-3.298112387435377e-10,0.010680701855276815,-1.1955657383344734e-09,4.774338392505017
EX,675,-9.722505016663719e-09,2.3143982412683144,-4.1725261922344214e-10,-0.015524247209322366,1.8567741588497867e-09,10.092598265208643,9.722505016663719e-09,-2.3143982412683144,4.1725261922344214e-10,0.015524247209322366,1.8567741522388475e-09,10.505546082079348
EX,352,-6.729530725772096e-15,-0.05268959757068992,2.115034502346765e-14,-0.008299150825561498,-7.667298198309175e-14,0.021506491605071176,6.729530725772096e-15,0.05268959757068992,-2.115034502346765e-14,0.008299150825561498,-7.666701943704872e-14,-0.4035060739925731
EX,676,0.0,0.07053199854306202,2.3813512072208905e-15,0.012481087410369704,-1.0597457319064334e-14,0.4718084969485427,0.0,-0.07053199854306202,-2.3813512072208905e-15,-0.012481087410369704,-1.0596568425201586e-14,0.15592629008470923
EX,353,0.0,0.1623221234834257,2.1141396318037718e-14,0.009875360078416507,-7.663115106018637e-14,0.1379717648581431,0.0,-0.1623221234834257,-2.1141396318037718e-14,-0.009875360078416507,-7.664397224558707e-14,1.0388636303966932
EX,677,0.0,-0.11116691360142714,2.3803337155430277e-15,0.08940291428603164,-1.0593281079329001e-14,-0.9771734695373469,0.0,0.11116691360142714,-2.3803337155430277e-15,-0.08940291428603164,-1.0591688989003943e-14,-0.012212061515354478
EX,354,0.0,0.15814360406688663,2.1149607111478638e-14,0.0025193957892854966,-7.666990829402939e-14,0.18242025947176577,0.0,-0.15814360406688663,-2.1149607111478638e-14,-0.0025193957892854966,-7.666474326419073e-14,0.9641208700131623
EX,678,0.0,-0.0992482649934378,2.381665496170712e-15,-0.09454339183012936,-1.0597988201722638e-14,-0.8941556385883781,0.0,0.0992482649934378,-2.381665496170712e-15,0.09454339183012936,-1.0598834714196698e-14,0.0108460801467819
EX,355,0.08770826778223488,-11.662298445230908,2.884207342166581,-0.010041806588774519,-5.687045286098309,-23.103040362876033,-0.08770826778223488,11.662298445230908,-2.884207342166581,0.010041806588774519,-5.734415788881353,-23.079661480238368
EX,356,-0.08212375989146593,-11.927193626595093,-9.563593051775795,-0.0100418065887745,18.708315288033198,-23.609424320971975,0.08212375989146593,11.927193626595093,9.563593051775795,0.0100418065887745,19.163513196998956,-23.6222624403446
EX,357,-0.2156150997222941,-9.716099888208051,2.1304441014369275,-1.2712130166507933e-05,-4.266061894571154,-19.221416063714464,0.2156150997222941,9.716099888208051,-2.1304441014369275,1.2712130166507933e-05,-4.170496747119081,-19.25433949358942
EX,358,-0.029800548540199107,-9.71835429470262,-2.0120185428278536,-1.2712130166508578e-05,3.9919068708608387,-19.22492119094335,0.029800548540199107,9.71835429470262,2.0120185428278536,1.2712130166508578e-05,3.975686558737462,-19.259761816079028
EX,679,2.0045631821119504e-05,-8.453448695057338e-05,-2498.3266230224945,-1.4728431938867211e-09,281.06174315431866,-9.4983959180047e-06,-2.0045631821119504e-05,8.453448695057338e-05,2498.3266230224945,1.4728431938867211e-09,281.06174702574276,-9.521863645874318e-06
EX,680,-0.00016788205825513103,0.081573516942541,1365.969392396319,-5.422145886576843e-09,-170.7461727814776,0.010196719394223189,0.00016788205825513103,-0.081573516942541,-1365.969392396319,5.422145886576843e-09,-170.74617531760217,0.010196659841412062
EX,681,0.00038682916444123303,-3.585288933912193e-05,109.51852282068654,-2.0955957422901434,-106.1086846906194,-4.471425123984244e-06,-0.00038682916444123303,3.585288933912193e-05,-109.51852282068654,2.0955957422901434,78.72905398544776,-4.4917972107962395e-06
EX,682,0.00062735628421822,4.386479851659924e-05,-65.39791711363843,-0.1669598049263164,-14.430530122273478,5.46552654967423e-06,-0.00062735628421822,-4.386479851659924e-05,65.39791711363843,0.1669598049263164,30.780009400683085,5.500673079475579e-06
EX,683,0.00035691870977817955,2.1410402843860246e-06,-0.8846469436974758,-0.19544169483540796,-62.56662660460885,2.6693110332002784e-07,-0.00035691870977817955,-2.1410402843860246e-06,0.8846469436974758,0.19544169483540796,62.78778834053322,2.6832896777647836e-07
EX,684,0.0008639675662391877,-8.469947097229408e-05,104.72241082923472,0.09999149443467747,59.19696479599369,-1.0567527182358991e-05,-0.0008639675662391877,8.469947097229408e-05,-104.72241082923472,-0.09999149443467747,-85.37756750330237,-1.0607340560714529e-05
EX,685,0.0008566171522117472,8.044539661947842e-05,139.2475879929588,0.3479871919774337,55.575041255780846,1.0035928990634468e-05,-0.0008566171522117472,-8.044539661947842e-05,-139.2475879929588,-0.3479871919774337,-90.38693825402055,1.007542016423514e-05
EX,686,0.0008064535664265016,-4.579060359732123e-06,16.95837336350769,0.18836290774887673,-93.67145808959054,-5.703163010458253e-07,-0.0008064535664265016,4.579060359732123e-06,-16.95837336350769,-0.18836290774887673,89.43186474871362,-5.744487888872055e-07
EX,687,0.0002143314775659988,-0.00014288785399709566,21.192892932360735,-0.3273389527255809,62.85248879583281,-1.7881614516494304e-05,-0.0002143314775659988,0.00014288785399709566,-21.192892932360735,0.3273389527255809,-68.150712028923,-1.784034898277961e-05
EX,688,0.00022684858991262047,2.9467206509830972e-05,109.34127144361128,0.3036144171188173,36.02279173666201,3.6756663081879536e-06,-0.00022684858991262047,-2.9467206509830972e-05,-109.34127144361128,-0.3036144171188173,-63.35810959756483,3.6911353192697893e-06
EX,689,0.00027902675170388136,2.597340355487733e-06,21.15112351788531,0.3608746210486639,-118.90093289089775,3.068392085824479e-07,-0.00027902675170388136,-2.597340355487733e-06,-21.15112351788531,-0.3608746210486639,113.61315201142642,3.4249588028948535e-07
EX,690,8.484912772388498e-06,-0.000153917635198209,-292.6702235253051,2.3464788110189536,112.7862577431924,-1.92445618327912e-05,-8.484912772388498e-06,0.000153917635198209,292.6702235253051,-2.3464788110189536,-39.618701861866114,-1.9234846966761048e-05
EX,691,3.756340238858513e-05,-1.951928919690449e-05,133.3621460103077,0.10352033731156667,63.828805008301586,-2.437615649133467e-06,-3.756340238858513e-05,1.951928919690449e-05,-133.3621460103077,-0.10352033731156667,-97.16934151087851,-2.4422066500926547e-06
EX,692,2.6408375486397517e-06,5.586423918981385e-06,54.71848416307955,-0.9027885671618084,-201.27170751499773,7.008988675318309e-07,-2.6408375486397517e-06,-5.586423918981385e-06,-54.71848416307955,0.9027885671618084,187.59208647422784,6.957071122135155e-07
EX,693,-0.0004945917175813719,-0.00012798308751098294,-63.24505823278925,-0.22668744540201316,31.994517256627162,-1.5925516906455167e-05,0.0004945917175813719,0.00012798308751098294,63.24505823278925,0.22668744540201316,-16.18325269842985,-1.6070254971290568e-05
EX,694,-0.0004331091985054769,-1.14184627259505e-06,9.555792780883593,-0.2099814324425206,-56.72544468003721,-6.680630677202113e-08,0.0004331091985054769,1.14184627259505e-06,-9.555792780883593,0.2099814324425206,54.33649648481631,-2.1865526137674134e-07
EY,1,-200.48626702797353,0.040104762376085915,3.848147447023218,1.21314650880741e-07,-5.079550448356924,0.052938928913990005,200.48626702797353,-0.040104762376085915,-3.848147447023218,-1.21314650880741e-07,-10.159113441855018,0.1058759300953102
EY,2,-30.607826421177645,-0.281667396050327,1.5727391352013163,1.214038082936827e-07,-2.0760122403538013,-0.3718003212880803,30.607826421177645,0.281667396050327,-1.5727391352013163,-1.214038082936827e-07,-4.152034735043411,-0.7436025670712144
EY,3,-73.1554158286471,-0.6773875302252427,7.32926803520759,1.2135519722760725e-07,-9.674631118933293,-0.894150908781961,73.1554158286471,0.6773875302252427,-7.32926803520759,-1.2135519722760725e-07,-19.349270300488758,-1.7883037109099997
EY,4,1162.7529129000127,1.8918746359323448,7.884215969128056,1.2134577473785504e-07,-10.407160929991571,2.4972745903510294,-1162.7529129000127,-1.8918746359323448,-7.884215969128056,-1.2134577473785504e-07,-20.81433430775553,4.994548967941055
EY,5,54.12414956603843,-1.8810995976047182,7.261304557454017,1.2135519725595032e-07,-9.584918585030197,-2.4830513687340887,-54.12414956603843,1.8810995976047182,-7.261304557454017,-1.2135519725595032e-07,-19.169847462487706,-4.966103037780594
EY,6,20.121503593114976,-0.11672294247750273,9.194663431739041,1.2135519722760725e-07,-12.136953027753044,-0.1540741905512721,-20.121503593114976,0.11672294247750273,-9.194663431739041,-1.2135519722760725e-07,-24.273914161933554,-0.30814866165963867
EY,7,138.45288524264123,2.116592538488925,6.5275869446113175,1.2134300509964e-07,-8.616410599974133,2.7939015541511822,-138.45288524264123,-2.116592538488925,-6.5275869446113175,-1.2134300509964e-07,-17.23283370068668,5.5878048982649595
EY,8,24.53445175161614,0.13264284756270547,1.8071373827918427,1.21370009356767e-07,-2.385417930225387,0.17508798573249446,-24.53445175161614,-0.13264284756270547,-1.8071373827918427,-1.21370009356767e-07,-4.7708461056303095,0.35017769061581916
EY,9,51.90707530171174,0.6064456430493457,7.052624790695666,1.2135519722760725e-07,-9.309462038343037,0.8005076821251089,-51.90707530171174,-0.6064456430493457,-7.052624790695666,-1.2135519722760725e-07,-18.6189321328118,1.6010170643502997
EY,10,37.78754204527506,-0.3255829215164826,-26.26161666377112,1.028885873513633e-05,76.84491806155387,-0.4346119799317541,-37.78754204527506,0.3255829215164826,26.26161666377112,-1.028885873513633e-05,27.151083926979773,-0.8546963892735169
EY,11,43.31827933472933,-0.05602862953220485,-26.220156849280194,1.0288858735042304e-05,76.79012874992186,-0.0788003148798089,-43.31827933472933,0.05602862953220485,26.220156849280194,-1.0288858735042304e-05,27.041692373227708,-0.1430730580677223
EY,12,917.4455698540238,-0.32340162418326057,-26.82192263596141,1.0288864589499028e-05,77.5843965006753,-0.43173266390673326,-917.4455698540238,0.32340162418326057,26.82192263596141,-1.0288864589499028e-05,28.630417137731875,-0.8489377678589785
EY,13,12.86232721830375,-0.17905836432032635,-31.2357373899074,1.028885873509226e-05,83.41080416642427,-0.24114406747983197,-12.86232721830375,0.17905836432032635,31.2357373899074,-1.028885873509226e-05,40.28271589760902,-0.4679270552286603
EY,14,9.625447120901894,0.1006993415335942,-33.60472041881316,1.028885873513166e-05,86.5378149870909,0.12813610294801622,-9.625447120901894,-0.1006993415335942,33.60472041881316,-1.028885873513166e-05,46.53687787140922,0.27063328952501675
EY,15,39.009009819433246,0.8403389775848229,-33.5989753400293,1.0288858735037788e-05,86.53016912635921,1.1044604209879991,-39.009009819433246,-0.8403389775848229,33.5989753400293,-1.0288858735037788e-05,46.521773220156796,2.223281930247899
EY,16,-53.18881148481115,0.4682765101992188,-27.57609628391314,1.0288858735135747e-05,78.58003115453566,0.6133831727962753,53.18881148481115,-0.4682765101992188,27.57609628391314,-1.0288858735135747e-05,30.621310129760374,1.240991807592631
EY,17,-60.40689166448738,0.08142410313526587,-27.4446021952577,1.0288858735036573e-05,78.40639660126433,0.10273799583078705,60.40689166448738,-0.08142410313526587,27.4446021952577,-1.0288858735036573e-05,30.274228091956168,0.21970145258486576
EY,18,-925.0326159262471,7.827396221086094,-5.760901679779535,0.0024419475903910393,34.71362685083817,10.51839526809801,925.0326159262471,-7.827396221086094,5.760901679779535,-0.0024419475903910393,-11.900456198911208,20.47809376740292
EY,19,-87.29052914543772,3.0560686288890344,-4.240387548548052,0.0024419456668617902,35.69528900839396,3.795503565225535,87.29052914543772,-3.0560686288890344,4.240387548548052,-0.0024419456668617902,-18.90335431614367,8.30652820517504
EY,20,-73.15541582864708,1.9311827897866896,2.3752202943022356,0.002441945698060325,19.349270300488765,1.7883037109100004,73.15541582864708,-1.9311827897866896,-2.3752202943022356,-0.002441945698060325,-28.755142665925618,5.85918013664529
EY,21,-83.4610820912191,2.025220798225535,0.2623427999794456,0.0024420063756589957,31.79810893240832,2.8065869868772544,83.4610820912191,-2.025220798225535,-0.2623427999794456,-0.0024420063756589957,-32.83698642032692,5.213287374095864
EY,22,-496.75431311838474,1.6273527315766438,-16.10455010298688,0.0024419949161767363,53.387533132116765,2.2814010393634137,496.75431311838474,-1.6273527315766438,16.10455010298688,-0.0024419949161767363,10.38648527571127,4.162915777680095
EY,23,-131.08333242425195,4.607358817696307,6.360671861004221,0.002442006375532224,23.726114538299306,6.215009162761619,131.08333242425195,-4.607358817696307,-6.360671861004221,-0.002442006375532224,-48.91437510787602,12.030131755315756
EY,24,1268.4246408039894,-2.0243358459551053,-7.268401843635961,0.0024419456980811142,31.375916673077366,-0.052283490650474995,-1268.4246408039894,2.0243358459551053,7.268401843635961,-0.0024419456980811142,-2.5930453722789615,-7.964086459331742
EY,25,51.133892008598515,-3.890488760349727,-8.30830980901488,0.002441945698060516,33.55604000959241,-7.49593135765095,-51.133892008598515,3.890488760349727,8.30830980901488,-0.002441945698060516,-0.6551331658934885,-7.910404133333968
EY,26,20.121503593114973,0.2573164126870943,-3.220965922040713,0.0024419456980604983,24.273914161933575,0.3081486616596386,-20.121503593114973,-0.2573164126870943,3.220965922040713,-0.0024419456980604983,-11.518889110652353,0.7108243325812547
EY,27,23.78102744144746,0.378238475298822,-7.707007374604061,0.002442006375777385,42.317651133064366,0.6218402990927456,-23.78102744144746,-0.378238475298822,7.707007374604061,-0.002442006375777385,-11.797901929632289,0.8759840630905894
EY,28,21.652232874193167,0.3153278326414836,-0.266500204058174,0.002442006375777284,32.48138166133137,0.5387982513277859,-21.652232874193167,-0.3153278326414836,0.266500204058174,-0.002442006375777284,-31.426040853261,0.709899965932489
EY,29,25.907437026948735,0.42747217214678274,-2.275241111751381,0.0024420063757773784,35.125519630458115,0.6868287787595313,-25.907437026948735,-0.42747217214678274,2.275241111751381,-0.0024420063757773784,-26.115564827922647,1.0059610229417282
EY,30,322.48875525339184,-1.3588079372536555,-10.368553249492262,0.002441945698056463,37.25886679589424,1.1096705981673622,-322.48875525339184,1.3588079372536555,10.368553249492262,-0.002441945698056463,3.800604072095112,-6.490550029691837
EY,31,59.57865595310071,-2.3735239499369496,-5.044228030152823,0.0024419456890518755,36.446952760814284,-2.8485681405904373,-59.57865595310071,2.3735239499369496,5.044228030152823,-0.0024419456890518755,-16.47180976140911,-6.550586701159882
EY,32,51.907075301711735,-1.90221227667436,3.2051500313313013,0.0024419456980604966,18.618932132811803,-1.6010170643503003,-51.907075301711735,1.90221227667436,-3.2051500313313013,-0.0024419456980604966,-31.311326256883756,-5.9317435512801655
EY,33,40.95081197247541,-0.7798658166286752,0.5150982785229792,0.0024419947324855152,31.464471497651303,-0.9201526538069367,-40.95081197247541,0.7798658166286752,-0.5150982785229792,-0.0024419947324855152,-33.5042606806023,-2.168115980042617
EY,34,483.4868043458423,-1.8718277706355844,-15.833575183415274,0.0024419949231538132,53.029846240731835,-2.3615424025320384,-483.4868043458423,1.8718277706355844,15.833575183415274,-0.0024419949231538132,9.671111485592647,-5.050895569184875
EY,35,60.467322607273545,-1.6521976806233003,3.352705399484637,0.002441995089136498,27.696630222644096,-2.071630717319051,-60.467322607273545,1.6521976806233003,-3.352705399484637,-0.002441995089136498,-40.97334360460326,-4.471072097949218
EY,36,26.383190066653395,-0.5688835282457041,-10.82012361124359,-7.707756694714703e-06,19.365356706773277,-1.1846357991582444,-26.383190066653395,0.5688835282457041,10.82012361124359,7.707756694714703e-06,23.482332793751336,-1.0681429726947438
EY,37,33.36246943360692,0.8993458570913423,-10.80224137805684,-7.707756694741128e-06,19.287196630751474,1.1092386542233506,-33.36246943360692,-0.8993458570913423,10.80224137805684,7.707756694741128e-06,23.489679226353605,2.4521709398583647
EY,38,321.32036956569067,0.4324822502447314,-8.937282672900412,-7.70776726439756e-06,17.619955031329837,0.14004633322957027,-321.32036956569067,-0.4324822502447314,8.937282672900412,7.70776726439756e-06,17.77168435335579,1.572583377739566
EY,39,9.427555466532834,-0.19909244656845584,-19.110697406092054,-7.707756694672202e-06,36.87462492310294,-0.5032517257337735,-9.427555466532834,0.19909244656845584,19.110697406092054,7.707756694672202e-06,38.803736805021586,-0.2851543626773116
EY,40,5.814000953859386,0.1251515878701373,-23.232717017872933,-7.707756694708055e-06,45.4428769877654,0.294030572799274,-5.814000953859386,-0.1251515878701373,23.232717017872933,7.707756694708055e-06,46.5586824030114,0.20156971516646965
EY,41,33.21778559990685,3.448625377213754,-23.168534741030562,-7.707756694742026e-06,45.350744305495056,5.6573402946623705,-33.21778559990685,-3.448625377213754,23.168534741030562,7.707756694742026e-06,46.39665326898598,7.999216199104094
EY,42,-36.81192296631843,0.936741793969235,-12.996093735046582,-7.707756694713454e-06,23.97275037377515,1.8504072239290887,36.81192296631843,-0.936741793969235,12.996093735046582,7.707756694713454e-06,27.491780817009314,1.8590902801890814
EY,43,-46.2365084439695,-1.3901626919387873,-12.664396606742054,-7.707756694742206e-06,23.36150939411708,-1.731751874124609,46.2365084439695,1.3901626919387873,12.664396606742054,7.707756694742206e-06,26.789501168581452,-3.7732923859529883
EY,44,-587.581369306249,3.722057918550514,-1.2547355188670735,-1.4935423515240331,23.546079298147873,7.888475810851093,587.581369306249,-3.722057918550514,1.2547355188670735,1.4935423515240331,-18.57732664343426,6.850873546608945
EY,45,-67.64555906746027,-6.630371198138079,-30.621261844616964,-1.4935423458656456,66.38064603847795,-11.65014372173724,67.64555906746027,6.630371198138079,30.621261844616964,1.4935423458656456,54.87955086620525,-14.606126222889552
EY,46,-57.306352969218715,-9.166448486460984,-43.44793177130608,-1.4935423458656456,91.25923580849249,-15.960264511972348,57.306352969218715,9.166448486460984,43.44793177130608,1.4935423458656456,80.79457400587961,-20.338871494413155
EY,47,-63.22740106088011,-9.39918533927557,-52.56057385237708,-1.4935423458656456,105.48365183277414,-17.037500405039843,63.22740106088011,9.39918533927557,52.56057385237708,1.4935423458656456,102.65622062263913,-20.18327353849142
EY,48,-31.106493925344118,-8.873194206542946,-76.53722109596737,-1.4935423465305098,167.81871946688727,-16.86837779651873,31.106493925344118,8.873194206542946,76.53722109596737,1.4935423465305098,135.26867607314352,-18.26947126139135
EY,49,-107.29402943952786,-4.854987651875002,-65.79117012743313,-1.4935423458655186,128.52030235248924,-7.630737268306265,107.29402943952786,4.854987651875002,65.79117012743313,1.4935423458655186,132.012731352146,-11.595013833118747
EY,50,1029.822761586795,-10.91991808633968,-30.0781618342124,-1.4935423458657755,68.91051261469912,-20.303562059031705,-1029.822761586795,10.91991808633968,30.0781618342124,1.4935423458657755,50.19900824878201,-22.93931356287343
EY,51,41.503482443387774,-7.276107044766974,-47.1518909327677,-1.4935423458656456,101.07964018926496,-12.976727316084546,-41.503482443387774,7.276107044766974,47.1518909327677,1.4935423458656456,85.64184790449517,-15.836656581192674
EY,52,15.342211200134502,-0.7151306301735292,-57.85678112261277,-1.4935423458656452,120.12820469310566,-1.1701128126334441,-15.342211200134502,0.7151306301735292,57.85678112261277,1.4935423458656452,108.98464855244094,-1.6618044828537317
EY,53,17.655274348128827,-1.1831248550489035,-67.24472650705357,-1.4935423458657635,135.38627558850018,-1.782322627064737,-17.655274348128827,1.1831248550489035,67.24472650705357,1.4935423458657635,130.902841379432,-2.9028517989289218
EY,54,16.97484305415534,-0.8972434257979429,-73.95360946940549,-1.4935423458657635,143.50190347952224,-1.4880011897414573,-16.97484305415534,0.8972434257979429,73.95360946940549,1.4935423458657635,149.35439001932355,-2.065082776418397
EY,55,18.444033289715275,-1.0773271490669851,-82.23603887133038,-1.4935423458657633,161.62693423709362,-1.5776811746783368,-18.444033289715275,1.0773271490669851,82.23603887133038,1.4935423458657633,164.02777969337473,-2.688534335626925
EY,56,302.7173821728221,8.096262718014387,-32.803407663460824,-1.4935423458656338,74.8092867011584,13.462084792502967,-302.7173821728221,-8.096262718014387,32.803407663460824,1.4935423458656338,55.09220764614648,18.599115570834012
EY,57,47.89842567105347,7.4333626021325685,-30.110503405260893,-1.4935423458656456,67.0769200166705,13.866445101059908,-47.89842567105347,-7.4333626021325685,30.110503405260893,1.4935423458656456,52.160673468162656,15.569670803385065
EY,58,40.69045945136406,8.36975035250529,-40.49429511761613,-1.4935423458656456,85.89975909076163,15.099188680462104,-40.69045945136406,-8.36975035250529,40.49429511761613,1.4935423458656456,74.45764957499827,18.04502271545885
EY,59,45.73157130600914,10.368519831774467,-49.8517128591838,-1.4935423461756765,101.57431851360118,20.019941534618823,-45.73157130600914,-10.368519831774467,49.8517128591838,1.4935423461756765,95.8384644087667,21.039396999208073
EY,60,16.87735136701576,8.179670431023634,-74.4667412905655,-1.4935423465369349,164.7279992292036,15.689270513183498,-16.87735136701576,-8.179670431023634,74.4667412905655,1.4935423465369349,130.16029628143582,16.702224393670093
EY,61,84.0674963496917,6.6059186902808875,-66.28817214079426,-1.4935423468788225,133.1468608954254,13.901829978097663,-84.0674963496917,-6.6059186902808875,66.28817214079426,1.4935423468788225,129.35430078211994,12.257608035414655
EY,62,15.889138909811843,-0.9660210265392608,-10.623677297568165,-4.151289108860787e-06,19.677960162616458,-1.5765530569604707,-15.889138909811843,0.9660210265392608,10.623677297568165,4.151289108860787e-06,22.391801935753474,-2.248890208135003
EY,63,22.230245178586237,1.2583290133779257,-10.709836205139519,-4.151289108819566e-06,19.822619346547143,2.941840119505193,-22.230245178586237,-1.2583290133779257,10.709836205139519,4.151289108819566e-06,22.588332025805357,2.0411427734713943
EY,64,-19.101720476129238,-0.6907765530820683,-4.827993734083997,-4.151250525732202e-06,8.802316202879958,0.10569317564501612,19.101720476129238,0.6907765530820683,4.827993734083997,4.151250525732202e-06,10.316538984092675,-2.841168325850007
EY,65,6.392417474173727,-0.664878584213569,-17.69604419286385,-4.151289108858821e-06,33.391347235545865,-0.8841614675259298,-6.392417474173727,0.664878584213569,17.69604419286385,4.151289108858821e-06,36.68498776819501,-1.7487577259598042
EY,66,2.455927772488164,-0.4692248855217726,-21.216767465566488,-4.151289108860909e-06,40.35256550180546,-0.5671766324161722,-2.455927772488164,0.4692248855217726,21.216767465566488,4.151289108860909e-06,43.66583366183785,-1.2909539142500477
EY,67,24.993140858280984,5.7069344501825405,-21.07064067370176,-4.151289108814702e-06,40.08234805365525,10.996014771199487,-24.993140858280984,-5.7069344501825405,21.07064067370176,4.151289108814702e-06,43.35738901420373,11.603445651523375
EY,68,-21.91566373845051,0.4548964258357702,-12.409578318149583,-4.151289108861428e-06,23.17251697055554,1.2389006182974887,21.91566373845051,-0.4548964258357702,12.409578318149583,4.151289108861428e-06,25.969413169316816,0.5624892280121615
EY,69,-30.285889488261834,-4.021826315543096,-11.921331510680895,-4.151289108813979e-06,22.26357019135982,-7.231242142448864,30.285889488261834,4.021826315543096,11.921331510680895,4.151289108813979e-06,24.94490259093654,-8.695190067101802
EY,70,-37.68096948634783,17.052500643170188,-48.70591932029284,1.491020112243853,55.64935281441837,40.29864879473076,37.68096948634783,-17.052500643170188,48.70591932029284,-1.491020112243853,137.22608769394122,27.229253752223173
EY,71,-46.73659888907361,12.595552630247846,-8.955359527338072,1.4910201065884265,19.783419364579288,26.623684037708607,46.73659888907361,-12.595552630247846,8.955359527338072,-1.4910201065884265,15.67980436367947,23.25470437807285
EY,72,-37.87870696667316,9.451433438826264,2.1039852501898415,1.4910201065884265,-3.919354199977824,20.088323453273198,37.87870696667316,-9.451433438826264,-2.1039852501898415,-1.4910201065884265,-4.412427390773946,17.3393529644788
EY,73,-41.3522597001346,9.222474969316696,11.710735130856788,1.4910201065884263,-24.855562285192175,20.248908874131608,41.3522597001346,-9.222474969316696,-11.710735130856788,-1.4910201065884263,-21.518948833000696,16.2720920043625
EY,74,-16.52011520938321,12.167044246393887,24.854606224955784,1.491020106588426,-59.33052241510615,25.35523430092671,16.52011520938321,-12.167044246393887,-24.854606224955784,-1.491020106588426,-39.09371823571872,22.826260914793068
EY,75,-83.1746677648822,8.359743003163013,25.548814123241286,1.4910201065884265,-58.36208887254983,21.700021441490556,83.1746677648822,-8.359743003163013,-25.548814123241286,-1.4910201065884265,-42.81121505548563,11.404560851034969
EY,76,605.0473405410513,-11.443563446858171,-21.289290993624082,1.4910201065883881,50.18881561779788,-20.89292117300439,-605.0473405410513,11.443563446858171,21.289290993624082,-1.4910201065883881,34.11677671695346,-24.423590076553953
EY,77,29.107442444733877,-5.124574494676583,-21.152282026676204,1.4910201065884265,44.82522372836327,-10.259029357841566,-29.107442444733877,5.124574494676583,21.152282026676204,-1.4910201065884265,38.93781309727447,-10.0342856410777
EY,78,9.54358673928382,2.156168958547527,-10.955063691895816,1.4910201065884259,22.4889838217765,4.865915236643072,-9.54358673928382,-2.156168958547527,10.955063691895816,-1.4910201065884259,20.89306839813092,3.6725138392051333
EY,79,11.339628896910096,1.8457062797127697,-1.0627910522770136,1.4910201065884259,0.8690315439023475,3.832809560269811,-11.339628896910096,-1.8457062797127697,1.0627910522770136,-1.4910201065884259,3.3396210231146255,3.476187307392755
EY,80,10.460260215172175,2.288918968596677,10.246771306768254,1.4910201065884259,-22.552024949413394,4.878255845370105,-10.460260215172175,-2.288918968596677,-10.246771306768254,-1.4910201065884259,-18.02518942538888,4.1858632702727325
EY,81,13.476175037515077,2.6651122424270746,15.123367170524306,1.491020106588426,-34.29267727319477,4.989089922084088,-13.476175037515077,-2.6651122424270746,-15.123367170524306,-1.491020106588426,-25.59585672208146,5.564754557927125
EY,82,275.9239545398107,-13.752163076691984,-25.711003958780566,1.4910201065884037,57.32135164196106,-23.60175120845372,-275.9239545398107,13.752163076691984,25.711003958780566,-1.4910201065884037,44.49422403480996,-30.856814575246517
EY,83,31.970229626554275,-8.638835242299042,-5.425801377307231,1.4910201065884263,13.079726352186125,-19.00657509096989,-31.970229626554275,8.638835242299042,5.425801377307231,-1.4910201065884263,8.406447101950501,-15.203212468534307
EY,84,26.918350419227874,-7.606320413578621,3.9918910039493563,1.4910201065884263,-8.84951384670581,-16.404335434347956,-26.918350419227874,7.606320413578621,-3.9918910039493563,-1.4910201065884263,-6.958374528933638,-13.716693403423374
EY,85,30.135127102803903,-6.7559292822364565,13.157284293343682,1.4910201065884263,-30.007066899555543,-14.925943905223432,-30.135127102803903,6.7559292822364565,-13.157284293343682,-1.4910201065884263,-22.095778902085424,-11.82753605243293
EY,86,7.816490543645091,-9.819015593600884,26.925038379007333,1.4910201065884263,-64.438839309103,-20.417109232683032,-7.816490543645091,9.819015593600884,-26.925038379007333,-1.4910201065884263,-42.184312671766,-18.46619251797646
EY,87,66.50116980293365,-7.709313743903378,28.113892554277186,1.4910201065884263,-65.0624656413973,-19.999566855519326,-66.50116980293365,7.709313743903378,-28.113892554277186,-1.4910201065884263,-46.268548873540325,-10.529315570338044
EY,88,6.1621154832947935,0.9712136716828558,-13.507145362615466,-1.3402092326297616e-05,17.72532266567682,2.2327467382280126,-6.1621154832947935,-0.9712136716828558,13.507145362615466,1.3402092326297616e-05,35.76297297028041,1.6132594016360955
EY,89,11.802327004466656,3.335052113969638,-13.617061195826079,-1.340209232623174e-05,17.953267963277284,6.706904412152053,-11.802327004466656,-3.335052113969638,13.617061195826079,1.340209232623174e-05,35.97029437219397,6.49990195916771
EY,90,-136.44950604199417,0.9443008943426034,-2.5095343719186363,-1.3402119713280582e-05,-1.216371903125486,1.2416210453485372,136.44950604199417,-0.9443008943426034,2.5095343719186363,1.3402119713280582e-05,11.154128015923282,2.4978104962481713
EY,91,3.1991421557852253,0.8991378436013414,-19.1472115219666,-1.3402092326355852e-05,30.127829476327204,2.2401812055794585,-3.1991421557852253,-0.8991378436013414,19.1472115219666,1.3402092326355852e-05,45.695128150660516,1.3204046550818522
EY,92,-0.1869048243742697,1.3833508415759495,-21.822341791572995,-1.3402092326294055e-05,35.99253465449527,3.078883291375673,0.1869048243742697,-1.3833508415759495,21.822341791572995,1.3402092326294055e-05,50.42393884013376,2.399186041265085
EY,93,15.575387553610147,8.697612616973469,-21.641299660021346,-1.3402092326237897e-05,35.63805782382016,17.475578081098085,-15.575387553610147,-8.697612616973469,21.641299660021346,1.3402092326237897e-05,50.06148882986434,16.966967882116844
EY,94,-8.392446874665746,1.8882056049948766,-14.871166628090915,-1.3402092326295722e-05,20.74605262205613,4.378853943843148,8.392446874665746,-1.8882056049948766,14.871166628090915,1.3402092326295722e-05,38.14376722518387,3.0984402519365615
EY,95,-14.818960524234525,-1.528579371659588,-14.37204271718082,-1.3402092326238886e-05,19.707240332255573,-3.479707506851803,14.818960524234525,1.528579371659588,14.37204271718082,1.3402092326238886e-05,37.20604882778046,-2.573466804920163
EY,96,-316.9089478506647,7.904767354377088,-47.25552164100565,-0.0026196503830620346,144.8036937528644,7.344790434239024,316.9089478506647,-7.904767354377088,47.25552164100565,0.0026196503830620346,42.328171945518,23.958088289094253
EY,97,-20.937701095743066,2.5992625844029105,-35.11720104237949,-0.0026196484934681383,68.75792827334698,2.2501461688079507,20.937701095743066,-2.5992625844029105,35.11720104237949,0.0026196484934681383,70.30618785447584,8.042933665427578
EY,98,-17.766218385043015,-1.423146039583519,-37.20089436001366,-0.0026196484934678417,75.0668689622509,-4.8245472918139605,17.766218385043015,1.423146039583519,37.20089436001366,0.0026196484934678417,72.24867270340324,-0.8111110249367757
EY,99,-19.826134040693095,-2.6582146840016914,-40.23730333703561,-0.0026196484934678486,83.70167937390718,-7.219873680321312,19.826134040693095,2.6582146840016914,40.23730333703561,0.0026196484934678486,75.63804184075386,-3.3066564683253867
EY,100,-11.522850056904595,1.7942599195011935,-43.29487084098077,-0.0026196484934676418,96.5651710627942,1.324730257126225,11.522850056904595,-1.7942599195011935,43.29487084098077,0.0026196484934676418,74.88251746748966,5.780539024098502
EY,101,-41.66075153297092,-10.185025152903153,-44.926952212702375,-0.0026196484934683495,100.4445571811895,-20.883988445452275,41.66075153297092,10.185025152903153,44.926952212702375,0.0026196484934683495,77.46617358111193,-19.44871116004422
EY,102,0.12843009632996244,-17.534927041231914,-29.63554836438684,-0.002619650376445064,58.60248861065813,-34.80761564960476,-0.12843009632996244,17.534927041231914,29.63554836438684,0.002619650376445064,58.75428291231377,-34.63069543367362
EY,103,209.44513490137194,-7.054792840924323,-31.362112361164417,-0.0026196854301941326,56.904895477062865,-19.876905653198953,-209.44513490137194,7.054792840924323,31.362112361164417,0.0026196854301941326,67.28906947314825,-8.060073996861368
EY,104,14.601475164774039,-12.029313241171028,-55.87732855258939,-0.0026196484935263995,103.31936758897825,-20.395033548443685,-14.601475164774039,12.029313241171028,55.87732855258939,0.0026196484935263995,117.95485347927576,-27.241046886593594
EY,105,3.817001574538672,1.010673659523652,-58.82237476739031,-0.0026196484934677845,111.67477425465103,0.9139672642546104,-3.817001574538672,-1.010673659523652,58.82237476739031,0.0026196484934677845,121.26182982421463,3.0883004274590524
EY,106,5.489609834071888,0.20401456800442488,-61.73055228300784,-0.0026196484934677814,120.07028324570848,0.0626614691962642,-5.489609834071888,-0.20401456800442488,61.73055228300784,0.0026196484934677814,124.38270379500261,0.7452362201012586
EY,107,5.22891192546207,0.44883897802282025,-61.91466878615569,-0.0026196484934676058,122.92949106151289,0.5104649042104858,-5.22891192546207,-0.44883897802282025,61.91466878615569,0.0026196484934676058,122.2525973316637,1.2669374487598826
EY,108,7.335752293544047,1.904813718474488,-64.88122931271602,-0.0026196484934684814,130.23797127455913,3.3146677254634547,-7.335752293544047,-1.904813718474488,64.88122931271602,0.0026196484934684814,126.69169680379636,4.228394599695519
EY,109,0.12527678988309074,2.7990293116293374,-53.16272070995392,-0.002619650376444791,105.27601477995847,5.703221653450149,-0.12527678988309074,-2.7990293116293374,53.16272070995392,0.002619650376444791,105.24835923145909,5.380934420602028
EY,110,26.664944203210897,-3.780544465188928,-49.22090748919575,-0.0026196484934425546,85.01942761144909,-10.88416846458454,-26.664944203210897,3.780544465188928,49.22090748919575,0.0026196484934425546,109.89536604576611,-4.086787617563617
EY,111,15.808906503086178,0.21315827620977337,-31.75123486014064,-0.0026196484934678543,61.7005124091188,3.2915285224535515,-15.808906503086178,-0.21315827620977337,31.75123486014064,0.0026196484934678543,64.03437763703816,-2.447421748662849
EY,112,13.038666082589952,2.4481721428940624,-34.66240009460573,-0.0026196484934677858,71.6621449924698,6.365346314198987,-13.038666082589952,-2.4481721428940624,34.66240009460573,0.0026196484934677858,65.6009593821689,3.3294153716615
EY,113,15.644997717068671,3.789960019272703,-37.683990244900194,-0.0026196484934677836,81.663920922301,8.903147365979445,-15.644997717068671,-3.789960019272703,37.683990244900194,0.0026196484934677836,67.56468044750378,6.105094310340462
EY,114,6.620515085815882,-0.7469356242322438,-39.965416586302354,-0.0026196484934676457,91.81266745839507,0.31906258706980895,-6.620515085815882,0.7469356242322438,39.965416586302354,0.0026196484934676457,66.45038222336227,-3.2769276590294947
EY,115,33.33980431079366,8.771281030525685,-41.8670459063209,-0.002619648493468344,96.33405056843448,18.0351790615815,-33.33980431079366,-8.771281030525685,41.8670459063209,0.002619648493468344,69.4594512205963,16.699093819300224
EY,116,-0.0546901110260047,14.80686416573754,-30.091586930223762,-0.0026196503764450868,59.46089978970693,29.404771167339796,0.0546901110260047,-14.80686416573754,30.091586930223762,0.0026196503764450868,59.70178445397919,29.230410928980874
EY,117,0.7442758420892007,1.0593513129882235,1.7645867707196314,8.846325323506237e-06,-12.649456854405031,1.7541226287284326,-0.7442758420892007,-1.0593513129882235,-1.7645867707196314,-8.846325323506237e-06,5.661693242355289,2.440908570704933
EY,118,3.910575179894634,4.500551283420009,1.4101396507517383,8.84632532366629e-06,-12.119488993494594,8.062882399235203,-3.910575179894634,-4.500551283420009,-1.4101396507517383,-8.84632532366629e-06,6.535335976517709,9.759300683108034
EY,119,0.0,0.48327835595038743,7.731996876431414,8.846320617228823e-06,-30.618707630668368,1.9137822895635348,0.0,-0.48327835595038743,-7.731996876431414,-8.846320617228823e-06,-3.552713678800501e-14,-2.220446049250313e-16
EY,120,0.8814582246500028,0.8137617531220085,-0.610846412861659,8.846325323567325e-06,-7.026516070786659,1.2323497630031497,-0.8814582246500028,-0.8137617531220085,0.610846412861659,-8.846325323567325e-06,9.445467865718829,1.990146779360004
EY,121,-1.0977307780246492,0.7404517801006217,-1.5513316808842332,8.846325323503313e-06,-4.5875379112871,1.5752008286020707,1.0977307780246492,-0.7404517801006217,1.5513316808842332,-8.846325323503313e-06,10.730811367588664,1.356988220596392
EY,122,6.625808855533932,12.12161598333236,-1.2143563163345357,8.846325323691029e-06,-5.155954627539444,21.511293860129697,-6.625808855533932,-12.12161598333236,1.2143563163345357,-8.846325323691029e-06,9.964805640224206,26.490305433866457
EY,123,-0.645702937047059,1.5395931409244072,1.4344822339651813,8.846325323503533e-06,-11.633432680406065,2.6630111046640454,0.645702937047059,-1.5395931409244072,-1.4344822339651813,-8.846325323503533e-06,5.952883033903946,3.4337777333966084
EY,124,-5.990355673801409,-4.162679093851394,2.2587342953649663,8.846325323698288e-06,-13.000455074231047,-6.025739124238647,5.990355673801409,4.162679093851394,-2.2587342953649663,-8.846325323698288e-06,4.055867264585778,-10.458470087412874
EY,207,0.000465389573036158,-0.002982440391090551,-1.6396853279106727,-0.9967406373516609,4.661313687510986,-0.0005517497955119105,-0.000465389573036158,0.002982440391090551,1.6396853279106727,0.9967406373516609,-4.054630116184035,-0.0005517531491915962
EY,359,5.638532932905853e-17,-2.0339478801960692e-15,-1.6396853279106738,-0.9967406373516601,4.054630116184044,-3.4373719175313522e-15,-5.638532932905853e-17,2.0339478801960692e-15,1.6396853279106738,0.9967406373516601,1.487506292154026,-3.4373719175313522e-15
EY,360,6.606856988583543e-16,6.1182147986199695e-15,-0.49778193910729307,-0.010487453549832534,-1.6031525007330645,1.1502613455995813e-14,-6.606856988583543e-16,-6.1182147986199695e-15,0.49778193910729307,0.010487453549832534,3.4698347723854135,1.1440692038829073e-14
EY,361,1.798906492923814e-08,1.4332755614283154e-08,2.0263338124701145,1.242316417165235,-3.3706996748807807,2.6873896027713276e-08,-1.798906492923814e-08,-1.4332755614283154e-08,-2.0263338124701145,-1.242316417165235,-4.228052121882148,2.687393752584855e-08
EY,362,-1.349180006912198e-08,-6.046603085097665e-09,-0.2697573203298758,-0.7443917374724401,1.1311339604820223,-1.511649217398306e-08,1.349180006912198e-08,6.046603085097665e-09,0.2697573203298758,0.7443917374724401,0.21765264116735678,-1.5116523251505264e-08
EY,363,-4.2381696296975996e-08,6.129670485804262e-09,0.006432927256897653,0.7472530486963045,-0.21403890755206495,1.5324160607899238e-08,4.2381696296975996e-08,-6.129670485804262e-09,-0.006432927256897653,-0.7472530486963045,0.1818742712675767,1.5324191821122074e-08
EY,364,4.701175327779578e-08,-4.727945720435092e-08,-0.18785063642675942,-0.6280287812141263,1.3415743243037397,-7.813169507426144e-08,-4.701175327779578e-08,4.727945720435092e-08,0.18785063642675942,0.6280287812141263,-0.4023211421699424,-1.5826559094749322e-07
EY,365,0.16076580465303345,16.711268830753472,-0.471256917198707,-0.07498360840717899,0.5528981526723143,46.37376472405747,-0.16076580465303345,-16.711268830753472,0.471256917198707,0.07498360840717899,2.0625777377805092,46.37377728662428
EY,208,7.693087296757953e-10,-1.1919364744218645e-08,-0.5896240264156456,-0.6231440758269038,0.9524727489599478,-2.234878814135591e-08,-7.693087296757953e-10,1.1919364744218645e-08,0.5896240264156456,0.6231440758269038,1.2586173500987234,-2.2348829649464007e-08
EY,366,9.389661086416784e-10,1.0196117976697037e-08,0.5288903241958813,0.554360507380164,-1.088121464676345,1.911770048819257e-08,-9.389661086416784e-10,-1.0196117976697037e-08,-0.5288903241958813,-0.554360507380164,-0.8952172510582099,1.9117741924421318e-08
EY,367,-7.042224469582317e-10,-4.301459052303521e-09,-0.11237289258156931,-0.6542696485669023,0.33085861964800695,-1.075363208932657e-08,7.042224469582317e-10,4.301459052303521e-09,0.11237289258156931,0.6542696485669023,0.23100584325983958,-1.0753663172191035e-08
EY,368,7.511864192811146e-08,4.3257359831825185e-09,-0.12457058836563482,0.654392694001025,-0.23328023239854678,1.0814324352301885e-08,-7.511864192811146e-08,-4.3257359831825185e-09,0.12457058836563482,-0.654392694001025,0.8561331742267209,1.0814355563610708e-08
EY,369,-7.04449705050947e-08,-4.547551768874631e-08,1.372593562641146,-0.6266273277231831,-8.759118265121305,-7.362184671809831e-08,7.04449705050947e-08,4.547551768874631e-08,-1.372593562641146,0.6266273277231831,1.8961504519155739,-1.537557417256333e-07
EY,370,0.1622802907175297,16.71126873023887,2.1478730387524827,0.12337366807673607,-2.1484508015180097,46.3737644596313,-0.1622802907175297,-16.71126873023887,-2.1478730387524827,-0.12337366807673607,-9.772244563558267,46.373776993194404
EY,209,-0.0004640170654303534,-0.0029821629243012896,0.3390676949909643,-0.9072516014417532,-1.7612460142621273,-0.0005516984710110346,0.0004640170654303534,0.0029821629243012896,-0.3390676949909643,0.9072516014417532,1.6357909671154702,-0.0005517018109804454
EY,371,-1.976880923342658e-11,-2.7530617429307834e-12,0.3390676949909767,-0.9072516014417512,-1.635790967115467,-3.947540671589907e-12,1.976880923342658e-11,2.7530617429307834e-12,-0.3390676949909767,0.9072516014417512,0.4897421580459671,-5.35780801951613e-12
EY,372,-3.5575383784680614e-16,6.1152988876990466e-15,0.8617672805608643,-0.1634359063303483,-0.2969739769182387,1.149898047874548e-14,3.5575383784680614e-16,-6.1152988876990466e-15,-0.8617672805608643,0.1634359063303483,-2.9346533251850024,1.1433390350125945e-14
EY,373,-9.34274228822445e-09,1.517963018098049e-08,-1.5566972032632211,1.3438008627030795,2.9357360427827874,2.8461785838973926e-08,9.34274228822445e-09,-1.517963018098049e-08,1.5566972032632211,-1.3438008627030795,2.901878469454292,2.846182733970291e-08
EY,374,7.007057592847438e-09,-6.403873798350942e-09,0.21956677348570028,-0.7753525602353336,-0.857332382058213,-1.6009668957715916e-08,-7.007057592847438e-09,6.403873798350942e-09,-0.21956677348570028,0.7753525602353336,-0.2405014853702882,-1.600970003403879e-08
EY,375,2.7514783168849347e-08,6.394135431282239e-09,-0.0444257783170079,0.7762533170762062,0.2391621408937036,1.5985322975715894e-08,-2.7514783168849347e-08,-6.394135431282239e-09,0.0444257783170079,-0.7762533170762062,-0.017033249308664122,1.5985354180695296e-08
EY,376,-2.2787566168436753e-08,-4.754392233431252e-08,0.2293445344908526,-0.9077139989455967,-0.9381676548942243,-7.879285775698798e-08,2.2787566168436753e-08,4.754392233431252e-08,-0.2293445344908526,0.9077139989455967,-0.20855501756003897,-1.5892675391457467e-07
EY,377,0.16413953080210036,16.711268872211832,-0.2625286608485407,0.11221573537150441,0.3102783566601081,46.37376483916864,-0.16413953080210036,-16.711268872211832,0.2625286608485407,-0.11221573537150441,1.1467557110492927,46.37377740160702
EY,210,5.082197683525807e-17,6.1678615172409256e-15,4.635887104119075,-0.08082136388215796,-0.9455120899232359,1.1564689721373235e-14,-5.082197683525807e-17,-6.1678615172409256e-15,-4.635887104119075,0.08082136388215796,-16.439064550523273,1.1564790968280211e-14
EY,378,0.0,-1.514845263693497e-14,-4.27789951572315,0.19912932841993783,16.03717667413133,-2.8403298070799582e-14,0.0,1.514845263693497e-14,4.27789951572315,-0.19912932841993783,0.004946509830483947,-2.8403399317706558e-14
EY,211,5.448115916739665e-14,-8.417318365525363e-14,-5.771514289567484,0.1163789664621024,0.9426226075575652,-1.5433554100075106e-13,-5.448115916739665e-14,8.417318365525363e-14,5.771514289567484,-0.1163789664621024,20.700555978320473,-1.6131389770644972e-13
EY,379,5.082197683525802e-17,-4.4905814334667276e-15,5.502065134088004,0.1659714701945438,-20.357084042474735,-8.41995781283322e-15,-5.082197683525802e-17,4.4905814334667276e-15,-5.502065134088004,-0.1659714701945438,-0.2756602103552801,-8.419722562667009e-15
EY,212,-9.839190130874532e-05,-6.421057008807587,1.4201361802071827e-06,0.4438155827278325,-3.0281817959154726e-06,-29.156158554458855,9.839190130874532e-05,6.421057008807587,-1.4201361802071827e-06,-0.4438155827278325,-3.0286990126681613e-06,1.7703504118945013
EY,380,-1.8439973957233776e-12,-0.6495427192401033,-2.107977657048955e-15,-0.4988070248297354,1.1083941441830907e-14,-1.8867293783566008,1.8439973957233776e-12,0.6495427192401033,2.107977657048955e-15,0.4988070248297354,4.9788483048821295e-15,-3.0627861422529867
EY,381,1.600488921288126e-11,-5.285429823359179,1.1839953850841803e-14,0.44670506509349994,-1.0849613404699147e-13,3.143607506135144,-1.600488921288126e-11,5.285429823359179,-1.1839953850841803e-14,-0.44670506509349994,7.269211360204587e-14,-19.126747291973295
EY,382,0.000338116702243254,-5.285429823359223,5.7486781224051356e-05,0.4467050650934998,-3.567143609919489e-05,19.126747291973288,-0.000338116702243254,5.285429823359223,-5.7486781224051356e-05,-0.4467050650934998,-3.5669659399852815e-05,-25.685965702762083
EY,213,3.6606122588021727e-13,-1.1419033888033838,-2.6913277528638817e-18,0.11564620857903538,5.925444800637774e-18,-0.986253183801826,-3.6606122588021727e-13,1.1419033888033838,2.6913277528638817e-18,-0.11564620857903538,5.5530680653266805e-18,-3.8839647694446056
EY,383,5.849262657146153e-07,-12.415482812458897,-6.951226546595928e-11,-0.22782572726669437,1.0370069574903966e-10,3.8343722657121653,-5.849262657146153e-07,12.415482812458897,6.951226546595928e-11,0.22782572726669437,1.0379341666684877e-10,-40.89458846090197
EY,384,-3.767000869812572e-07,-8.39108703427233,1.8503611186878513e-11,-0.20911969526420834,-4.285226243191821e-11,-35.63960828398318,3.767000869812572e-07,8.39108703427233,-1.8503611186878513e-11,0.20911969526420834,-4.29119754192637e-11,-3.2530801198690718
EY,385,-3.660612258802173e-13,0.5226995855698862,-1.5028217014166934e-18,0.19276818112772712,3.2722605615462337e-18,2.9731294275669704,3.660612258802173e-13,-0.5226995855698862,1.5028217014166934e-18,-0.19276818112772712,3.1372739949959624e-18,-0.7438156951114063
EY,214,-8.357969488917331e-08,-14.080797385692728,-1.0741171873775628e-10,0.005519129878405114,3.893674769947046e-10,-52.60735234889779,8.357969488917331e-08,14.080797385692728,1.0741171873775628e-10,-0.005519129878405114,3.8936748385402846e-10,-49.47842869737449
EY,386,8.202322248373655e-08,-9.628088001872767,-3.502402740683252e-11,0.005213898964317565,1.5585692515239243e-10,-41.292696005853024,-8.202322248373655e-08,9.628088001872767,3.502402740683252e-11,-0.005213898964317565,1.5585691876841694e-10,-44.39728721081458
EY,215,-8.639533054483636e-08,-13.976099656834217,9.866455159639598e-10,-0.011398174031572932,-3.576589994350724e-09,-52.26045565616275,8.639533054483636e-08,13.976099656834217,-9.866455159639598e-10,0.011398174031572932,-3.5765899963879847e-09,-49.06626685588533
EY,387,8.069615902461429e-08,-9.682039588314577,-2.161047741071798e-10,0.01096469195274094,9.616662478629842e-10,-41.52523064804232,-8.069615902461429e-08,9.682039588314577,2.161047741071798e-10,-0.01096469195274094,9.616662416909156e-10,-44.64492168795739
EY,216,0.0,-2.52411575157741,4.6266608851240293e-17,-0.09913509750463102,-1.470562274835422e-16,-1.2528038707150717,0.0,2.52411575157741,-4.6266608851240293e-17,0.09913509750463102,-5.0270859266997615e-17,-9.512549809762582
EY,388,0.0,2.9779493825105994,-1.424385756198481e-17,0.1765251128506542,1.294225907158345e-17,9.678521279957138,0.0,-2.9779493825105994,1.424385756198481e-17,-0.1765251128506542,2.9575655750941216e-17,-0.7893423731629978
EY,389,-3.3683950989840916e-13,1.859435031899068,-7.243905499443237e-18,0.006029227428275923,2.2143812385238335e-17,-0.38816221004405005,3.3683950989840916e-13,-1.859435031899068,7.243905499443237e-18,-0.006029227428275923,1.1431689604681067e-17,9.00664358289623
EY,390,3.660612258802173e-13,-2.418464483824084,5.971669937285201e-17,0.0010827175977844337,-7.609518586082194e-17,-8.80751425447629,-3.660612258802173e-13,2.418464483824084,-5.971669937285201e-17,-0.0010827175977844337,-1.785965369643918e-16,-1.5072367690334265
EY,217,0.0,-0.27619024758677374,2.5415898388637174e-17,-0.0036137336152921094,-9.228734295682657e-17,-1.4916447861687447,0.0,0.27619024758677374,-2.5415898388637174e-17,0.0036137336152921094,-9.197792036079294e-17,-0.5107345088353649
EY,391,1.7542147509877828e-13,-0.2639925518027082,-7.095561769066162e-18,-0.0013393444765847887,3.150052479228906e-17,-0.7979278337325624,-1.7542147509877828e-13,0.2639925518027082,7.095561769066162e-18,0.0013393444765847887,3.164997495239976e-17,-1.55160587731154
EY,218,2.1534498322470708e-13,0.28340628077194885,8.130940012394232e-08,-0.1505770105023722,-2.947465759789676e-07,-0.5530451728069472,-2.1534498322470708e-13,-0.28340628077194885,-8.130940012394232e-08,0.1505770105023722,-2.947465749196142e-07,2.6077407084035764
EY,392,0.0,-0.49187319533939283,5.39556287305811e-08,0.10172333910006927,-2.401025472736918e-07,-3.357741704203493,0.0,0.49187319533939283,-5.39556287305811e-08,-0.10172333910006927,-2.4010254842847984e-07,-1.0199297343171017
EY,219,1.6025474706354893e-05,2.465624322459236,7.672064425226509e-07,-0.036777672596764475,-7.030686683865216e-07,9.981392641262955,-1.6025474706354893e-05,-2.465624322459236,-7.672064425226509e-07,0.036777672596764475,-4.093806732713221e-07,-6.4062373736970635
EY,393,-1.0952345739433144e-05,2.465624322459207,6.132020416536765e-08,-0.03677767259676448,-1.1644777087968282e-07,6.406237373697083,1.0952345739433144e-05,-2.465624322459207,-6.132020416536765e-08,0.03677767259676448,-2.392094132794496e-07,7.894383696566316
EY,394,1.3059570719614768e-05,-20.393979154217632,5.298205502509347e-07,0.05327461931752129,-1.3960421350777448e-06,-52.48015089903832,-1.3059570719614768e-05,20.393979154217632,-5.298205502509347e-07,-0.05327461931752129,-1.2530606161769284e-06,-49.489744872049826
EY,395,-1.3566179084113518e-06,3.6591488175309923,-8.475339091277593e-07,-0.03212021883840172,1.707819941718202e-06,6.110381584778834,1.3566179084113518e-06,-3.6591488175309923,8.475339091277593e-07,0.03212021883840172,1.5975623038800578e-06,8.160298803592031
EY,220,2.337767660412604e-07,-1.1054492343974823e-10,0.4702316259442138,-0.024774254063681708,-2.243533736207546,-5.409974094702391e-10,-2.337767660412604e-07,1.1054492343974823e-10,-0.4702316259442138,0.024774254063681708,-2.458782523234592,-5.644518249272432e-10
EY,221,2.74582319812166e-08,-2.2856044517514645e-11,-2.7545301472346915,-0.006782160632055851,15.034612171094098,-1.1435584060487852e-10,-2.74582319812166e-08,2.2856044517514645e-11,2.7545301472346915,0.006782160632055851,12.510689301252818,-1.1420460457026793e-10
EY,222,-1.4365598133013542e-07,8.082511689064068e-10,-0.7342094221641742,-0.0513954290274661,4.334626516238078,4.0443365493441536e-09,1.4365598133013542e-07,-8.082511689064068e-10,0.7342094221641742,0.0513954290274661,3.007467705403663,4.038175139719913e-09
EY,223,-3.009900239206825e-07,2.476068872113556,-9.448029641538635e-10,-0.02780931135427685,3.427682842109454e-09,10.023132100250018,3.009900239206825e-07,-2.476068872113556,9.448029641538635e-10,0.02780931135427685,3.4221386480060566e-09,7.928367222573264
EY,224,-2.8187465667362382e-08,-4.082962231102253,6.057108870149262e-11,-0.0027491005862546446,-2.6969054468935886e-10,-18.45596654710715,2.8187465667362382e-08,4.082962231102253,-6.057108870149262e-11,0.0027491005862546446,-2.693921447539254e-10,-17.882397309702892
EY,225,-2.6958627738067245e-07,-1.5867199004706993,-4.3861656906926666e-09,0.024019758392809957,1.5873680930880366e-08,-4.275644959680329,2.6958627738067245e-07,1.5867199004706993,4.3861656906926666e-09,-0.024019758392809957,1.5926020326641464e-08,-7.228074318732241
EY,226,2.3177238927675894e-07,-1.3509924902654789,-1.4888277304363404e-09,-0.02463514742846236,6.631438965176969e-09,-7.164900389004507,-2.3177238927675894e-07,1.3509924902654789,1.4888277304363404e-09,0.02463514742846236,6.619127835706459e-09,-4.8589327743582515
EY,227,-1.3948472717427223e-07,-9.798249623159806e-10,0.35003906209958413,0.041085196313246045,-0.26193514122451544,-5.5453899967303465e-09,1.3948472717427223e-07,9.798249623159806e-10,-0.35003906209958413,-0.041085196313246045,-3.2384554797713254,-4.2528596264294595e-09
EY,396,2.7896944581045236e-07,1.2491705298902011e-08,-1.3232366299452547,-0.8397572971923244,6.455636631768554,3.2521793643570414e-08,-2.7896944581045236e-07,-1.2491705298902011e-08,1.3232366299452547,0.8397572971923244,0.16054651795771946,2.993673285093964e-08
EY,397,-1.9594015165400695e-14,3.1803388320046104e-14,-0.8511903004189445,1.9039916977674063,-0.13850829867182268,3.921979406632343e-14,1.9594015165400695e-14,-3.1803388320046104e-14,0.8511903004189445,-1.9039916977674063,2.257972146714993,3.997064285059132e-14
EY,398,-6.366767620303844e-07,-1.4406556401283143e-07,-1.5170382239973026,-0.1797048558539964,-2.205773610750466,-1.833770445384721e-07,6.366767620303844e-07,1.4406556401283143e-07,1.5170382239973026,0.1797048558539964,6.013539552983698,-1.7822752113373508e-07
EY,399,3.1961173453925323e-07,2.0554813212335646e-08,-0.85098396783986,-0.8801761168901224,4.0542314712000636,5.267956356437384e-08,-3.1961173453925323e-07,-2.0554813212335646e-08,0.85098396783986,0.8801761168901224,0.2006883679992364,5.009450249730439e-08
EY,400,-3.2902285998265453e-07,-2.0355675862201705e-08,-0.5357007365955905,0.9932782114238965,-0.19728837263278853,-5.21817201238598e-08,3.2902285998265453e-07,2.0355675862201705e-08,0.5357007365955905,-0.9932782114238965,2.8757920556107406,-4.9596659187148725e-08
EY,401,3.290228618122457e-07,2.3457663450924044e-08,-1.8417185223908767,-0.9725168069894748,8.923931263500517,5.993677581285532e-08,-3.290228618122457e-07,-2.3457663450924044e-08,1.8417185223908767,0.9725168069894748,0.2846613484538656,5.73515414417649e-08
EY,402,-2.6474052991336e-07,4.012336232079466e-05,-1.534754676193353,0.615626403203798,-0.21659537667826712,0.00010030756805258193,2.6474052991336e-07,-4.012336232079466e-05,1.534754676193353,-0.615626403203798,7.890368757645032,0.00010030924355139137
EY,403,-7.775031839055493e-09,-4.0149723699209566e-05,2.582156412192108,0.4889529967051739,-8.448859499930217,-0.00010037476420253564,7.775031839055493e-09,4.0149723699209566e-05,-2.582156412192108,-0.4889529967051739,-4.461922561030321,-0.00010037385429351218
EY,228,7.934357577692955e-08,-5.5645634689351084e-11,-4.510796942266834,-0.004784318376937959,21.91620273082442,-2.7831083766318506e-10,-7.934357577692955e-08,5.5645634689351084e-11,4.510796942266834,0.004784318376937959,23.19176669184392,-2.781455092303258e-10
EY,404,9.750580165057265e-08,1.7660237712139906e-08,0.33208508981805224,-0.7139494651415833,-2.230411128015123,4.5443124656368126e-08,-9.750580165057265e-08,-1.7660237712139906e-08,-0.33208508981805224,0.7139494651415833,0.5699856789248621,4.285806390433141e-08
EY,405,-2.800647043378797e-08,-2.110752400081175e-08,0.15121747255734855,0.7821412554939655,-0.5722345631941403,-5.406134040949383e-08,2.800647043378797e-08,2.110752400081175e-08,-0.15121747255734855,-0.7821412554939655,-0.18385279959260234,-5.1476279594564914e-08
EY,406,2.8006472263379135e-08,2.4209597542697924e-08,-0.14000840737626277,-0.7789975232793429,0.6414332631109025,6.181652427392897e-08,-2.8006472263379135e-08,-2.4209597542697924e-08,0.14000840737626277,0.7789975232793429,0.05860877377041135,5.923146343956065e-08
EY,407,-4.49678667105392e-08,-2.314054172615482e-08,-0.09566286590713148,0.8810426298041614,-0.05506393187386677,-5.914380378974278e-08,4.49678667105392e-08,2.314054172615482e-08,0.09566286590713148,-0.8810426298041614,0.5333782614095242,-5.6558904841031315e-08
EY,408,4.49678667105392e-08,2.6242421002851427e-08,-0.07467767424534008,-0.8388707882387725,0.3835287724875354,6.689850197319396e-08,-4.49678667105392e-08,-2.6242421002851427e-08,0.07467767424534008,0.8388707882387725,-0.010140401260835041,6.431360304106317e-08
EY,409,-3.492265558766722e-08,-2.900712934853371e-08,-0.06291370801680729,1.0004043269953886,0.002533620249233759,-7.381027290658109e-08,3.492265558766722e-08,2.900712934853371e-08,0.06291370801680729,-1.0004043269953886,0.3120349198348027,-7.122537383608746e-08
EY,410,-8.416169372743934e-09,4.98612239295998e-10,-0.21361371721484917,-0.04398578063913029,0.45901558217447574,1.246530662847433e-09,8.416169372743934e-09,-4.98612239295998e-10,0.21361371721484917,0.04398578063913029,0.6090530038997701,1.246530533632557e-09
EY,229,5.066258691862821e-09,6.39105010511805e-10,0.3313896123084716,0.10912159090554742,-1.98113143550319,3.195525507812764e-09,-5.066258691862821e-09,-6.39105010511805e-10,-0.3313896123084716,-0.10912159090554742,-1.3327646875815256,3.1955245973052854e-09
EY,411,-2.8243830736099547e-07,1.1946518733141128e-08,1.2703923555271004,-0.8545316619362617,-5.977260512152084,3.1158827218590883e-08,2.8243830736099547e-07,-1.1946518733141128e-08,-1.2703923555271004,0.8545316619362617,-0.3747012654834183,2.857376644711476e-08
EY,412,2.958324893647529e-07,-1.6571995293331036e-08,0.9792136432614925,0.9194550506981234,0.3549119304668049,-4.272251863879093e-08,-2.958324893647529e-07,1.6571995293331036e-08,-0.9792136432614925,-0.9194550506981234,-5.250980146774267,-4.013745782786425e-08
EY,413,-2.959661495375264e-07,1.9674066578645207e-08,0.7512306509374898,-0.9292476806160678,-3.8814436147304896,5.047769687723324e-08,2.959661495375264e-07,-1.9674066578645207e-08,-0.7512306509374898,0.9292476806160678,0.12529036004304084,4.7892636015992797e-08
EY,414,-0.004640686066788717,-1.2892172067108193e-08,0.39160187822408926,1.0237573416566401,-0.13223519730603495,-3.331085260913712e-08,0.004640686066788717,1.2892172067108193e-08,-0.39160187822408926,-1.0237573416566401,-1.8257741938144112,-3.1150007726403845e-08
EY,415,0.004640685933127935,1.548510035743843e-08,1.8657114514825297,-0.9956203735193523,-8.53468510912838,3.979326002184978e-08,-0.004640685933127935,-1.548510035743843e-08,-1.8657114514825297,0.9956203735193523,-0.7938721482842679,3.7632241765342367e-08
EY,416,-0.004640690519843463,4.0123957347506434e-05,1.546983639056473,0.6391267165771449,0.7334129575202741,0.00010030906001489067,0.004640690519843463,-4.0123957347506434e-05,-1.546983639056473,-0.6391267165771449,-8.468331152802639,0.00010031072672264149
EY,417,-1.5028131083311136e-07,-4.0142206715415763e-05,-5.307097954784977,0.41755193126641815,13.120823800358544,-0.0001003552828854802,1.5028131083311136e-07,4.0142206715415763e-05,5.307097954784977,-0.41755193126641815,13.41466597356634,-0.00010035575069159859
EY,230,-1.9900244083507584e-10,-4.619309527653876e-11,-0.7048004348691786,-0.046649647403442615,2.676560417381249,-1.7299316032181328e-10,1.9900244083507584e-10,4.619309527653876e-11,0.7048004348691786,0.046649647403442615,2.6023948397888983,-1.72993123299462e-10
EY,231,-4.530790613378121e-07,-2.5965628562510283,-3.462628429887741e-09,0.17551538523866106,1.0967519176173769e-08,-10.851127549263758,4.530790613378121e-07,2.5965628562510283,3.462628429887741e-09,-0.17551538523866106,1.4136536940512354e-08,-7.973953158556197
EY,418,6.0906336154295815e-09,-13.236575923305773,6.585139187219053e-10,-0.005636786320772957,-2.9305529825618173e-09,-59.27133482250693,-6.0906336154295815e-09,13.236575923305773,-6.585139187219053e-10,0.005636786320772957,-2.9302208940631383e-09,-58.53419089491443
EY,232,-2.4753507433461113e-07,-15.528755071954489,-1.0991791977135593e-09,0.08005731457670189,3.984524573135344e-09,-58.82360048821829,2.4753507433461113e-07,15.528755071954489,1.0991791977135593e-09,-0.08005731457670189,3.984524610287961e-09,-53.75987378345175
EY,419,2.2291359418448316e-07,-10.741227538828621,-1.591697560314747e-11,0.005833200166415331,7.083052858575367e-11,-45.95546809315512,-2.2291359418448316e-07,10.741227538828621,1.591697560314747e-11,-0.005833200166415331,7.083055428225881e-11,-49.641457002419585
EY,233,-1.750375706446393e-07,-16.515117115585735,-1.7429499170068504e-10,0.03331335114329704,6.318194903709859e-10,-61.80362188153063,1.750375706446393e-07,16.515117115585735,1.7429499170068504e-10,-0.03331335114329704,6.318191994589806e-10,-57.93097720646594
EY,420,1.7694799277508785e-07,-11.444598842671656,-2.7058987854802426e-10,0.03502136767718613,1.2041249583966406e-09,-49.11719959721404,-1.7694799277508785e-07,11.444598842671656,2.7058987854802426e-10,-0.03502136767718613,1.2041249606807745e-09,-52.73973010256367
EY,234,-1.333701468230159e-07,-18.92766324454364,-2.376141278827495e-10,0.024489711832725487,8.614505193672066e-10,-70.68087039403392,1.333701468230159e-07,18.92766324454364,2.376141278827495e-10,-0.024489711832725487,8.612519077827273e-10,-66.5446881289075
EY,421,4.097535162296536e-07,-12.8228953428868,-2.106642741369247e-05,0.013921241909814154,9.374581375327382e-05,-55.32377211191737,-4.097535162296536e-07,12.8228953428868,2.106642741369247e-05,-0.013921241909814154,9.374539022858911e-05,-58.79999643977513
EY,235,-0.0019230323427404938,-15.494186269430015,-2.3151722757760412e-10,0.019459428219213554,2.816568726127957e-10,-52.056333099156795,0.0019230323427404938,15.494186269430015,2.3151722757760412e-10,-0.019459428219213554,1.3968430273248342e-09,-60.27651735421082
EY,422,0.0015665385306542674,-10.66609644019415,-2.1066327417576305e-05,0.026510150018903864,9.374561561732047e-05,-50.75495516441579,-0.0015665385306542674,10.66609644019415,2.1066327417576305e-05,-0.026510150018903864,9.374469839910862e-05,-44.17330315331212
EY,236,-1.5510287020254494e-07,-21.207146572531993,-6.985273969545512e-10,0.06252807402083219,2.5323674508944077e-09,-79.11697424790806,1.5510287020254494e-07,21.207146572531993,6.985273969545512e-10,-0.06252807402083219,2.531956177026088e-09,-74.63483840294887
EY,423,4.756948872729721e-07,-13.957356552513378,-2.1066813882139192e-05,0.025195221857671358,9.374801399560617e-05,-60.92051678686114,-4.756948872729721e-07,13.957356552513378,2.1066813882139192e-05,-0.025195221857671358,9.37466295554326e-05,-63.2999565305079
EY,237,-8.769666955606872e-07,2.442939313978126,-1.5349360667425123e-08,-0.04637704998827658,2.9019064071178604e-08,-2.162241285799743,8.769666955606872e-07,-2.442939313978126,1.5349360667425123e-08,0.04637704998827658,3.42203018786129e-08,12.227151259389622
EY,238,0.0,-0.4720463295263113,6.033372374830156e-17,-0.022038219285892623,-2.6217130119153795e-16,-2.7437489949597307,0.0,0.4720463295263113,-6.033372374830156e-17,0.022038219285892623,-1.7524819598364836e-16,-0.6785868941060261
EY,424,8.771073754938914e-14,-0.2911787122656077,7.333609332495888e-17,-0.019789335016614076,-3.294862992577964e-16,-0.8175038265295228,-8.771073754938914e-14,0.2911787122656077,-7.333609332495888e-17,0.019789335016614076,-3.2320493133433757e-16,-1.7739867126343851
EY,239,0.0,-0.31528323124427027,1.3923167018838818e-16,-0.003399995366449918,-5.019108332971688e-16,-1.873454328314019,0.0,0.31528323124427027,-1.3923167018838818e-16,0.003399995366449918,-5.075187755686457e-16,-0.41234909820694055
EY,425,0.0,-0.3596287727134014,-6.066224976779548e-13,-0.006944837262995049,2.6994823918860213e-12,-1.2476910548765638,0.0,0.3596287727134014,6.066224976779548e-13,0.006944837262995049,2.699457837447775e-12,-1.953005022272708
EY,240,8.457339046319077e-08,-0.665847923578363,1.4902196132921712e-09,0.052198535964528815,-2.881840806378892e-09,-4.82698999876424,-8.457339046319077e-08,0.665847923578363,-1.4902196132921712e-09,-0.052198535964528815,-3.257864000384853e-09,2.083696553621385
EY,241,-8.613799328988283e-13,-0.30696384619752254,8.810406049933469e-14,-0.06806597177559753,-4.2570450577007133e-13,-1.5881432101932733,8.613799328988283e-13,0.30696384619752254,-8.810406049933469e-14,0.06806597177559753,-2.1304993285010524e-13,-0.6373446747387652
EY,426,7.016859003951131e-13,-0.31872781242605525,-1.1549743684048385e-12,-0.06045919076399645,5.226235160345191e-12,-1.2019304404953945,-7.016859003951131e-13,0.31872781242605525,1.1549743684048385e-12,0.06045919076399645,5.0530367184578695e-12,-1.6347470900964969
EY,242,2.6664544556094075e-06,-0.9335685200015371,-1.3798299728705657e-07,1.0347827063830892,1.790367449907381e-07,-2.375878348065835,-2.6664544556094075e-06,0.9335685200015371,1.3798299728705657e-07,-1.0347827063830892,1.6040142833542105e-07,0.07929978886205347
EY,243,3.807929581412503e-12,1.8521058619794257,-3.869847135581813e-15,-0.010924772514444833,5.288791085295144e-15,4.713547446737386,-3.807929581412503e-12,-1.8521058619794257,3.869847135581813e-15,0.010924772514444833,4.231032868236115e-15,-0.15736702626799826
EY,244,3.76222554126653e-06,-0.9185373419779349,-1.380063918029402e-07,-0.9487020437509791,1.79065520245275e-07,-2.3376690986716864,-3.76222554126653e-06,0.9185373419779349,1.380063918029402e-07,0.9487020437509791,1.6043020358995793e-07,0.07806723740596633
EY,245,-1.0977546996415732e-14,-6.110102658204998e-16,0.9335685200014843,-0.07929978886207133,-1.0347827063830877,-1.5223824804955214e-15,1.0977546996415732e-14,6.110102658204998e-16,-0.9335685200014843,0.07929978886207133,-3.633059893624333,-1.5326688486069777e-15
EY,246,1.0977546996415732e-14,1.234364173374747e-17,-0.918537341977951,0.07806723740593198,3.6439846661387767,3.0859104334368676e-17,-1.0977546996415732e-14,-1.234364173374747e-17,0.918537341977951,-0.07806723740593198,0.9487020437509783,3.0859104334368676e-17
EY,247,-1.5314248852777826e-06,-1.7624460293163167,7.325698939176419e-08,1.9739645233453376,-9.476916689554731e-08,-4.711529385011686,1.5314248852777826e-06,1.7624460293163167,-7.325698939176419e-08,-1.9739645233453376,-8.544302700819261e-08,0.3759121528935476
EY,248,-2.5386197209416687e-12,1.762446029316285,4.0149506567178245e-15,1.9034167411504628,-4.482689455766394e-15,4.711529385011594,2.5386197209416687e-12,-1.762446029316285,-4.0149506567178245e-15,-1.9034167411504628,-5.3940891597594544e-15,-0.37591215289353297
EY,249,2.9107132187465966e-14,1.3735812819313055e-14,1.7624460293162827,-0.37591215289352503,-1.9739645233453464,1.5091918265842727e-14,-2.9107132187465966e-14,-1.3735812819313055e-14,-1.7624460293162827,0.37591215289352503,-1.903416741150474,1.5126869936645984e-14
EY,250,0.0,-1.2458493752481072,4.830051787752777e-16,0.02060603513820954,-1.7023171637361641e-15,-6.696610959813768,0.0,1.2458493752481072,-4.830051787752777e-16,-0.02060603513820954,-1.799470382384599e-15,-2.3357970107350097
EY,251,-1.3031611590801112e-06,0.3237353356143589,1.8683153695950342e-08,0.08919388072626949,-4.127122732643542e-08,5.252527298784703,1.3031611590801112e-06,-0.3237353356143589,-1.8683153695950342e-08,-0.08919388072626949,-3.570336590087998e-08,-3.9187377160535446
EY,252,-1.7428382766097695e-06,1.234705224386422,2.000511803657186e-08,0.1041442568069497,-4.3994473868963813e-08,8.999837966308107,1.7428382766097695e-06,-1.234705224386422,-2.000511803657186e-08,-0.1041442568069497,-3.842661244171225e-08,-3.9128524418360477
EY,253,-4.2524577609226455e-11,-3.200221953629274e-12,0.1078008439394171,0.006570537388496102,-0.5343738500149138,-1.600110858891769e-11,4.2524577609226455e-11,3.200221953629274e-12,-0.1078008439394171,-0.006570537388496102,-0.5436345893792571,-1.6001110947375052e-11
EY,254,-9.306686472334643e-07,2.2474218763489157e-07,12.888066084086367,-1.0087705866322332,-33.591003213402956,2.8907669046942434e-07,9.306686472334643e-07,-2.2474218763489157e-07,-12.888066084086367,1.0087705866322332,0.7264346989827537,2.840158879995485e-07
EY,427,8.702808085150825e-07,-1.0606332008443689e-07,12.357113702675017,1.7683083144666953,-0.797524865959943,-1.2993218675511255e-07,-8.702808085150825e-07,1.0606332008443689e-07,-12.357113702675017,-1.7683083144666953,-29.477403705593886,-1.2992294745175815e-07
EY,255,4.293452082830311e-08,2.560803059627226e-07,2.5296551695176777,-1.2713393711856917,-6.93552228835183,3.2903279118732524e-07,-4.293452082830311e-08,-2.560803059627226e-07,-2.5296551695176777,1.2713393711856917,0.4849016060817597,3.239719890176167e-07
EY,428,1.6451438824110342e-07,-1.8739062623461765e-07,2.590933513108247,1.643114037844346,-0.5618047105782482,-2.295581368909813e-07,-1.6451438824110342e-07,1.8739062623461765e-07,-2.590933513108247,-1.643114037844346,-5.785982396536965,-2.2954889738383251e-07
EY,256,1.0472337993719557e-06,2.2628935899731964e-07,-15.218704478416644,-0.8377426652763151,39.831818797003024,2.9104933396494567e-07,-1.0472337993719557e-06,-2.2628935899731964e-07,15.218704478416644,0.8377426652763151,-1.0241223770406265,2.859885314782187e-07
EY,429,-1.0306241470898145e-06,-1.044561432111703e-07,-14.7490304405959,1.6013379933569576,1.1721156485142892,-1.2796339510795008e-07,1.0306241470898145e-06,1.044561432111703e-07,14.7490304405959,-1.6013379933569576,34.963008930945705,-1.2795415575941744e-07
EY,257,0.0,-0.46967403782082023,1.3784394242094654e-16,-0.14799327147364316,-5.186326601850304e-16,-2.439080658633272,0.0,0.46967403782082023,-1.3784394242094654e-16,0.14799327147364316,-4.80735922366832e-16,-0.9660561155676746
EY,430,-3.5084295019755655e-13,-0.530952381411381,1.2932050425873155e-16,-0.07109016697715713,-5.60996865566003e-16,-1.9483972934623623,3.5084295019755655e-13,0.530952381411381,-1.2932050425873155e-16,0.07109016697715713,-5.899556223367077e-16,-2.7770789010989283
EY,258,-4.6729689083774857e-07,-14.877460536926298,4.912973807081644e-09,-0.15539328134090585,-1.7809530165688543e-08,-57.00115061730121,4.6729689083774857e-07,14.877460536926298,-4.912973807081644e-09,0.15539328134090585,-1.780952993565338e-08,-50.86043827541445
EY,431,3.7328567203579386e-07,-12.411803813701118,1.5667257832177008e-09,-0.07263253825409005,-6.971929633969252e-09,-52.77246246669962,-3.7328567203579386e-07,12.411803813701118,-1.5667257832177008e-09,0.07263253825409005,-6.9719298366682816e-09,-57.692591475240306
EY,259,-5.750954400196573e-08,-9.07134604383107e-10,-1.609945476311247,0.18820176170095776,8.97011892694515,-4.5356775038421446e-09,5.750954400196573e-08,9.07134604383107e-10,1.609945476311247,-0.18820176170095776,7.129335836167321,-4.535668539988925e-09
EY,432,6.138937014982249e-09,-1.3170560634952068e-08,0.8932071748753669,-1.100464739448888,-4.761797344896145,-3.292866493487528e-08,-6.138937014982249e-09,1.3170560634952068e-08,-0.8932071748753669,1.100464739448888,0.29576147051931034,-3.292413823988506e-08
EY,433,-7.050734995850405e-08,1.4372427222885978e-08,0.55614587211053,1.1382757221101918,-0.29405532549831137,3.593333143186805e-08,7.050734995850405e-08,-1.4372427222885978e-08,-0.55614587211053,-1.1382757221101918,-2.486674035054339,3.592880468256184e-08
EY,434,7.050733044286495e-08,-1.4377880911800937e-08,0.2272000314205545,-1.1701461052445519,-0.8272593379995989,-3.5946965653869575e-08,-7.050733044286495e-08,1.4377880911800937e-08,-0.2272000314205545,1.1701461052445519,-0.3087408191031735,-3.594243890513511e-08
EY,435,-1.0915081338769284e-07,1.562561077823423e-08,-0.2243215229394928,1.2038101731725934,0.31099431858582255,3.90662903210963e-08,1.0915081338769284e-07,-1.562561077823423e-08,0.2243215229394928,-1.2038101731725934,0.8106132961116415,3.906176357007485e-08
EY,436,1.0915081338769284e-07,-1.563104648352587e-08,1.6716707862141487,-1.161841416883289,-6.921382099573384,-3.907987958489715e-08,-1.0915081338769284e-07,1.563104648352587e-08,-1.6716707862141487,1.161841416883289,-1.43697183149736,-3.90753528327322e-08
EY,437,2.1511776734928212e-08,1.657176189490167e-08,1.2296506048842242,1.230165103366879,1.38774059141035,4.143166814764148e-08,-2.1511776734928212e-08,-1.657176189490167e-08,-1.2296506048842242,-1.230165103366879,-7.535993615831471,4.1427141326866864e-08
EY,438,-2.7412460973028074e-07,7.831813979995359e-10,-5.838706514767223,-0.0080995494983481,10.840535388107302,1.957953319472437e-09,2.7412460973028074e-07,-7.831813979995359e-10,5.838706514767223,0.0080995494983481,18.35299718572881,1.957953670525242e-09
EY,439,4.953192038511266e-07,-1.3090351403634415e-07,13.363682501264194,-2.255521452993837,-35.08353512659086,-1.6690641817957708e-07,-4.953192038511266e-07,1.3090351403634415e-07,-13.363682501264194,2.255521452993837,1.006144748367202,-1.6689754261310015e-07
EY,440,-8.702808085150825e-07,1.0606373721880136e-07,12.443829196639284,2.1530571284446425,-1.1829671053472097,1.299326975388545e-07,8.702808085150825e-07,-1.0606373721880136e-07,-12.443829196639284,-2.1530571284446425,-29.304414426419072,1.2992345864720915e-07
EY,260,-9.126433983541737e-08,-9.22927899988979e-06,-8.29567365593011,-0.1508597343159493,44.67477473417982,-4.613375989234595e-05,9.126433983541737e-08,9.22927899988979e-06,8.29567365593011,0.1508597343159493,38.28196182512127,-4.615903010655196e-05
EY,441,-3.464442209673291e-07,-2.317608910940619e-08,1.5155770122583505,-0.8124210983256515,-10.77916100532234,-5.7942446211338036e-08,3.464442209673291e-07,2.317608910940619e-08,-1.5155770122583505,0.8124210983256515,3.201275944030588,-5.793799933569292e-08
EY,442,-2.9107400083966395e-08,2.4392086323788103e-08,1.4293215509528976,0.8222590924288458,-3.230280238083152,6.098247918641035e-08,2.9107400083966395e-08,-2.4392086323788103e-08,-1.4293215509528976,-0.8222590924288458,-3.916327516681336,6.097795243253016e-08
EY,443,2.9107400083966395e-08,-2.43975400151044e-08,-0.1363065634056008,-0.8155903841929335,0.8048626468146489,-6.09961134147011e-08,-2.9107400083966395e-08,2.43975400151044e-08,0.1363065634056008,0.8155903841929335,-0.12332982978664497,-6.099158666082091e-08
EY,444,-5.875612496542004e-09,2.559820153012399e-08,0.020548149637329868,0.8276956137590925,0.13233545751478537,6.399776720339357e-08,5.875612496542004e-09,-2.559820153012399e-08,-0.020548149637329868,-0.8276956137590925,-0.2350762057014347,6.399324044722639e-08
EY,445,5.875612496542004e-09,-2.5603655221783336e-08,0.05880660403374188,-0.7919415453305743,-0.5074690292411068,-6.401140143454304e-08,-5.875612496542004e-09,2.5603655221783336e-08,-0.05880660403374188,0.7919415453305743,0.2134360090723974,-6.400687467437364e-08
EY,446,-1.292655435816692e-08,2.567455039658488e-08,0.19155736463091588,0.8313524421256989,-0.21905318078919836,6.418863942414765e-08,1.292655435816692e-08,-2.567455039658488e-08,-0.19155736463091588,-0.8313524421256989,-0.7387336423653811,6.418411255877675e-08
EY,447,-4.1932082806006576e-08,1.2248541555557338e-09,-0.000916582548284417,-0.008500770484968487,-0.5245406699530554,3.0621351241703627e-09,4.1932082806006576e-08,-1.2248541555557338e-09,0.000916582548284417,0.008500770484968487,0.5291235826944775,3.0621356536083064e-09
EY,448,1.0756595522386972e-07,-2.0285505000099364e-07,1.8480003056149068,-1.450574808839769,-4.813756958828967,-2.586446263859629e-07,-1.0756595522386972e-07,2.0285505000099364e-07,-1.8480003056149068,1.450574808839769,0.10135617951095988,-2.5863575111657035e-07
EY,449,-1.6451432849935108e-07,1.87390584969606e-07,2.3428589107506914,1.7112047931644536,-0.2833596274203978,2.2955808622611745e-07,1.6451432849935108e-07,-1.87390584969606e-07,-2.3428589107506914,-1.7112047931644536,-5.456644703918803,2.2954884694941783e-07
EY,261,-3.742936624702431e-08,1.8197995663273514e-09,2.05305753666383,-0.3628014001556973,-8.007110339681914,9.100129502525576e-09,3.742936624702431e-08,-1.8197995663273514e-09,-2.05305753666383,0.3628014001556973,-12.52346502695639,9.097866160747938e-09
EY,450,7.485873249404862e-08,-1.45665499482495e-08,-0.7886652105939994,-1.0909401973618589,4.298660685715131,-3.64186382101144e-08,-7.485873249404862e-08,1.45665499482495e-08,0.7886652105939994,1.0909401973618589,-0.3553346327451341,-3.64141115311331e-08
EY,451,4.098658912266018e-08,1.542523306991944e-08,-0.36534844652370924,1.1045312844412256,0.3826327817767016,3.856534604716471e-08,-4.098658912266018e-08,-1.542523306991944e-08,0.36534844652370924,-1.1045312844412256,1.4441094508418444,3.856081930243248e-08
EY,452,-4.098658912266018e-08,-1.543066876491963e-08,0.09447177949901187,-1.0635829445221994,-0.615816549554677,-3.857893528409344e-08,4.098658912266018e-08,1.543066876491963e-08,-0.09447177949901187,1.0635829445221994,0.1434576520596177,-3.85744085405047e-08
EY,453,7.655657358052181e-08,1.6684513752122297e-08,0.3891386208161274,1.074051212462156,-0.1547167792704065,4.1713547749241376e-08,-7.655657358052181e-08,-1.6684513752122297e-08,-0.3891386208161274,-1.074051212462156,-1.7909763248102302,4.170902101137011e-08
EY,454,-7.655657358052181e-08,-1.668996742560008e-08,-1.270876191175386,-1.0407881652338313,5.12700823548625,-4.172718193350758e-08,7.655657358052181e-08,1.668996742560008e-08,1.270876191175386,1.0407881652338313,1.2273727203906797,-4.172265519449282e-08
EY,455,-5.1674660644235315e-08,1.7952571359129775e-08,-0.9616067704426391,1.120094241208509,-1.17252430858687,4.4883691811356354e-08,5.1674660644235315e-08,-1.7952571359129775e-08,0.9616067704426391,-1.120094241208509,5.980558160800065,4.487916498429252e-08
EY,456,3.450033813322262e-07,6.713828295878827e-10,6.625801250761419,-0.006951220885328523,-11.792374434586351,1.6784568907247165e-09,-3.450033813322262e-07,-6.713828295878827e-10,-6.625801250761419,0.006951220885328523,-21.336631819220738,1.678457257214697e-09
EY,457,-5.751542394923017e-07,-1.4046991685721428e-07,-15.41069958206636,-1.835963185118014,40.873025877265746,-1.7910358178963935e-07,5.751542394923017e-07,1.4046991685721428e-07,15.41069958206636,1.835963185118014,-1.5757419429965758,-1.7909470619625666e-07
EY,458,1.0306240873480623e-06,1.0445594888619601e-07,-14.985704882577322,1.8615846138975265,1.9345677478859464,1.279631568710852e-07,-1.0306240873480623e-06,-1.0445594888619601e-07,14.985704882577322,-1.8615846138975265,34.78040921442853,1.2795391790009533e-07
EY,262,0.003540136172139808,-6.608591222225781,-2.1196641868350516e-08,0.13974472794675857,4.585791472262395e-08,-32.987790704870086,-0.003540136172139808,6.608591222225781,2.1196641868350516e-08,-0.13974472794675857,1.0781773882291729e-07,-14.924495656266828
EY,459,-0.0028830223636792896,-19.153162000568006,-1.8918691604178906e-08,0.0033628403501780196,1.0942689232534563e-07,-88.27959098194329,0.0028830223636792896,19.153162000568006,1.8918691604178906e-08,-0.0033628403501780196,5.8949462951846606e-08,-82.18355082311194
EY,263,4.1233740559907174e-07,-18.095978348485183,3.5423294930279402e-09,0.18187067581367833,-1.2840993333811681e-08,-69.5780490572696,-4.1233740559907174e-07,18.095978348485183,-3.5423294930279402e-09,-0.18187067581367833,-1.2840895490640885e-08,-61.61779396924797
EY,460,-3.9035488324880537e-07,-13.305753851899597,-1.597426723752379e-09,-0.0798832573916716,7.10858878111686e-09,-55.67549814601813,3.9035488324880537e-07,13.305753851899597,1.597426723752379e-09,0.0798832573916716,7.108509060279309e-09,-62.74571113588825
EY,264,4.2944785658617404e-07,-18.75024161217714,-5.840022421882344e-10,-0.007682443800072878,2.1170081335402925e-09,-71.99447990306898,-4.2944785658617404e-07,18.75024161217714,5.840022421882344e-10,0.007682443800072878,2.117008122324408e-09,-63.94477178521527
EY,461,-3.9090430330881474e-07,-13.367611923279991,-1.8487491406197693e-10,0.015481998607561397,8.226933658626968e-10,-55.67920856237767,3.9090430330881474e-07,13.367611923279991,1.8487491406197693e-10,-0.015481998607561397,8.226933692888975e-10,-63.29253755481423
EY,265,4.2690075612459223e-07,-19.200356787590533,-6.876088992697261e-10,-0.0029835079625640656,2.492582270367649e-09,-73.60663934711441,-4.2690075612459223e-07,19.200356787590533,6.876088992697261e-10,0.0029835079625640656,2.4925822493378655e-09,-65.59594736291696
EY,462,-3.8906799130748074e-07,-13.74900540791505,-4.657395542420715e-10,-0.0056744931212811996,2.072541014664117e-09,-57.16711927299619,3.8906799130748074e-07,13.74900540791505,4.657395542420715e-10,0.0056744931212811996,2.0725410180903183e-09,-65.19902885744773
EY,266,3.6982658315064874e-07,-19.11025807810856,3.299697744947383e-10,0.03127724968778214,-1.1961404115136428e-09,-73.75547200539583,-3.6982658315064874e-07,19.11025807810856,-3.299697744947383e-10,-0.03127724968778214,-1.1961404535732098e-09,-64.79389906089125
EY,463,-3.551330577925723e-07,-13.6888722054673,1.593706896128241e-10,0.02761411324633714,-7.091995887632377e-10,-56.618845058161746,3.551330577925723e-07,13.6888722054673,-1.593706896128241e-10,-0.02761411324633714,-7.091995487908964e-10,-65.2121175704972
EY,267,3.963338278257444e-07,-19.624250700143097,-2.91921609397071e-09,-0.08768289800081702,1.0582158261782137e-08,-75.63716161687915,-3.963338278257444e-07,19.624250700143097,2.91921609397071e-09,0.08768289800081702,1.0582158419505514e-08,-66.63865595915831
EY,464,-3.7236435844857506e-07,-14.137415294762247,-8.945994781457115e-10,-0.031444121561843084,3.980967746843462e-09,-58.61096680628336,3.7236435844857506e-07,14.137415294762247,8.945994781457115e-10,0.031444121561843084,3.980967608653368e-09,-67.21202931710062
EY,268,4.6729775221768144e-07,-14.85727478624684,-4.9129736924783886e-09,-0.14971378075491426,1.7809529749495982e-08,-56.89269829841636,-4.6729775221768144e-07,14.85727478624684,4.9129736924783886e-09,0.14971378075491426,1.7809529520972336e-08,-50.82254390187323
EY,465,-3.732842686639931e-07,-12.389139085613026,-1.5667257876628592e-09,-0.07400349743813625,6.971929654312319e-09,-52.71461053642132,3.732842686639931e-07,12.389139085613026,1.5667257876628592e-09,0.07400349743813625,6.971929855887125e-09,-57.548727325534585
EY,269,8.613799328988283e-13,-0.4233167640702905,-1.4967404545251732e-16,-0.027298149031566757,5.425684147653753e-16,-2.1954714818030845,-8.613799328988283e-13,0.4233167640702905,1.4967404545251732e-16,0.027298149031566757,5.425684147653753e-16,-0.8735750577065218
EY,466,0.0,-0.3370613027648376,8.23828030002163e-17,0.0017061450209998857,-3.6603243990337525e-16,-0.7611051330479748,0.0,0.3370613027648376,-8.23828030002163e-17,-0.0017061450209998857,-3.671745067985496e-16,-2.238740461559079
EY,270,0.0,-0.2946668413171174,-1.4909391349339904e-16,0.011259127210788165,5.397644436296369e-16,-2.1376341569843564,0.0,0.2946668413171174,1.4909391349339904e-16,-0.011259127210788165,5.411664291975061e-16,0.0012995574352552275
EY,467,0.0,-0.451521554360048,-5.966978721978283e-18,0.0022534994826480838,2.7409605484184105e-17,-1.6445855553872815,0.0,0.451521554360048,5.966978721978283e-18,-0.0022534994826480838,2.56965051414226e-17,-2.373956278417145
EY,271,0.0,-0.3092694207327512,-1.517045073094313e-16,-0.05484841180381177,5.474753642529174e-16,-2.1608824064423406,0.0,0.3092694207327512,1.517045073094313e-16,0.05484841180381177,5.523823137404596e-16,-0.08132089387010577
EY,468,7.016859003951131e-13,-0.44202018132992543,-7.699327383197785e-18,-0.04923124008701118,3.6546140645578807e-17,-1.541973093586167,-7.016859003951131e-13,0.44202018132992543,7.699327383197785e-18,0.04923124008701118,3.197787306488146e-17,-2.392006520250168
EY,272,0.0,-0.42499469948914936,-7.158828375519628e-16,-0.3588258048893667,2.617507055211772e-15,-3.6975477990155436,0.0,0.42499469948914936,7.158828375519628e-16,0.3588258048893667,2.5726435170399577e-15,0.6163362277192106
EY,469,0.0,-0.9198533046249342,-2.2539780914311515e-16,-0.17682235697992918,9.964533660396096e-16,-3.778115829723434,0.0,0.9198533046249342,2.2539780914311515e-16,0.17682235697992918,1.0095871353341146e-15,-4.408578581438479
EY,273,1.2296186520444817e-06,-0.5242030011114047,2.1803802922333125e-09,0.009499432550318942,-4.48702994037474e-09,-4.073637793208167,-1.2296186520444817e-06,0.5242030011114047,-2.1803802922333125e-09,-0.009499432550318942,-4.496136863626508e-09,1.91392142862918
EY,274,1.3335312829715716e-06,-1.0342375588889452,3.804068294021998e-09,0.02639193438807045,-7.831827222825888e-09,-4.344495626679,-1.3335312829715716e-06,1.0342375588889452,-3.804068294021998e-09,-0.02639193438807045,-7.840934148544743e-09,0.0834368840565447
EY,275,4.2514819789674085e-11,3.1947159151511466e-12,0.09266682155797734,-0.013358638164684416,-0.45789008626826366,1.5973577860514015e-11,-4.2514819789674085e-11,-3.1947159151511466e-12,-0.09266682155797734,0.013358638164684416,-0.4687781293115097,1.597358129099745e-11
EY,276,5.931422635981203e-05,-0.0001021931586374599,-1.730009837281172,-0.8536443956184033,5.287854966005394,-3.7811635756150694e-05,-5.931422635981203e-05,0.0001021931586374599,1.730009837281172,0.8536443956184033,-4.00764768641733,-3.7811301635569476e-05
EY,470,2.837588513931385e-12,-1.163287729279236e-13,-1.730009837281188,-0.8536443956184029,4.007647686417326,-1.2080741905616872e-13,-2.837588513931385e-12,1.163287729279236e-13,1.730009837281188,0.8536443956184029,1.199681923799046,-2.29342187456881e-13
EY,471,-6.098637220230962e-16,1.6963793003062298e-14,-0.544472210856749,0.01689908935907844,-1.285913703596723,3.180835736659013e-14,6.098637220230962e-16,-1.6963793003062298e-14,0.544472210856749,-0.01689908935907844,3.3276844943095316,3.180586639489349e-14
EY,472,-1.8502860376669317e-08,5.765518886813637e-10,1.7443185436201942,1.137538396908893,-3.2199823882686274,1.0810388877411857e-09,1.8502860376669317e-08,-5.765518886813637e-10,-1.7443185436201942,-1.137538396908893,-3.321212150307101,1.081030694813928e-09
EY,473,1.387714314797896e-08,-2.432465630600479e-10,0.018563706678544768,-0.6916815656339406,0.21655140410001816,-6.081194807915315e-10,-1.387714314797896e-08,2.432465630600479e-10,-0.018563706678544768,0.6916815656339406,-0.309369937492742,-6.08113334508708e-10
EY,474,-7.579190113650479e-08,3.0816545809188936e-10,0.29154383708225223,0.696044714524973,0.3059733270340774,7.704166308505356e-10,7.579190113650479e-08,-3.0816545809188936e-10,-0.29154383708225223,-0.696044714524973,-1.7636925124453384,7.704106596089112e-10
EY,475,2.239342788654954e-07,-6.349171802745313e-08,-2.702046345085054,-0.25900890142578015,12.829495496593776,-9.720870351117654e-08,-2.239342788654954e-07,6.349171802745313e-08,2.702046345085054,0.25900890142578015,0.6807362288314973,-2.2024988662608918e-07
EY,476,5.143832564262758,25.658698710150343,-3.63813910927283,0.29957931736864957,-0.2130666846320466,71.20439250492493,-5.143832564262758,-25.658698710150343,3.63813910927283,-0.29957931736864957,20.404738741096253,71.20138533640946
EY,277,1.788618549331076e-08,-1.3906638317595378e-09,-0.5843011377995322,-0.5996516499412371,1.1517985574970675,-2.6074987789431563e-09,-1.788618549331076e-08,1.3906638317595378e-09,0.5843011377995322,0.5996516499412371,1.0393307092511783,-2.6074905901551104e-09
EY,477,-2.2824053641534205e-08,1.981785149803916e-09,0.4158137529630185,0.5487572459284088,-0.8755634195761722,3.715851253510311e-09,2.2824053641534205e-08,-1.981785149803916e-09,-0.4158137529630185,-0.5487572459284088,-0.6837381540351473,3.7158430582543745e-09
EY,478,1.711804267060554e-08,-8.360703541136106e-10,-0.3742319890982434,-0.6334612041941461,1.0527375629502103,-2.090178959389145e-09,-1.711804267060554e-08,8.360703541136106e-10,0.3742319890982434,0.6334612041941461,0.8184223825410066,-2.090172811178908e-09
EY,479,6.503930008696832e-08,8.700449999200281e-10,-0.4125678773934068,0.6347373104700591,-0.8141880958231749,2.1751154864423783e-09,-6.503930008696832e-08,-8.700449999200281e-10,0.4125678773934068,-0.6347373104700591,2.8770274827902087,2.1751095131577624e-09
EY,480,7.263812826986572e-08,-6.405359702132385e-08,3.970159667860008,-0.49590399813579594,-21.953749619813085,-9.861340145528044e-08,-7.263812826986572e-08,6.405359702132385e-08,-3.970159667860008,0.49590399813579594,2.1029512805130395,-2.2165458365133888e-07
EY,481,4.78046642539076,25.658698652246716,5.95477937198285,0.569226652714793,-2.7706379380159447,71.2043923440926,-4.78046642539076,-25.658698652246716,-5.95477937198285,-0.569226652714793,-30.278387576488868,71.20138517587668
EY,278,-5.73205108992012e-05,-0.0001022271653632807,0.356697739918031,-0.7728411671794598,-1.5828053957338881,-3.782422303150079e-05,5.73205108992012e-05,0.0001022271653632807,-0.356697739918031,0.7728411671794598,1.3188490681945457,-3.782387933732677e-05
EY,482,-2.742107358116307e-12,-1.1629278953046572e-13,0.3566977399180331,-0.7728411671794604,-1.318849068194551,-1.2073521237193664e-13,2.742107358116307e-12,1.1629278953046572e-13,-0.3566977399180331,0.7728411671794604,0.24518887104127207,-2.2930608411476493e-13
EY,483,-6.098637220230962e-16,1.6965117550833567e-14,0.7607699664904055,-0.13412027054906475,-0.08226416860255403,3.1810013051304216e-14,6.098637220230962e-16,-1.6965117550833567e-14,-0.7607699664904055,0.13412027054906475,-2.7706232057364666,3.180917776432166e-14
EY,484,-1.5250078421748768e-08,1.9309329277173724e-10,-1.4714026646524734,1.2330003792706568,2.761270084204114,3.620540206302526e-10,1.5250078421748768e-08,-1.9309329277173724e-10,1.4714026646524734,-1.2330003792706568,2.756489908242661,3.6204582726376206e-10
EY,485,1.1437559121243437e-08,-8.147496611385807e-11,0.00026302469527616503,-0.706012361903089,-0.10851652253229449,-2.036904882032765e-10,-1.1437559121243437e-08,8.147496611385807e-11,-0.00026302469527616503,0.706012361903089,0.10720139905591367,-2.0368434236601382e-10
EY,486,1.033871810184701e-08,3.8318308152667926e-11,-0.23438121741326834,0.7055025434667198,-0.10803907531508061,9.579876089443854e-11,-1.033871810184701e-08,-3.8318308152667926e-11,0.23438121741326834,-0.7055025434667198,1.2799451623814222,9.579277986890109e-11
EY,487,1.144920983581622e-07,-6.322186222140287e-08,1.7827314604395295,-0.9902221424983191,-6.653733510772274,-9.653406372921297e-08,-1.144920983581622e-07,6.322186222140287e-08,-1.7827314604395295,0.9902221424983191,-2.259923791425374,-2.195752473778014e-07
EY,488,4.334403541866847,25.65869879295226,0.7342045205044461,-0.068723787082514,2.459940904728848,71.20439273463808,-4.334403541866847,-25.65869879295226,-0.7342045205044461,0.068723787082514,-6.534775993528523,71.20138556624696
EY,279,0.0,-4.348645181286517e-15,4.247729913269218,-0.08817410509331208,-0.8375163881151177,-8.154860654016518e-15,0.0,4.348645181286517e-15,-4.247729913269218,0.08817410509331208,-15.091470786644434,-8.152558775807905e-15
EY,489,0.0,1.6967627878556543e-14,-3.93868665112876,0.18795254752368556,14.748411207819778,3.18154535836291e-14,0.0,-1.6967627878556543e-14,3.93868665112876,-0.18795254752368556,0.02166373391307097,3.1813150960957936e-14
EY,280,-2.0328790734103228e-16,-2.567120984304314e-14,-5.220826176334441,0.09767108399295849,0.845170495865796,-4.8130743471545876e-14,2.0328790734103228e-16,2.567120984304314e-14,5.220826176334441,-0.09767108399295849,18.732927665388335,-4.81362934398658e-14
EY,490,0.0,-4.354934996489913e-15,4.995419665225382,0.1552872472656123,-18.449043736498552,-8.168278102578549e-15,0.0,4.354934996489913e-15,-4.995419665225382,-0.1552872472656123,-0.28378000809663106,-8.162728134258624e-15
EY,281,-0.0015135445528470326,-5.600866970362124,0.06399284506772766,0.4007228311955579,-0.002431731000556575,-24.739983153581367,0.0015135445528470326,5.600866970362124,-0.06399284506772766,-0.4007228311955579,-0.0024317252245907163,24.314317263833846
EY,491,7.454051699112563e-13,-5.60086697037514,2.9103569072601464e-19,0.4007228311955578,-6.101666490305218e-19,-24.314317263833658,-7.454051699112563e-13,5.60086697037514,-2.9103569072601464e-19,-0.4007228311955578,-6.089818594207537e-19,0.8522855249321957
EY,492,-8.195543980992789e-13,-0.3800407940406977,-3.2053312843055506e-19,-0.4444476646702311,1.2212312193204148e-18,-0.9499566089251512,8.195543980992789e-13,0.3800407940406977,3.2053312843055506e-19,0.4444476646702311,1.2212312193204148e-18,-1.9459542416649651
EY,493,7.788946871071028e-12,-4.627770707309918,7.65229097560742e-14,0.3930687234448961,-2.0498415536000582e-13,2.034128346758278,-7.788946871071028e-12,4.627770707309918,-7.65229097560742e-14,-0.3930687234448961,-7.111050303990994e-14,-18.731125058732466
EY,494,0.00017514093771155327,-4.627770707309638,9.572818048797275e-05,0.3930687234448961,-3.1446363263798664e-05,18.7311250587324,-0.00017514093771155327,4.627770707309638,-9.572818048797275e-05,-0.3930687234448961,-3.1447051316799265e-05,-21.771570413434823
EY,282,0.0,-1.1855376264244402,2.3671897388328303e-18,0.08623177979767573,-7.110068289846193e-19,-0.8705434849774771,0.0,1.1855376264244402,-2.3671897388328303e-18,-0.08623177979767573,-9.385057407137401e-18,-4.185774491722759
EY,495,6.824419588899552e-08,-11.401783467984261,-1.6139536034244e-09,-0.19765214909209988,2.4088348941408764e-09,4.128158328450098,-6.824419588899552e-08,11.401783467984261,1.6139536034244e-09,0.19765214909209988,2.4088166120809577e-09,-38.16248198038312
EY,496,-4.3950819251544426e-08,-7.782344337825618,4.3110937896097083e-10,-0.1801348763859262,-9.991018783304533e-10,-33.43295041024317,4.3950819251544426e-08,7.782344337825618,-4.3110937896097083e-10,0.1801348763859262,-9.990900931536462e-10,-2.6382155955785684
EY,497,7.321224517604346e-13,0.4040722265723732,2.210031913848081e-20,0.16292470243872095,1.7524980105578335e-18,2.3620889429615657,-7.321224517604346e-13,-0.4040722265723732,-2.210031913848081e-20,-0.16292470243872095,-1.846755871683454e-18,-0.6387208966303946
EY,283,2.839194396827828e-08,-13.170504390926277,-2.7208301988550826e-11,0.0066698477205133465,9.863009580790535e-11,-48.83507782502195,-2.839194396827828e-08,13.170504390926277,2.7208301988550826e-11,-0.0066698477205133465,9.863009360908813e-11,-46.65107900919355
EY,498,-2.9439582794027167e-08,-9.022385467493791,2.578902114648629e-11,0.0032773560551527512,-1.1476114545304954e-10,-39.07795044550072,2.9439582794027167e-08,9.022385467493791,-2.578902114648629e-11,-0.0032773560551527512,-1.1476114275067837e-10,-41.221280215194
EY,284,2.6909939793725846e-08,-12.957028773540333,1.1825978361288813e-09,-0.061268455746579374,-4.2869171547969335e-09,-48.0980177439905,-2.6909939793725846e-08,12.957028773540333,-1.1825978361288813e-09,0.061268455746579374,-4.286917157137455e-09,-45.84044086417693
EY,499,-3.2448762777871614e-08,-9.11511157716788,-2.4829322976302076e-10,0.020222710972707003,1.1049048761448913e-09,-39.50791914985842,3.2448762777871614e-08,9.11511157716788,2.4829322976302076e-10,-0.020222710972707003,1.1049048687459931e-09,-41.6165738869357
EY,285,-7.321224517604345e-13,-2.2887907544769432,1.7869335818969406e-17,-0.10770210604090394,-4.005377259189949e-17,-1.1206393075498156,7.321224517604345e-13,2.2887907544769432,-1.7869335818969406e-17,0.10770210604090394,-3.615894467600502e-17,-8.641053260294346
EY,500,0.0,2.706628910748439,-1.0941401473323315e-16,0.17607790205572516,1.6615273526238512e-16,8.796340507559965,0.0,-2.706628910748439,1.0941401473323315e-16,-0.17607790205572516,1.604480987163159e-16,-0.7170532089758739
EY,501,0.0,1.7065140199858866,3.661041562405182e-17,0.012310612380718778,-8.668103270780603e-17,-0.4313556868937596,0.0,-1.7065140199858866,-3.661041562405182e-17,-0.012310612380718778,-8.300824370967413e-17,8.341048169528344
EY,502,7.321224517604346e-13,-2.232172631142881,-1.5394918605798024e-17,-0.00935312153235078,3.348248689095654e-17,-8.15309562200466,-7.321224517604346e-13,2.232172631142881,1.5394918605798024e-17,0.00935312153235078,3.217684096277202e-17,-1.367120649819726
EY,286,0.0,-0.27298013040370794,3.367031503351354e-17,0.0033966104586648747,-1.2213703958835393e-16,-1.3877262801589136,0.0,0.27298013040370794,-3.367031503351354e-17,-0.0033966104586648747,-1.2197274440461925e-16,-0.5913796652679689
EY,503,0.0,-0.23464424210854445,-6.662474603761286e-18,-0.0008376762591669814,2.948183233109223e-17,-0.6768188493962362,0.0,0.23464424210854445,6.662474603761286e-18,0.0008376762591669814,2.98141916423832e-17,-1.411514905369809
EY,287,0.0,0.9360927641877756,1.2475772112145325e-07,-0.46766954419943957,-4.5224673962738006e-07,-0.55858821879443,0.0,-0.9360927641877756,-1.2475772112145325e-07,0.46766954419943957,-4.52246738503156e-07,7.345260759155804
EY,504,3.5084295019755655e-13,-1.0485269399350792,8.278724572974516e-08,0.2000171133034657,-3.684032427683081e-07,-8.410391410006396,-3.5084295019755655e-13,1.0485269399350792,-8.278724572974516e-08,-0.2000171133034657,-3.684032442264236e-07,-0.9214983554158067
EY,288,1.4821807843568017e-05,-2.4792025619769325,4.7245229400746827e-07,0.13195516531545975,-8.738282568221606e-07,-9.3721016314468,-1.4821807843568017e-05,2.4792025619769325,-4.7245229400746827e-07,-0.13195516531545975,-4.962833957994973e-07,2.182414201713696
EY,505,-1.6219985125135948e-05,-2.479202561976922,1.5026997758916232e-07,0.13195516531545975,-2.0132864922861283e-07,-2.182414201713677,1.6219985125135948e-05,2.479202561976922,-1.5026997758916232e-07,-0.13195516531545975,-4.5234575328424313e-07,-8.602116942885932
EY,506,7.512593777407175e-06,-6.937612065460436,8.487738285381118e-08,0.012116006334766312,-3.776072284014129e-07,-41.491202126270736,-7.512593777407175e-06,6.937612065460436,-8.487738285381118e-08,-0.012116006334766312,-3.778014789975064e-07,-20.25354525632713
EY,289,-2.616961542301685e-05,1.3099151494639864e-05,-1.3983420911072113,-0.8247930191683918,3.84416151113809,7.269785521771726e-06,2.616961542301685e-05,-1.3099151494639864e-05,1.3983420911072113,0.8247930191683918,-2.292001790009086,7.270272637278515e-06
EY,507,-1.4270580086354853e-12,-8.251881182871717e-14,-1.3983420911072204,-0.824793019168392,2.292001790009088,-1.208216408629172e-13,1.4270580086354853e-12,8.251881182871717e-14,1.3983420911072204,0.824793019168392,1.3996213305139698,-9.702802236489587e-14
EY,508,2.032879073410321e-15,4.2758129209679495e-14,-0.3742767785214189,0.0026995184640056327,-1.4884949477465002,8.016626539657639e-14,-2.032879073410321e-15,-4.2758129209679495e-14,0.3742767785214189,-0.0026995184640056327,2.892032867201821,8.017671913972171e-14
EY,509,5.5039066362773566e-08,-2.419807159922685e-09,1.7662368810488418,1.0597752972803627,-2.7989361548147986,-4.537149079263594e-09,-5.5039066362773566e-08,2.419807159922685e-09,-1.7662368810488418,-1.0597752972803627,-3.8244521491183585,-4.537127770446475e-09
EY,510,-4.1279298171187904e-08,1.020879048609351e-09,0.3300914566528265,-0.6465408881247104,-1.1240997538604776,2.5522056162598612e-09,4.1279298171187904e-08,-1.020879048609351e-09,-0.3300914566528265,0.6465408881247104,-0.5263575294036548,2.5521896267868937e-09
EY,511,7.18053108732773e-08,-1.016360262514995e-09,0.5896993391853345,0.6528104584180076,0.5215230520019771,-2.5409087060827e-09,-7.18053108732773e-08,1.016360262514995e-09,-0.5896993391853345,-0.6528104584180076,-3.4700197479286494,-2.540892606492275e-09
EY,512,-6.7962654039372915e-06,-4.20778263168275e-08,-3.0918760789693427,-0.03191718932916823,15.729751926662559,-6.310067950338393e-08,6.7962654039372915e-06,4.20778263168275e-08,3.0918760789693427,0.03191718932916823,-0.27037153181584195,-1.4728845208075362e-07
EY,513,-233.4882044998019,17.88785924625721,-4.478030139407546,0.4826052973082799,0.931364806145309,48.7197671318624,233.4882044998019,-17.88785924625721,4.478030139407546,-0.4826052973082799,23.92170246756657,50.55785168486512
EY,290,-6.005822355143733e-08,1.4266093469266573e-09,-0.14878373408412132,-0.5432693248343967,-0.4707166166584591,2.6749031865801986e-09,6.005822355143733e-08,-1.4266093469266573e-09,0.14878373408412132,0.5432693248343967,1.028655619473914,2.674881864394766e-09
EY,514,7.113889809667135e-08,-5.952826423699715e-10,0.8027393287810698,0.49194319936342845,-0.8902808987778841,-1.1161656142069889e-09,-7.113889809667135e-08,5.952826423699715e-10,-0.8027393287810698,-0.49194319936342845,-2.1199915841511277,-1.1161442946804043e-09
EY,515,-5.3354173267571654e-08,2.5113977476078263e-10,-0.29644007577299913,-0.5764539578329869,0.33647031941825084,6.278574304092396e-10,5.3354173267571654e-08,-2.5113977476078263e-10,0.29644007577299913,0.5764539578329869,1.1457300594467448,6.278414433946735e-10
EY,516,8.613151276493753e-08,-2.3665696116930747e-10,-0.34396669823006454,0.5783606867758512,-1.1385314511736757,-5.916504522805976e-10,-8.613151276493753e-08,2.3665696116930747e-10,0.34396669823006454,-0.5783606867758512,2.8583649423239983,-5.916343535659397e-10
EY,517,-4.1405790013396006e-07,-4.2857538090578326e-08,5.756829195372641,-0.3922205638604585,-32.05642303559,-6.504995937282883e-08,4.1405790013396006e-07,4.2857538090578326e-08,-5.756829195372641,0.3922205638604585,3.272277058726786,-1.4923773108006286e-07
EY,518,-11.386333119918739,17.887859213646085,8.579244188831305,0.8232481999706802,-4.223687218678517,48.71976704165297,11.386333119918739,-17.887859213646085,-8.579244188831305,-0.8232481999706802,-43.39111802933522,50.55785159408279
EY,291,2.106117825910506e-05,1.311670144591766e-05,0.5472456133507424,-0.7645982820130391,-2.817272392903759,7.2795217990025414e-06,-2.106117825910506e-05,-1.311670144591766e-05,-0.5472456133507424,0.7645982820130391,2.209829762084435,7.280016805966055e-06
EY,519,1.1485478003536307e-12,-8.255505018248816e-14,0.5472456133507412,-0.7645982820130398,-2.2098297620844347,-1.2088542036555415e-13,-1.1485478003536307e-12,8.255505018248816e-14,-0.5472456133507412,0.7645982820130398,0.7651013428384796,-9.705991211621435e-14
EY,520,2.947674656444965e-15,4.275956185341321e-14,0.9518421952981739,-0.12719171666887644,-0.610089908129855,8.016805620124354e-14,-2.947674656444965e-15,-4.275956185341321e-14,-0.9518421952981739,0.12719171666887644,-2.959318324238297,8.018030074905601e-14
EY,521,7.438980472064668e-08,-2.834536742458514e-09,-1.13785647752607,1.1555084884496294,2.9507022826780824,-5.31476704564781e-09,-7.438980472064668e-08,2.834536742458514e-09,1.13785647752607,-1.1555084884496294,1.3162595080446802,-5.314745738571617e-09
EY,522,-5.57923522445246e-08,1.1958430919226835e-09,0.24410751101877454,-0.6584399445640908,-1.297315419406914,2.989615724530909e-09,5.57923522445246e-08,-1.1958430919226835e-09,-0.24410751101877454,0.6584399445640908,0.07677786431304146,2.9895997350825086e-09
EY,523,5.980983507835821e-08,-1.2056858187144362e-09,0.03202625094333112,0.657074427316484,-0.07914199518443148,-3.0142225957141903e-09,-5.980983507835821e-08,1.2056858187144362e-09,-0.03202625094333112,-0.657074427316484,-0.08098925953222412,-3.0142064978579908e-09
EY,524,7.4645603623417546e-06,-4.188850992692502e-08,1.9915482902583774,-1.0642676172612675,-8.63285817022699,-6.262738838652985e-08,-7.4645603623417546e-06,4.188850992692502e-08,-1.9915482902583774,1.0642676172612675,-1.3248832810648987,-1.468151612480953e-07
EY,525,261.26286174821774,17.88785927194679,0.555287357237912,-0.06115350202472204,1.6153001666871787,48.71976720331611,-261.26286174821774,-17.88785927194679,-0.555287357237912,0.06115350202472204,-4.69714499935759,50.55785175598858
EY,292,0.0,1.1083796691736966e-16,3.9923959610365882,-0.07740575046691363,-0.8234623259858598,2.1157588484753797e-16,0.0,-1.1083796691736966e-16,-3.9923959610365882,0.07740575046691363,-14.14802252790133,2.0406649109259782e-16
EY,526,-2.0328790734103208e-16,1.1101872242482452e-16,-3.684355884441074,0.1804273971695029,13.799742249440992,2.0429541332712167e-16,2.0328790734103208e-16,-1.1101872242482452e-16,3.684355884441074,-0.1804273971695029,0.016592317213035557,2.120247957659703e-16
EY,293,1.0164395367051614e-16,4.2764670653225326e-14,-4.903455069364753,0.10466646287050119,0.7908663681345622,8.017444033985228e-14,-1.0164395367051614e-16,-4.2764670653225326e-14,4.903455069364753,-0.10466646287050119,17.597090141983244,8.019307460974254e-14
EY,527,0.0,1.3211023985815063e-16,4.686693934052286,0.1442898084734679,-17.3356545439602,2.570245791417126e-16,0.0,-1.3211023985815063e-16,-4.686693934052286,-0.1442898084734679,-0.23944770873587373,2.383888203263523e-16
EY,294,7.552102437343922e-05,-5.388371990420423,-6.495307325078735e-05,0.3643656186142714,2.1401308233298223e-05,-24.256058693676405,-7.552102437343922e-05,5.388371990420423,6.495307325078735e-05,-0.3643656186142714,2.1402767038970625e-05,20.705121551989347
EY,528,-8.659185404210352e-13,-5.388371990420454,-9.91033829037912e-19,0.3643656186142715,1.7858017384152306e-18,-20.705121551989315,8.659185404210352e-13,5.388371990420454,9.91033829037912e-19,-0.3643656186142715,1.7878662490954795e-18,1.2746521545331593
EY,529,0.0,-0.484916921055707,1.0167310833817208e-18,-0.42650074952028205,-3.777023915114179e-18,-1.379318617403663,0.0,0.484916921055707,-1.0167310833817208e-18,0.42650074952028205,-3.970466940254533e-18,-2.3157483210408243
EY,530,-2.234615164664779e-11,-4.477312882092296,-4.442437722934484e-11,0.396961576465567,9.568473520159462e-11,2.3931540715077357,2.234615164664779e-11,4.477312882092296,4.442437722934484e-11,-0.396961576465567,9.054225414381904e-11,-21.16204967323865
EY,531,-0.0006826713851749807,-4.477312882079,-0.038451020554000966,0.3969615764655669,0.001403468793839333,21.16204967323961,0.0006826713851749807,4.477312882079,0.038451020554000966,-0.3969615764655669,0.0014034557066026163,-21.488893513631364
EY,295,2.196367355281304e-12,-1.0240653125857988,-2.3182416245927876e-17,0.08887361723253301,3.487191758458605e-17,-0.8274925376323967,-2.196367355281304e-12,1.0240653125857988,2.3182416245927876e-17,-0.08887361723253301,6.400108770429633e-17,-3.5401460205460342
EY,532,-7.00068144158423e-08,-10.61421431600284,5.419346438217833e-09,-0.17256198079050578,-8.088398344588702e-09,3.5005226749430847,7.00068144158423e-08,10.61421431600284,-5.419346438217833e-09,0.17256198079050578,-8.08835077349153e-09,-35.18395240821157
EY,533,4.508394736284268e-08,-7.2721552635302285,-1.4475730711243114e-09,-0.19326884375170011,3.3547659294924236e-09,-31.085595511476225,-4.508394736284268e-08,7.2721552635302285,1.4475730711243114e-09,0.19326884375170011,3.3547352551687593e-09,-2.620844134986381
EY,534,-7.321224517604346e-13,0.40459658194743287,-4.825236345234971e-19,0.15501143470862327,-5.011958121827749e-18,2.363010987349966,7.321224517604346e-13,-0.40459658194743287,4.825236345234971e-19,-0.15501143470862327,7.069921423070464e-18,-0.6374065653441652
EY,296,3.6864907678237604e-08,-12.087071439388732,1.013792662288568e-10,0.007208731123523118,-3.674998385460131e-10,-45.00914960596789,-3.6864907678237604e-08,12.087071439388732,-1.013792662288568e-10,-0.007208731123523118,-3.674998416131988e-10,-42.622118329600404
EY,535,-3.6856402761203514e-08,-8.345059437972228,1.1056630365918928e-11,0.002800618730775399,-4.9202006396295566e-11,-35.96785282953635,3.6856402761203514e-08,8.345059437972228,-1.1056630365918928e-11,-0.002800618730775399,-4.9202003860382875e-11,-38.30317616841647
EY,297,3.7342112161063554e-08,-11.785353545872672,1.202840586783864e-10,-0.084834604780302,-4.360297121457552e-10,-43.96741527544493,-3.7342112161063554e-08,11.785353545872672,-1.202840586783864e-10,0.084834604780302,-4.3602971327254637e-10,-41.47639793213195
EY,536,-3.7805432941487906e-08,-8.468396134804536,-1.1949037746310254e-10,0.034199755864235334,5.31732180086941e-10,-36.54846765525547,3.7805432941487906e-08,8.468396134804536,1.1949037746310254e-10,-0.034199755864235334,5.317321793346713e-10,-38.820257944504874
EY,298,7.321224517604345e-13,-2.140513659570263,-7.707404446511326e-17,-0.09309671238701984,1.7253086904936343e-16,-1.0570757788163556,-7.321224517604345e-13,2.140513659570263,7.707404446511326e-17,0.09309671238701984,1.5618993059434459e-16,-8.072214979250816
EY,537,1.046064407624205e-12,2.5461802744820243,4.4870574313385065e-16,0.1463509963488521,-6.656833661653128e-16,8.216504787724288,-1.046064407624205e-12,-2.5461802744820243,-4.4870574313385065e-16,-0.1463509963488521,-6.737032770892314e-16,-0.6161566683954449
EY,538,-2.0210370593904548e-12,1.5946572116168345,-1.1752217868686284e-16,0.007976275652822381,2.6977491818450313e-16,-0.4190558558023705,2.0210370593904548e-12,-1.5946572116168345,1.1752217868686284e-16,-0.007976275652822381,2.7494038002910612e-16,7.810292031646398
EY,539,7.321224517604346e-13,-2.0896986728242455,7.503262980098843e-17,-0.008616041560214173,-1.6957687422877843e-16,-7.629864634476894,-7.321224517604346e-13,2.0896986728242455,-7.503262980098843e-17,0.008616041560214173,-1.5043729187243714e-16,-1.2827002051185108
EY,299,0.0,-0.2596078825325084,6.5626011537465086e-18,0.004834477401678752,-2.37629023557906e-17,-1.2993513465427182,0.0,0.2596078825325084,-6.5626011537465086e-18,-0.004834477401678752,-2.3815956008871588e-17,-0.5828058018179677
EY,540,0.0,-0.21208126007544328,-2.827378731307848e-18,-0.0023641308713893304,1.2529276855848153e-17,-0.5720088427908703,0.0,0.21208126007544328,2.827378731307848e-18,0.0023641308713893304,1.263439385279169e-17,-1.3155143718805746
EY,300,-4.3068996644941416e-13,1.3861540604382014,1.3913552992336144e-07,-0.660993274329458,-5.043662965050383e-07,-0.5145224866374525,4.3068996644941416e-13,-1.3861540604382014,-1.3913552992336144e-07,0.660993274329458,-5.043662954393322e-07,10.564139424814414
EY,541,0.0,-1.436260933020461,9.232813169421774e-08,0.2904168856222774,-4.1086018546244753e-07,-11.77960818864555,0.0,1.436260933020461,-9.232813169421774e-08,-0.2904168856222774,-4.108601866160901e-07,-1.0031141152365484
EY,301,3.4160612557067846e-06,-3.6206937981137277,-1.7951005698747002e-07,0.11346706829812978,3.0154813811197227e-07,-14.158274672241994,-3.4160612557067846e-06,3.6206937981137277,1.7951005698747002e-07,-0.11346706829812978,4.793206097835222e-07,-1.5917433495527202
EY,542,-1.0413421202923419e-05,-3.6206937981137193,3.2882665359192e-07,0.11346706829812978,-3.424947053695001e-07,1.5917433495526847,1.0413421202923419e-05,3.6206937981137193,-3.2882665359192e-07,-0.11346706829812978,-6.111025900470681e-07,-12.091755364082472
EY,543,3.1037170726758257e-06,-9.86404115282559,2.299667693758354e-08,-0.04305025931787842,-1.0246971547261767e-07,-58.81330441713421,-3.1037170726758257e-06,9.86404115282559,-2.299667693758354e-08,0.04305025931787842,-1.0220070927187581e-07,-28.976661843013517
EY,302,-0.0001694069717896286,6.22419227449096e-05,-0.4920456024457704,-0.45047290021874153,0.3526691716511452,4.605864948527086e-05,0.0001694069717896286,-6.22419227449096e-05,0.4920456024457704,0.45047290021874153,0.3755583199685934,4.605939617719516e-05
EY,544,-1.0725004309763e-11,8.355357676117124e-14,-0.49204560244577183,-0.4504729002187414,-0.3755583199685941,7.178422758400885e-15,1.0725004309763e-11,-8.355357676117124e-14,0.49204560244577183,0.4504729002187414,1.492501837520496,1.824881964894578e-13
EY,545,0.0,-5.939215508101895e-14,0.08424317485147892,-0.001570092119495804,-1.54299470763642,-1.1132566731257478e-13,0.0,5.939215508101895e-14,-0.08424317485147892,0.001570092119495804,1.2270828019433742,-1.1139491424124629e-13
EY,546,-1.3386739633469702e-08,1.602914683769673e-08,1.3044924599455003,0.6040030771006928,-1.1763926860910474,3.005467593168206e-08,1.3386739633469702e-08,-1.602914683769673e-08,-1.3044924599455003,-0.6040030771006928,-3.715454038704579,3.005462470968068e-08
EY,547,1.004002545164362e-08,-6.762329200108907e-09,0.43616978815901164,-0.36170102303966734,-2.0463716770735054,-1.690584223419781e-08,-1.004002545164362e-08,6.762329200108907e-09,-0.43616978815901164,0.36170102303966734,-0.13447726372155233,-1.6905803766346726e-08
EY,548,-7.586205101606236e-08,6.897096409918699e-09,0.5638733040884881,0.36630287765154784,0.1350144849927779,1.7242760242548097e-08,7.586205101606236e-08,-6.897096409918699e-09,-0.5638733040884881,-0.36630287765154784,-2.954381005435218,1.72427218070454e-08
EY,549,7.594884682098067e-08,-6.897229677768044e-09,-1.7844923816856155,0.2924804265840898,11.622324731242799,-1.7243011472465986e-08,-7.594884682098067e-08,6.897229677768044e-09,1.7844923816856155,-0.2924804265840898,-2.699862822814719,-1.724313691637424e-08
EY,550,0.0030130993503661493,4.8663100428881335e-05,-3.3762331583943186,0.42895268390989694,3.4218232846411745,9.485521178893406e-05,-0.0030130993503661493,-4.8663100428881335e-05,3.3762331583943186,-0.42895268390989694,15.316270744447289,0.00017522499559135735
EY,303,3.2784842549093973e-09,-1.822202559042003e-08,0.47268439838168275,-0.31621092171491955,-2.4808439263580815,-3.416632356946856e-08,-3.2784842549093973e-09,1.822202559042003e-08,-0.47268439838168275,0.31621092171491955,0.7082774324267711,-3.416627239460655e-08
EY,551,-2.4687335509199215e-08,1.992725538475433e-08,1.0362886572711245,0.28986947805887464,-0.6455340781940948,3.73636294915442e-08,2.4687335509199215e-08,-1.992725538475433e-08,-1.0362886572711245,-0.28986947805887464,-3.2405483865726223,3.7363578201284536e-08
EY,552,1.8515482116260307e-08,-8.406843727351271e-09,-0.10433836693403974,-0.33272831957926363,-0.7357067288477925,-2.1017128554849782e-08,-1.8515482116260307e-08,8.406843727351271e-09,0.10433836693403974,0.33272831957926363,1.2573985635179912,-2.1017090081906575e-08
EY,553,9.861128515316342e-08,8.471449056988666e-09,-0.09427642650247706,0.33476657967920254,-1.257537618147679,2.117864186151391e-08,-9.861128515316342e-08,-8.471449056988666e-09,0.09427642650247706,-0.33476657967920254,1.7289197506600642,2.1178603423429418e-08
EY,554,-9.824481072423506e-08,-8.471582242702052e-09,7.348506872673241,-0.1493691655071962,-40.30732380232838,-2.117889295649945e-08,9.824481072423506e-08,8.471582242702052e-09,-7.348506872673241,0.1493691655071962,3.5647894389621726,-2.1179018257010816e-08
EY,555,0.012725099401872953,4.863513472470346e-05,10.571388070973947,1.002770180305311,-4.610555717078338,9.477747048404828e-05,-0.012725099401872953,-4.863513472470346e-05,-10.571388070973947,-1.002770180305311,-54.06064807682707,0.00017514752723805588
EY,304,0.00016856552890086733,6.219889841807952e-05,0.7788376427577656,-0.4430121995303857,-4.282839702970712,4.602681560872689e-05,-0.00016856552890086733,-6.219889841807952e-05,-0.7788376427577656,0.4430121995303857,3.1301599916892213,4.602755405003061e-05
EY,556,1.0682018320545511e-11,8.371374405990006e-14,0.7788376427577599,-0.44301219953038556,-3.130159991689223,7.42080927047715e-15,-1.0682018320545511e-11,-8.371374405990006e-14,-0.7788376427577599,0.44301219953038556,1.3621985426291086,1.8260938974549594e-13
EY,557,0.0,-5.938864360005699e-14,0.954921656883972,-0.05447962602631078,-1.2849962928454457,-1.1132127796137233e-13,0.0,5.938864360005699e-14,-0.954921656883972,0.05447962602631078,-2.2959599204694494,-1.1138613553884139e-13
EY,558,3.3844671856742004e-09,1.5012701249648963e-08,-0.24455959965556673,0.6646329798620098,2.2755042903560287,2.8148840454536195e-08,-3.3844671856742004e-09,-1.5012701249648963e-08,0.24455959965556673,-0.6646329798620098,-1.3584057916476535,2.8148789231647416e-08
EY,559,-2.5383601470752026e-09,-6.333516212798327e-09,0.3463117535733342,-0.3787447715831477,-2.00673363398614,-1.583380976511734e-08,2.5383601470752026e-09,6.333516212798327e-09,-0.3463117535733342,0.3787447715831477,0.2751748661194693,-1.5833771298874296e-08
EY,560,3.356638209571494e-08,6.2320603774107945e-09,0.20854629721229556,0.3777194805691282,-0.27557303276100353,1.5580170167513953e-08,-3.356638209571494e-08,-6.2320603774107945e-09,-0.20854629721229556,-0.3777194805691282,-0.7671584533004743,1.558013171954002e-08
EY,561,-3.3566382095714935e-08,-6.232114196686867e-09,3.126854356025807,-0.7808721987221714,-13.764221392329445,-1.5580303981587382e-08,3.3566382095714935e-08,6.232114196686867e-09,-3.126854356025807,0.7808721987221714,-1.8700503877995933,-1.558026700184696e-08
EY,562,-5.880146100895177e-08,3.310956345156806e-07,1.4957139344337962,0.9075453191703664,2.193856204089303,8.649927699178814e-07,5.880146100895177e-08,-3.310956345156806e-07,-1.4957139344337962,-0.9075453191703664,-10.008961511505888,8.649819204265495e-07
EY,563,0.4208882691178733,0.03737587455991705,-215.12645966353966,-12.75652117924064,90.08922216497115,0.005387343805727487,-0.4208882691178733,-0.03737587455991705,215.12645966353966,12.75652117924064,-20.173122774320774,0.006759815426245551
EY,305,6.505213034913033e-14,1.0310525226414141e-13,2.2905860462297616,-0.05457613756421269,-0.5117921102187317,1.8826680107845887e-13,-6.505213034913033e-14,-1.0310525226414141e-13,-2.2905860462297616,0.05457613756421269,-8.077905563142865,1.9837789491207103e-13
EY,564,1.3010426069826053e-14,-1.6703857649791266e-14,-2.1053028153417643,0.116832056839108,7.864981539356362,-3.1319521665994056e-14,-1.3010426069826053e-14,1.6703857649791266e-14,2.1053028153417643,-0.116832056839108,0.029904018175254343,-3.131994452072319e-14
EY,306,-2.6020852139652132e-14,-1.6705053554433706e-14,-2.798840500115906,0.07063722527248426,0.4179479457432782,-3.132147513572869e-14,2.6020852139652132e-14,1.6705053554433706e-14,2.798840500115906,-0.07063722527248426,10.077703929691356,-3.1322475693397637e-14
EY,565,0.0,2.592756046023711e-14,2.689675102785691,0.07850234883402184,-9.963399777299502,4.8613672606259904e-14,0.0,-2.592756046023711e-14,-2.689675102785691,-0.07850234883402184,-0.1228818581468385,4.861467911962926e-14
EY,307,0.00045128887040378913,-3.0483978010627477,-8.3750691887751e-05,0.1724189781949279,5.2008388463867065e-05,-13.638128087171618,-0.00045128887040378913,3.0483978010627477,8.3750691887751e-05,-0.1724189781949279,5.200997086071967e-05,9.852018018251686
EY,566,0.0,-3.0483978010627286,1.4276430395944877e-16,0.172418978194928,-2.157816783375512e-16,-9.852018018251684,0.0,3.0483978010627286,-1.4276430395944877e-16,-0.172418978194928,-2.1579481253186236e-16,0.6367114656390562
EY,567,-2.4586631942978367e-12,-0.24955730094682332,3.0392510184200513e-15,-0.24552896754835324,-7.156683290424223e-15,-0.7073486909115402,2.4586631942978367e-12,0.24955730094682332,-3.0392510184200513e-15,0.24552896754835324,-1.6002409469936567e-14,-1.1942779423032537
EY,568,-0.00013132782522658155,-2.5401433471765884,-2.057717451237387e-06,0.2662631426703815,4.388310314786929e-06,1.2488540798674652,0.00013132782522658155,2.5401433471765884,2.057717451237387e-06,-0.2662631426703815,4.387854614740524e-06,-12.082565455575612
EY,308,-1.464244903520869e-12,-0.5762887772972529,-9.851110847033808e-16,0.05049287011592368,2.101536033983304e-15,-0.448902808099246,1.464244903520869e-12,0.5762887772972529,9.851110847033808e-16,-0.05049287011592368,2.0999627422766145e-15,-2.008968827073537
EY,569,8.942156060846602e-07,-6.064804380198847,-2.957176357909713e-10,-0.06381128227593089,4.414157252122165e-10,2.001103703512001,-8.942156060846602e-07,6.064804380198847,2.957176357909713e-10,0.06381128227593089,4.4130141762383284e-10,-20.10454477840556
EY,570,-5.758864259250726e-07,-4.219804847445309,7.906654187736914e-11,-0.13572177400284882,-1.8327351961207007e-10,-18.247856379753316,5.758864259250726e-07,4.219804847445309,-7.906654187736914e-11,0.13572177400284882,-1.831999019895359e-10,-1.310939088155692
EY,571,1.4642449035208693e-12,0.17608401412621338,6.232551926759889e-16,0.07720224978366132,-1.3287612140289575e-15,1.1395308937523736,-1.4642449035208693e-12,-0.17608401412621338,-6.232551926759889e-16,-0.07720224978366132,-1.3294221827341347e-15,-0.38853257350407366
EY,309,7.876027416460436e-08,-6.87842126583223,-7.113117030312154e-11,0.00037435917747510015,2.5785049528148463e-10,-25.544630444637505,-7.876027416460436e-08,6.87842126583223,7.113117030312154e-11,-0.00037435917747510015,2.5785048941614656e-10,-24.323923732646165
EY,572,-8.088824553984745e-08,-4.826968287976678,9.559364916991507e-11,0.0022426047307337956,-4.253917425066864e-10,-20.889879398562293,8.088824553984745e-08,4.826968287976678,-9.559364916991507e-11,-0.0022426047307337956,-4.2539173510555754e-10,-22.070138364430132
EY,310,7.540003104636603e-08,-6.480239164659024,1.4651315686679138e-09,-0.06873779664878174,-5.311101935027416e-09,-24.131771302482118,-7.540003104636603e-08,6.480239164659024,-1.4651315686679138e-09,0.06873779664878174,-5.3111019378149585e-09,-22.849962641295804
EY,573,-8.736691145819554e-08,-4.973443765758506,-2.952263693497626e-10,0.031404512772994705,1.313757348190325e-09,-21.571435815842662,8.736691145819554e-08,4.973443765758506,2.952263693497626e-10,-0.031404512772994705,1.3137573390225616e-09,-22.69221369940803
EY,311,1.464244903520869e-12,-1.220249285094025,-9.10081319758577e-16,-0.05069011585232817,1.8866281106168892e-15,-0.60557316922019,-1.464244903520869e-12,1.220249285094025,9.10081319758577e-16,0.05069011585232817,1.9948687181534413e-15,-4.598790031705827
EY,574,-2.09212881524841e-12,1.4694258176916724,3.709378568490718e-15,0.07219174229450859,-5.528020599561015e-15,4.677292380539852,2.09212881524841e-12,-1.4694258176916724,-3.709378568490718e-15,-0.07219174229450859,-5.544474427383778e-15,-0.29105631473020876
EY,575,0.0,0.9058215588022298,-4.4071666011040537e-16,0.009448388061832397,1.0160626207496672e-15,-0.3150240850435799,0.0,-0.9058215588022298,4.4071666011040537e-16,-0.009448388061832397,1.0266590988620616e-15,4.513507010091915
EY,576,0.0,-1.199481256539538,2.9254929120911637e-16,-0.02045563011342048,-5.731715804092179e-16,-4.396674953252807,0.0,1.199481256539538,-2.9254929120911637e-16,0.02045563011342048,-6.745511465976631e-16,-0.7191126058883213
EY,312,0.0,-0.1277035159294769,1.3933817879025756e-16,-0.0005372212712254066,-5.052898375759785e-16,-0.7280039006912148,0.0,0.1277035159294769,-1.3933817879025756e-16,0.0005372212712254066,-5.049119586533888e-16,-0.19784658979749264
EY,577,0.0,-0.13776545636103923,5.369980094804549e-18,-0.0003981666415360899,-2.425107672721758e-17,-0.46964830946097313,0.0,0.13776545636103923,-5.369980094804549e-18,0.0003981666415360899,-2.3541746116542894e-17,-0.7564642521522758
EY,313,0.0,1.5917407767086966,2.5148758589583058e-12,-0.7219604618264497,-9.116511501091107e-12,-0.13647225732580104,0.0,-1.5917407767086966,-2.5148758589583058e-12,0.7219604618264497,-9.116338476356609e-12,11.676592888463851
EY,578,-7.016859003951131e-13,-1.6311404215920122,-1.607879636980887e-12,0.32380581628972344,7.074030141086954e-12,-12.828732234276362,7.016859003951131e-13,1.6311404215920122,1.607879636980887e-12,-0.32380581628972344,7.236098628042938e-12,-1.6884175178925416
EY,314,1.4364264088529251e-06,-3.1225895346275947,1.020869790695865e-08,0.042367384793811996,-2.9755263833122865e-08,-9.635382646360465,-1.4364264088529251e-06,3.1225895346275947,-1.020869790695865e-08,-0.042367384793811996,-2.9455184027237304e-08,-8.475636654479583
EY,579,-1.4952733017287741e-05,-3.1225895346273846,8.939234001225662e-08,0.04236738479381191,-6.513795019136866e-08,8.475636654479867,1.4952733017287741e-05,3.1225895346273846,-8.939234001225662e-08,-0.04236738479381191,-6.448094282640343e-08,-13.003391479689576
EY,580,2.4355138692328164e-06,-12.956692934281309,-4.796298493238419e-10,0.004040067066308826,2.1936980088446003e-09,-72.87573783005405,-2.4355138692328164e-06,12.956692934281309,4.796298493238419e-10,-0.004040067066308826,2.075007650137592e-09,-42.43882928504958
EY,315,-8.084840841568098e-05,4.262189845059007e-05,8.765531934097847,1.0533803536257638e-08,-8.108117113464461,3.9424769532288885e-05,8.084840841568098e-05,-4.262189845059007e-05,-8.765531934097847,-1.0533803536257638e-08,-8.108116964616542,3.942574260130267e-05
EY,581,-7.732958742917725e-05,-2.877456342701474e-05,-0.3200267092373996,-0.16854191342549452,0.6136060668366785,-2.733557874310244e-05,7.732958742917725e-05,2.877456342701474e-05,0.3200267092373996,0.16854191342549452,-0.005555319285619753,-2.7336091768225523e-05
EY,582,-3.0184188481996443e-12,-2.1724031875149964e-14,-0.1252913690960078,0.018571039877331143,0.009971297177879979,-9.244426265593808e-15,3.0184188481996443e-12,2.1724031875149964e-14,0.1252913690960078,-0.018571039877331143,0.45987133693214927,-7.222069326621856e-14
EY,583,-5.9120286791114474e-08,-1.4101278600610765e-09,0.1090553303942357,0.13674629840623131,-0.4315703201932657,-2.643999927677217e-09,5.9120286791114474e-08,1.4101278600610765e-09,-0.1090553303942357,-0.13674629840623131,0.02261283121488178,-2.6439795475518197e-09
EY,584,4.4340254124614065e-08,5.949147025043296e-10,0.9898594089648789,-0.11806668058678747,-3.4680165751181335,1.487294400352794e-09,-4.4340254124614065e-08,-5.949147025043296e-10,-0.9898594089648789,0.11806668058678747,-1.481280469706261,1.4872791121688541e-09
EY,585,1.198851369739462e-07,-9.367222553527192e-10,1.10372828162309,0.13141167726589212,1.4598193422809276,-2.341813165405729e-09,-1.198851369739462e-07,9.367222553527192e-10,-1.10372828162309,-0.13141167726589212,-6.978460750396377,-2.341798111357867e-09
EY,586,-1.0437924352971193e-06,7.913848620611647e-08,-3.68781517217322,0.6816208985313279,17.612746358126422,1.217026582577209e-07,1.0437924352971193e-06,-7.913848620611647e-08,3.68781517217322,-0.6816208985313279,0.826329502739684,2.7398977277286155e-07
EY,587,-32.08011428878747,-31.75764557755806,-5.535139540087267,0.5754417350531382,-0.04021049612093819,-88.12912674272397,32.08011428878747,31.75764557755806,5.535139540087267,-0.5754417350531382,30.76023494360527,-88.12580621272323
EY,316,3.1248363271951796e-08,-6.00492848329811e-10,0.5233218800042979,-0.0762435144477917,-1.9432868143002318,-1.1259138991933305e-09,-3.1248363271951796e-08,6.00492848329811e-10,-0.5233218800042979,0.0762435144477917,-0.019170235715885386,-1.1259342820434609e-09
EY,588,-2.8433297383223533e-08,1.5249962708207267e-09,0.6945702443244738,0.0752769582821027,0.02218000162066902,2.8593578156721916e-09,2.8433297383223533e-08,-1.5249962708207267e-09,-0.6945702443244738,-0.0752769582821027,-2.6268184178374456,2.8593781999055334e-09
EY,589,2.132501206869586e-08,-6.433407988447585e-10,-0.7371494246914754,-0.09056212492686125,1.2876009570488032,-1.6083443548261787e-09,-2.132501206869586e-08,6.433407988447585e-10,0.7371494246914754,0.09056212492686125,2.3981461664085733,-1.608359639397614e-09
EY,590,-3.491025437479811e-07,5.036195945148978e-10,-0.8787931208822386,0.09585995179679609,-2.3713681484979308,1.259041454997543e-09,3.491025437479811e-07,-5.036195945148978e-10,0.8787931208822386,-0.09585995179679609,6.7653337529091235,1.2590565175769458e-09
EY,591,-5.632492909579677e-07,7.769826346799658e-08,5.880452641022637,0.15045858668397843,-33.4932816686809,1.181019721876657e-07,5.632492909579677e-07,-7.769826346799658e-08,-5.880452641022637,-0.15045858668397843,4.0910184635677105,2.703893451523173e-07
EY,592,-31.678883190469058,-31.757699647912496,9.341101181154949,0.7952854863520203,-5.2010565067952506,-88.12927676525248,31.678883190469058,31.757699647912496,-9.341101181154949,-0.7952854863520203,-46.64205504861471,-88.12595628066187
EY,317,2.7415566333169435e-05,4.3385693625548856e-05,8.464624963576632,1.0226070033648307e-08,-7.829778177127789,4.013133076315897e-05,-2.7415566333169435e-05,-4.3385693625548856e-05,-8.464624963576632,-1.0226070033648307e-08,-7.829778005488963,4.0132202444106334e-05
EY,593,2.81018185181707e-05,-2.8061306924663193e-05,0.6895186607916632,-0.21638821487214543,-2.9159703596289495,-2.6657959622583334e-05,-2.81018185181707e-05,2.8061306924663193e-05,-0.6895186607916632,0.21638821487214543,1.6058849041247902,-2.665852353427669e-05
EY,594,1.0668549377257364e-12,-2.2971803521288563e-14,0.6481318294111282,-0.000748168746990848,-1.590688762324886,-1.2365257948386949e-14,-1.0668549377257364e-12,2.2971803521288563e-14,-0.6481318294111282,0.000748168746990848,-0.8398055979668453,-7.377900525644516e-14
EY,595,-4.067910071292591e-08,-1.7346469383601405e-09,0.3580555030469476,0.16957453160290392,0.8198081722475137,-3.2524731980719944e-09,4.067910071292591e-08,1.7346469383601405e-09,-0.3580555030469476,-0.16957453160290392,-2.1625163086735673,-3.2524528207785325e-09
EY,596,3.050928650341622e-08,7.318211867418156e-10,-0.09018677949027286,-0.07457387763916161,-0.28453701133247156,1.8295606114668883e-09,-3.050928650341622e-08,-7.318211867418156e-10,0.09018677949027286,0.07457387763916161,0.7354709087838358,1.8295453222421897e-09
EY,597,-1.2961590785051658e-07,-5.847977476708571e-10,-0.062411955957717716,0.06787908511678602,-0.7407877992691455,-1.4620019134232842e-09,1.2961590785051658e-07,5.847977476708571e-10,0.062411955957717716,-0.06787908511678602,1.052847579057734,-1.4619868249310012e-09
EY,598,-7.685505942593706e-07,7.878657998707816e-08,2.5159140975608936,-0.5445318325801503,-10.750321300577614,1.2082289250504096e-07,7.685505942593706e-07,-7.878657998707816e-08,-2.5159140975608936,0.5445318325801503,-1.829249187226857,2.731100074303499e-07
EY,599,-31.1863378071521,-31.757645632034528,0.9025899253426141,-0.1176961034041897,2.153168223835663,-88.1291268941415,31.1863378071521,31.757645632034528,-0.9025899253426141,0.1176961034041897,-7.16254230948717,-88.12580636365009
EY,318,2.6020852139652132e-14,9.778082036305761e-15,0.512021800615415,-0.011293024073741269,-0.12869001669982816,1.622222909115432e-14,-2.6020852139652132e-14,-9.778082036305761e-15,-0.512021800615415,0.011293024073741269,-1.7913917356079763,2.044557854499224e-14
EY,600,5.204170427930421e-14,1.3153562197115617e-14,-0.467409299252011,0.03713975431127946,1.7305746862449591,2.466494065740539e-14,-5.204170427930421e-14,-1.3153562197115617e-14,0.467409299252011,-0.03713975431127946,0.022210185950082284,2.4660917581778176e-14
EY,319,2.6020852139652132e-14,1.3142564400737833e-14,-0.6012908990540191,-0.005652464404578474,0.10803931209746032,2.464715395812981e-14,-2.6020852139652132e-14,-1.3142564400737833e-14,0.6012908990540191,0.005652464404578474,2.1468015593551093,2.4637462544637015e-14
EY,601,-2.6020852139652106e-14,1.3142584650119201e-14,0.5829280366982524,0.028668092929284093,-2.152456594744027,2.4637499767764555e-14,2.6020852139652106e-14,-1.3142584650119201e-14,-0.5829280366982524,-0.028668092929284093,-0.03352354287441983,2.464719267018245e-14
EY,320,0.0001103420916281297,-17.869938009862683,-3.121702451847978e-05,2.5013656401135434e-09,2.848513295225663e-05,-16.30631862181665,-0.0001103420916281297,17.869938009862683,3.121702451847978e-05,-2.5013656401135434e-09,2.8485936793968965e-05,-16.306318246182745
EY,602,0.0,-0.7378214968751634,-3.3345359983791787e-15,0.051126746289563235,4.068137986123971e-15,-2.6190703606890975,0.0,0.7378214968751634,3.3345359983791787e-15,-0.051126746289563235,4.0681298499212245e-15,0.818785908313699
EY,603,-8.195543980992789e-13,-0.13653059782114355,1.0882812575894974e-15,-0.056912565807895686,-2.3006289704906153e-15,-0.8131334439091197,8.195543980992789e-13,0.13653059782114355,-1.0882812575894974e-15,0.056912565807895686,-5.992074212341355e-15,-0.22722971148799406
EY,604,-5.35498096627468e-05,-0.6485523984365582,-8.587060392719173e-07,0.0717774508919316,1.83130336682383e-06,0.23852273556173564,5.35498096627468e-05,0.6485523984365582,8.587060392719173e-07,-0.0717774508919316,1.8310778906708964e-06,-3.004598714893656
EY,321,-1.464244903520869e-12,-0.19473534014139082,-1.6162326486029135e-13,-0.004415977892257179,3.9389338222993845e-13,-0.1871129533028255,1.464244903520869e-12,0.19473534014139082,1.6162326486029135e-13,0.004415977892257179,2.9542984239920416e-13,-0.6434332724002062
EY,605,2.9467634362773857e-08,-1.3789542758936653,-2.819770458201407e-09,0.001239057496661371,4.208484641085859e-09,0.609112715066344,-2.9467634362773857e-08,1.3789542758936653,2.819770458201407e-09,-0.001239057496661371,4.208530176645341e-09,-4.725291228608935
EY,606,-1.8978885345715965e-08,-1.0208179312479582,7.531450534275054e-10,-0.04562090756311228,-1.7453990084395655e-09,-4.643933122662093,1.8978885345715965e-08,1.0208179312479582,-7.531450534275054e-10,0.04562090756311228,-1.7454283141969217e-09,-0.08755798867219333
EY,607,2.9284898070417385e-12,-0.04138683138053511,-9.874475959251284e-14,0.015196141799903933,1.6257225139359937e-13,0.03912521028717267,-2.9284898070417385e-12,0.04138683138053511,9.874475959251284e-14,-0.015196141799903933,2.585741482684678e-13,-0.21564004612515486
EY,322,5.930342424028563e-08,-1.5265070156177196,1.9324838524768876e-10,0.01162601050664443,-7.005253937743503e-10,-5.698070054910921,-5.930342424028563e-08,1.5265070156177196,-1.9324838524768876e-10,-0.01162601050664443,-7.005253992713933e-10,-5.369105808317547
EY,608,-5.3650202258309955e-08,-1.1925181246264207,-4.169970372732967e-11,-0.006144749301103633,1.8556367988299668e-10,-5.195866476062008,5.3650202258309955e-08,1.1925181246264207,4.169970372732967e-11,0.006144749301103633,1.8556368329023727e-10,-5.417544833113134
EY,323,6.898188916633687e-08,-1.1988122200050835,-3.9382122298273935e-09,-0.1758155203171731,1.4276019328428197e-08,-4.60607648585129,-6.898188916633687e-08,1.1988122200050835,3.9382122298273935e-09,0.1758155203171731,1.4276019337820404e-08,-4.085312109185566
EY,609,-4.246322394831067e-08,-1.332249126376017,9.962849642361505e-10,0.061826961588150146,-4.433468103171027e-09,-5.934092165925871,4.246322394831067e-08,1.332249126376017,-9.962849642361505e-10,-0.061826961588150146,-4.43346807853071e-09,-5.922925058820677
EY,324,1.464244903520869e-12,-0.23434669949024553,1.7864588343006322e-16,-0.02830101673888503,-3.7620290626641486e-16,-0.11817525852890032,-1.464244903520869e-12,0.23434669949024553,-1.7864588343006322e-16,0.02830101673888503,-3.857217865628047e-16,-0.8813134147969968
EY,610,-2.09212881524841e-12,0.3485813372080074,-5.46204814463257e-15,0.005222526135535683,8.156569474485401e-15,0.9099815077262818,2.09212881524841e-12,-0.3485813372080074,5.46204814463257e-15,-0.005222526135535683,8.147644237242819e-15,0.13053378383962022
EY,611,0.0,0.17733297288783104,1.724520792424668e-15,0.0022127602307522283,-3.9994530621727345e-15,-0.2820542565695132,0.0,-0.17733297288783104,-1.724520792424668e-15,-0.0022127602307522283,-3.9937008107156026e-15,1.10399258590461
EY,612,0.0,-0.29007632636417946,1.771037722724004e-16,-0.019997425719331344,-3.83527091179065e-16,-1.0668528315933308,0.0,0.29007632636417946,-1.771037722724004e-16,0.019997425719331344,-3.7182049756272253e-16,-0.17032270034989444
EY,325,0.0,-0.11386887265820976,-3.4517058418375057e-16,0.02146112742533272,1.2517773270132335e-15,-0.24947835785267958,0.0,0.11386887265820976,3.4517058418375057e-16,-0.02146112742533272,1.250709408318958e-15,-0.5760709689193412
EY,613,0.0,0.02777482353255468,-9.087687540724611e-17,-0.00531689048530945,4.050222021967343e-16,0.3896488921956841,0.0,-0.02777482353255468,9.087687540724611e-17,0.00531689048530945,4.037819889277559e-16,-0.1424529627559475
EY,326,-1.7227598657976566e-12,1.847324367914048,-1.544235303017443e-07,-0.7861190066187554,5.59785138902645e-07,0.10617916347818301,1.7227598657976566e-12,-1.847324367914048,1.544235303017443e-07,0.7861190066187554,5.597854557850009e-07,13.286922503898666
EY,614,2.105057701185339e-12,-1.6133241722182787,-1.0247300606811011e-07,0.3239190366087957,4.560050058493678e-07,-13.931749403566716,-2.105057701185339e-12,1.6133241722182787,1.0247300606811011e-07,-0.3239190366087957,4.56004748156812e-07,-0.426835729175961
EY,327,-0.003539977174324894,-2.046532898879403,-1.2521712821570966e-07,0.11397980376553511,4.848117003117333e-07,-11.100929963190422,0.003539977174324894,2.046532898879403,1.2521712821570966e-07,-0.11397980376553511,4.230124792521618e-07,-3.736433553685248
EY,615,0.0028807684524362522,-10.024317604243828,-8.518383736152361e-08,-0.0021419207281443897,3.536250554218291e-07,-61.198713590010684,-0.0028807684524362522,10.024317604243828,8.518383736152361e-08,0.0021419207281443897,4.0451109709573084e-07,-28.017713087759354
EY,328,2.7685328638990536e-07,3.4956141009134106e-10,2.2480310681075846,-0.21149835082412938,-9.265798103435571,3.037138021546454e-09,-2.7685328638990536e-07,-3.4956141009134106e-10,-2.2480310681075846,0.21149835082412938,-13.214512577640274,4.584760793669568e-10
EY,616,-5.537066118110889e-07,-1.207969166101136e-08,-0.19129644036728233,-1.0207078456809158,1.1308873694999853,-3.2777890948340604e-08,5.537066118110889e-07,1.207969166101136e-08,0.19129644036728233,1.0207078456809158,-0.17440516766357372,-2.7620567356716197e-08
EY,617,1.5675212132320556e-13,9.419291627704678e-14,0.32571943030570305,1.8978763861000667,0.17995194743348375,1.1756409099240417e-13,-1.5675212132320556e-13,-9.419291627704678e-14,-0.32571943030570305,-1.8978763861000667,-0.9909933288946837,1.1697627053744215e-13
EY,618,1.0681172859778929e-06,1.3705212244669537e-07,-0.40929714426973346,0.15276176296223848,1.0405959747311404,1.771371895731478e-07,-1.0681172859778929e-06,-1.3705212244669537e-07,0.40929714426973346,-0.15276176296223848,-0.013260142614108794,1.6686363776805772e-07
EY,619,-5.361949165921809e-07,-2.1985681654141526e-08,-1.0059787719596416,-0.8972929570260133,1.3094991103014184,-5.7542865784798725e-08,5.361949165921809e-07,2.1985681654141526e-08,1.0059787719596416,0.8972929570260133,3.7203947494967884,-5.2385542485908904e-08
EY,620,5.363037357958289e-07,2.356019438137097e-08,1.8857641610366291,0.8844059446052935,-3.7435051121175795,6.147914774923963e-08,-5.363037357958289e-07,-2.356019438137097e-08,-1.8857641610366291,-0.8844059446052935,-5.685315693065565,5.632182415761522e-08
EY,621,-5.363037357958289e-07,-2.9749000782317708e-08,-1.087181730722621,-0.9858979025673323,4.669529873150301,-7.695116360523918e-08,5.363037357958289e-07,2.9749000782317708e-08,1.087181730722621,0.9858979025673323,0.7663787804628033,-7.179384030634936e-08
EY,622,6.05958837794629e-07,3.89548175357482e-08,-0.7434558007131066,1.1193325348039957,-0.7109495513291821,9.99657056351827e-08,-6.05958837794629e-07,-3.89548175357482e-08,0.7434558007131066,-1.1193325348039957,4.428228554894715,9.480838204355829e-08
EY,623,-2.2537464082483805e-07,-1.0357458211408821e-08,4.331829679071259,-0.10562888141031176,-11.524076210721859,-2.5893645528522052e-08,2.2537464082483805e-07,1.0357458211408821e-08,-4.331829679071259,0.10562888141031176,-10.135072184634435,-2.5893645528522052e-08
EY,329,3.852241523818675e-08,-6.549796886497553e-10,-6.128946935006219,-0.0317870425015784,30.06375694548651,-3.2749367182959704e-09,-3.852241523818675e-08,6.549796886497553e-10,6.128946935006219,0.0317870425015784,31.22571240457568,-3.274860168201582e-09
EY,624,-6.196411060036683e-08,-1.3876976228278243e-08,0.7611119682337251,-0.9608344223180171,-5.014604701837605,-3.727110222014052e-08,6.196411060036683e-08,1.3876976228278243e-08,-0.7611119682337251,0.9608344223180171,1.20904486066898,-3.2113778921250696e-08
EY,625,8.269340046702586e-08,1.635670397953995e-08,0.6113657589862291,0.9581854844383119,-1.2111511391322596,4.347042189102937e-08,-8.269340046702586e-08,-1.635670397953995e-08,-0.6113657589862291,-0.9581854844383119,-1.8456776557988857,3.8313098006670376e-08
EY,626,-8.269341754321008e-08,-2.25454843856554e-08,0.4782988872095844,-0.9748030906669982,-1.3725043529276488,-5.894237305268529e-08,8.269341754321008e-08,2.25454843856554e-08,-0.4782988872095844,0.9748030906669982,-1.0189900831202734,-5.378504887559171e-08
EY,627,8.723033282026851e-08,2.4352577259433017e-08,-0.21315982943600278,0.9669781593280469,1.0255292730721934,6.346010523712933e-08,-8.723033282026851e-08,-2.4352577259433017e-08,0.21315982943600278,-0.9669781593280469,0.04026987410782046,5.830278106003575e-08
EY,628,-8.723032794135874e-08,-3.054136609630456e-08,0.1523536385208537,-0.9117779797885519,-0.9628674671915689,-7.893207747567549e-08,8.723032794135874e-08,3.054136609630456e-08,-0.1523536385208537,0.9117779797885519,0.20109927458730048,-7.377475300584732e-08
EY,629,9.176145683142262e-08,3.1825194959835684e-08,0.22261761405277503,0.9028029279069489,-0.20788435761472213,8.21416496345033e-08,-9.176145683142262e-08,-3.1825194959835684e-08,-0.22261761405277503,-0.9028029279069489,-0.905203712649153,7.698432516467513e-08
EY,630,1.6020778453862405e-08,-7.31477515277662e-10,0.8420576273369638,0.012954909101005276,-1.9096587444451951,-1.8286936418268618e-09,-1.6020778453862405e-08,7.31477515277662e-10,-0.8420576273369638,-0.012954909101005276,-2.3006293922396237,-1.8286939345614484e-09
EY,330,8.317969360169264e-08,-6.352117611204897e-10,-1.3411924622930766,0.06952264251656659,7.251868478059372,-3.176062391601134e-09,-8.317969360169264e-08,6.352117611204897e-10,1.3411924622930766,-0.06952264251656659,6.160056144871394,-3.176055219603763e-09
EY,631,4.6287918810394846e-07,-1.3331652617791512e-08,0.581277191883737,-1.0859246602236747,-2.759609107436078,-3.5907793047556397e-08,-4.6287918810394846e-07,1.3331652617791512e-08,-0.581277191883737,1.0859246602236747,-0.14677685198260737,-3.075047004140116e-08
EY,632,-4.601107385718284e-07,1.5354923426497136e-08,0.2140075304582495,1.0935362503049884,0.14333635067597816,4.0965970069320456e-08,4.601107385718284e-07,-1.5354923426497136e-08,-0.2140075304582495,-1.0935362503049884,-1.2133740029672255,3.580864706316522e-08
EY,633,4.601107385718284e-07,-2.1543685565974385e-08,0.15327500036466557,-1.0993766233872877,-0.4241502433707315,-5.6437875564380874e-08,-4.601107385718284e-07,2.1543685565974385e-08,-0.15327500036466557,1.0993766233872877,-0.34222475845259637,-5.128055226549105e-08
EY,634,-4.931840482877425e-07,2.3036668842044833e-08,-0.1949033540065746,1.099751897025014,0.34787115860702467,6.017033375455699e-08,4.931840482877425e-07,-2.3036668842044833e-08,0.1949033540065746,-1.099751897025014,0.6266456114258483,5.501301045566717e-08
EY,635,4.931840482877425e-07,-2.9225466460953975e-08,1.5309400214963416,-1.0687875419653643,-6.746010433143535,-7.564232794819714e-08,-4.931840482877425e-07,2.9225466460953975e-08,-1.5309400214963416,1.0687875419653643,-0.9086896743381723,-7.048500435657273e-08
EY,636,-5.183619939536088e-07,3.89547908383539e-08,1.116950115954906,1.1879242648555899,0.8600455282319768,9.996563889169696e-08,5.183619939536088e-07,-3.89547908383539e-08,-1.116950115954906,-1.1879242648555899,-6.444796108006507,9.480831530007255e-08
EY,637,1.0608342329576637e-07,-9.087556956943743e-09,-3.5887104307207225,-0.09013638783838925,10.171454951453864,-2.271889209962477e-08,-1.0608342329576637e-07,9.087556956943743e-09,3.5887104307207225,0.09013638783838925,7.772097202149746,-2.2718892685093944e-08
EY,331,1.990126188010642e-10,4.619453121564216e-11,-0.696064063284518,0.028451802736908748,2.6168229311812707,1.7299851940257986e-10,-1.990126188010642e-10,-4.619453121564216e-11,0.696064063284518,-0.028451802736908748,2.5966969028197675,1.7299851940257986e-10
EY,332,1.7455175236248438e-07,-6.567199205670079,2.4899193883879433e-09,0.19369758497346792,-5.864286068240996e-09,-29.847350939309763,-1.7455175236248438e-07,6.567199205670079,-2.4899193883879433e-09,-0.19369758497346792,-1.2187629497571595e-08,-17.764843301798308
EY,638,-2.7438374606100306e-08,-18.825866299732155,6.84773299167781e-10,-0.07767345070466626,-3.0473104727792885e-09,-83.98263647798089,2.7438374606100306e-08,18.825866299732155,-6.84773299167781e-10,0.07767345070466626,-3.0471718898139603e-09,-83.56757358963527
EY,333,8.607683531464702e-08,-19.511707485736327,1.1036825436925121e-09,0.0789645135543346,-4.000849220885356e-09,-72.4878673748069,-8.607683531464702e-08,19.511707485736327,-1.1036825436925121e-09,-0.0789645135543346,-4.000849220885356e-09,-68.97201189678145
EY,639,-2.127511649997983e-08,-14.00572639032236,1.0901342872843225e-09,-0.036457250149504204,-4.851097578415234e-09,-60.56601235626062,2.127511649997983e-08,14.00572639032236,-1.0901342872843225e-09,0.036457250149504204,-4.851097578415234e-09,-64.08495251760837
EY,334,2.680958903154313e-08,-19.76453289485718,1.4248006757775308e-09,-0.010908220164261184,-5.164901911331091e-09,-73.44928673784776,-2.680958903154313e-08,19.76453289485718,-1.4248006757775308e-09,0.010908220164261184,-5.1649029880560066e-09,-69.84357674986681
EY,640,-3.908320296610741e-08,-13.83284156222982,1.0086062697696507e-09,0.003163034772934915,-4.488298192844071e-09,-59.69706704924522,3.908320296610741e-08,13.83284156222982,-1.0086062697696507e-09,-0.003163034772934915,-4.48829760810582e-09,-63.41522285460017
EY,335,3.794852363382433e-08,-19.820732810964202,1.46198421977405e-09,0.0014484405240961936,-5.299692437772626e-09,-73.59268539160263,-3.794852363382433e-08,19.820732810964202,-1.46198421977405e-09,-0.0014484405240961936,-5.299693155589236e-09,-70.10762748788783
EY,641,-5.1337796373557856e-08,-13.870600827702336,8.37885695997958e-10,-0.005911727733044758,-3.728591639560037e-09,-59.785489296329935,5.1337796373557856e-08,13.870600827702336,-8.37885695997958e-10,0.005911727733044758,-3.7285910548217865e-09,-63.66285807022082
EY,336,-3.4145703506062583e-07,-19.661664195745313,9.151236546191093e-10,0.010084616291786128,-3.3173230685401186e-09,-74.71319224182288,3.4145703506062583e-07,19.661664195745313,-9.151236546191093e-10,-0.010084616291786128,-3.317323427448424e-09,-67.83387317733064
EY,642,2.781525010320252e-07,-13.766521370046346,7.030301413616005e-10,0.011774004434426184,-3.1284844214282466e-09,-58.078643873773586,-2.781525010320252e-07,13.766521370046346,-7.030301413616005e-10,-0.011774004434426184,-3.1284838366899963e-09,-64.44339631963886
EY,337,1.1955738123652513e-07,-19.78753199557444,2.942176229164203e-09,0.030064576262622284,-1.0665388471811931e-08,-73.75627136100653,-1.1955738123652513e-07,19.78753199557444,-2.942176229164203e-09,-0.030064576262622284,-1.0665389189628541e-08,-69.70333560690817
EY,643,-4.784936491974355e-08,-13.977616116037284,1.1118434832389206e-09,0.030138382045082138,-4.947703646597758e-09,-60.018811904170754,4.784936491974355e-08,13.977616116037284,-1.1118434832389206e-09,-0.030138382045082138,-4.947703354228633e-09,-64.38197152856104
EY,338,7.121707653213166e-07,-1.0420748158245101,3.19615424930696e-08,0.012897120233103371,-6.046533369062082e-08,-2.9274548800760507,-7.121707653213166e-07,1.0420748158245101,-3.19615424930696e-08,-0.012897120233103371,-7.121622138082592e-08,-1.3658933611209307
EY,339,0.0,-0.5170158706729837,4.4554134460284225e-16,-0.005546779769908225,-1.4356332214980473e-15,-2.918584231780983,0.0,0.5170158706729837,-4.4554134460284225e-16,0.005546779769908225,-1.7945415268725593e-15,-0.8297808305981489
EY,644,0.0,-0.36726966142548795,-9.855139050493164e-17,-0.003440501306629122,5.847382503292609e-16,-1.0892390761581796,0.0,0.36726966142548795,9.855139050493164e-17,0.003440501306629122,2.9236912516463045e-16,-2.179460910528663
EY,340,-8.613799328988283e-13,-1.0396370710168275,0.0,0.012185590106347585,0.0,-6.495246348368694,8.613799328988283e-13,1.0396370710168275,0.0,-0.012185590106347585,0.0,-1.0421224165033052
EY,645,7.016859003951131e-13,-0.3481783543712405,-2.956541715147949e-16,0.0056464001544274155,1.4618456258231522e-15,-0.899658833491739,-7.016859003951131e-13,0.3481783543712405,2.956541715147949e-16,-0.0056464001544274155,1.1694765006585218e-15,-2.1991285204123012
EY,341,-8.457509571320963e-08,-0.7350165745754265,-1.4902142204332379e-09,0.04960264583645177,2.8818295848370647e-09,-4.7733829103885785,8.457509571320963e-08,0.7350165745754265,1.4902142204332379e-09,-0.04960264583645177,3.257853003347875e-09,1.7451146231378214
EY,342,0.0,-0.34372593000951646,0.0,-0.05542922913361716,-3.589083053745118e-16,-2.105230437371329,0.0,0.34372593000951646,0.0,0.05542922913361716,3.589083053745118e-16,-0.38678255519766525
EY,646,3.5084295019755655e-13,-0.41398990554143705,-4.927569525246582e-16,-0.048644146106194906,2.3389530013170436e-15,-1.4277983524978355,-3.5084295019755655e-13,0.41398990554143705,4.927569525246582e-16,0.048644146106194906,2.0465838761524133e-15,-2.2567118068209533
EY,343,-1.439465685320815e-07,-9.69079063098193e-10,4.724734033951067,0.49522319138091636,-24.10729461095236,-5.490647582038355e-09,1.439465685320815e-07,9.69079063098193e-10,-4.724734033951067,-0.49522319138091636,-23.140045728558306,-4.200143048943576e-09
EY,647,6.543025177061463e-07,1.3536836307462378e-07,-1.9773074811818443,-2.208767050853535,-0.42891889212125456,1.5183816451665365e-07,-6.543025177061463e-07,-1.3536836307462378e-07,1.9773074811818443,2.208767050853535,4.778995350721311,1.4597223424751857e-07
EY,648,3.4849355544176915e-14,2.5469575594667687e-14,1.0309879233825447,-0.2236854760513662,-2.896184644709061,3.537331892295956e-14,-3.4849355544176915e-14,-2.5469575594667687e-14,-1.0309879233825447,0.2236854760513662,0.009418459237934718,3.5941492742109984e-14
EY,649,-3.13187864314432e-07,-1.4751901441191811e-08,1.1519492367240698,1.038680341107062,-0.02604096847316084,-3.817025827298097e-08,3.13187864314432e-07,1.4751901441191811e-08,-1.1519492367240698,-1.038680341107062,-5.733705215147188,-3.5589248932978086e-08
EY,650,3.131878447987929e-07,1.784910841913047e-08,1.29382153882279,-1.033729372580265,-6.663300592726534,4.591327574393145e-08,-3.131878447987929e-07,-1.784910841913047e-08,-1.29382153882279,1.033729372580265,0.19419289861258449,4.3332266351720895e-08
EY,651,-3.4216381681120844e-07,-1.9995265218069502e-08,1.6147261054933595,0.957665165989084,-0.22036472286393494,-5.127866773931365e-08,3.4216381681120844e-07,1.9995265218069502e-08,-1.6147261054933595,-0.957665165989084,-7.853265804602861,-4.869765835103386e-08
EY,652,3.4216381681120844e-07,2.3092472163793776e-08,0.006114088533495821,-0.927449998531397,-1.055069622517316,5.902168510043506e-08,-3.4216381681120844e-07,-2.3092472163793776e-08,-0.006114088533495821,0.927449998531397,1.0244991798498368,5.644067571853382e-08
EY,653,-2.987361530024102e-07,-2.671433040121999e-08,0.2704589145537637,0.7820872432468315,-0.9881125497226269,-6.807633079163536e-08,2.987361530024102e-07,2.671433040121999e-08,-0.2704589145537637,-0.7820872432468315,-0.36418202304619157,-6.549532121446458e-08
EY,654,-2.3535310419292577e-07,2.132460695715365e-09,10.806954705689328,-0.028326490910078335,-23.775998921111558,5.331152040340135e-09,2.3535310419292577e-07,-2.132460695715365e-09,-10.806954705689328,0.028326490910078335,-30.258774607335084,5.33115143823669e-09
EY,344,-1.626265138179872e-07,-5.03660366585748e-10,-7.0562083054806015,-0.11579342445067242,33.748482339657826,-2.5183269482930638e-09,1.626265138179872e-07,5.03660366585748e-10,7.0562083054806015,0.11579342445067242,36.81360071514819,-2.5182767175644163e-09
EY,655,4.5194649691694055e-07,1.7705827250305208e-07,1.730694507487561,-2.356216677691036,-6.276579720545213,1.9769706507351925e-07,-4.5194649691694055e-07,-1.7705827250305208e-07,-1.730694507487561,2.356216677691036,2.4690518040725795,1.9183113443319518e-07
EY,656,-1.7424677772088457e-14,2.534736598962685e-14,0.48484513223946035,-0.02041966695602696,-2.44844576893437,3.511775556427835e-14,1.7424677772088457e-14,-2.534736598962685e-14,-0.48484513223946035,0.02041966695602696,1.0908793986638805,3.5854869206676843e-14
EY,657,-3.299025115588439e-08,-1.8302908878502642e-08,0.7696221789357822,0.9747259019792762,-1.0848813295610717,-4.704777689318377e-08,3.299025115588439e-08,1.8302908878502642e-08,-0.7696221789357822,-0.9747259019792762,-2.7632295651178387,-4.446676749932944e-08
EY,658,3.2990241398064835e-08,2.1400115948892828e-08,0.3321310938147831,-0.9701302529394619,-1.8190517865697728,5.4790794602802986e-08,-3.2990241398064835e-08,-2.1400115948892828e-08,-0.3321310938147831,0.9701302529394619,0.15839631749585736,5.2209785141661155e-08
EY,659,-4.728070474198376e-08,-2.3611524464949283e-08,0.4140787935618404,0.8952214074861788,-0.15466216772821983,-6.031931589383748e-08,4.728070474198376e-08,2.3611524464949283e-08,-0.4140787935618404,-0.8952214074861788,-1.915731800080982,-5.7738306430908936e-08
EY,660,4.728070474198376e-08,2.6708731495706665e-08,0.293780344083699,-0.8585594261654153,-1.6249233285384816,6.806233347190123e-08,-4.728070474198376e-08,-2.6708731495706665e-08,-0.293780344083699,0.8585594261654153,0.15602160811998655,6.54813240066321e-08
EY,661,-5.299428864485867e-08,-2.8378161470392117e-08,0.39504203875398824,0.8156630987995073,-0.16029509324665814,-7.223590847611677e-08,5.299428864485867e-08,2.8378161470392117e-08,-0.39504203875398824,-0.8156630987995073,-1.814915100523283,-6.965489887584382e-08
EY,662,3.109769278024366e-08,-1.5550714176147542e-10,0.972944251703379,-0.05583608564701024,-2.879499619579864,-3.887675201280916e-10,-3.109769278024366e-08,1.5550714176147542e-10,-0.972944251703379,0.05583608564701024,-1.9852216389370305,-3.887681886792855e-10
EY,345,-1.6122523238334963e-08,6.283447959697194e-10,-1.4220764315265098,0.002266844731570888,4.854201258929558,3.141728152107075e-09,1.6122523238334963e-08,-6.283447959697194e-10,1.4220764315265098,-0.002266844731570888,9.36656305633554,3.1417198075901193e-09
EY,663,-2.5493737004257666e-07,1.2466302237102744e-08,-0.4009911485807052,-1.1656045990051824,2.47549768180773,3.24562603050676e-08,2.5493737004257666e-07,-1.2466302237102744e-08,0.4009911485807052,1.1656045990051824,-0.4705419389042038,2.987525088044612e-08
EY,664,2.89569335306869e-07,-1.4482117235348274e-08,-0.8067295086185521,1.0649249409639923,0.48116637903662296,-3.74957978202191e-08,-2.89569335306869e-07,1.4482117235348274e-08,0.8067295086185521,-1.0649249409639923,3.552481164056137,-3.491478835652227e-08
EY,665,-2.89569335306869e-07,1.757932426619142e-08,-0.6935944702288802,-1.0770671987713263,3.7660601893312693,4.5238815397443095e-08,2.89569335306869e-07,-1.757932426619142e-08,0.6935944702288802,1.0770671987713263,-0.29808783818686857,4.2657805933513997e-08
EY,666,3.037215596211895e-07,-1.9536290314950504e-08,-1.0964467366465056,0.978129881712176,0.32052551267058194,-5.013123051984109e-08,-3.037215596211895e-07,1.9536290314950504e-08,1.0964467366465056,-0.978129881712176,5.161708170561946,-4.755022105491143e-08
EY,667,-3.037215596211895e-07,2.2633479365386408e-08,0.6811917433098991,-0.952058823747202,-2.2752517721920875,5.7874203142473563e-08,3.037215596211895e-07,-2.2633479365386408e-08,-0.6811917433098991,0.952058823747202,-1.1307069443574078,5.5293193684458475e-08
EY,668,2.612758642252244e-07,-2.6192190070297436e-08,0.3155852226193434,0.834579432302491,1.098593799356871,-6.677097996457019e-08,-2.612758642252244e-07,2.6192190070297436e-08,-0.3155852226193434,-0.834579432302491,-2.676519912453588,-6.418997038691699e-08
EY,669,2.1336519465293968e-07,1.8155362081028716e-09,-9.36875418640516,-0.03304774272099215,20.81092616121863,4.538840822300525e-09,-2.1336519465293968e-07,-1.8155362081028716e-09,9.36875418640516,0.03304774272099215,26.032844770807177,4.538840218213833e-09
EY,346,-2.0007530115420955e-07,6.445732881732733,-2.4799818021488796e-10,0.08517516442805466,-6.831728427377921e-10,36.5218045465077,2.0007530115420955e-07,-6.445732881732733,2.4799818021488796e-10,-0.08517516442805466,2.4811596492957298e-09,10.209758846054612
EY,670,-2.1740123746171672e-07,-22.597934170368294,-1.0079655265237149e-09,-0.04315647283983846,4.485387947342274e-09,-101.2880037310962,2.1740123746171672e-07,22.597934170368294,1.0079655265237149e-09,0.04315647283983846,4.485505238718786e-09,-99.8336103851816
EY,347,-1.7008205189067235e-07,-20.85930230751401,-1.871198563372417e-09,0.0380785971441037,6.783094740680136e-09,-77.0222130097805,1.7008205189067235e-07,20.85930230751401,1.871198563372417e-09,-0.0380785971441037,6.783094843769887e-09,-74.20772871969606
EY,671,1.359032268744259e-07,-15.140237840522339,3.220300587059467e-10,-0.06962320793748776,-1.4330339048117625e-09,-65.80902871331634,-1.359032268744259e-07,15.140237840522339,-3.220300587059467e-10,0.06962320793748776,-1.4330336176711623e-09,-68.93908806733245
EY,348,-1.7006740843181306e-07,-19.930625548114367,-2.6597689743902524e-10,-0.028605984064847694,9.64166210784497e-10,-73.8345591565742,1.7006740843181306e-07,19.930625548114367,2.6597689743902524e-10,0.028605984064847694,9.64166295648436e-10,-70.66247606725496
EY,672,1.4906404762223665e-07,-13.766549298248227,-2.7366936959507413e-10,-0.03280573583697771,1.2178286938593744e-09,-59.9605104306084,-1.4906404762223665e-07,13.766549298248227,2.7366936959507413e-10,0.03280573583697771,1.2178286955367852e-09,-62.56177832380081
EY,349,-1.7319249482837e-07,-18.682808418095224,-1.4265932796515737e-10,-0.039738640114065055,5.171400179367622e-10,-69.29745334269421,1.7319249482837e-07,18.682808418095224,1.4265932796515737e-10,0.039738640114065055,5.171401098106289e-10,-66.15290768849617
EY,673,1.589907980551263e-07,-12.712490905778871,-1.4456213248225731e-10,-0.03793228808362337,6.43301489099925e-10,-55.50321574667559,-1.589907980551263e-07,12.712490905778871,1.4456213248225731e-10,0.03793228808362337,6.433014899921648e-10,-57.63795331475633
EY,350,-7.968539621253771e-08,-15.53376094361437,-5.553097694716817e-10,-0.010810227761540081,2.0129979053424235e-09,-56.66103909291876,7.968539621253771e-08,15.53376094361437,5.553097694716817e-10,0.010810227761540081,2.0129979233272693e-09,-55.95872774828541
EY,674,8.528290433402205e-08,-10.88031486685366,-3.112968643784719e-10,-0.012723682141609748,1.3852710537113417e-09,-48.07407470339196,-8.528290433402205e-08,10.88031486685366,3.112968643784719e-10,0.012723682141609748,1.3852710392570576e-09,-48.76072761160559
EY,351,-1.8926239885653055e-07,-15.488257047805229,1.6821390370427017e-09,-0.0936165952506111,-6.097753977537964e-09,-56.82392595133765,1.8926239885653055e-07,15.488257047805229,-1.6821390370427017e-09,0.0936165952506111,-6.097754041021623e-09,-55.46593764525025
EY,675,1.6218066215832248e-07,-10.90454522164849,5.16053427665062e-10,-0.05229495135232885,-2.296437778074394e-09,-47.96067362168873,-1.6218066215832248e-07,10.90454522164849,-5.16053427665062e-10,0.05229495135232885,-2.296437728144657e-09,-49.08977885098281
EY,352,0.0,-0.12096131334152713,-1.3364790008187474e-16,0.016622509235229312,4.750540472626748e-16,-1.262365817158429,0.0,0.12096131334152713,1.3364790008187474e-16,-0.016622509235229312,4.93893228330917e-16,0.3853962954323574
EY,676,7.016859003951131e-13,-0.40573836003784686,6.19856005342603e-17,0.010624440132418589,-2.4179697546269183e-16,-1.380541864367662,-7.016859003951131e-13,0.40573836003784686,-6.19856005342603e-17,-0.010624440132418589,-3.0987486929222463e-16,-2.2305295399691745
EY,353,0.0,-0.32090456667056866,8.919528871443619e-18,0.026171824251350773,-3.250854035496677e-17,-1.9913945385693488,0.0,0.32090456667056866,-8.919528871443619e-18,-0.026171824251350773,-3.215804396299947e-17,-0.3351635697922738
EY,677,7.016859003951131e-13,-0.4028522664176258,1.2901185446470787e-16,0.022437674483713057,-5.735495637155998e-16,-1.5301880906333667,-7.016859003951131e-13,0.4028522664176258,-1.2901185446470787e-16,-0.022437674483713057,-5.746559410203e-16,-2.0551970804835022
EY,354,0.0,-0.2643448260202641,6.8709378908071786e-18,-0.0363866301272129,-1.9737328072658396e-17,-1.7095372417782282,0.0,0.2643448260202641,-6.8709378908071786e-18,0.0363866301272129,-3.007697163569365e-17,-0.20696274686868676
EY,678,0.0,-0.36560652069055377,1.274719889880683e-16,-0.032113145000540674,-5.713189643109624e-16,-1.4672597780962349,0.0,0.36560652069055377,-1.274719889880683e-16,0.032113145000540674,-5.631817376828452e-16,-1.786638256049693
EY,355,-1.7381388791089578,-1.3282584390927625,-1.2898722248844239,-0.10086057156280528,2.2088909332031874,-2.630183367392954,1.7381388791089578,1.3282584390927625,1.2898722248844239,0.10086057156280528,2.8990030773391315,-2.6297200514143864
EY,356,-0.03895251129095041,-1.3386093243458634,-2.419741177900575,-0.10086057156280528,4.780340351360793,-2.6545933757534104,0.03895251129095041,1.3386093243458634,2.419741177900575,0.10086057156280528,4.801834713125484,-2.6462995486562098
EY,357,-0.43153617955370943,0.22564914722388685,-2.0199908106156337,-0.00017690789595671677,3.9121671786650483,0.44517996928863973,0.43153617955370943,-0.22564914722388685,2.0199908106156337,0.00017690789595671677,4.086996431372863,0.4483906537179523
EY,358,-1.1269043804469012,0.22269609280195835,-2.083474739328004,-0.0001769078959567173,3.9194229792245316,0.43949033257230713,1.1269043804469012,-0.22269609280195835,2.083474739328004,0.0001769078959567173,4.331136988514366,0.4423861949234481
EY,679,-5.352231245009385e-07,0.008119984852252456,405.6228442165395,2.1627311065198424e-08,-45.6325685673514,0.0009134983498907117,5.352231245009385e-07,-0.008119984852252456,-405.6228442165395,-2.1627311065198424e-08,-45.63257138137001,0.0009134982418660918
EY,680,-6.515892513048183e-06,1.1819942952088425,114.75939272753428,-3.606588226852392e-08,-14.344922529651809,0.14774877894371635,6.515892513048183e-06,-1.1819942952088425,-114.75939272753428,3.606588226852392e-08,-14.344925652231762,0.14774979485849427
EY,681,3.0405490435528864e-06,0.0005238812637051488,-0.42432949492855,0.02069271880102453,0.020474550621153092,6.596423649608894e-05,-3.0405490435528864e-06,-0.0005238812637051488,0.42432949492855,-0.02069271880102453,0.0856078231109844,6.500607943019824e-05
EY,682,3.992441729612137e-07,0.0013940810235044242,-96.3581666535596,0.027200880155885388,20.001937859157415,0.00017506110242579203,-3.992441729612137e-07,-0.0013940810235044242,96.3581666535596,-0.027200880155885388,4.087603804232487,0.00017345915345031403
EY,683,-1.549129412042752e-06,1.3431173915884875e-05,-187.38462281968884,2.0922403564771894,11.034851113256574,2.1593585571517336e-06,1.549129412042752e-06,-1.3431173915884875e-05,187.38462281968884,-2.0922403564771894,35.81130459166564,1.198434921819485e-06
EY,684,1.248238981659466e-05,0.0009607722711565098,-335.2047228258419,0.8355807462861478,28.28014982226016,0.00012132827399159774,-1.248238981659466e-05,-0.0009607722711565098,335.2047228258419,-0.8355807462861478,55.52103088420031,0.00011886479379752972
EY,685,6.629011634051978e-06,0.0015210879600305366,253.75268922645193,-0.932605057019835,-6.532597959094996,0.00019139025724587726,-6.629011634051978e-06,-0.0015210879600305366,-253.75268922645193,0.932605057019835,-56.90557434751799,0.00018888173276175688
EY,686,7.942728042658644e-06,-1.8212147240198435e-05,6.203407544935114,20.184821469244614,4.9960401136318895,-1.0203079038351294e-06,-7.942728042658644e-06,1.8212147240198435e-05,-6.203407544935114,-20.184821469244614,-6.546891999865668,-3.5327289062144794e-06
EY,687,-0.00015542304708862642,0.0003214919934253421,-545.5812316823998,7.013176880850308,38.0774218228832,4.105647321141041e-05,0.00015542304708862642,-0.0003214919934253421,545.5812316823998,-7.013176880850308,98.31788609771675,3.931652514492512e-05
EY,688,-8.068966100751446e-06,0.0007026705308938244,443.1630350749937,-1.3914429557008143,-14.039848826065743,8.865857481564314e-05,8.068966100751446e-06,-0.0007026705308938244,-443.1630350749937,1.3914429557008143,-96.75090994268267,8.700905790781296e-05
EY,689,0.00013790255421960995,6.067299498750678e-05,9.30875379558919,28.91550834098879,2.3269062911442546,8.406190790330448e-06,-0.00013790255421960995,-6.067299498750678e-05,-9.30875379558919,-28.91550834098879,-4.654094740041552,6.762057956546247e-06
EY,690,1.2259721558251224e-05,0.00019190555492655526,-993.2203897637473,-19.425174829208224,129.2983690972179,2.399015238491815e-05,-1.2259721558251224e-05,-0.00019190555492655526,993.2203897637473,19.425174829208224,119.00672834371895,2.3986236346720664e-05
EY,691,7.987573493253852e-07,0.00046676547981672656,431.70208099742933,-0.1723661154757756,-10.680345027375068,5.8370422319080204e-05,-7.987573493253852e-07,-0.00046676547981672656,-431.70208099742933,0.1723661154757756,-97.24517522198227,5.8320947635101436e-05
EY,692,5.98607706372295e-06,-7.725917340970704e-05,228.08315259777697,29.682308105808936,-36.843625308058186,-9.631469772627531e-06,-5.98607706372295e-06,7.725917340970704e-05,-228.08315259777697,-29.682308105808936,-20.177162841386057,-9.683323579799228e-06
EY,693,-9.53875767435719e-06,-0.0006678696226666565,-312.35341416509004,8.977579840492117,16.090722677357867,-8.500106993436542e-05,9.53875767435719e-06,0.0006678696226666565,312.35341416509004,-8.977579840492117,61.99763086391465,-8.196633573229871e-05
EY,694,-1.5785718435537555e-05,9.450380898987569e-05,9.121727678930124,27.90001698435516,4.879968469031603,1.0290116980924152e-05,1.5785718435537555e-05,-9.450380898987569e-05,-9.121727678930124,-27.90001698435516,-7.160400388764134,1.333583526654477e-05
R,1,964.2731679783097,8.864106185671469,-3.357650425932605,5.6897153474746226e-08,4.432099609349059,11.700618223755999,-964.2731679783097,-8.864106185671469,3.357650425932605,-5.6897153474746226e-08,8.864196077344056,23.401242271503023
R,2,1574.762128770996,8.774455256489563,-2.9546095074185756,5.7190870397731054e-08,3.9000851487478454,11.58227877299407,-1574.762128770996,-8.774455256489563,2.9546095074185756,-5.7190870397731054e-08,7.800168500629713,23.164564042704598
R,3,5313.669526294327,35.18792793155366,-0.7693912127385714,5.696317023999291e-08,1.0155966693682978,46.44806263030402,-5313.669526294327,-35.18792793155366,0.7693912127385714,-5.696317023999291e-08,2.031192533076444,92.89613197864847
R,4,2006.963887769284,-21.940233717345894,-0.2667057987563227,5.711811315083058e-08,0.3520525296645213,-28.961110459719976,-2006.963887769284,21.940233717345894,0.2667057987563227,-5.711811315083058e-08,0.7041024334105167,-57.922215060969755
R,5,5635.921579626127,1.3946801871430208,-1.2808765277626206,5.696317010532744e-08,1.69075761600925,1.8409756555510248,-5635.921579626127,-1.3946801871430208,1.2808765277626206,-5.696317010532744e-08,3.3815134339307273,3.6819578855353368
R,6,5671.007892660536,20.49626304691037,-1.865276201786461,5.696317023999291e-08,2.4621648463332475,27.055064847269136,-5671.007892660536,-20.49626304691037,1.865276201786461,-5.696317023999291e-08,4.924328912741138,54.11013681849594
R,7,1191.0321596417134,1.5765727692942406,-2.115528279921258,5.7024016521470765e-08,2.792498324180733,2.0810736599105675,-1191.0321596417134,-1.5765727692942406,2.115528279921258,-5.7024016521470765e-08,5.584993664307448,4.162154506494624
R,8,1598.4008803496154,7.1158703815207245,10.197373934404983,5.680634318968465e-08,-13.460532790615499,9.392946230355445,-1598.4008803496154,-7.1158703815207245,-10.197373934404983,-5.680634318968465e-08,-26.921067989628227,18.785900480466623
R,9,4025.5569312087177,19.59240594770805,-0.7052167302371158,5.696317023999291e-08,0.9308863529687155,25.861973176122827,-4025.5569312087177,-19.59240594770805,0.7052167302371158,-5.696317023999291e-08,1.8617718987702627,51.72395437680103
R,10,5191.7453950591425,-40.70601386119592,3.082488064488304,-1.9811414124215317e-06,-14.78340649991396,-78.71841466896879,-5191.7453950591425,40.70601386119592,-3.082488064488304,1.9811414124215317e-06,2.5767537645402765,-82.47740022136705
R,11,5297.482567470448,-4.870800275598699,3.8817042732253877,-1.981141412428327e-06,-15.838359885046735,-31.415932884652303,-5297.482567470448,4.870800275598699,-3.8817042732253877,1.981141412428327e-06,0.46681096307420056,12.127563793281453
R,12,524.0777141130105,5.328279664156697,7.560497744830821,-1.9813910719524607e-06,-20.694355056094402,-17.953147488162948,-524.0777141130105,-5.328279664156697,-7.560497744830821,1.9813910719524607e-06,-9.245216013435648,39.05313495822347
R,13,5650.486188320821,64.52547638439853,14.249710269062327,-1.9811414126637603e-06,-29.524148771172978,60.187141334285826,-5650.486188320821,-64.52547638439853,-14.249710269062327,1.9811414126637603e-06,-26.90470389431383,195.33374514793235
R,14,6860.354747159218,8.093456853636164,11.48697502586371,-1.981141412445387e-06,-25.8773292566197,-14.303124213821917,-6860.354747159218,-8.093456853636164,-11.48697502586371,1.981141412445387e-06,-19.611091845800594,46.353213354221126
R,15,7378.854807600655,-1.3256521286216074,11.096043894851537,-1.9811414124276016e-06,-25.361288158516913,-26.73634804089988,-7378.854807600655,1.3256521286216074,-11.096043894851537,1.9811414124276016e-06,-18.579045665095173,21.486765611558315
R,16,4152.910464178037,-29.284734628302232,11.769479233449887,-1.981141412472091e-06,-26.250234811085413,-63.64234552046322,-4152.910464178037,29.284734628302232,-11.769479233449887,1.981141412472091e-06,-20.356902953376135,-52.32520360761361
R,17,4295.996271927772,-6.712025518668061,12.623623429059238,-1.9811414124206877e-06,-27.377693139066956,-33.84636959460269,-4295.996271927772,6.712025518668061,-12.623623429059238,1.9811414124206877e-06,-22.61185564000763,7.26674854067717
R,18,2176.6005802378736,-30.43469668870796,1.409635576184005,-0.0018589908870410364,-5.193719197393731,-77.15074550147875,-2176.6005802378736,30.43469668870796,-1.409635576184005,0.0018589908870410364,-0.388437684294928,-43.370653385804765
R,19,4382.8956460516965,68.10434816974977,-109.02293837075267,-0.0018589907664303654,140.05653215079218,52.802455044068125,-4382.8956460516965,-68.10434816974977,109.02293837075267,0.0018589907664303654,291.67430379738835,216.89076370814092
R,20,5256.583055314326,-68.68684184559659,-3.557405392001966,-0.001858990618775989,-2.0311925330764424,-92.89613197864848,-5256.583055314326,68.68684184559659,3.557405392001966,0.001858990618775989,16.118517885404227,-179.103761729914
R,21,4906.190274166582,-28.227464264374312,6.607499409478907,-0.0018589621371908895,-16.453196113164278,-85.93782357718284,-4906.190274166582,28.227464264374312,-6.607499409478907,0.0018589621371908895,-9.712501548372192,-25.84293490973943
R,22,1840.9125903074894,-45.358244857274464,1.7201963973754333,-0.0018589690333956803,-9.99063378530241,-108.55045247888997,-1840.9125903074894,45.358244857274464,-1.7201963973754333,0.0018589690333956803,3.178656051695695,-71.0681971559169
R,23,2723.1592144046585,-20.33067780018548,1.5824041687738366,-0.0018589621370944927,-9.803170774951745,-75.51406545064664,-2723.1592144046585,20.33067780018548,-1.5824041687738366,0.0018589621370944927,3.5368502666073525,-4.995418638087848
R,24,1585.7309791905934,-53.835261239604904,3.9512122880398794,-0.0018589906188277627,-12.628647077783661,-148.6930508211287,-1585.7309791905934,53.835261239604904,-3.9512122880398794,0.0018589906188277627,-3.01815358285426,-64.49458368770668
R,25,5002.996133529068,76.65596064330153,11.607646890936937,-0.0018589906187757954,-21.385168219786003,54.35744858825325,-5002.996133529068,-76.65596064330153,-11.607646890936937,0.0018589906187757954,-24.58111346832427,249.20015555922078
R,26,5613.921421680535,-24.618035620261793,-0.2697504219024045,-0.0018589906187759288,-4.924328912741145,-54.110136818495945,-5613.921421680535,24.618035620261793,0.2697504219024045,0.0018589906187759288,5.992540583474667,-43.37728423774075
R,27,5767.939865668744,-32.04148906171448,-0.3481434470397408,-0.0018589621372812073,-7.271747583520575,-90.96416808941464,-5767.939865668744,32.04148906171448,0.3481434470397408,0.0018589621372812073,8.650395633797949,-35.9201285949747
R,28,4086.4173447899757,-125.89517878291167,2.4938760026380398,-0.001858962137280889,-11.011946810214202,-214.85103817269703,-4086.4173447899757,125.89517878291167,-2.4938760026380398,0.001858962137280889,1.136197839767564,-283.6938698076332
R,29,3877.710014971849,-11.480948581708631,2.120492019524175,-0.0018589621372810206,-10.513446735000098,-63.82425476238485,-3877.710014971849,11.480948581708631,-2.120492019524175,0.0018589621372810206,2.1162983376843645,18.35969837881867
R,30,1892.4598959301811,-114.60054941770392,0.17733695335860047,-0.001858990618838547,-5.206686162442511,-197.85101858300465,-1892.4598959301811,114.60054941770392,-0.17733695335860047,0.001858990618838547,4.5044318271424535,-255.96715711110284
R,31,3780.863828756921,53.50905599972362,2.430823472547422,-0.0018589905169375555,-24.42305248117409,31.365533884657978,-3780.863828756921,-53.50905599972362,-2.430823472547422,0.0018589905169375555,14.796991529886299,180.53032787424755
R,32,3968.4704602287175,-21.914061436384642,-3.749928852320772,-0.0018589906187759086,-1.8617718987702698,-51.723954376801046,-3968.4704602287175,21.914061436384642,3.749928852320772,0.0018589906187759086,16.711490153960526,-35.05572891128213
R,33,1894.0179164980236,-45.95931597303761,-1.8792031822029431,-0.0018589678392810641,-5.250748768551691,-109.32557711262022,-1894.0179164980236,45.95931597303761,1.8792031822029431,0.0018589678392810641,12.692393370075346,-72.6733141406087
R,34,1697.1419219552643,-46.946693487610325,7.72032499633404,-0.001858966765551482,-17.91080251706953,-110.62891538629128,-1697.1419219552643,46.946693487610325,-7.72032499633404,0.001858966765551482,-12.661684468413268,-75.27999082464558
R,35,2602.112721358469,-27.6173560201327,-0.7603384178997235,-0.001858967973752488,-6.710750519530571,-85.11419137071007,-2602.112721358469,27.6173560201327,0.7603384178997235,0.001858967973752488,9.721690654413475,-24.250538469015414
R,36,4079.4708578571003,-71.76736081047127,-5.820937633665888,2.5759490056063265e-06,11.931452031225305,-158.49447322587855,-4079.4708578571003,71.76736081047127,5.820937633665888,-2.5759490056063265e-06,11.119460998091608,-125.70427558358764
R,37,4193.75845888596,-7.024639515830759,-4.594874723200106,2.575949005643514e-06,9.258043965087055,-25.73159905848743,-4193.75845888596,7.024639515830759,4.594874723200106,-2.575949005643514e-06,8.937659938785362,-2.0859734242023737
R,38,643.2614793188678,-9.001086194521665,3.6937939560309077,2.5762685614195045e-06,-6.5390461717250865,-14.877722934981106,-643.2614793188678,9.001086194521665,-3.6937939560309077,-2.5762685614195045e-06,-8.088377894157308,-20.76657839532469
R,39,4417.87166119877,120.71348772413148,17.44230438239412,2.575949005935206e-06,-33.516731058854276,234.48584960267658,-4417.87166119877,-120.71348772413148,-17.44230438239412,-2.575949005935206e-06,-35.55479429542643,243.53956178488409
R,40,5389.420532184645,16.636384494057932,12.705974502286193,2.5759490056447856e-06,-23.61799480399302,22.613807356554602,-5389.420532184645,-16.636384494057932,-12.705974502286193,-2.5759490056447856e-06,-26.697664225060297,43.2662752399148
R,41,5774.698193024379,-12.891529968616581,12.168314456513176,2.575949005648886e-06,-22.39229407468561,-28.79626360593768,-5774.698193024379,12.891529968616581,-12.168314456513176,-2.575949005648886e-06,-25.794231173106564,-22.254195069783982
R,42,3272.0320941430614,-51.600354569985285,15.338191439595331,2.575949005684185e-06,-27.465426714506886,-116.79787236457324,-3272.0320941430614,51.600354569985285,-15.338191439595331,-2.575949005684185e-06,-33.27381138629062,-87.53953173256849
R,43,3394.420709605596,-17.62282994449187,17.192973534935867,2.575949005653328e-06,-31.041249046936166,-42.15156374744377,-3394.420709605596,17.62282994449187,-17.192973534935867,-2.575949005653328e-06,-37.04292615140987,-27.634842832744035
R,44,1318.5637217758106,-79.55045259247045,7.8508794780751145,0.20870546519283986,-19.0860974887757,-172.21576308389496,-1318.5637217758106,79.55045259247045,-7.8508794780751145,-0.20870546519283986,-12.003385244401759,-142.80402918228805
R,45,3157.7517401158216,95.427315024541,-196.80718062071136,0.2087054644021417,396.0781371672124,188.94476787629077,-3157.7517401158216,-95.427315024541,196.80718062071136,-0.2087054644021417,383.2782980908047,188.94739962089164
R,46,4193.624121841102,-161.53522859921918,-20.325651219337,0.2087054644021414,25.50508813975312,-365.6759440165942,-4193.624121841102,161.53522859921918,20.325651219337,-0.2087054644021414,54.984490688821424,-274.0035612363139
R,47,4092.926978335783,-113.08766582075515,2.7620782896583354,0.2087054644021426,-18.660208058867543,-201.87071175438615,-4092.926978335783,113.08766582075515,-2.7620782896583354,-0.2087054644021426,7.722378031820533,-245.95644489580428
R,48,2029.5753491930514,-135.52702471668158,19.881690395268436,0.20870546505410573,-36.09443922679077,-254.10329773401196,-2029.5753491930514,135.52702471668158,-19.881690395268436,-0.20870546505410573,-42.63705473847225,-282.5837201440471
R,49,2367.943146903464,-68.05586765510661,18.197703762397285,0.20870546440204613,-34.333229701859835,-132.00497997920664,-2367.943146903464,68.05586765510661,-18.197703762397285,-0.20870546440204613,-37.72967719723342,-137.4962559350156
R,50,1131.150211712118,-77.42657463071227,10.82304727365654,0.20870546440212995,-22.28419360344489,-160.57263669464518,-1131.150211712118,77.42657463071227,-10.82304727365654,-0.20870546440212995,-20.575073600235015,-146.03659884297548
R,51,3790.0294647214732,125.60903135167578,28.75597059281604,0.20870546440214263,-58.68826679838132,248.88068952294856,-3790.0294647214732,-125.60903135167578,-28.75597059281604,-0.20870546440214263,-55.18537674917022,248.53107462968762
R,52,4171.250121494739,-100.8309686297436,10.142824356564981,0.20870546440214258,-20.499572393210897,-208.9158750708164,-4171.250121494739,100.8309686297436,-10.142824356564981,-0.20870546440214258,-19.666012058786436,-190.37476070296827
R,53,4301.41332099912,-70.61991523307404,9.48709711133903,0.20870546440223292,-18.355784352198683,-151.78116932709838,-4301.41332099912,70.61991523307404,-9.48709711133903,-0.20870546440223292,-19.21312020870388,-127.87369499587487
R,54,2991.6609381471535,-246.40512399769028,18.023835720272736,0.20870546440223253,-34.66315947058922,-507.70451557386,-2991.6609381471535,246.40512399769028,-18.023835720272736,-0.20870546440223253,-36.71122998169081,-468.05977545699363
R,55,3361.5218685561413,-71.55320991278252,17.973538948551727,0.2087054644022327,-34.747608113040805,-125.87320459059444,-3361.5218685561413,71.55320991278252,-17.973538948551727,-0.2087054644022327,-36.427606123224045,-157.4775066640244
R,56,866.5152471286104,-255.7121251870144,6.100792838356629,0.20870546440213697,-13.509747782675664,-508.3077281541144,-866.5152471286104,255.7121251870144,-6.100792838356629,-0.20870546440213697,-10.649391857216587,-504.31228758646284
R,57,2856.968621221496,76.8730243837912,-8.249388601431837,0.20870546440214258,17.42350555120477,145.29747472344292,-2856.968621221496,-76.8730243837912,8.249388601431837,-0.20870546440214258,15.244073310465312,159.11970183637033
R,58,2992.2643988539157,-92.25764668195593,-0.30820472046658415,0.20870546440214258,-0.5790999759516566,-193.98255261410645,-2992.2643988539157,92.25764668195593,0.30820472046658415,-0.20870546440214258,1.79959066899933,-171.35772824643908
R,59,3078.523942579489,-90.45002572467861,1.632025024347257,0.20870546437423584,-5.9660903222970045,-197.47452943069732,-3078.523942579489,90.45002572467861,-1.632025024347257,-0.20870546437423584,-0.49672877411813454,-160.70757243903006
R,60,2075.6646781286663,-146.92776029789235,13.252285975598888,0.20870546389050212,-35.263796271326555,-273.3284770983971,-2075.6646781286663,146.92776029789235,-13.252285975598888,-0.20870546389050212,-17.21525619204505,-308.50545368125665
R,61,2477.0375598588,-76.85235989187717,9.47830585298998,0.20870546458179537,-19.7312043568953,-155.31422169573636,-2477.0375598588,76.85235989187717,-9.47830585298998,-0.20870546458179537,-17.802886820945027,-149.02112347609727
R,62,2970.159496034168,-79.97414421707529,-8.724298185220055,1.8977881625607402e-06,17.58542531265161,-166.46284999343712,-2970.159496034168,79.97414421707529,8.724298185220055,-1.8977881625607402e-06,16.962795500819816,-150.23476110618108
R,63,3072.651328461031,-23.556111971750266,-7.887464052590552,1.897788162557314e-06,15.917410349553915,-53.83313735796729,-3072.651328461031,23.556111971750266,7.887464052590552,-1.897788162557314e-06,15.316947298704676,-39.44906605016377
R,64,785.5831534979229,15.085913217793395,5.202317090917573,1.8975927822850265e-06,-7.446091832868465,-18.89735961952679,-785.5831534979229,-15.085913217793395,-5.202317090917573,-1.8975927822850265e-06,-13.155083847165129,78.63757596198865
R,65,3204.4959167881093,99.58638346527823,19.870070576828304,1.8977881624933513e-06,-36.125920366192176,185.72616028099736,-3204.4959167881093,-99.58638346527823,-19.870070576828304,-1.8977881624933513e-06,-42.55955911804791,208.63591824150453
R,66,3928.200090286387,-3.2642459646512774,14.373720544094367,1.8977881625390076e-06,-26.26556061468396,-12.928180883917882,-3928.200090286387,3.2642459646512774,-14.373720544094367,-1.8977881625390076e-06,-30.654372739929737,0.0017668638988226348
R,67,4202.384640021374,-44.880222195669106,14.132675993892548,1.8977881625532086e-06,-25.753655906257485,-94.40489272887227,-4202.384640021374,44.880222195669106,-14.132675993892548,-1.8977881625532086e-06,-30.21174102955701,-83.3207871659774
R,68,2386.4536468065985,-62.51521485362985,21.036134680890132,1.8977881625225286e-06,-38.16156807529786,-131.8727742475946,-2386.4536468065985,62.51521485362985,-21.036134680890132,-1.8977881625225286e-06,-45.14152526102707,-115.68747657277964
R,69,2490.9015775512125,-44.104006127565135,23.283815761145103,1.897788162528344e-06,-42.449305390817145,-92.51562230012968,-2490.9015775512125,44.104006127565135,-23.283815761145103,-1.897788162528344e-06,-49.75460502331748,-82.13624196502829
R,70,487.47418189352436,-43.84452271754724,8.940581348903464,-0.20683716190941415,-10.304038173891788,-92.88768846739833,-487.47418189352436,43.84452271754724,-8.940581348903464,0.20683716190941415,-25.10066396776592,-80.7366214940887
R,71,1946.3954275194417,103.19131111558214,-91.55840953630373,-0.20683716112092057,250.0061140972043,201.980387790107,-1946.3954275194417,-103.19131111558214,91.55840953630373,0.20683716112092057,112.56518766655839,206.65720422759819
R,72,2855.33628410559,-69.29311980130277,-121.0824498786313,-0.20683716112091874,196.15809874485535,-149.45946452974323,-2855.33628410559,69.29311980130277,121.0824498786313,0.20683716112091874,283.3284027745244,-124.94128988341569
R,73,3000.4403259293704,-113.43279118356433,-117.64772872932106,-0.20683716112091982,177.35639726000431,-243.62749715943733,-3000.4403259293704,113.43279118356433,117.64772872932106,0.20683716112091982,288.52860850810697,-205.56635592747733
R,74,1398.0036422248813,-151.16339724031528,6.697995372813495,-0.2068371611209197,-12.023006848007535,-300.4392186668107,-1398.0036422248813,151.16339724031528,-6.697995372813495,0.2068371611209197,-14.501054828333897,-298.16783440483766
R,75,2052.13656586051,77.17872265246432,2.8394787574637395,-0.2068371611209199,-2.9860859630310177,56.99791646579406,-2052.13656586051,-77.17872265246432,-2.8394787574637395,0.2068371611209199,-8.258249916525388,248.62982523796452
R,76,804.2594593607303,-49.625474350471514,1.5246111112561944,-0.2068371611210155,-5.163384357167207,-104.72876417063395,-804.2594593607303,49.625474350471514,-1.5246111112561944,0.2068371611210155,-0.874075643407322,-91.7881142572332
R,77,2586.4528408818974,138.233068834869,12.178022417846666,-0.20683716112091988,-27.646291494131077,269.80518657549504,-2586.4528408818974,-138.233068834869,-12.178022417846666,0.20683716112091988,-20.578677280541704,277.59776601058593
R,78,2759.2109921557544,-73.44247277621211,0.3571205858553418,-0.20683716112091977,1.4257507489497931,-149.61156388618014,-2759.2109921557544,73.44247277621211,-0.3571205858553418,0.20683716112091977,-2.839948268936946,-141.22062830761973
R,79,2867.577996889751,-57.922857133331235,-1.3278337706590324,-0.20683716112091977,5.755662546957504,-106.50319596444629,-2867.577996889751,57.922857133331235,1.3278337706590324,0.20683716112091977,-0.49744081514773697,-122.8713182835453
R,80,1897.7447742438756,-215.7964302995432,1.6231528368695034,-0.20683716112091974,-1.8508144252236827,-423.0459176135745,-1897.7447742438756,215.7964302995432,-1.6231528368695034,0.20683716112091974,-4.576870808779549,-431.5079463726164
R,81,2866.3172125843375,114.60411904108412,0.2006595746101666,-0.20683716112091985,1.5033288789579498,92.86054985619505,-2866.3172125843375,-114.60411904108412,-0.2006595746101666,0.20683716112091985,-2.297940794414209,360.97176154649793
R,82,-168.44655583877417,-94.14765868280219,-0.498569838163709,-0.2068371611209148,1.1995204010501659,-284.19539805987006,168.44655583877417,94.14765868280219,0.498569838163709,0.2068371611209148,0.7748161580781212,-88.62933032402651
R,83,1938.4924317113125,66.47592928002504,-11.931146736139295,-0.20683716112091985,25.760187758991,152.2473305269294,-1938.4924317113125,-66.47592928002504,11.931146736139295,0.20683716112091985,21.487153316120597,110.99734942196969
R,84,2015.8901543654433,-61.308400042067184,-10.568343738813914,-0.2068371611209198,23.517608025336145,-123.6529286645622,-2015.8901543654433,61.308400042067184,10.568343738813914,0.2068371611209198,18.333033180366943,-119.12833550202376
R,85,2072.6254072869524,-59.57675291732656,-13.29417026415646,-0.20683716112091982,29.89892301425369,-113.10296418289039,-2072.6254072869524,59.57675291732656,13.29417026415646,0.20683716112091982,22.745991231805874,-122.82097736972273
R,86,1328.2922769309293,-166.25868529458626,-12.663150954156329,-0.20683716112091985,30.204691103266036,-327.17038668723455,-1328.2922769309293,166.25868529458626,12.663150954156329,0.20683716112091985,19.941386675193016,-331.21400707932685
R,87,2127.633527423168,89.50568823379639,-9.452884194933104,-0.2068371611209198,21.657018282571993,77.42338803300383,-2127.633527423168,-89.50568823379639,9.452884194933104,0.2068371611209198,15.776403129363086,277.0191373728298
R,88,1861.7255587691363,-85.72390734682341,-9.947912814515975,-1.263984014909243e-06,22.814514170400926,-164.25184334148355,-1861.7255587691363,85.72390734682341,9.947912814515975,1.263984014909243e-06,16.579220575082324,-175.21482975193706
R,89,1950.333733998019,-47.188956576090234,-9.531051055477242,-1.2639840148944212e-06,21.723048663044477,-77.07181585504524,-1950.333733998019,47.188956576090234,9.531051055477242,1.2639840148944212e-06,16.01991351664539,-109.796452186272
R,90,1172.0534048496988,-29.214428897216642,14.249113453533035,-1.2629472903658111e-06,-20.86026910960375,13.733729606371583,-1172.0534048496988,29.214428897216642,-14.249113453533035,1.2629472903658111e-06,-35.566220166387055,-129.42286803934945
R,91,2007.7236289708896,96.88517067572553,14.693437771506394,-1.2639840151006853e-06,-31.48987086898522,198.6429053725293,-2007.7236289708896,-96.88517067572553,-14.693437771506394,1.2639840151006853e-06,-26.696142706180083,185.02237050334372
R,92,2470.631822237614,-3.080672451439192,13.405044695328035,-1.2639840148443315e-06,-25.139173274474516,-6.1833281152809665,-2470.631822237614,3.080672451439192,-13.405044695328035,1.2639840148443315e-06,-27.944803719024495,-6.016134792418232
R,93,2645.214390395835,-50.12584985090707,13.171038568177785,-1.2639840148898216e-06,-24.705813120760315,-96.67242770003293,-2645.214390395835,50.12584985090707,-13.171038568177785,1.2639840148898216e-06,-27.451499609223696,-101.825937709559
R,94,1498.0028820178004,-69.00473550581765,20.63199331412247,-1.26398401479162e-06,-40.37151132184241,-130.68106969574302,-1498.0028820178004,69.00473550581765,-20.63199331412247,1.26398401479162e-06,-41.33118220208255,-142.57768290729481
R,95,1586.189499532405,-47.55050559992006,23.159640980175762,-1.263984014869014e-06,-45.354127815346324,-93.11304718429547,-1586.189499532405,47.55050559992006,-23.159640980175762,1.263984014869014e-06,-46.35805046614966,-95.1869549913879
R,96,585.6980912963634,-74.14206432268116,11.189671666033533,0.001982872806019156,-29.116631454136275,-115.71167409530321,-585.6980912963634,74.14206432268116,-11.189671666033533,-0.001982872806019156,-15.194468343356519,-177.89090062251427
R,97,979.9780060367399,155.48204047649563,32.22444370736175,0.001982872539802046,-53.14092271722035,280.698669108461,-979.9780060367399,-155.48204047649563,-32.22444370736175,-0.001982872539802046,-74.4678743639322,335.0102111784617
R,98,1660.0581867368019,-35.85226171345335,-249.97315835694138,0.0019828725398006435,449.8858174506821,-75.78165484304122,-1660.0581867368019,35.85226171345335,249.97315835694138,-0.0019828725398006435,540.0078896428059,-66.19330154223408
R,99,1776.198628417795,-113.81681533893567,-263.6337020600222,0.0019828725398003976,476.3861967998661,-201.05556540756828,-1776.198628417795,113.81681533893567,263.6337020600222,-0.0019828725398003976,567.6032633578218,-249.65902333461702
R,100,898.8254110118322,-276.90793738991835,24.02837252742486,0.0019828725398005087,-43.48662475705878,-459.1329246922942,-898.8254110118322,276.90793738991835,-24.02837252742486,-0.0019828725398005087,-51.66573045154368,-637.4225073717826
R,101,1057.4917090518645,304.08861583817855,22.74964891382233,0.001982872539801068,-41.28193458690808,553.1685860917408,-1057.4917090518645,-304.08861583817855,-22.74964891382233,-0.001982872539801068,-48.80667511182837,651.0223326274465
R,102,57.91455975243889,409.09469700594127,83.36978921613823,0.0019828728010102613,-164.6536992057604,841.9627856639661,-57.91455975243889,-409.09469700594127,-83.36978921613823,-0.0019828728010102613,-165.49066609014704,778.0522144795616
R,103,485.52869456575235,-96.71272191718495,16.95532007069194,0.0019828791733854257,-22.28967898558152,-149.84312086274858,-485.52869456575235,96.71272191718495,-16.95532007069194,-0.0019828791733854257,-44.85338849435856,-233.13925792930388
R,104,1362.1779343389005,204.56920174390405,14.370426952459288,0.0019828725398437596,-25.785395474918026,369.2616209428387,-1362.1779343389005,-204.56920174390405,-14.370426952459288,-0.0019828725398437596,-31.121495256820765,440.8324179630215
R,105,1452.3445943307788,-84.80016503121874,20.17325324106009,0.001982872539800512,-32.575563524246746,-152.11262224019322,-1452.3445943307788,84.80016503121874,-20.17325324106009,-0.001982872539800512,-47.31051931035123,-183.6960312834331
R,106,1537.9463017537782,-71.43954195518691,21.22946836772154,0.001982872539800675,-35.116975750429724,-136.61318242252517,-1537.9463017537782,71.43954195518691,-21.22946836772154,-0.001982872539800675,-48.95171898574759,-146.28740372001505
R,107,1025.5201499712896,-343.9955860673566,14.248266511052742,0.001982872539800621,-27.351492955565238,-596.6306717623904,-1025.5201499712896,343.9955860673566,-14.248266511052742,-0.001982872539800621,-29.07164242820363,-765.5918490643418
R,108,1442.9545229887437,419.00082613333393,14.882199268305307,0.0019828725398008686,-28.41983326625838,766.8755740048771,-1442.9545229887437,-419.00082613333393,-14.882199268305307,-0.0019828725398008686,-30.513675836230647,892.3676974831255
R,109,86.48859956561782,531.4636567456307,33.95978686901501,0.001982872801010635,-67.21361699282438,1094.9346080231871,-86.48859956561782,-531.4636567456307,-33.95978686901501,-0.001982872801010635,-67.26713900847511,1009.661472689511
R,110,967.8456228068198,-158.05188111329022,-0.3577282761749185,0.00198287253980311,-0.45826296651132914,-170.00910646053325,-967.8456228068198,158.05188111329022,0.3577282761749185,-0.00198287253980311,1.8748669401640066,-455.876342748096
R,111,998.5957343632034,129.8012133444472,-17.04469941076445,0.0019828725398005616,25.92429859283942,197.5605213120529,-998.5957343632034,-129.8012133444472,17.04469941076445,-0.0019828725398005616,41.572711073787815,316.45228353195813
R,112,1064.3676139646552,-96.35670523643026,-13.10674206099092,0.0019828725398006145,18.10539875587287,-162.41830107820795,-1064.3676139646552,96.35670523643026,13.10674206099092,-0.0019828725398006145,33.79729980565118,-219.15425165805598
R,113,1087.1147969546141,-71.70720114306694,-14.846805248159969,0.0019828725398006414,19.951573236698906,-135.8593718013311,-1087.1147969546141,71.70720114306694,14.846805248159969,-0.0019828725398006414,38.84177554601458,-148.101144725214
R,114,697.3362511763422,-255.26978529013186,-6.452090452974838,0.0019828725398007337,5.633314698390018,-445.7348616273222,-697.3362511763422,255.26978529013186,6.452090452974838,-0.0019828725398007337,19.91696349539035,-565.1334881216002
R,115,1057.424068461266,315.62609257049763,-4.257440956348362,0.0019828725398005117,2.1761579499810964,578.4718677661789,-1057.424068461266,-315.62609257049763,4.257440956348362,-0.0019828725398005117,14.683308237158421,671.4074588129919
R,116,55.23768792944779,418.61060856790994,-47.092392742254816,0.001982872801011248,92.8295535093583,859.7441916126853,-55.23768792944779,-418.61060856790994,47.092392742254816,-0.001982872801011248,93.6563217499708,797.9538183162383
R,117,756.8045010789536,-28.241913169583583,-20.310541428218336,4.039174968221278e-08,34.03491005587608,-81.2751948640485,-756.8045010789536,28.241913169583583,20.310541428218336,-4.039174968221278e-08,46.39483399986854,-30.562781287502503
R,118,878.213264789633,-47.35276852215752,-19.512386011454236,4.03917496261766e-08,32.972287465449945,-91.94928129196727,-878.213264789633,47.35276852215752,19.512386011454236,-4.03917496261766e-08,44.296761139908845,-95.56768205577654
R,119,28.543235490000086,-27.574401267621205,4.9168131288465435,3.972538941112466e-08,-19.470579990232313,-109.19462901977998,-28.543235490000086,27.574401267621205,-4.9168131288465435,-3.972538941112466e-08,-1.7763568394002505e-15,-1.4210854715202004e-14
R,120,814.1539706305041,136.37932089447835,44.89823027395918,4.039175048168499e-08,-62.78944305469619,255.21805830562363,-814.1539706305041,-136.37932089447835,-44.89823027395918,-4.039175048168499e-08,-115.00754883018219,284.84405243651076
R,121,1022.4681015779945,1.9509682887840285,17.04650915404596,4.039174961585089e-08,-28.974517043991362,18.689040656053447,-1022.4681015779945,-1.9509682887840285,-17.04650915404596,-4.039174961585089e-08,-38.52965920603065,-10.963206232468693
R,122,1102.5842297408246,-60.22472711665335,17.165085905889082,4.039174961014237e-08,-28.946630239144433,-97.09304596237324,-1102.5842297408246,60.22472711665335,-17.165085905889082,-4.039174961014237e-08,-39.027109948176346,-141.39687341957406
R,123,607.1705971339949,-24.663059888950606,34.47994300487329,4.039174957135093e-08,-55.833456004798,-65.98325573521714,-607.1705971339949,24.663059888950606,-34.47994300487329,-4.039174957135093e-08,-80.70711829450025,-31.682461425027263
R,124,682.0299943378094,-51.69572533387893,37.45605805107776,4.0391749593386276e-08,-61.4523091132223,-82.59522958515917,-682.0299943378094,51.69572533387893,-37.45605805107776,-4.0391749593386276e-08,-86.87368076904563,-122.11984273700142
R,207,-4.6416268210759365e-05,0.0005711205413461324,341.4900074294967,5.383354204765104,-700.321917924882,0.00010565700880698663,4.6416268210759365e-05,-0.0005711205413461324,-341.4900074294967,-5.383354204765104,573.9706151759679,0.00010565759149108289
R,359,-2.3095430893182375e-13,1.1609514361833886e-15,279.51574213450203,5.383354204765104,-573.9706151759688,1.962007927149924e-15,2.3095430893182375e-13,-1.1609514361833886e-15,-279.51574213450203,-5.383354204765104,-370.7925932386468,1.962007927149924e-15
R,360,2.0816681711721685e-13,-1.5758277051335358e-15,-12.21462486920982,-3.618000141190104,362.67598029704857,-2.947099435046996e-15,-2.0816681711721685e-13,1.5758277051335358e-15,12.21462486920982,3.618000141190104,-316.87113703751174,-2.9622544592037636e-15
R,361,-8.569197434971088e-07,3.508178475545265e-09,-259.08969595854353,-1.744228868155557,321.4875174103961,6.577839855988523e-09,8.569197434971088e-07,-3.508178475545265e-09,259.08969595854353,1.744228868155557,650.0988424341422,6.577829427306221e-09
R,362,6.426899637479444e-07,-1.4800191920509947e-09,196.76707156895554,3.0135235168423877,-480.4144327108827,-3.7000518956703374e-09,-6.426899637479444e-07,1.4800191920509947e-09,-196.76707156895554,-3.0135235168423877,-503.420925133895,-3.700044064584636e-09
R,363,-3.142306727321742e-07,1.8949945342060612e-09,-211.9667229206427,-2.994923579968422,503.31359670112863,4.737490286225763e-09,3.142306727321742e-07,-1.8949945342060612e-09,211.9667229206427,2.994923579968422,556.5200179020846,4.737482384804543e-09
R,364,2.4708598292400016e-05,8.557944497398289e-09,219.76178829231836,3.290260747990288,-521.5543120281567,1.1216985500403033e-08,-2.4708598292400016e-05,-8.557944497398289e-09,-219.76178829231836,-3.290260747990288,-577.2546294334353,3.157273698658842e-08
R,365,847.0266797026331,-4.245025430571132,-208.33897332591832,-2.867100213651441,577.4162229296462,-11.779944309553589,-847.0266797026331,4.245025430571132,208.33897332591832,2.867100213651441,578.8650790292003,-11.779946830116193
R,208,-2.157619707898739e-06,-3.138461797141889e-09,293.2488952245406,4.331619268232668,-439.1845768727035,-5.88462092090916e-09,2.157619707898739e-06,3.138461797141889e-09,-293.2488952245406,-4.331619268232668,-660.4987802193239,-5.884610818372923e-09
R,366,3.280484217604851e-07,1.1983194846383853e-09,-386.0963514112608,-4.411832661058051,663.6069919227059,2.2468542841654024e-09,-3.280484217604851e-07,-1.1983194846383853e-09,386.0963514112608,4.411832661058051,784.2543258695221,2.2468437832285425e-09
R,367,-2.46036160195251e-07,-5.055474594514147e-10,358.26712151700303,0.7407257696778647,-854.3796692640706,-1.2638725834681359e-09,2.46036160195251e-07,5.055474594514147e-10,-358.26712151700303,-0.7407257696778647,-936.9559383209446,-1.2638647137889375e-09
R,368,-3.3309683136750756e-07,4.446875416198031e-10,-388.8651951730203,-0.7492381510387288,937.1757457448759,1.1117228010571613e-09,3.3309683136750756e-07,-4.446875416198031e-10,388.8651951730203,0.7492381510387288,1007.1502301202255,1.1117149070418543e-09
R,369,2.4727455395778805e-05,1.0008252169514069e-08,409.68812979053735,0.8419754799367458,-999.9649925908716,1.4842754129636186e-08,-2.4727455395778805e-05,-1.0008252169514069e-08,-409.68812979053735,-0.8419754799367458,-1048.4756563618155,3.519850671793417e-08
R,370,847.0263623882474,-4.245025683895381,-367.8132849929054,-0.5666925861758686,1048.2175783337163,-11.779945017442403,-847.0263623882474,4.245025683895381,367.8132849929054,0.5666925861758686,993.1461533769084,-11.779947528176958
R,209,0.00012778472325888655,0.0005947942320002137,430.90089989669366,-11.277671935165971,-918.3957331229063,0.00011003644886306495,-0.00012778472325888655,-0.0005947942320002137,-430.90089989669366,11.277671935165971,758.9624001611293,0.00011003741697701469
R,371,5.54290341436377e-12,5.484149802804868e-13,359.3286685580348,-11.277671935165975,-758.9624001611315,7.861817772948395e-13,-5.54290341436377e-12,-5.484149802804868e-13,-359.3286685580348,11.277671935165975,-455.56849956502424,1.0674608560532034e-12
R,372,-2.0816681711721685e-13,-1.5334576612739976e-15,1.6043526318453587,0.1466546801567635,449.40483585266634,-2.8941398580727783e-15,2.0816681711721685e-13,1.5334576612739976e-15,-1.6043526318453587,-0.1466546801567635,-455.42115822208643,-2.856326371704713e-15
R,373,-1.192755685885949e-06,-8.752430084310888e-09,-354.1287224167333,11.01782221048655,463.0054348887348,-1.64108011211388e-08,1.192755685885949e-06,8.752430084310888e-09,354.1287224167333,-11.01782221048655,864.977274174015,-1.6410811695027035e-08
R,374,8.945669205395745e-07,3.6924227417892952e-09,250.36068203875595,-1.9090451272536741,-623.4084117940696,9.231052903826558e-09,-8.945669205395745e-07,-3.6924227417892952e-09,-250.36068203875595,1.9090451272536741,-628.39499839971,9.231060805119918e-09
R,375,-6.203006858163107e-08,-3.5154094587225718e-09,-261.8990801816223,1.9264489718015056,628.2825194085447,-8.788519700808825e-09,6.203006858163107e-08,3.5154094587225718e-09,261.8990801816223,-1.9264489718015056,681.2128814995671,-8.788527592804033e-09
R,376,2.4456378172610368e-05,1.3968351208444003e-08,277.8900827848001,-2.0679317768697074,-667.5654764364971,2.4743001902614732e-08,-2.4456378172610368e-05,-1.3968351208444003e-08,-277.8900827848001,2.0679317768697074,-721.8849374875037,4.50987541396053e-08
R,377,847.0260050322509,-4.245025589070619,-256.63333333379035,2.2790794535144685,721.9814220193921,-11.779944749741924,-847.0260050322509,4.245025589070619,256.63333333379035,-2.2790794535144685,702.3335779831442,-11.77994726960001
R,210,0.0,-4.4503864113970695e-15,-18.905259978107203,19.8283401793763,-2.3522767659075186,-8.205635977865228e-15,0.0,4.4503864113970695e-15,18.905259978107203,-19.8283401793763,73.24700168380946,-8.483313064873766e-15
R,378,0.0,8.786897448667457e-16,20.072997267792623,-2.9379939067200356,-65.56151198898941,1.508704728120879e-15,0.0,-8.786897448667457e-16,-20.072997267792623,2.9379939067200356,-9.712227765232928,1.7863818151294175e-15
R,211,0.0,1.4402393957927292e-14,-64.51890607320115,-20.580064676011272,10.183554139108821,2.6321797155547297e-14,0.0,-1.4402393957927292e-14,64.51890607320115,20.580064676011272,231.76234363539524,2.7687180186679992e-14
R,379,0.0,-1.0281045700522812e-15,59.03979080849241,4.255479613331999,-215.8025745541645,-1.592946621500627e-15,0.0,1.0281045700522812e-15,-59.03979080849241,-4.255479613331999,-5.596640977682057,-2.2624455161954275e-15
R,212,1.8841479245061053e-05,214.17375167233968,-1.4161230199332982e-07,6.867538402348371,3.0194330176035953e-07,675.6764223819115,-1.8841479245061053e-05,-214.17375167233968,1.4161230199332982e-07,-6.867538402348371,3.0203316624119206e-07,237.77462850061713
R,380,3.585550491684345e-13,6.600768976976694,-6.407762384865062e-16,-3.316015736760426,2.1369462103492954e-15,-217.19456382460572,-3.585550491684345e-13,-6.600768976976694,6.407762384865062e-16,3.316015736760426,2.745768726917882e-15,267.4924234291681
R,381,-3.3558638672170382e-12,-228.52138878169427,-1.2622632344429287e-14,-0.9637389708531402,4.403388818517314e-14,-287.3207636085443,3.3558638672170382e-12,228.52138878169427,1.2622632344429287e-14,0.9637389708531402,-5.8630479756189916e-15,-403.7279160672989
R,382,-6.743786192751097e-05,-296.2935032863265,-1.583110778167488e-05,-0.9637389708531399,9.823459567541717e-06,403.72791606729845,6.743786192751097e-05,296.2935032863265,1.583110778167488e-05,0.9637389708531399,9.822945189516802e-06,-771.4281536456295
R,213,-9.151530647005432e-14,86.52941283661374,1.0608882497002345e-14,8.11661294159859,-2.314669233102772e-14,9.001354345955122,9.151530647005432e-14,-86.52941283661374,-1.0608882497002345e-14,-8.11661294159859,-2.2100191518687274e-14,360.04659140220247
R,383,1.5401480865358172e-07,-348.9633591200821,1.9469425704130963e-07,-7.843156139632295,-2.9058116661444055e-07,-384.88213569154607,-1.5401480865358172e-07,348.9633591200821,-1.9469425704130963e-07,7.843156139632295,-2.905811906538687e-07,-656.7734912818992
R,384,-9.918753049211253e-08,273.5261640482421,-5.2004010461922506e-08,1.5218259824625489,1.2051928718583048e-07,712.8633069668348,9.918753049211253e-08,-273.5261640482421,5.2004010461922506e-08,-1.5218259824625489,1.2051930130518033e-07,554.9304633967672
R,385,9.151530647005433e-14,-127.4533308150044,5.2105987915223226e-15,-6.163663712357918,-1.1328619593228762e-14,-532.1641293106708,-9.151530647005433e-14,127.4533308150044,-5.2105987915223226e-15,6.163663712357918,-1.0894584252613939e-14,-11.424326615322968
R,214,-4.6670156963162386e-08,11.900107230601595,7.462843783374315e-09,-0.5613337510727077,-2.705280869233264e-08,43.06457728288507,4.6670156963162386e-08,-11.900107230601595,-7.462843783374315e-09,0.5613337510727077,-2.7052808737131146e-08,43.211200138976494
R,386,-1.6377853251962848e-07,-0.7546079076341792,-5.1774278401498205e-09,0.5969889326999054,2.3039553904967082e-08,-5.134671919918818,1.6377853251962848e-07,0.7546079076341792,5.1774278401498205e-09,-0.5969889326999054,2.3039553872366313e-08,-1.5813384580253746
R,215,-6.945920132165444e-08,13.176368504217352,-1.5841573118884844e-10,-0.08089066716165068,5.742570197599556e-10,47.36792035898505,6.945920132165444e-08,-13.176368504217352,1.5841573118884844e-10,0.08089066716165068,5.742570313591955e-10,48.16075129659076
R,387,-1.5449821022247781e-07,-1.630460603064664,1.2304333606052552e-09,0.04336979786381332,-5.475428455189135e-09,-8.780625187785452,1.5449821022247781e-07,1.630460603064664,-1.2304333606052552e-09,-0.04336979786381332,-5.475428454197633e-09,-5.730474179490054
R,216,-9.151530647005432e-14,25.333479431939214,4.921954708558008e-15,-4.616380372884342,-1.0507912905376088e-14,-1.873771273034464,9.151530647005432e-14,-25.333479431939214,-4.921954708558008e-15,4.616380372884342,-1.0484223926623814e-14,109.92106105025519
R,388,0.0,-162.99104869863115,-1.8698268085159486e-14,0.9802606047975106,2.789780592178785e-14,-105.665581436923,0.0,162.99104869863115,1.8698268085159486e-14,-0.9802606047975106,2.791652431241322e-14,-380.86269892849106
R,389,8.420987747460229e-14,177.8956444378461,1.069310510289704e-15,-2.12795109858446,-2.4720996646603876e-15,389.6061508577819,-8.420987747460229e-14,-177.8956444378461,-1.069310510289704e-15,2.12795109858446,-2.4841545505323903e-15,434.9401611116346
R,390,0.0,-105.216722754674,-1.5759794874774342e-15,7.584276666648358,3.331225253905448e-15,-437.87815501835456,0.0,105.216722754674,1.5759794874774342e-15,-7.584276666648358,3.3903272601858076e-15,-10.871167530329899
R,217,-5.383624580617677e-14,9.149582864598322,-3.0430300703242576e-16,0.10732843276643664,1.101838804083911e-15,6.008447096810826,5.383624580617677e-14,-9.149582864598322,3.0430300703242576e-16,-0.10732843276643664,1.104357996901176e-15,60.32602867152701
R,391,-4.385536877469457e-14,-7.041748185378163,-1.6552050098995702e-17,-0.11247899116510333,7.416966080359746e-17,-58.836064750810436,4.385536877469457e-14,7.041748185378163,1.6552050098995702e-17,0.11247899116510333,7.314358507746427e-17,-3.8354940990551967
R,218,-5.383624580617677e-14,9.856712533861542,-2.0654339124643323e-08,-0.16159349621084568,7.487197864540785e-08,6.157360961641643,5.383624580617677e-14,-9.856712533861542,2.0654339124643323e-08,0.16159349621084568,7.487198000825625e-08,65.30380490885453
R,392,4.385536877469457e-14,-7.667657086868101,-1.3705889029940568e-08,0.09648453188826364,6.099120635817417e-08,-63.895136842741934,-4.385536877469457e-14,7.667657086868101,1.3705889029940568e-08,-0.09648453188826364,6.099120600829685e-08,-4.3470112303841475
R,219,-4.032342384512358e-05,65.98025159457401,1.2660475432779528e-05,0.5426260616708206,-9.144276930743647e-06,77.0512847452399,4.032342384512358e-05,-65.98025159457401,-1.2660475432779528e-05,-0.5426260616708206,-9.213412446786666e-06,18.620080066892417
R,393,-1.1094885256834947e-05,-4.27147888186353,-4.676806366056528e-07,0.5426260616708207,1.339272416053894e-06,-18.620080066892413,1.1094885256834947e-05,4.27147888186353,4.676806366056528e-07,-0.5426260616708207,1.3732752762588922e-06,-6.154497447916059
R,394,1.3018358076690106e-05,-13.73051671439206,7.111676694412316e-07,-1.1820037435959299,-1.7581607861151078e-06,-37.33607128178285,-1.3018358076690106e-05,13.73051671439206,-7.111676694412316e-07,1.1820037435959299,-1.79767756109105e-06,-31.31651229017745
R,395,-4.5436618819598335e-06,2.142586388282194,-6.524410842625812e-07,0.9150889828416046,1.2584697235296902e-06,10.070520431120382,4.5436618819598335e-06,-2.142586388282194,6.524410842625812e-07,-0.9150889828416046,1.2860505050943758e-06,-1.7144335168198275
R,220,-2.6183347712975788e-06,7.592540272623587e-09,-2.0241370801257044,0.004388230040700157,10.150671195961264,3.8012407345149744e-08,2.6183347712975788e-06,-7.592540272623587e-09,2.0241370801257044,-0.004388230040700157,10.090699605295777,3.791299538108612e-08
R,221,1.5430584283354404e-06,4.504771202354349e-10,13.132701784669917,-0.011042115446726364,-73.46842875472598,2.2523045116772603e-09,-1.5430584283354404e-06,-4.504771202354349e-10,-13.132701784669917,0.011042115446726364,-57.85858909197319,2.252466690677089e-09
R,222,-1.291092630545313e-07,-1.1600905023002005e-08,-0.7330736089467437,0.13406069003104204,1.8126174551217407,-5.803938315369618e-08,1.291092630545313e-07,1.1600905023002005e-08,0.7330736089467437,-0.13406069003104204,5.518118634345695,-5.796966707632387e-08
R,223,8.374674589891142e-08,4.599442268056453,-7.71509223181147e-09,0.4626099047775706,2.7965438759176347e-08,17.475095654718878,-8.374674589891142e-08,-4.599442268056453,7.71509223181147e-09,-0.4626099047775706,2.7968979921456816e-08,15.870860788690408
R,224,-3.11291185563641e-08,-1.2768173250111186,-1.1020100954343807e-08,-0.2876930561521731,4.903933057914009e-08,-6.072668937591391,3.11291185563641e-08,1.2768173250111186,1.1020100954343807e-08,0.2876930561521731,4.9039567914519767e-08,-5.291005255007562
R,225,-2.664453205615529e-06,15.792228975028417,6.227395020196592e-08,0.11082714495765614,-2.258669233038043e-07,57.68117316401262,2.664453205615529e-06,-15.792228975028417,-6.227395020196592e-08,-0.11082714495765614,-2.2561921566044868e-07,56.812486904943405
R,226,-3.7990191317785423e-06,-9.268835805742226,-2.624778061674097e-08,-0.06999023685777009,1.1673303801226566e-07,-38.81987423453488,3.7990191317785423e-06,9.268835805742226,2.624778061674097e-08,0.06999023685777009,1.1687220947672896e-07,-43.67276443657091
R,227,3.934507407377108e-07,-4.605313548128498e-09,-26.62926181668057,-1.2065726213903671,100.15758421884138,-2.2935603792790126e-08,-3.934507407377108e-07,4.605313548128498e-09,26.62926181668057,1.2065726213903671,166.1350339479643,-2.311753168849485e-08
R,396,-7.869014814754216e-07,3.61875682395608e-08,244.97353459394617,2.0937371440219,-559.7072580874574,9.028699278166958e-08,7.869014814754216e-07,-3.61875682395608e-08,-244.97353459394617,-2.0937371440219,-665.1604148822734,9.065084841613441e-08
R,397,-6.270084852928222e-13,-2.0799736872326605e-14,-164.72384851390674,-74.48400756710107,663.7733411538841,-2.571771894800146e-14,6.270084852928222e-13,2.0799736872326605e-14,164.72384851390674,74.48400756710107,-253.61095835425658,-2.607362586409175e-14
R,398,-5.326759327453331e-06,-5.58370182819535e-08,-493.31165885589667,74.20052949507624,276.5167546540859,-6.97130526415637e-08,5.326759327453331e-06,5.58370182819535e-08,493.31165885589667,-74.20052949507624,961.6955090742155,-7.043786324613968e-08
R,399,2.6740331823815744e-06,6.7358142928671226e-09,173.4555284167142,2.751250697931154,-416.0335428813647,1.6657608114618113e-08,-2.6740331823815744e-06,-6.7358142928671226e-09,-173.4555284167142,-2.751250697931154,-451.2440992022063,1.70214633497175e-08
R,400,-2.44397346110814e-06,-1.813085917706473e-09,-207.70748516353262,-2.5462855984876107,451.0593322207445,-4.350787178574668e-09,2.44397346110814e-06,1.813085917706473e-09,207.70748516353262,2.5462855984876107,587.4780935969185,-4.7146424099576975e-09
R,401,2.44397346110814e-06,1.376525797262956e-09,168.64045101743588,2.8175474137316723,-359.8219106201268,3.2593209798801776e-09,-2.44397346110814e-06,-1.376525797262956e-09,-168.64045101743588,-2.8175474137316723,-483.3803444670525,3.6233080064346026e-09
R,402,2.8172152111149984e-08,-3.0504215494589276e-05,-213.68265187359253,-2.923598017729675,483.88701182976274,-7.626080278433883e-05,-2.8172152111149984e-08,3.0504215494589276e-05,213.68265187359253,2.923598017729675,584.5262475381999,-7.626027468860753e-05
R,403,-1.4026576775072463e-06,3.0511521751938982e-05,-48.156391256131116,-0.00281650911346249,103.64884106610248,7.627925048717643e-05,1.4026576775072463e-06,-3.0511521751938982e-05,48.156391256131116,0.00281650911346249,137.13311521455307,7.627835827251848e-05
R,228,1.0446495231353214e-06,4.235993447641997e-10,-20.806963103305044,0.0945898777882349,68.19382675450743,2.1179334111045703e-09,-1.0446495231353214e-06,-4.235993447641997e-10,20.806963103305044,-0.0945898777882349,139.875804278543,2.1180600365374267e-09
R,404,-1.4098481757041093e-06,-7.3300642582837654e-09,305.4841754086128,0.2910273222403454,-638.5490600323765,-1.8507088321720262e-08,1.4098481757041093e-06,7.3300642582837654e-09,-305.4841754086128,-0.2910273222403454,-888.8718170106876,-1.8143232969698565e-08
R,405,-2.1949326731163232e-06,4.09998951897619e-09,-374.0766308667694,-0.5365678934759883,890.5551789057287,1.0431901474451882e-08,2.1949326731163232e-06,-4.09998951897619e-09,374.0766308667694,0.5365678934759883,979.8279754281181,1.006804612042907e-08
R,406,2.1949323608660976e-06,-4.536615856154714e-09,317.4032295615315,0.6123224076762503,-728.3731259993061,-1.1523467311823655e-08,-2.1949323608660976e-06,4.536615856154714e-09,-317.4032295615315,-0.6123224076762503,-858.6430218083511,-1.1159611968949914e-08
R,407,-1.1110581205064918e-06,3.860630801993868e-09,-373.06918124438,-0.6542753268816667,858.792974489224,9.83344284238641e-09,1.1110581205064918e-06,-3.860630801993868e-09,373.06918124438,0.6542753268816667,1006.552931732676,9.46971116758293e-09
R,408,1.1110581205064918e-06,-4.297108750866964e-09,342.2460740092488,0.6349413709388408,-818.9646215928202,-1.0924637708994615e-08,-1.1110581205064918e-06,4.297108750866964e-09,-342.2460740092488,-0.6349413709388408,-892.2657484534237,-1.0560906045340205e-08
R,409,-3.4706859261546263e-06,6.221245612690617e-09,-346.2389747244853,-0.5726828464697254,891.7300937845605,1.573498008124651e-08,3.4706859261546263e-06,-6.221245612690617e-09,346.2389747244853,0.5726828464697254,839.4647798378658,1.5371247982206576e-08
R,410,1.740605160005515e-06,-3.0138760803145555e-10,-12.258419251316386,-0.007944817986067306,-45.891100877214086,-7.534691101288291e-10,-1.740605160005515e-06,3.0138760803145555e-10,12.258419251316386,0.007944817986067306,107.18319713379601,-7.534689300284487e-10
R,229,2.3684568369042314e-06,-9.698904918867623e-10,-9.887229810904723,-0.10933926965419312,-4.939376517374683,-4.849452656829546e-09,-2.3684568369042314e-06,9.698904918867623e-10,9.887229810904723,0.10933926965419312,103.8116746264219,-4.849452262038077e-09
R,411,-6.728817503187656e-07,4.210983729415251e-09,207.56983522761868,-1.9840744134806247,-429.28613327151976,1.0345531630088988e-08,6.728817503187656e-07,-4.210983729415251e-09,-207.56983522761868,1.9840744134806247,-608.5630428665735,1.0709387016987267e-08
R,412,-2.0258957011964895e-06,1.2090382511186402e-09,-255.64197169999625,2.087267234929129,608.2667546999226,3.2045232993764082e-09,2.0258957011964895e-06,-1.2090382511186402e-09,255.64197169999625,-2.087267234929129,669.9431038000587,2.840667956216793e-09
R,413,2.02599749477006e-06,-1.6456652081855207e-09,204.1562838829177,-1.8145445586187312,-440.9487728412671,-4.296090703907365e-09,-2.02599749477006e-06,1.6456652081855207e-09,-204.1562838829177,1.8145445586187312,-579.8326465733214,-3.932235337020239e-09
R,414,0.003539383651787742,1.6902708374953403e-09,-258.5322328309237,1.8402959987583507,579.8674608739103,4.426697197926271e-09,-0.003539383651787742,-1.6902708374953403e-09,258.5322328309237,-1.8402959987583507,712.7937032807082,4.02465698955043e-09
R,415,-0.0035393835499941684,-2.1726521804265515e-09,220.3748011172343,-2.19372800225107,-522.0219261600573,-5.632716565760077e-09,0.0035393835499941684,2.1726521804265515e-09,-220.3748011172343,2.19372800225107,-579.8520794261142,-5.230544336372681e-09
R,416,0.0035326561894505337,-3.055837415580079e-05,-243.25425576550325,2.403137508026716,579.8810667322671,-7.6395403356393e-05,-0.0035326561894505337,3.055837415580079e-05,243.25425576550325,-2.403137508026716,636.3902120952491,-7.639646742261094e-05
R,417,1.3773413659601275e-06,3.056024615198604e-05,-40.536168854106826,-0.18448792465796438,88.41010349827651,7.640014243088695e-05,-1.3773413659601275e-06,-3.056024615198604e-05,40.536168854106826,0.18448792465796438,114.27074077225762,7.640108832904326e-05
R,230,-3.142179440539159e-08,-1.3720521649762384e-08,56.37599167077316,-8.071230164609963,-207.31807152022523,-5.1383353537521034e-08,3.142179440539159e-08,1.3720521649762384e-08,-56.37599167077316,8.071230164609963,-214.9381060938657,-5.1383353619199204e-08
R,231,1.3646551561188783e-07,4.77956892984569,-5.520777360113337e-09,-0.1110017093084691,2.0236026260933742e-08,17.183373367399334,-1.3646551561188783e-07,-4.77956892984569,5.520777360113337e-09,0.1110017093084691,1.978960959988795e-08,17.468501373981912
R,418,-1.5325631388951603e-08,1.4168497439112198,-1.5118238039205588e-08,1.0312515781878597,6.727603323796092e-08,5.898034733128526,1.5325631388951603e-08,-1.4168497439112198,1.5118238039205588e-08,-1.0312515781878597,6.727628531096879e-08,6.711927987681326
R,232,2.0841778195520846e-06,42.212809884921626,5.600219675552757e-09,-0.23906671907213298,-2.0300796601647134e-08,183.8914069823858,-2.0841778195520846e-06,-42.212809884921626,-5.600219675552757e-09,0.23906671907213298,-2.030079604611035e-08,122.15146468329601
R,419,-4.502593654311277e-07,-7.800481325652491,-3.100253537944123e-09,0.3533439525923941,1.3796128280397483e-08,-39.07852186104251,4.502593654311277e-07,7.800481325652491,3.100253537944123e-09,-0.3533439525923941,1.3796128207305202e-08,-30.34576193726464
R,233,5.398673426407878e-07,7.9139640106097495,4.392312778695149e-09,-0.8822604463422791,-1.5922133772123188e-08,29.82567277198777,-5.398673426407878e-07,-7.9139640106097495,-4.392312778695149e-09,0.8822604463422791,-1.5922133873416645e-08,27.550566304932914
R,420,-1.1278679886107175e-07,-2.968876761888761,1.0122831287950454e-09,-0.04395056659691448,-4.504659909433148e-09,-14.19242479634894,1.1278679886107175e-07,2.968876761888761,-1.0122831287950454e-09,0.04395056659691448,-4.504659936842754e-09,-12.230578384461024
R,234,2.7172617604263346e-07,6.845215169829993,1.1561925443301981e-08,0.05746368733369861,-4.191205549088857e-08,23.00887659502045,-2.7172617604263346e-07,-6.845215169829993,-1.1561925443301981e-08,-0.05746368733369861,-4.19119039730508e-08,26.618933386247004
R,421,-8.377713024714291e-08,-4.01777594417231,1.6071295534335786e-05,0.1704514695511072,-7.151724599743867e-05,-18.202761365666795,8.377713024714291e-08,4.01777594417231,-1.6071295534335786e-05,-0.1704514695511072,-7.151728425814979e-05,-17.555444537466766
R,235,0.001461253448657311,12.3480519040048,-2.9464161240080147e-08,1.2096642381240372,1.0735437965943223e-07,44.96244026668813,-0.001461253448657311,-12.3480519040048,2.9464161240080147e-08,-1.2096642381240372,1.0626078933114884e-07,44.56093603734667
R,422,-0.0011924225722652847,-2.854736158842857,1.6051692324617888e-05,-0.9656293410343856,-7.142968118058446e-05,-11.598712435008673,0.0011924225722652847,2.854736158842857,-1.6051692324617888e-05,0.9656293410343856,-7.143038050851471e-05,-13.808439378692748
R,236,-1.513931760127787e-08,8.456255477564355,-2.6168162787933586e-09,-0.13271659725850032,9.485802549912792e-09,30.793562926139025,1.513931760127787e-08,-8.456255477564355,2.6168162787933586e-09,0.13271659725850032,9.486115471339059e-09,30.514289286202548
R,423,-1.308961059276283e-07,0.6108019944565459,1.6049724951093444e-05,0.19759248072127825,-7.14213987269406e-05,2.109075671167834,1.308961059276283e-07,-0.6108019944565459,-1.6049724951093444e-05,-0.19759248072127825,-7.142115333779102e-05,3.3270620794954233
R,237,1.911250426354415e-06,-279.8270565235483,-9.335046071493619e-08,12.024240725866466,1.9266818523599574e-07,-277.9433151646204,-1.911250426354415e-06,279.8270565235483,9.335046071493619e-08,-12.024240725866466,1.9193571290954135e-07,-874.9441577123987
R,238,0.0,18.535476315752398,2.627562675836489e-15,1.3870737283898726,-9.62953787290951e-15,76.57774471112302,0.0,-18.535476315752398,-2.627562675836489e-15,-1.3870737283898726,-9.420291526905034e-15,57.80445857808185
R,424,0.0,-6.8593488776152025,-1.2838628411482305e-16,-0.29628816665116586,5.904485848051326e-16,-56.97686336236555,0.0,6.8593488776152025,1.2838628411482305e-16,0.29628816665116586,5.521893438167923e-16,-4.071341648409742
R,239,0.0,8.179340080246792,2.5650534572414933e-15,0.18476698146172954,-9.313740623746975e-15,5.297536296418784,0.0,-8.179340080246792,-2.5650534572414933e-15,-0.18476698146172954,-9.282896941253853e-15,54.002679285370455
R,425,-2.1927684387347285e-14,-6.336058663841531,4.633466768199502e-13,0.03481430058884127,-2.061890998748435e-12,-52.73608155081252,2.1927684387347285e-14,6.336058663841531,-4.633466768199502e-13,-0.03481430058884127,-2.0618944249491207e-12,-3.654840557377092
R,240,8.862763990921283e-06,-160.48416879941755,-1.2777462668754343e-07,22.905796299829152,2.631894584237338e-07,-512.5102383914233,-8.862763990921283e-06,160.48416879941755,1.2777462668754343e-07,-22.905796299829152,2.632420035289452e-07,-148.68453706217704
R,241,6.191168267710328e-13,9.257052931028458,-6.429326940227362e-14,-0.5066673627103272,3.1384848922319615e-13,5.741145431461348,-6.191168267710328e-13,-9.257052931028458,6.429326940227362e-14,0.5066673627103272,1.5227771394328762e-13,61.37248831849497
R,426,-5.043367409089876e-13,-7.276598832737555,8.809667595863117e-13,0.028987306152937483,-3.986234030292586e-12,-60.16486410108644,5.043367409089876e-13,7.276598832737555,-8.809667595863117e-13,-0.028987306152937483,-3.854370130025586e-12,-4.596865510277794
R,242,-5.8979586966355926e-06,-92.62760648656172,-5.678757914343058e-07,13.790683942064796,6.971899189086428e-07,-228.30391731595796,5.8979586966355926e-06,92.62760648656172,5.678757914343058e-07,-13.790683942064796,6.997845280197496e-07,0.4400053590161406
R,243,0.0,-97.52416943405292,-2.3154585361231176e-13,0.8512254634698212,2.846691801660111e-13,-239.00643504270863,0.0,97.52416943405292,2.3154585361231176e-13,-0.8512254634698212,2.8493361972027584e-13,-0.9030217650615668
R,244,-7.048378014370497e-06,-93.34965405688445,5.300733594799179e-09,-18.25214725714616,-7.817206216057512e-09,-230.1031653859811,7.048378014370497e-06,93.34965405688445,-5.300733594799179e-09,18.25214725714616,-5.222598427148469e-09,0.463016406045341
R,245,0.0,1.9286940208980425e-17,14.990441040937108,-0.44000535901634935,-13.790683942064778,6.943298475232952e-17,0.0,-1.9286940208980425e-17,-14.990441040937108,0.44000535901634935,-61.16152126262077,2.7001716292572592e-17
R,246,0.0,-8.563401452787309e-17,-15.71248861125942,0.4630164060455895,60.31029579915095,-2.1344213831271668e-16,0.0,8.563401452787309e-17,15.71248861125942,-0.4630164060455895,18.252147257146156,-2.147279343266487e-16
R,247,7.245825509716037e-06,-57.92945142283596,-3.253042727946665e-07,7.476346238219803,4.0077617947390247e-07,-143.00730669205964,-7.245825509716037e-06,57.92945142283596,3.253042727946665e-07,-7.476346238219803,3.9947233160097697e-07,0.5008561918831589
R,248,-1.2693098604708344e-12,-49.36054056028878,2.021782944950579e-14,1.9612543483940041,-2.6940045902529105e-14,-120.92607358642684,1.2693098604708344e-12,49.36054056028878,-2.021782944950579e-14,-1.9612543483940041,-2.279581454325514e-14,-0.500856191883571
R,249,0.0,8.039141443494387e-15,4.2898184484608635,-0.500856191883416,-7.476346238219823,8.92476616896243e-15,0.0,-8.039141443494387e-15,-4.2898184484608635,0.500856191883416,-1.9612543483940734,8.761345006725216e-15
R,250,2.1534498322470708e-13,16.776666897033287,-6.559563392452766e-15,-1.08241046716938,2.446819967353904e-14,110.88240815196306,-2.1534498322470708e-13,-16.776666897033287,6.559563392452766e-15,1.08241046716938,2.3088634921743514e-14,10.748426851528286
R,251,2.860628906084059e-07,-275.54576036909674,-6.622253447692375e-08,-1.6451131074770802,1.36807428243781e-07,-860.0755592318205,-2.860628906084059e-07,275.54576036909674,6.622253447692375e-08,1.6451131074770802,1.3602941380114485e-07,-275.172973488858
R,252,-6.621220562122038e-08,-289.5863279290172,-2.189341398310604e-08,-1.2039053243399527,4.548943997476793e-08,-903.0417211998924,6.621220562122038e-08,289.5863279290172,2.189341398310604e-08,1.2039053243399527,4.4711425635628945e-08,-290.0539498676585
R,253,-2.6828539390066908e-09,-3.6379379614539585e-10,-6.806382847680711,-0.40476178149238967,34.113668743169335,-1.8189689412775364e-09,2.6828539390066908e-09,3.6379379614539585e-10,6.806382847680711,0.40476178149238967,33.95015973363777,-1.818969020176422e-09
R,254,-1.2769158279765834e-05,-1.7075350801428503e-08,539.2869826259939,-2.6744765587103525,-1287.2686328652064,-2.2124838390917057e-08,1.2769158279765834e-05,1.7075350801428503e-08,-539.2869826259939,2.6744765587103525,-87.91317283107662,-2.1417306152725573e-08
R,427,2.4604053488463696e-05,-1.6601221869934139e-07,314.3674072893414,1.6350218117131632,88.74503164125872,-2.033614714223857e-07,-2.4604053488463696e-05,1.6601221869934139e-07,-314.3674072893414,-1.6350218117131632,-858.945179500146,-2.0336846439100125e-07
R,255,-1.7189460639202425e-05,-4.6732746293831624e-08,713.5270465861428,0.8879169304266068,-1680.7917218923071,-5.993801693886071e-08,1.7189460639202425e-05,4.6732746293831624e-08,-713.5270465861428,-0.8879169304266068,-138.7022469023551,-5.923048611040979e-08
R,428,3.123704611300709e-05,1.1970179779605006e-07,391.8501228900644,-0.46611039354476846,136.74128881433467,1.4663819866196797e-07,-3.123704611300709e-05,-1.1970179779605006e-07,-391.8501228900644,0.46611039354476846,-1096.7740898949937,1.4663120593835502e-07
R,256,-1.2813730468842697e-05,-6.307946452704905e-08,512.6010017828639,3.695291094195202,-1239.7086343801475,-8.078008225035417e-08,1.2813730468842697e-05,6.307946452704905e-08,-512.6010017828639,-3.695291094195202,-67.42392016615418,-8.007255229362072e-08
R,429,2.4044748335251722e-05,2.938750205130986e-07,315.2527740655935,-2.3867615443806316,68.55301944399446,3.6000039641135456e-07,-2.4044748335251722e-05,-2.938750205130986e-07,-315.2527740655935,2.3867615443806316,-840.9223159046994,3.599934038457379e-07
R,257,-1.0767249161235354e-13,2.753646329769618,1.3622331560802759e-15,-1.1290992778385454,-4.995453591611856e-15,6.082052638575832,1.0767249161235354e-13,-2.753646329769618,-1.3622331560802759e-15,1.1290992778385454,-4.880736789970144e-15,13.8818832522539
R,430,8.771073754938914e-14,-1.891837561652363,-3.1484753874918375e-15,0.8318588101826291,1.3934949366570554e-14,-12.527855928282515,-8.771073754938914e-14,1.891837561652363,3.1484753874918375e-15,-0.8318588101826291,1.4086481582106794e-14,-4.309498370423513
R,258,-9.813845856655112e-07,46.5106244112757,2.9597210898256392e-08,-1.0404697592660035,-1.07289889662661e-07,162.26693766137976,9.813845856655112e-07,-46.5106244112757,-2.9597210898256392e-08,1.0404697592660035,-1.0728988934969784e-07,174.93508932036906
R,431,-1.3114062153623163e-06,-22.402484766149968,-1.4750881080369839e-08,0.7990121125399532,6.564142059820586e-08,-108.18758272108941,1.3114062153623163e-06,22.402484766149968,1.4750881080369839e-08,-0.7990121125399532,6.564142101708566e-08,-91.19453169764523
R,259,-4.145090520824013e-06,8.66191712015188e-10,-0.42261504589667426,-0.14585607101137504,-97.30740329737819,4.33095766843612e-09,4.145090520824013e-06,-8.66191712015188e-10,0.42261504589667426,0.14585607101137504,101.53355375634493,4.33095945171576e-09
R,432,3.7382746898018127e-06,-7.06672797766873e-09,223.93925667159021,-1.7981067153221835,-417.74787984828833,-1.766510669699388e-08,-3.7382746898018127e-06,7.06672797766873e-09,-223.93925667159021,1.7981067153221835,-701.9484035096627,-1.766853319134977e-08
R,433,2.775070173655081e-06,5.4376839766480335e-09,-289.4469724777861,1.8404255392052449,701.6632788081444,1.3592496737609055e-08,-2.775070173655081e-06,-5.4376839766480335e-09,289.4469724777861,-1.8404255392052449,745.5715835807862,1.3595923145631113e-08
R,434,-2.775070173655081e-06,-5.4335624329578935e-09,231.1109049306041,-1.7964809757523375,-526.2301880507869,-1.3582192872952106e-08,2.775070173655081e-06,5.4335624329578935e-09,-231.1109049306041,1.7964809757523375,-629.3243366022336,-1.3585619291837361e-08
R,435,2.0651680365801894e-06,6.1593162174963066e-09,-280.1696393526424,1.750956519853935,629.3580586763896,1.539657734001561e-08,-2.0651680365801894e-06,-6.1593162174963066e-09,280.1696393526424,-1.750956519853935,771.4901380868224,1.540000374746592e-08
R,436,-2.0651680365801894e-06,-6.1552171650847205e-09,261.939298428427,-2.087256613373151,-623.3755574904794,-1.5386329718134602e-08,2.0651680365801894e-06,6.1552171650847205e-09,-261.939298428427,2.087256613373151,-686.3209346516556,-1.5389756107289e-08
R,437,7.351766695418149e-06,2.6778770326303525e-09,-251.67620936779224,2.2164549972160095,686.2671318000481,6.692979435597197e-09,-7.351766695418149e-06,-2.6778770326303525e-09,251.67620936779224,-2.2164549972160095,572.1139150389129,6.696405727554565e-09
R,438,-1.6441797923150148e-05,-9.060655496224667e-10,-94.80003577733878,0.038449012296431856,-7.752908090697645,-2.265163990978477e-09,1.6441797923150148e-05,9.060655496224667e-10,94.80003577733878,-0.038449012296431856,481.7530869773915,-2.2651637571338563e-09
R,439,1.7823585744569024e-05,-1.3302491856767475e-08,532.5232703954308,-3.318703446593711,-1152.3774632115758,-1.695731744764041e-08,-1.7823585744569024e-05,1.3302491856767475e-08,-532.5232703954308,3.318703446593711,-205.5568762967713,-1.696403678711661e-08
R,440,-2.4604043292537958e-05,1.660121080772119e-07,240.7546389928411,2.6987840138266095,207.52357443303288,2.0336133597760688e-07,2.4604043292537958e-05,-1.660121080772119e-07,-240.7546389928411,-2.6987840138266095,-797.3724399654943,2.0336832881156283e-07
R,260,-9.50077017058959e-06,6.8198455893246605e-06,-11.131089020058738,-0.08522156342333921,-14.350839563788526,3.409695874770028e-05,9.50077017058959e-06,-6.8198455893246605e-06,11.131089020058738,0.08522156342333921,125.6617297643759,3.4101497145546326e-05
R,441,5.89159221409119e-06,5.961713391213127e-09,295.1608807665543,0.17017856497622103,-567.1989716552296,1.490596719846808e-08,-5.89159221409119e-06,-5.961713391213127e-09,-295.1608807665543,-0.17017856497622103,-908.605432177542,1.4902599757597556e-08
R,442,2.4422439071081214e-06,-8.364187622883887e-09,-382.98354974601835,-0.02967161303383523,909.6803207521214,-2.091218229695495e-08,-2.4422439071081214e-06,8.364187622883887e-09,382.98354974601835,0.02967161303383523,1005.2374279779704,-2.0908755817464486e-08
R,443,-2.4422439071081214e-06,8.368313756217817e-09,352.42532597187386,-0.8822276402803068,-821.1268912760806,2.092249763486375e-08,2.4422439071081214e-06,-8.368313756217817e-09,-352.42532597187386,0.8822276402803068,-940.9997385832885,2.0919071146225332e-08
R,444,2.0574592030087047e-06,-8.802236315509487e-09,-404.3457742515609,0.8861040069596787,940.907677963118,-2.2007303958194038e-08,-2.0574592030087047e-06,8.802236315509487e-09,404.3457742515609,-0.8861040069596787,1080.8211932946865,-2.2003877619353396e-08
R,445,-2.0574592030087047e-06,8.806330780335573e-09,388.09455521174897,-0.22998060154444996,-935.0869785075952,2.2017540127406095e-08,2.0574592030087047e-06,-8.806330780335573e-09,-388.09455521174897,0.22998060154444996,-1005.3857975511495,2.2014113774271772e-08
R,446,9.907070164238974e-06,-5.906975231140696e-09,-363.4608614025358,0.053846854038524766,1005.0272424070007,-1.4769151305876154e-08,-9.907070164238974e-06,5.906975231140696e-09,363.4608614025358,-0.053846854038524766,812.2770646056782,-1.4765724849827328e-08
R,447,-2.1974292385706917e-05,-2.5880390943257004e-10,-113.74062589713776,0.009885375098140694,-45.462147662994596,-6.470096680940594e-10,2.1974292385706917e-05,2.5880390943257004e-10,113.74062589713776,-0.009885375098140694,614.1652771486835,-6.470098790687908e-10
R,448,2.366121024600852e-05,4.653562575114546e-08,712.172607403849,0.9084600099908124,-1508.3362354788246,5.9336281735634545e-08,-2.366121024600852e-05,-4.653562575114546e-08,-712.172607403849,-0.9084600099908124,-307.70391340098854,5.9329563929786245e-08
R,449,-3.1237038466062786e-05,-1.197018321465884e-07,288.9774433776752,-0.5561828996928564,303.04554188553175,-1.4663824074112446e-07,3.1237038466062786e-05,1.197018321465884e-07,-288.9774433776752,0.5561828996928564,-1011.0402781608368,-1.4663124801801746e-07
R,261,-2.2389415321732997e-06,-1.6700009273248293e-09,-23.29647303979013,0.25978583231801194,63.32197118141186,-8.350861208041183e-09,2.2389415321732997e-06,1.6700009273248293e-09,23.29647303979013,-0.25978583231801194,169.64275921648942,-8.34914806520711e-09
R,450,4.477880566344794e-06,1.336617795162391e-08,247.56559654932659,1.7164226922794117,-504.18610390713434,3.3417158274892e-08,-4.477880566344794e-06,-1.336617795162391e-08,-247.56559654932659,-1.7164226922794117,-733.6418788394985,3.3413731483227546e-08
R,451,1.0325465482630136e-06,1.0367091580896984e-07,-308.9005170437241,-5.708408922219456,732.8521149664375,2.5917557598508493e-07,-1.0325465482630136e-06,-1.0367091580896984e-07,308.9005170437241,5.708408922219456,811.650470252183,2.5917900305976427e-07
R,452,-1.0325465482630136e-06,-1.0366680339551137e-07,334.8866839195903,3.90840077847631,-747.8817879601256,-2.5916529519214433e-07,1.0325465482630136e-06,1.0366680339551137e-07,-334.8866839195903,-3.90840077847631,-926.551631637826,-2.591687217854125e-07
R,453,3.277925431088846e-06,1.0933622245822053e-07,-390.0490398634778,-4.066364497846109,926.6099701838405,2.733388427357113e-07,-3.277925431088846e-06,-1.0933622245822053e-07,390.0490398634778,4.066364497846109,1023.6352291335484,2.7334226955539136e-07
R,454,-3.2779229330870407e-06,-1.0933211365637502e-07,321.2661002859815,5.651125214636206,-773.690527014802,-2.733285710009622e-07,3.2779229330870407e-06,1.0933211365637502e-07,-321.2661002859815,-5.651125214636206,-832.6399744151054,-2.733319972809129e-07
R,455,7.97494570381474e-06,-9.962991375199188e-09,-310.04650090351424,-1.6994554168411231,833.0523324108617,-2.490919145333241e-08,-7.97494570381474e-06,9.962991375199188e-09,310.04650090351424,1.6994554168411231,717.1801721067093,-2.490576542266353e-08
R,456,-1.6732695229393357e-05,5.344200422086691e-10,-73.63668240052522,-0.01941907261038751,-80.20825143988344,1.3360503430826507e-09,1.6732695229393357e-05,-5.344200422086691e-10,73.63668240052522,0.01941907261038751,448.3916634425095,1.3360498679606948e-09
R,457,1.717205299524867e-05,7.11324104449157e-08,505.15137742821537,4.5709938935419165,-1098.3938178017488,9.069718175438573e-08,-1.717205299524867e-05,-7.11324104449157e-08,-505.15137742821537,-4.5709938935419165,-189.742194640199,9.069046488014909e-08
R,458,-2.4044740688307423e-05,-2.938750549110432e-07,238.70241605697763,-3.5233628249840243,192.43386801938834,-3.6000043856807344e-07,2.4044740688307423e-05,2.938750549110432e-07,-238.70241605697763,3.5233628249840243,-777.2547873589842,-3.599934459639832e-07
R,262,-0.0026137743525590546,3.2015012493398287,1.1469046477981841e-07,0.289504320665978,-4.1019067996650035e-07,15.940043953946894,0.0026137743525590546,-3.2015012493398287,-1.1469046477981841e-07,-0.289504320665978,-4.213151896871832e-07,7.270840103766865
R,459,0.002129203961843416,-1.352419126968302,-3.579322799886013e-08,1.3137925970979083,1.5474710495639505e-07,-9.841813739898218,-0.002129203961843416,1.352419126968302,3.579322799886013e-08,-1.3137925970979083,1.6381262423346001e-07,-2.1947164901196663
R,263,3.5461805905538704e-07,21.213712663248174,-1.1874692609628179e-08,-0.46686648781747314,4.304579677703237e-08,73.01123750397078,-3.5461805905538704e-07,-21.213712663248174,1.1874692609628179e-08,0.46686648781747314,4.304572464277192e-08,80.78817930457848
R,460,5.082895130073883e-07,-10.094667933217341,9.77207024069532e-09,0.23795744001474514,-4.3485742059546906e-08,-49.922084176157284,-5.082895130073883e-07,10.094667933217341,-9.77207024069532e-09,-0.23795744001474514,-4.348568308264141e-08,-39.920460429477025
R,264,-5.365666101086636e-06,37.40439570709442,1.1834087190048256e-08,0.6016492904000722,-4.289856601555643e-08,180.9503822847606,5.365666101086636e-06,-37.40439570709442,-1.1834087190048256e-08,-0.6016492904000722,-4.289856611229343e-08,90.23148659167396
R,461,5.384625329888034e-07,-8.115596016266275,1.5084643003908415e-09,0.1871438719431192,-6.712666099622069e-09,-42.06841125407624,-5.384625329888034e-07,8.115596016266275,-1.5084643003908415e-09,-0.1871438719431192,-6.712666173856417e-09,-30.16039329069359
R,265,-5.657971720451138e-06,40.062530272237645,-1.0251996845698341e-08,-0.5397530617949825,3.716348884465162e-08,192.5148074537011,5.657971720451138e-06,-40.062530272237645,1.0251996845698341e-08,0.5397530617949825,3.7163488286661364e-08,97.93853702002181
R,462,5.837058364744796e-07,-9.311718633545803,3.268912820263691e-11,0.013435871129085711,-1.4546665247960728e-10,-47.870733425770105,-5.837058364744796e-07,9.311718633545803,-3.268912820263691e-11,-0.013435871129085711,-1.4546658852386114e-10,-35.00356241278752
R,266,1.942534495327296e-07,14.314369684468527,1.6221005870025298e-08,0.45058670495722813,-5.880114621575235e-08,49.98569410731294,-1.942534495327296e-07,-14.314369684468527,-1.6221005870025298e-08,-0.45058670495722813,-5.880114634193106e-08,53.793486105083886
R,463,3.349271351833195e-07,-4.765937045888833,-1.1601353459654511e-08,-0.7724811733846566,5.162602296341554e-08,-24.677882197939862,-3.349271351833195e-07,4.765937045888833,1.1601353459654511e-08,0.7724811733846566,5.162602282750958e-08,-17.73895751047074
R,267,1.5626379500710933e-07,12.626463439374243,-2.7793881543505105e-08,-1.0201782682073415,1.0075282049636603e-07,44.21626214567607,-1.5626379500710933e-07,-12.626463439374243,2.7793881543505105e-08,1.0201782682073415,1.0075282069404598e-07,47.32559778978719
R,464,3.096750384213753e-07,-3.262545209743538,1.35117824016183e-08,0.7830825788061074,-6.012743184138045e-08,-17.710496588449217,-3.096750384213753e-07,3.262545209743538,-1.35117824016183e-08,-0.7830825788061074,-6.012743153302238e-08,-11.326155778268262
R,268,9.81384370320528e-07,46.470455328799176,-2.959723485723835e-08,-0.7974271205778899,1.072899765141609e-07,161.96730326516305,-9.81384370320528e-07,-46.470455328799176,2.959723485723835e-08,0.7974271205778899,1.0728997620081713e-07,174.94349786863103
R,465,1.3114062153623163e-06,-22.38090780853856,1.4750891143632834e-08,0.5813783507449635,-6.564146537988233e-08,-108.23254175984883,-1.3114062153623163e-06,22.38090780853856,-1.4750891143632834e-08,-0.5813783507449635,-6.564146579844986e-08,-90.9575377361443
R,269,-2.1534498322470708e-13,8.204211589300924,1.3723311558922571e-14,0.7897638730610755,-5.006350264304079e-14,7.424831614498807,2.1534498322470708e-13,-8.204211589300924,-1.3723311558922571e-14,-0.7897638730610755,-4.943050615914785e-14,52.055702407932884
R,466,0.0,-6.235324099376441,4.163218799279622e-15,-0.2851247015185854,-1.8524896073175345e-14,-51.85585222992283,0.0,6.235324099376441,-4.163218799279622e-15,0.2851247015185854,-1.852775124041328e-14,-3.6385322545274796
R,270,4.3068996644941416e-13,5.436246249568412,1.3483717059806719e-14,-0.05833854601440077,-4.889424667943789e-14,7.97476527632238,-4.3068996644941416e-13,-5.436246249568412,-1.3483717059806719e-14,0.05833854601440077,-4.886270200416083e-14,31.43802003304861
R,467,-1.7542147509877828e-13,-4.129639233246613,4.16995571073992e-15,0.0337220741559204,-1.855401877900229e-14,-33.20635168028858,1.7542147509877828e-13,4.129639233246613,-4.16995571073992e-15,-0.0337220741559204,-1.8558587046582988e-14,-3.5474374956062746
R,271,-2.1534498322470708e-13,8.316966345745792,-7.758684821247932e-15,-0.4123579957563363,2.844909114320154e-14,7.350580631477293,2.1534498322470708e-13,-8.316966345745792,7.758684821247932e-15,0.4123579957563363,2.7801373810845974e-14,52.947425375179705
R,468,0.0,-6.46460274621931,4.16860832844786e-15,-0.05380285160743006,-1.856429738105886e-14,-53.23125283076269,0.0,6.46460274621931,-4.16860832844786e-15,0.05380285160743006,-1.853631674212709e-14,-4.303711610589151
R,272,0.0,8.802523508737647,-2.8792819328979124e-14,-2.6916733791909273,1.0456639258673936e-13,8.094356718525901,0.0,-8.802523508737647,2.8792819328979124e-14,2.6916733791909273,1.0418154754835927e-13,55.72393871982204
R,469,1.7542147509877828e-13,-6.772672277590882,1.556611513698012e-14,1.966698136261869,-6.903280451226043e-14,-54.25929581013846,-1.7542147509877828e-13,6.772672277590882,-1.556611513698012e-14,-1.966698136261869,-6.950562020686261e-14,-6.017487460420373
R,273,3.945944754199165e-06,-242.09729773314305,2.5653876815667436e-08,-1.8229699597769857,-5.285043294110279e-08,-266.86578503228657,-3.945944754199165e-06,242.09729773314305,-2.5653876815667436e-08,1.8229699597769857,-5.284353953944704e-08,-730.5750816282628
R,274,4.178171764878792e-06,-255.13679783534903,1.2815023028027977e-07,-0.2540742776653896,-2.639929209283287e-07,-281.3280465576328,-4.178171764878792e-06,255.13679783534903,-1.2815023028027977e-07,0.2540742776653896,-2.6398602782642396e-07,-769.8355605240051
R,275,2.684102939909394e-09,3.637937799611522e-10,-6.733650983381853,-0.3746087565773546,34.22245325286644,1.8189688084691396e-09,-2.684102939909394e-09,-3.637937799611522e-10,6.733650983381853,0.3746087565773546,33.11405658095208,1.8189689911423826e-09
R,276,5.3678683120072584e-05,-1.7523797312335107e-05,335.68947404170154,6.097185838015785,-701.5211515083837,-6.483693770034968e-06,-5.3678683120072584e-05,1.7523797312335107e-05,-335.68947404170154,-6.097185838015785,453.11094071752507,-6.483916241092983e-06
R,470,3.112128495107895e-12,-6.7362205426560145e-15,273.7152087466984,6.097185838015785,-453.1109407175249,-8.321921917528373e-16,-3.112128495107895e-12,6.7362205426560145e-15,-273.7152087466984,-6.097185838015785,-370.77183761003675,-1.944383164164175e-14
R,471,0.0,-1.0668635238604947e-15,-12.71415610197828,-3.3939999065035753,362.95218215844585,-1.9882701949125558e-15,0.0,1.0668635238604947e-15,12.71415610197828,3.3939999065035753,-315.2740967760273,-2.0124680195642992e-15
R,472,-4.1913056358922063e-07,5.6013062457565345e-09,-263.07398947024325,-2.587485270062061,319.8347477429786,1.0502448431821576e-08,4.1913056358922063e-07,-5.6013062457565345e-09,263.07398947024325,2.587485270062061,666.6927127704337,1.0502449989765428e-08
R,473,3.1434792269191547e-07,-2.363046407927094e-09,191.1695150166869,3.4339103901525405,-446.8169823541295,-5.907615444311145e-09,-3.1434792269191547e-07,2.363046407927094e-09,-191.1695150166869,-3.4339103901525405,-509.0305927293049,-5.907616595324324e-09
R,474,-7.626568127028222e-07,2.525991749509598e-09,-219.09693797099953,-3.412121765876671,509.00631340563575,6.314978812324417e-09,7.626568127028222e-07,-2.525991749509598e-09,219.09693797099953,3.412121765876671,586.4783764493618,6.3149799352235715e-09
R,475,3.621362272554495e-05,1.3141567989963646e-08,207.38229579601534,3.149214708699135,-466.3377485480544,1.7598832866267243e-08,-3.621362272554495e-05,-1.3141567989963646e-08,-207.38229579601534,-3.149214708699135,-570.5737304320226,4.8109007083551e-08
R,476,1230.9363538901428,-6.362236218235289,-219.87004028935158,-2.835226596491551,570.2116991762243,-17.65635162969358,-1230.9363538901428,6.362236218235289,219.87004028935158,2.835226596491551,650.067024429677,-17.65405938151227
R,277,8.112802096782445e-07,-2.386597490775377e-09,292.6175985188701,4.377249490711852,-437.6326375897712,-4.474869584085572e-09,-8.112802096782445e-07,2.386597490775377e-09,-292.6175985188701,-4.377249490711852,-659.6833568559917,-4.4748710063220916e-09
R,477,-7.641845489736454e-07,1.639456771104499e-09,-390.2397710272784,-4.434552129629125,663.1703101569889,3.0739806689808705e-09,7.641845489736454e-07,-1.639456771104499e-09,390.2397710272784,4.434552129629125,800.228831195305,3.073982222661001e-09
R,478,5.731390362306854e-07,-6.916433814106346e-10,353.73837208769606,0.8102051097953498,-831.5148487546803,-1.7291078694204777e-09,-5.731390362306854e-07,6.916433814106346e-10,-353.73837208769606,-0.8102051097953498,-937.1770116838,-1.7291090376326952e-09
R,479,-9.212736823416279e-07,8.146606820881017e-10,-390.6380950786016,-0.8134011377505592,937.2158976240082,2.036651136087544e-09,9.212736823416279e-07,-8.146606820881017e-10,390.6380950786016,0.8134011377505592,1015.9745777689999,2.0366522743529643e-09
R,480,3.638021633944887e-05,1.485289970584827e-08,386.7986526349837,0.9873815736252004,-899.1905100300864,2.187716163898676e-08,-3.638021633944887e-05,-1.485289970584827e-08,-386.7986526349837,-0.9873815736252004,-1034.8027531448324,5.23873368902546e-08
R,481,1231.2133352090952,-6.362236470902211,-392.40630272792134,-0.9044195694283764,1035.7717084441272,-17.656352332552967,-1231.2133352090952,6.362236470902211,392.40630272792134,0.9044195694283764,1142.0832716958362,-17.654060080954302
R,278,2.562878119187227e-05,-1.803036372919165e-05,423.80692039437616,-11.88854017296296,-923.5754296202299,-6.6711117071381e-06,-2.562878119187227e-05,1.803036372919165e-05,-423.80692039437616,11.88854017296296,609.9583085283922,-6.671357452463695e-06
R,482,2.07475233007193e-12,-6.199969610039183e-15,352.2346878557261,-11.888540172962957,-609.958308528391,2.4388444782662857e-16,-2.07475233007193e-12,6.199969610039183e-15,-352.2346878557261,11.888540172962957,-450.268101917344,-1.8905792974044556e-14
R,483,0.0,-1.037641135334405e-15,2.334986777113363,-0.06261073531499493,444.36130290152573,-1.951742023139306e-15,0.0,1.037641135334405e-15,-2.334986777113363,0.06261073531499493,-453.11750331570084,-1.939412234364713e-15
R,484,-3.151412464319492e-07,-2.854116713586193e-09,-355.8499312011173,11.783476660672076,460.6718307852686,-5.351469623584411e-09,3.151412464319492e-07,2.854116713586193e-09,355.8499312011173,-11.783476660672076,873.7654112189213,-5.351468052363812e-09
R,485,2.363559348239619e-07,1.2040829572339587e-09,242.66119495428626,-2.2860267756116577,-581.1137868746591,3.0102079865676046e-09,-2.363559348239619e-07,-1.2040829572339587e-09,-242.66119495428626,2.2860267756116577,-632.1921878967721,3.010206799602189e-09
R,486,-4.7610602960102e-07,-1.365501363059635e-09,-270.82175829172934,2.295320726525488,632.177581280233,-3.413753980338956e-09,4.7610602960102e-07,1.365501363059635e-09,270.82175829172934,-2.295320726525488,721.9312101784137,-3.413752834959219e-09
R,487,3.594484085378546e-05,1.7033063815737232e-08,282.81678936999015,-1.598093864276601,-666.1272421049348,2.732757207972218e-08,-3.594484085378546e-05,-1.7033063815737232e-08,-282.81678936999015,1.598093864276601,-747.9567047450162,5.7837746998964006e-08
R,488,1231.5533534052088,-6.362236365299291,-250.85151170200763,1.5996919852276876,747.3497807015192,-17.656352038708462,-1231.5533534052088,6.362236365299291,250.85151170200763,-1.5996919852276876,644.876109244623,-17.654059788702597
R,279,-8.326672684688682e-13,-9.639771614535382e-16,-15.331505430095119,19.63198228480501,-2.614848361625697,-1.8596614974413084e-15,8.326672684688682e-13,9.639771614535382e-16,15.331505430095119,-19.63198228480501,60.107993724482334,-1.7552528580094564e-15
R,489,8.326672684688674e-13,-9.639786503786388e-16,16.809415258158378,-2.7337939716467377,-53.09493343814464,-1.7552558358596596e-15,-8.326672684688674e-13,9.639786503786388e-16,-16.809415258158378,2.7337939716467377,-9.940373779949276,-1.859664103060236e-15
R,280,8.326672684688682e-13,-6.577963602874303e-15,-57.95294950399096,-20.160431861927712,9.699891270578249,-1.2207813424569384e-14,-8.326672684688682e-13,6.577963602874303e-15,57.95294950399096,20.160431861927712,207.62366936938764,-1.2459550086209229e-14
R,490,0.0,-1.2488948912359963e-15,52.8546446991982,3.9977591430371024,-192.5433596644266,-2.4675462518874155e-15,0.0,1.2488948912359963e-15,-52.8546446991982,-3.9977591430371024,-5.661557957566657,-2.2158095902475707e-15
R,281,-0.0002595551754610546,287.5545991643683,0.05791242267329834,6.445620639064035,-0.0022006701354496134,698.1667102344821,0.0002595551754610546,-287.5545991643683,-0.05791242267329834,-6.445620639064035,-0.0022006739877210514,-676.3125606979902
R,491,1.8635129247781406e-13,219.7824804543267,-2.6547683242513792e-14,6.445620639064027,5.560412269954384e-14,676.3125606980018,-1.8635129247781406e-13,-219.7824804543267,2.6547683242513792e-14,-6.445620639064027,5.5604122403346437e-14,244.35624992517285
R,492,0.0,6.695881827207681,4.913474698924344e-15,-3.2542706315141587,-1.8720338521486334e-14,-224.19581806324516,0.0,-6.695881827207681,-4.913474698924344e-15,3.2542706315141587,-1.8720338684317165e-14,275.2184375865677
R,493,1.0817981765376428e-12,-240.0864402682311,-5.292071262224366e-14,-0.6394222698880382,1.2539772745674636e-13,-294.8504198713728,-1.0817981765376428e-12,240.0864402682311,5.292071262224366e-14,0.6394222698880382,6.554020368430879e-14,-571.3814566164051
R,494,3.0892689947255444e-05,-307.85855820519316,-4.2802212949020736e-05,-0.639422269888038,1.4060280675163972e-05,571.3814566164059,-3.0892689947255444e-05,307.85855820519316,4.2802212949020736e-05,0.639422269888038,1.4060773232342574e-05,-773.6445293572173
R,282,0.0,86.31128300475535,1.999782778682572e-15,7.819655451590648,-4.0677905092213324e-15,9.4911857445193,0.0,-86.31128300475535,-1.999782778682572e-15,-7.819655451590648,-4.461283041859836e-15,358.6264362707622
R,495,1.1711867865811554e-07,-336.430386273436,-7.320640050618535e-08,-7.260654253370834,1.0926055088256039e-07,-382.7846272757273,-1.1711867865811554e-07,336.430386273436,7.320640050618535e-08,7.260654253370834,1.092605546284029e-07,-621.4600757504793
R,496,-7.542577673547157e-08,267.4516508891659,1.9553855010232563e-08,1.1062612705189918,-4.5316058036155805e-08,688.7635409213859,7.542577673547157e-08,-267.4516508891659,-1.9553855010232563e-08,-1.1062612705189918,-4.5316059936272126e-08,550.874860949898
R,497,-1.8303061294010866e-13,-126.69050741643468,5.3125804072379655e-14,-5.906799015818167,-1.1320917649573299e-13,-528.5090846934461,1.8303061294010866e-13,126.69050741643468,-5.3125804072379655e-14,5.906799015818167,-1.1337237787296618e-13,-11.825929437647687
R,283,-8.004814483677973e-08,18.213447572660815,-2.173122698782222e-09,-0.4634244361407733,7.877569772436487e-09,65.41398380137385,8.004814483677973e-08,-18.213447572660815,2.173122698782222e-09,0.4634244361407733,7.87756979373462e-09,66.63351110041705
R,498,-7.395936040565836e-08,-3.7697108286018843,1.5287272472881993e-09,0.4844987672372918,-6.802836260411072e-09,-18.91504350009728,7.395936040565836e-08,3.7697108286018843,-1.5287272472881993e-09,-0.4844987672372918,-6.802836240453899e-09,-14.63538287445948
R,284,-8.196040828781512e-08,20.36921568236929,-1.331936677661298e-09,0.009837231566196555,4.828270446996679e-09,72.93089506765118,8.196040828781512e-08,-20.36921568236929,1.331936677661298e-09,-0.009837231566196555,4.828270466047732e-09,74.74591862952619
R,499,-8.505625978819443e-08,-5.1640977482106845,2.0207071517173114e-09,-0.11514270869058785,-8.992146829308444e-09,-24.9988142615379,8.505625978819443e-08,5.1640977482106845,-2.0207071517173114e-09,0.11514270869058785,-8.992146820975622e-09,-20.96165569753719
R,285,0.0,28.818241710869913,1.749605733606877e-15,-4.5606509669512905,-3.749946019441953e-15,-0.8065146364414488,0.0,-28.818241710869913,-1.749605733606877e-15,4.5606509669512905,-3.712122434391378e-15,123.71631553330161
R,500,0.0,-165.69143252899482,1.3375753848689337e-14,1.1009069906152165,-1.9966917089863187e-14,-119.71855639026478,0.0,165.69143252899482,-1.3375753848689337e-14,-1.1009069906152165,-1.995970814847449e-14,-374.8703697087848
R,501,1.6841975494920458e-13,178.70738351782938,-1.8144978333226034e-15,-2.386046310382099,4.207419920664113e-15,383.6821713291255,-1.6841975494920458e-13,-178.70738351782938,1.8144978333226034e-15,2.386046310382099,4.2027775367861535e-15,444.62655127601363
R,502,-1.8303061294010866e-13,-107.66856568432534,2.746824334907466e-14,7.554327469567487,-5.858566549906483e-14,-447.36034524766035,1.8303061294010866e-13,107.66856568432534,-2.746824334907466e-14,-7.554327469567487,-5.856639238473856e-14,-11.846087395987126
R,286,-1.0767249161235354e-13,10.68224136268648,6.529529241429615e-15,0.024279323669125146,-2.3669649094066067e-14,6.846032156029125,1.0767249161235354e-13,-10.68224136268648,-6.529529241429615e-15,-0.024279323669125146,-2.3669437906298643e-14,70.60021772344786
R,503,0.0,-8.264939211015644,-6.630904729884137e-17,-0.01460661653903078,2.944615668186431e-16,-68.97661147590205,0.0,8.264939211015644,6.630904729884137e-17,0.01460661653903078,2.9568895414104483e-16,-4.581347502137163
R,287,-1.0767249161235354e-13,9.008287000991853,-3.0890621001059364e-08,0.36203125579816736,1.1197850048545469e-07,5.984441305190657,1.0767249161235354e-13,-9.008287000991853,3.0890621001059364e-08,-0.36203125579816736,1.1197850177222569e-07,59.325639452000274
R,504,8.771073754938914e-14,-6.812542040275398,-2.049853080237319e-08,-0.6069240434966726,9.121846223220003e-08,-57.43383830894673,-8.771073754938914e-14,6.812542040275398,2.049853080237319e-08,0.6069240434966726,9.121846190892134e-08,-3.1977858495042923
R,288,-2.455898536797994e-05,86.39940885616717,4.889201095222738e-06,0.03239736371321166,-7.045692617148928e-06,142.2822177763799,2.455898536797994e-05,-86.39940885616717,-4.889201095222738e-06,-0.03239736371321166,-7.132990558997013e-06,108.27606790650489
R,505,-1.1411620391459913e-05,-43.704822504770426,-1.47270602036586e-06,0.03239736371321151,3.1701606656898606e-06,-108.27606790650486,1.1411620391459913e-05,43.704822504770426,1.47270602036586e-06,-0.03239736371321151,3.23611052290163e-06,-81.83990998924648
R,506,5.680529080828256e-06,0.8692188404379945,-1.549136350479979e-08,1.5121764448444865,6.981946637537633e-08,3.733628457164388,-5.680529080828256e-06,-0.8692188404379945,1.549136350479979e-08,-1.5121764448444865,6.805366881734176e-08,4.002419222733762
R,289,3.258700741680876e-05,-2.4956670705253617e-05,330.24547238244935,6.520636728580845,-703.8752103884549,-1.385087122735274e-05,-3.258700741680876e-05,2.4956670705253617e-05,-330.24547238244935,-6.520636728580845,337.3027360439363,-1.3851033255478761e-05
R,507,0.0,4.661351949006464e-15,268.2712070874417,6.520636728580843,-337.3027360439371,2.8818311384343703e-14,0.0,-4.661351949006464e-15,-268.2712070874417,-6.520636728580843,-370.9332506669081,-1.6512342238966654e-14
R,508,1.6653345369377348e-12,-7.231409056005417e-15,-12.602811476287343,-3.1528663972047184,363.3786858903735,-1.3559749600869251e-14,-1.6653345369377348e-12,7.231409056005417e-15,12.602811476287343,3.1528663972047184,-316.11814285429597,-1.3558034359151061e-14
R,509,-2.4919732943828876e-07,-3.972782703078833e-10,-265.4077805054045,-3.1513306237407206,320.7373561643646,-7.449004054456897e-10,2.4919732943828876e-07,3.972782703078833e-10,265.4077805054045,3.1513306237407206,674.5418207309023,-7.448931082088726e-10
R,510,1.8689799707871657e-07,1.6761313852985472e-10,187.9078206510254,3.681328407390734,-427.7468862560934,4.190355836826358e-10,-1.8689799707871657e-07,-1.6761313852985472e-10,-187.9078206510254,-3.681328407390734,-511.7922169990335,4.190301089666378e-10
R,511,-9.926059973963675e-08,-5.1496613472111376e-11,-223.40326042021917,-3.654172706158533,511.7985742629729,-1.287442530028346e-10,9.926059973963675e-08,5.1496613472111376e-11,223.40326042021917,3.654172706158533,605.2177278381228,-1.2873881435772228e-10
R,512,1.3327922515626865e-05,8.660128378976314e-09,199.91088221027093,3.285529176526505,-429.9702582368271,1.3249685089443753e-08,-1.3327922515626865e-05,-8.660128378976314e-09,-199.91088221027093,-3.285529176526505,-569.5841528145279,3.005095680543783e-08
R,513,459.3285407700104,-3.5497118036841444,-228.06599761786464,-3.2206574280638827,569.0362343915299,-9.722961434910767,-459.3285407700104,3.5497118036841444,228.06599761786464,3.2206574280638827,696.7300523876189,-9.97793907553623
R,290,1.0372536163316681e-07,5.088818580072384e-09,288.03166575639915,4.320098379667652,-415.55546272432844,9.541538468522519e-09,-1.0372536163316681e-07,-5.088818580072384e-09,-288.03166575639915,-4.320098379667652,-664.5632838621684,9.54153120674892e-09
R,514,7.0493610948574315e-09,-9.522370371236875e-10,-396.73531515313437,-4.422378208932274,668.6143107100534,-1.7854480995673991e-09,-7.0493610948574315e-09,9.522370371236875e-10,396.73531515313437,4.422378208932274,819.1431211142005,-1.785440789646429e-09
R,515,-5.287020821143074e-09,4.017341083255229e-10,349.82976158415715,0.8236846534187683,-813.8418802930215,1.004338005338754e-09,5.287020821143074e-09,-4.017341083255229e-10,-349.82976158415715,-0.8236846534187683,-935.306927627764,1.0043325362888605e-09
R,516,-1.510741531873805e-07,-3.9881454868982076e-10,-392.6503912692392,-0.8257379054612735,935.280629297804,-9.97039081560794e-10,1.510741531873805e-07,3.9881454868982076e-10,392.6503912692392,0.8257379054612735,1027.9713270483921,-9.970336618883098e-10
R,517,1.2492414602771616e-05,9.007449013999228e-09,376.7851768191055,0.9940538603166051,-847.8305664722467,1.4117986273183891e-08,-1.2492414602771616e-05,-9.007449013999228e-09,-376.7851768191055,-0.9940538603166051,-1036.0953176232815,3.0919258796812255e-08
R,518,428.5187436169099,-3.5497119947842792,-401.1510810395372,-1.0411190478854968,1037.3606579101781,-9.72296196480689,-428.5187436169099,3.5497119947842792,401.1510810395372,1.0411190478854968,1189.027841859253,-9.977939606245858
R,291,-4.273938747956832e-05,-2.5123433234303067e-05,417.6666682268567,-12.33569948972696,-929.6542775173782,-1.394340747016876e-05,4.273938747956832e-05,2.5123433234303067e-05,-417.6666682268567,12.33569948972696,466.0442757855675,-1.3943603419907628e-05
R,519,-2.3655320126956487e-12,-1.02676998003493e-14,346.09443628820264,-12.335699489726956,-466.0442757855677,9.263441641091732e-15,2.3655320126956487e-12,1.02676998003493e-14,-346.09443628820264,12.335699489726956,-447.6450360152862,-3.6370169114013854e-14
R,520,3.3306690738754696e-12,-7.228624170493522e-15,3.4203335419273118,-0.1905107168187698,441.88426642715297,-1.3556268493979383e-14,-3.3306690738754696e-12,7.228624170493522e-15,-3.4203335419273118,0.1905107168187698,-454.7105172093804,-1.3551072145371325e-14
R,521,-2.2079171824174182e-07,-1.202852557404146e-09,-356.5125815329931,12.344947471411839,462.2772534060583,-2.25535218205642e-09,2.2079171824174182e-07,1.202852557404146e-09,356.5125815329931,-12.344947471411839,874.644927342666,-2.2553449082091274e-09
R,522,1.6559253968040366e-07,5.074602807448644e-10,238.68223337554406,-2.547079166928315,-559.7043906710853,1.2686534311274798e-09,-1.6559253968040366e-07,-5.074602807448644e-10,-238.68223337554406,2.547079166928315,-633.7067762066349,1.2686479725968421e-09
R,523,-6.806255559155261e-07,-6.816248217935351e-10,-275.65240609981487,2.5560074394216166,633.7267172726554,-1.704064765300258e-09,6.806255559155261e-07,6.816248217935351e-10,275.65240609981487,-2.5560074394216166,744.5353132264188,-1.7040593436674177e-09
R,524,1.1932699828243186e-05,9.290261332058006e-09,276.4125189487065,-1.7509367053918288,-628.1601574833169,1.4825017242173823e-08,-1.1932699828243186e-05,-9.290261332058006e-09,-276.4125189487065,1.7509367053918288,-753.9024372602161,3.162628941811622e-08
R,525,390.6970606188484,-3.5497118910326315,-257.79993588478493,1.701992550882712,753.1850153963176,-9.722961677076169,-390.6970606188484,3.5497118910326315,257.79993588478493,-1.701992550882712,677.6046287642388,-9.977939318154933
R,292,-3.330669073875473e-12,-1.892666202405523e-15,-13.075229068516327,19.489397869408585,-2.732838038645859,-3.555199525286071e-15,3.330669073875473e-12,1.892666202405523e-15,13.075229068516327,-19.489397869408585,51.76494704558203,-3.542298733734633e-15
R,526,3.3306690738754696e-12,-7.222102678544154e-15,14.69896919566363,-2.617719921242976,-44.91130073842009,-1.3534768415497904e-14,-3.3306690738754696e-12,7.222102678544154e-15,-14.69896919566363,2.617719921242976,-10.20983374531852,-1.3548116629042673e-14
R,293,1.6653345369377364e-12,3.3996168278630373e-15,-53.658170629218624,-19.788490621289846,9.273155398217128,6.390374226983316e-15,-1.6653345369377364e-12,-3.3996168278630373e-15,53.658170629218624,19.788490621289846,191.9449844613525,6.3581888775030615e-15
R,527,0.0,-1.929459923970817e-15,48.8623466407642,3.8703692295135075,-177.20665729355238,-3.633830404416685e-15,0.0,1.929459923970817e-15,-48.8623466407642,-3.8703692295135075,-6.027142609313387,-3.601644310473879e-15
R,294,-0.00014387167955470014,285.55002184152886,8.08871171714444e-05,6.097148843535269,-2.6652062355142752e-05,731.9710397252892,0.00014387167955470014,-285.55002184152886,-8.08871171714444e-05,-6.097148843535269,-2.6652547860839088e-05,-543.7935753317217
R,528,0.0,217.77790913689296,-2.1417081506318653e-14,6.097148843535269,3.8614998644062755e-14,543.7935753317213,0.0,-217.77790913689296,2.1417081506318653e-14,-6.097148843535269,3.8614997267722303e-14,241.51356501591462
R,529,1.0244429976240986e-13,8.469096993416061,7.73903108861667e-15,-3.1760065546818517,-2.948590482160958e-14,-221.72507439462538,-1.0244429976240986e-13,-8.469096993416061,-7.73903108861667e-15,3.1760065546818517,-2.9485512073649445e-14,286.25959348445576
R,530,4.487852122368431e-11,-249.26902257235812,9.014621588559865e-11,-0.44316851603636853,-1.9416431853008014e-10,-305.74899135386386,-4.487852122368431e-11,249.26902257235812,-9.014621588559865e-11,0.44316851603636853,-1.837286184623496e-10,-739.1867512694619
R,531,0.001307467447664966,-317.04113930890753,0.07802943478963109,-0.44316851603635554,-0.0028480767201081755,739.186751269441,-0.001307467447664966,317.04113930890753,-0.07802943478963109,0.44316851603635554,-0.002848072019534649,-762.3307544389902
R,295,0.0,85.83881110238163,6.307333758865171e-14,7.554564776534279,-1.3447873661381355e-13,9.673503125785459,0.0,-85.83881110238163,-6.307333758865171e-14,-7.554564776534279,-1.3452904820178598e-13,356.4290262258721
R,532,-2.4972617148382075e-07,-328.6157812426035,-9.359837946518949e-09,-7.183762391265463,1.3969550010010501e-08,-380.0878860766754,2.4972617148382075e-07,328.6157812426035,9.359837946518949e-09,7.183762391265463,1.3969566260348566e-08,-600.8302209324962
R,533,1.608268871368296e-07,263.2487320890243,2.4999726144949535e-09,1.0928767190288424,-5.793681334125267e-09,670.5595525398616,-1.608268871368296e-07,-263.2487320890243,-2.4999726144949535e-09,-1.0928767190288424,-5.793691734058841e-09,549.5983206927662
R,534,0.0,-126.52670379250246,6.302327218049969e-14,-5.760769588133157,-1.3438669555794036e-13,-527.4912029021145,0.0,126.52670379250246,-6.302327218049969e-14,5.760769588133157,-1.3440756029189077e-13,-12.145188772908284
R,296,-1.1212797931527274e-08,22.01366835549321,1.6138116601077407e-09,-0.42638820628641916,-5.8500672647169255e-09,78.68037755173803,1.1212797931527274e-08,-22.01366835549321,-1.6138116601077407e-09,0.42638820628641916,-5.850067271064196e-09,80.91871802558772
R,535,-4.124860565472672e-09,-6.208597517574738,-7.75657301640128e-10,0.4539322239163219,3.45167499716964e-09,-30.371234873534522,4.124860565472672e-09,6.208597517574738,7.75657301640128e-10,-0.4539322239163219,3.4516749874274973e-09,-24.88528303288063
R,297,-1.6634107884209273e-08,24.727252783314565,-4.350999949293027e-10,0.0018195480280128458,1.5772374929496136e-09,88.16903095597877,1.6634107884209273e-08,-24.727252783314565,4.350999949293027e-10,-0.0018195480280128458,1.5772374702878313e-09,91.10355172305182
R,536,-1.1033572230025406e-08,-7.9481843994885475,-2.403742897814216e-09,-0.1457261621072038,1.0696655893912314e-08,-38.00578933851234,1.1033572230025406e-08,7.9481843994885475,2.403742897814216e-09,0.1457261621072038,1.0696655896634203e-08,-32.733051816935706
R,298,1.8303061294010863e-13,31.263377371722413,1.151846451325446e-14,-4.619213310068792,-2.4561784436429362e-14,-0.0015357734640275567,-1.8303061294010863e-13,-31.263377371722413,-1.151846451325446e-14,4.619213310068792,-2.4564466712600903e-14,133.33984026386008
R,537,-2.6151610190605127e-13,-167.23859492657613,-9.447464284105223e-14,1.4079292992443546,1.4102336069213413e-13,-129.46947103434664,2.6151610190605127e-13,167.23859492657613,9.447464284105223e-14,-1.4079292992443546,1.409834481884068e-13,-369.7377348214832
R,538,0.0,179.06983248363326,1.9511700649041387e-14,-2.6430975486406916,-4.5231218874078944e-14,378.48021141008326,0.0,-179.06983248363326,-1.9511700649041387e-14,2.6430975486406916,-4.520551363422788e-14,451.5084621515568
R,539,0.0,-109.41656278101537,6.303223508770585e-14,7.566736196677849,-1.3442030255830219e-13,-454.1261820727998,0.0,109.41656278101537,-6.303223508770585e-14,-7.566736196677849,-1.344121800907632e-13,-12.535458188230677
R,299,-1.0767249161235354e-13,11.72686944624457,-4.250959420572952e-15,-0.006357263939498471,1.5409428060866636e-14,7.335501113549263,1.0767249161235354e-13,-11.72686944624457,4.250959420572952e-15,0.006357263939498471,1.5410027738287268e-14,77.68430237172387
R,540,-8.771073754938914e-14,-9.11662544035885,4.021175607652619e-15,0.01994106602049522,-1.7894613444202198e-14,-76.03487981284383,8.771073754938914e-14,9.11662544035885,-4.021175607652619e-15,-0.01994106602049522,-1.789384946390611e-14,-5.103086606349933
R,300,0.0,9.732830743760477,-2.4498714791669036e-08,0.5479184229980869,8.880784063602965e-08,6.506186604590333,0.0,-9.732830743760477,2.4498714791669036e-08,-0.5479184229980869,8.880784160357084e-08,64.05683628767312
R,541,0.0,-7.3566958017691695,-1.6256963706846188e-08,-0.7174218638984415,7.234348866773052e-08,-62.02166337947109,0.0,7.3566958017691695,1.6256963706846188e-08,0.7174218638984415,7.234348832320051e-08,-3.4529292562745013
R,301,-9.626238742902969e-06,51.90036042283501,4.0805615111904426e-07,0.24922009990390934,-8.693918120438624e-07,109.24370921227992,9.626238742902969e-06,-51.90036042283501,-4.0805615111904426e-07,-0.24922009990390934,-9.0565244532398e-07,116.52285862705233
R,542,-1.6781077874266616e-05,-84.22206509085241,-1.4578302637787301e-06,0.24922009990390928,2.088042293509338e-06,-116.5228586270523,1.6781077874266616e-05,84.22206509085241,1.4578302637787301e-06,-0.24922009990390928,2.13966547144898e-06,-127.7211301364197
R,543,5.5254247455539425e-06,1.0641440963301962,-1.3962739953697917e-08,1.5890651751154168,6.193452966075541e-08,5.010105039909986,-5.5254247455539425e-06,-1.0641440963301962,1.3962739953697917e-08,-1.5890651751154168,6.233385592715603e-08,4.460777417428758
R,302,3.17397290882304e-06,-4.938714604908742e-06,327.2734173782578,6.825673287331387,-724.2723399164358,-3.654567586690945e-06,-3.17397290882304e-06,4.938714604908742e-06,-327.2734173782578,-6.825673287331387,239.90768219661527,-3.6547300285739775e-06
R,544,0.0,-1.0267500922570149e-14,265.29915148325256,6.825673287331387,-239.907682196616,-4.6983570691834964e-15,0.0,1.0267500922570149e-14,-265.29915148325256,-6.825673287331387,-362.3213916703672,-1.8608870025050736e-14
R,545,1.6653345369377348e-12,-9.418898211330922e-15,-7.590035417723357,-3.153924500542107,354.8574204957728,-1.763102955050996e-14,-1.6653345369377348e-12,9.418898211330922e-15,7.590035417723357,3.153924500542107,-326.39478767931024,-1.7689838741981e-14
R,546,1.702721297291987e-06,1.3613088073375459e-08,-262.1148266456207,-3.479247225753647,330.90757156911866,2.5524541663380112e-08,-1.702721297291987e-06,-1.3613088073375459e-08,262.1148266456207,3.479247225753647,652.0230283519592,2.552453861177786e-08
R,547,-1.2770397239680875e-06,-5.7430197369407846e-09,190.63059258857004,3.9421868940750806,-442.898451154735,-1.4357550508354242e-08,1.2770397239680875e-06,5.7430197369407846e-09,-190.63059258857004,-3.9421868940750806,-510.254511788115,-1.435754817634968e-08
R,548,-1.1938450228399233e-07,5.929004651998547e-09,-221.43621212705222,-3.914301184630229,510.24765125688884,1.4822512761084797e-08,1.1938450228399233e-07,-5.929004651998547e-09,221.43621212705222,3.914301184630229,596.9334093783721,1.4822510498907939e-08
R,549,1.193770082785761e-07,-5.928997124541336e-09,198.05449431321568,3.5277253901346017,-419.1880810917047,-1.4822503771212888e-08,-1.193770082785761e-07,5.928997124541336e-09,-198.05449431321568,-3.5277253901346017,-571.084390474374,-1.48224818514938e-08
R,550,-0.0002487886664699586,-5.9021021439016645e-06,-231.94576367735684,-3.3832356791013565,570.4177419823573,-1.1360606435486237e-05,0.0002487886664699586,5.9021021439016645e-06,231.94576367735684,3.3832356791013565,716.8812464269731,-2.1396060463167997e-05
R,303,-1.5165751987566978e-06,-2.9692537134339503e-08,296.0106931000211,4.393802754733237,-447.0910245912108,-5.567350848409019e-08,1.5165751987566978e-06,2.9692537134339503e-08,-296.0106931000211,-4.393802754733237,-662.9490745338685,-5.567350576968295e-08
R,551,1.9321544364458987e-07,3.5797061569491454e-09,-391.96489917267144,-4.328930125127821,666.9282314099494,6.711950611256065e-09,-1.9321544364458987e-07,-3.5797061569491454e-09,391.96489917267144,4.328930125127821,802.9401404875684,6.71194747730323e-09
R,552,-1.449128317343451e-07,-1.5101866126295506e-09,350.32964444577505,0.8679310999231004,-816.7337695137367,-3.775467664187849e-09,1.449128317343451e-07,1.5101866126295506e-09,-350.32964444577505,-0.8679310999231004,-934.9144527151383,-3.775465398959904e-09
R,553,-2.908448482052961e-07,1.656405383714224e-09,-390.7950547494703,-0.8709732294655345,934.980888886409,4.141014585466119e-09,2.908448482052961e-07,-1.656405383714224e-09,390.7950547494703,0.8709732294655345,1018.9943848609423,4.141012333105e-09
R,554,2.9080488017640954e-07,-1.6563976093451222e-09,369.6599844891699,0.6260087026581408,-820.1483426795983,-4.141005173915269e-09,-2.9080488017640954e-07,1.6563976093451222e-09,-369.6599844891699,-0.6260087026581408,-1028.1515797662516,-4.140982872810344e-09
R,555,-0.0014611830956901596,-5.987463842646679e-06,-404.30817273766377,-0.739876276028485,1028.9102454040813,-1.1597775822479093e-05,0.0014611830956901596,5.987463842646679e-06,404.30817273766377,0.739876276028485,1215.0001132899524,-2.163264850420997e-05
R,304,-2.5205998605904846e-05,-4.567565443278157e-06,411.07793254573824,-12.63851799073504,-947.2938689952298,-3.379965591412582e-06,2.5205998605904846e-05,4.567565443278157e-06,-411.07793254573824,12.63851799073504,338.8985288275385,-3.380031264639076e-06
R,556,-2.751103309919166e-12,-1.1649284382397694e-14,341.0281832070864,-12.63851799073504,-338.8985288275388,-6.7894560383891835e-15,2.751103309919166e-12,1.1649284382397694e-14,-341.0281832070864,12.63851799073504,-435.23544705254716,-1.9654419509653578e-14
R,557,1.6653345369377348e-12,-9.336645521888242e-15,8.359224228099993,-0.1737592182546972,429.5384987866564,-1.752821368870661e-14,-1.6653345369377348e-12,9.336645521888242e-15,-8.359224228099993,0.1737592182546972,-460.8855896420314,-1.7484207018374298e-14
R,558,2.207307669976899e-06,-1.0186860367140772e-08,-349.226060797485,12.682301935298439,468.3559381498445,-1.910036170852172e-08,-2.207307669976899e-06,1.0186860367140772e-08,349.226060797485,-12.682301935298439,841.2417898407243,-1.9100364668256174e-08
R,559,-1.6554832504844796e-06,4.297583699488012e-09,243.82602128315568,-2.7860033145011904,-584.1946806169173,1.0743958155663819e-08,1.6554832504844796e-06,-4.297583699488012e-09,-243.82602128315568,2.7860033145011904,-634.9354257988609,1.074396034177624e-08
R,560,-4.714978407704962e-09,-4.139458399809441e-09,-267.0483954059768,2.7861527283590477,634.8758501588161,-1.0348644877878077e-08,4.714978407704962e-09,4.139458399809441e-09,267.0483954059768,-2.7861527283590477,700.3661268710679,-1.0348647121169129e-08
R,561,4.716227408607664e-09,4.139458982255276e-09,236.59066043310227,-2.8146671421787053,-498.51059561236,1.0348646058860803e-08,-4.716227408607664e-09,-4.139458982255276e-09,-236.59066043310227,2.8146671421787053,-684.4427065531517,1.0348648852415581e-08
R,562,1.920909603629809e-06,-1.2603437393602496e-07,-287.95760416329836,3.0122869489726347,684.350689407339,-3.283921644186702e-07,-1.920909603629809e-06,1.2603437393602496e-07,287.95760416329836,-3.0122869489726347,820.2277923458948,-3.3013743939706024e-07
R,563,-0.05037232990339032,-0.0036694184825382986,1785.4614336836726,-6.12679086280548,-1112.96759447871,-0.0005106098687384039,0.05037232990339032,0.0036694184825382986,-1785.4614336836726,6.12679086280548,532.6926285315166,-0.0006819511380865429
R,305,0.0,2.3396995862836792e-15,-11.459220329929323,19.195363988942315,-3.1056211693421467,5.2404930039624266e-15,0.0,-2.3396995862836792e-15,11.459220329929323,-19.195363988942315,46.077697406577066,3.533380444601362e-15
R,564,1.6653345369377348e-12,-9.527993242523194e-15,13.330125910127553,-2.43308665104918,-39.832543767947115,-1.79625759477304e-14,-1.6653345369377348e-12,9.527993242523194e-15,-13.330125910127553,2.43308665104918,-10.155428395031208,-1.7767398711731574e-14
R,306,0.0,-8.995378230457994e-15,-49.00550088218294,-19.274220112805608,8.540798051397658,-1.7101627713262416e-14,0.0,8.995378230457994e-15,49.00550088218294,19.274220112805608,175.22983025678818,-1.6631040650955028e-14
R,565,1.6653345369377348e-12,1.6627588950335917e-15,44.6054212136961,3.5993184636050533,-161.46346867268983,3.3529666454573164e-15,-1.6653345369377348e-12,-1.6627588950335917e-15,-44.6054212136961,-3.5993184636050533,-5.806860878670534,2.8823792109186524e-15
R,307,-3.580996962325707e-05,278.0877881689503,1.5683772986651757e-06,5.464199224447017,-9.737902176159978e-07,744.3459604064183,3.580996962325707e-05,-278.0877881689503,-1.5683772986651757e-06,-5.464199224447017,-9.7413438732615e-07,-398.9609275005821
R,566,5.164575350245208e-13,210.31566945905954,1.0939151047939369e-14,5.464199224447017,-1.653452721940393e-14,398.9609275005824,-5.164575350245208e-13,-210.31566945905954,-1.0939151047939369e-14,-5.464199224447017,-1.6534526398516783e-14,236.82334127415456
R,567,0.0,9.341859343702447,-2.8451314119522062e-15,-3.07659882695054,1.017856164919572e-14,-217.54912116134943,0.0,-9.341859343702447,2.8451314119522062e-15,3.07659882695054,1.1501339709880092e-14,288.7340893603621
R,568,9.644085427672236e-06,-251.0230703018293,3.077147647131229e-07,0.029022342391808998,-6.562219978132947e-07,-307.9294533493046,-9.644085427672236e-06,251.0230703018293,-3.077147647131229e-07,-0.029022342391808998,-6.561814736881742e-07,-762.6839414879971
R,308,0.0,85.625278183493,5.419522439584238e-14,7.463971174594184,-1.1593910554353686e-13,9.979597787873672,0.0,-85.625278183493,-5.419522439584238e-14,-7.463971174594184,-1.152035265047309e-13,355.2122136647239
R,569,1.4571159396323403e-06,-319.91971898738836,1.3684920465790757e-07,-6.302390409503824,-2.0424743452123126e-07,-378.0857522411348,-1.4571159396323403e-06,319.91971898738836,-1.3684920465790757e-07,6.302390409503824,-2.0424744138262291e-07,-576.8746089362196
R,570,-9.384011906259781e-07,260.7631375237864,-3.655326250133439e-08,0.5482053727396611,8.471218411622481e-08,661.9663919423626,9.384011906259781e-07,-260.7631375237864,3.655326250133439e-08,-0.5482053727396611,8.47121875774601e-08,546.6707504803871
R,571,-3.660612258802173e-13,-126.027446333617,3.409625367994908e-15,-5.69694826589034,-7.423568190434058e-15,-525.0422998403958,3.660612258802173e-13,126.027446333617,-3.409625367994908e-15,5.69694826589034,-7.118484004064221e-15,-12.46475877248048
R,309,-2.027218909980412e-07,24.965370372744786,-9.50674421521918e-09,-0.5636385547117959,3.446194773912843e-08,89.74320408705184,2.027218909980412e-07,-24.965370372744786,9.50674421521918e-09,0.5636385547117959,3.446194782121064e-08,91.25573111534786
R,572,-2.2658279746838676e-07,-8.390909770622658,6.856790816070404e-09,0.5570846078214048,-3.0512719170996156e-08,-39.53327157738291,2.2658279746838676e-07,8.390909770622658,-6.856790816070404e-09,-0.5570846078214048,-3.0512719092030424e-08,-35.14582538115873
R,310,-2.046264020296805e-07,27.998116149326098,-1.4398079873468674e-09,0.036856289879749274,5.219303948009831e-09,100.36833300460717,2.046264020296805e-07,-27.998116149326098,1.4398079873468674e-09,-0.036856289879749274,5.219303960254957e-09,102.61800907800705
R,573,-2.261182814023252e-07,-10.236881154305642,1.2988021014863885e-09,0.10979778046836057,-5.779669356118286e-09,-47.71686116176262,2.261182814023252e-07,10.236881154305642,-1.2988021014863885e-09,-0.10979778046836057,-5.779669347110568e-09,-43.391381111557585
R,311,3.6606122588021727e-13,32.98319957050276,5.4777291551152126e-14,-4.512783889808317,-1.168585362859843e-13,0.32532272521154937,-3.6606122588021727e-13,-32.98319957050276,-5.4777291551152126e-14,4.512783889808317,-1.167666121796795e-13,140.3480234429827
R,574,-5.230322038121025e-13,-169.77569815486436,-1.2603383346038307e-13,1.2940769888624553,1.879795259770402e-13,-136.74870497937786,5.230322038121025e-13,169.77569815486436,1.2603383346038307e-13,-1.2940769888624553,1.8823146690220328e-13,-370.0317540128923
R,575,3.3683950989840916e-13,179.74134061850458,2.3163718517454726e-14,-2.6850798872184,-5.3600791323309205e-14,378.7544868927538,-3.3683950989840916e-13,-179.74134061850458,-2.3163718517454726e-14,2.6850798872184,-5.376304400509344e-14,454.3466268740149
R,576,-3.660612258802173e-13,-110.11389793168054,3.146644666732402e-15,7.470348507812824,-6.7446136889413415e-15,-456.77971352506415,3.660612258802173e-13,110.11389793168054,-3.146644666732402e-15,-7.470348507812824,-6.675825814672351e-15,-12.856061153553242
R,312,0.0,12.482593090622323,-1.861571209419864e-14,0.006860531225946763,6.7481851089868e-14,7.856488078705354,0.0,-12.482593090622323,1.861571209419864e-14,-0.006860531225946763,6.748206159307216e-14,82.64231182830649
R,577,0.0,-9.716355454132366,-2.0307809628382995e-15,-0.05957564004495168,9.037000797111121e-15,-80.90340749891782,0.0,9.716355454132366,2.0307809628382995e-15,0.05957564004495168,9.036949772149741e-15,-5.572156042860215
R,313,0.0,11.756208906197442,-3.1145179074033295e-13,0.6666484920167837,1.1287728191232094e-12,6.910961069235967,0.0,-11.756208906197442,3.1145179074033295e-13,-0.6666484920167837,1.1292526637442044e-12,78.32155350069549
R,578,1.7542147509877828e-13,-9.301418271141596,1.7812701911717773e-13,-0.0920171458127074,-7.829281408546144e-13,-76.95566852200886,-1.7542147509877828e-13,9.301418271141596,-1.7812701911717773e-13,0.0920171458127074,-8.02402329288267e-13,-5.826954091151322
R,314,-3.7606375449040055e-06,18.724590497188572,3.6510643371215634e-08,0.17292022985135957,-1.0614634530700713e-07,46.89926514480025,3.7606375449040055e-06,-18.724590497188572,-3.6510643371215634e-08,-0.17292022985135957,-1.0561538624604352e-07,61.703359738893454
R,579,-1.301613558314795e-05,-120.85335417124892,-2.1071332286758996e-06,0.17292022985136046,1.5267555950518629e-06,-61.70335973889337,1.301613558314795e-05,120.85335417124892,2.1071332286758996e-06,-0.17292022985136046,1.5285875865281919e-06,-113.5340038094176
R,580,2.120666002353728e-06,-1.4814079249376253,9.001448988923534e-09,-0.4797136809647388,-3.9907802428317085e-08,-7.491184173585294,-2.120666002353728e-06,1.4814079249376253,-9.001448988923534e-09,0.4797136809647388,-4.0205093573102355e-08,-5.693346358359568
R,315,2.6946438323925898e-05,-8.903461604756766e-06,-443.84835388542353,-7.10390626957e-09,410.55972918490977,-8.23432670330166e-06,-2.6946438323925898e-05,8.903461604756766e-06,443.84835388542353,7.10390626957e-09,410.5597255031228,-8.23707726549834e-06
R,581,-2.630420223742312e-05,6.078079915781105e-06,263.3366716661886,14.304236237263106,-473.8368954395246,5.7753081317213845e-06,2.630420223742312e-05,-6.078079915781105e-06,-263.3366716661886,-14.304236237263106,-26.50278072623331,5.7730437082627075e-06
R,582,0.0,-4.48886172497323e-15,60.065893010433506,-0.6233646187168508,24.959551092054625,-1.5140375739377176e-14,0.0,4.48886172497323e-15,-60.065893010433506,0.6233646187168508,-250.20664988118028,-1.6928557292724356e-15
R,583,9.470624284801943e-07,-3.3895163103232196e-08,-158.07298412818994,-5.970811807121013,252.3933738490279,-6.35534307970307e-08,-9.470624284801943e-07,3.3895163103232196e-08,158.07298412818994,5.970811807121013,340.3803166316843,-6.355343084009004e-08
R,584,-7.102968213601457e-07,1.4299525011169936e-08,143.50879922883698,2.7933454462829332,-308.8618126360434,3.5748812564022105e-08,7.102968213601457e-07,-1.4299525011169936e-08,-143.50879922883698,-2.7933454462829332,-408.6821835081414,3.574881249182757e-08
R,585,1.4888365540421944e-06,-1.5533782289558007e-08,-172.4126328159616,-2.7564243393765757,408.86968776617687,-3.883445577983063e-08,-1.4888365540421944e-06,1.5533782289558007e-08,172.4126328159616,2.7564243393765757,453.19347631363104,-3.88344556679594e-08
R,586,-2.7454069018162382e-05,2.45881188480183e-09,151.20864915082004,2.1166004678700236,-331.1648631546369,1.8877746448952883e-08,2.7454069018162382e-05,-2.45881188480183e-09,-151.20864915082004,-2.1166004678700236,-424.8783825994634,-6.58368702494373e-09
R,587,-901.5706193717133,5.3093328810287925,-166.56878102088098,-2.701352451083365,424.07120817141157,14.734625885098712,901.5706193717133,-5.3093328810287925,166.56878102088098,2.701352451083365,500.3855264944778,14.732171604611082
R,316,5.236970856969947e-06,4.413674203326978e-08,219.87302700859362,1.6264010855618745,-286.903719589042,8.275639084720062e-08,-5.236970856969947e-06,-4.413674203326978e-08,-219.87302700859362,-1.6264010855618745,-537.6201316931841,8.275639177756104e-08
R,588,-7.491673947868094e-08,-1.6757394770910535e-08,-314.27723642243006,-2.4999259759482877,543.8892781639638,-3.142011531031945e-08,7.491673947868094e-08,1.6757394770910535e-08,314.27723642243006,2.4999259759482877,634.6503584201489,-3.142011508059506e-08
R,589,5.61850566072053e-08,7.069528909923886e-09,263.036060418077,0.5884141457034896,-623.3354750136854,1.7673822316496176e-08,-5.61850566072053e-08,-7.069528909923886e-09,-263.036060418077,-0.5884141457034896,-691.8448270766994,1.7673822233123256e-08
R,590,1.7344750635750472e-06,-7.118705165278008e-09,-280.47551592725057,-0.5827899389877971,691.4428155370781,-1.7796762965220388e-08,-1.7344750635750472e-06,7.118705165278008e-09,280.47551592725057,0.5827899389877971,710.9347640991749,-1.779676286116965e-08
R,591,-2.770824819586792e-05,-5.9563661184308775e-09,259.1708804906249,0.6871233107823209,-569.1793941037589,-2.160103274296364e-09,2.770824819586792e-05,5.9563661184308775e-09,-259.1708804906249,-0.6871233107823209,-726.6750083493657,-2.762172731785803e-08
R,592,-901.8671862771565,5.309372661327662,-285.23882012305785,-0.7275397824478708,728.3433769205974,14.734736273074251,901.8671862771565,-5.309372661327662,285.23882012305785,0.7275397824478708,854.7320747623735,14.73228199729427
R,317,-1.1286107183951659e-06,-9.051621805887785e-06,-458.64088242842524,1.6715532239086542e-09,424.24281745695623,-8.372799101712576e-06,1.1286107183951659e-06,9.051621805887785e-06,458.64088242842524,-1.6715532239086542e-09,424.2428150356295,-8.372701239179807e-06
R,593,-5.307478141191565e-05,5.5452777636033754e-06,364.060208540418,-26.78221485511847,-665.8684030879203,5.268045779014905e-06,5.307478141191565e-05,-5.5452777636033754e-06,-364.060208540418,26.78221485511847,-25.84599313887327,5.2679819718315e-06
R,594,0.0,-3.744076076928242e-15,86.03263562629112,1.3800243819298341,22.868561773385068,-1.3045730965550429e-14,0.0,3.744076076928242e-15,-86.03263562629112,-1.3800243819298341,-345.4909453719768,-9.945543229304774e-16
R,595,1.08448916513737e-06,1.996607217625093e-08,-209.386324708008,11.820923985912236,347.9999950907063,3.7436385239446366e-08,-1.08448916513737e-06,-1.996607217625093e-08,209.386324708008,-11.820923985912236,437.1987225643237,3.743638542149463e-08
R,596,-8.133668738530275e-07,-8.423188205599691e-09,185.22910176338587,-1.9433901489816123,-406.8236610214296,-2.1057970478791123e-08,8.133668738530275e-07,8.423188205599691e-09,-185.22910176338587,1.9433901489816123,-519.3218477954998,-2.1057970549207325e-08
R,597,1.363756607641875e-06,8.092181877621362e-09,-222.25060711828905,1.9606210759841445,519.536355077086,2.0230454649097404e-08,-1.363756607641875e-06,-8.092181877621362e-09,222.25060711828905,-1.9606210759841445,591.7166805143593,2.0230454739009402e-08
R,598,-2.7348016351513845e-05,-2.1167152237584257e-08,217.07487439532687,-0.992504513094782,-496.4162654564173,-4.018716393508181e-08,2.7348016351513845e-05,2.1167152237584257e-08,-217.07487439532687,0.992504513094782,-588.9581065202174,-6.56485972528395e-08
R,599,-902.2312358299482,5.30933286859833,-187.91111854573663,0.9706093594624107,588.0969123770371,14.734625851457032,902.2312358299482,-5.30933286859833,187.91111854573663,-0.9706093594624107,454.80979555180096,14.732171569263695
R,318,0.0,-1.1404641588675015e-14,-6.114788245375736,8.676913332236722,-1.0788742842381893,-1.9634699883874317e-14,0.0,1.1404641588675015e-14,6.114788245375736,-8.676913332236722,24.009330204397173,-2.3132706073656943e-14
R,600,0.0,-4.084090288992164e-15,6.778979755497082,-0.5140875871033015,-20.22233769262722,-7.320681059505518e-15,0.0,4.084090288992164e-15,-6.778979755497082,0.5140875871033015,-5.1988363904868375,-7.994657524215098e-15
R,319,0.0,-5.923274301712467e-15,2.4615639533954035,-9.89305499971421,-3.264885872777538,-1.0293637167884196e-14,0.0,5.923274301712467e-15,-2.4615639533954035,9.89305499971421,-5.965978952455215,-1.1918641463537533e-14
R,601,3.3306690738754696e-12,4.734864610489235e-15,-0.7981948869366386,0.89410354416331,8.759314592882351,8.065368066262459e-15,-3.3306690738754696e-12,-4.734864610489235e-15,0.7981948869366386,-0.89410354416331,-5.766083766869956,9.690374223072171e-15
R,320,-2.250281553560971e-05,-15.543552726771214,-2.8417255060637508e-08,-9.340858231911617e-08,3.050469702669904e-08,-14.183491047965726,2.250281553560971e-05,15.543552726771214,2.8417255060637508e-08,9.340858231911617e-08,2.1356793458964413e-08,-14.183492678391744
R,602,-6.398570198275108e-13,251.7648535477352,-2.153666976120798e-13,-3.0395743762513674,2.6274737362930065e-13,569.3374892293024,6.398570198275108e-13,-251.7648535477352,2.153666976120798e-13,3.0395743762513674,2.6274736854417396e-13,44.96875342717152
R,603,4.0977719904963945e-13,32.78905005936911,9.948222850563883e-15,0.22531149652586938,-3.972774415935731e-14,-35.07569842745744,-4.0977719904963945e-13,-32.78905005936911,-9.948222850563883e-15,-0.22531149652586938,-3.6077713961939485e-14,284.9282598798501
R,604,1.2555323867321918e-05,-200.09218450238012,8.491294636843303e-07,1.3041857807641528,-1.810756102849634e-06,-293.6051732120867,-1.2555323867321918e-05,200.09218450238012,-8.491294636843303e-07,-1.3041857807641528,-1.810781059764034e-06,-559.7879936905643
R,321,0.0,58.783550657630265,-1.7761998661565496e-14,1.5432296341780227,2.8751955396033385e-14,14.927600855980074,0.0,-58.783550657630265,1.7761998661565496e-14,-1.5432296341780227,4.700296889554344e-14,235.784242698813
R,605,-2.1659438271402082e-06,-181.58409600510856,-4.725612234365182e-07,-1.2501060062487754,7.052976253353759e-07,-246.57140124269057,2.1659438271402082e-06,181.58409600510856,4.725612234365182e-07,1.2501060062487754,7.052976266226311e-07,-295.4571253325585
R,606,1.3948961996255991e-06,184.6844197886746,1.2622403349101557e-07,0.8095611462826301,-2.925241988542737e-07,408.8382730771789,-1.3948961996255991e-06,-184.6844197886746,-1.2622403349101557e-07,-0.8095611462826301,-2.925241963765835e-07,447.1740126433279
R,607,-3.660612258802173e-13,-109.29548674350208,8.146605111913279e-14,-2.977431365488014,-1.637135319763335e-13,-437.9830117239879,3.660612258802173e-13,109.29548674350208,-8.146605111913279e-14,2.977431365488014,-1.837391760467678e-13,-28.16223923704834
R,322,3.4626418112115097e-07,20.885730076629052,-6.436328160298136e-09,0.16395742938707292,2.3331689577366473e-08,71.94296104109628,-3.4626418112115097e-07,-20.885730076629052,6.436328160298136e-09,-0.16395742938707292,2.333168958479501e-08,79.47858201446432
R,608,6.044285507493733e-07,-8.614357617422488,3.947089440491905e-09,-0.18771974460789848,-1.7564548004326956e-08,-44.03726293008548,-6.044285507493733e-07,8.614357617422488,-3.947089440491905e-09,0.18771974460789848,-1.7564548016050987e-08,-32.63051986497466
R,323,4.030209355898212e-07,23.7631556310288,2.062677728145759e-09,0.09122957800723887,-7.47720675659583e-09,82.00065596179904,-4.030209355898212e-07,-23.7631556310288,-2.062677728145759e-09,-0.09122957800723887,-7.477206772460925e-09,90.28222236315976
R,609,5.934333081116571e-07,-10.547040586020618,-1.6827542065243864e-09,-0.2672669978349455,7.488256225485805e-09,-52.52502566475356,-5.934333081116571e-07,10.547040586020618,1.6827542065243864e-09,0.2672669978349455,7.48825621258123e-09,-41.343635550829916
R,324,0.0,43.47958467075044,6.870108522436006e-14,-2.18672396784761,-1.4639062268801035e-13,5.347447188404217,0.0,-43.47958467075044,-6.870108522436006e-14,2.18672396784761,-1.4661950579388527e-13,180.0929814323464
R,610,0.0,-147.09470846874964,3.127001140200791e-14,3.57935979902249,-4.6538412472773225e-14,-179.1988778881834,0.0,147.09470846874964,-3.127001140200791e-14,-3.57935979902249,-4.680257156222041e-14,-259.8788268910343
R,611,0.0,135.10174855062954,-3.7859610909731924e-14,-2.6897866717570516,8.765458734673418e-14,264.0051539525448,0.0,-135.10174855062954,3.7859610909731924e-14,2.6897866717570516,8.78247092198733e-14,362.19145057962305
R,612,0.0,-87.49037227918144,6.895691483532061e-14,2.5090497187296603,-1.4698320964229554e-13,-362.70553816672634,0.0,87.49037227918144,-6.895691483532061e-14,-2.5090497187296603,-1.4711803213034682e-13,-10.440899603982388
R,325,0.0,9.819111394798771,-4.795969884957252e-15,-0.18750425803529625,1.7388529213261006e-14,5.549769785659606,0.0,-9.819111394798771,4.795969884957252e-15,0.18750425803529625,1.7382252452679073e-14,65.63878782663149
R,613,-1.7542147509877828e-13,-7.682201681674827,1.3553504661954909e-14,0.21450728158607021,-6.03137040022745e-14,-64.46758374194016,1.7542147509877828e-13,7.682201681674827,-1.3553504661954909e-14,-0.21450728158607021,-6.031248748912419e-14,-3.904011224965778
R,326,6.460349496741212e-13,7.170802881891935,2.576320130114677e-08,0.8071744280519166,-9.339148788440875e-08,4.8179529189534165,-6.460349496741212e-13,-7.170802881891935,-2.576320130114677e-08,-0.8071744280519166,-9.339172154890532e-08,47.17036797476311
R,614,-7.016859003951131e-13,-5.3616650285494565,1.7096058548390437e-08,-0.8611941431800584,-7.607755577773231e-08,-45.755704881532935,7.016859003951131e-13,5.3616650285494565,-1.7096058548390437e-08,0.8611941431800584,-7.607736530294254e-08,-1.9631138725572157
R,327,0.002605425766943126,3.920254934209261,-5.1578171524057027e-08,0.1832681638438541,1.8376762235474403e-07,19.144582839337286,-0.002605425766943126,-3.920254934209261,5.1578171524057027e-08,-0.1832681638438541,1.901741211946694e-07,9.277265433679858
R,615,-0.0021230114444877783,-0.48565916824532795,2.63177035217997e-08,1.77442875629969,-1.135589075698869e-07,-5.758681577812871,0.0021230114444877783,0.48565916824532795,-2.63177035217997e-08,-1.77442875629969,-1.206686537741304e-07,1.4363149804294526
R,328,1.1180119330322924e-07,5.563804883731483e-09,-26.535122714726402,-1.0425743726436683,107.1388411692501,2.7639509827599067e-08,-1.1180119330322924e-07,-5.563804883731483e-09,26.535122714726402,1.0425743726436683,158.21238597801388,2.7998539009715766e-08
R,616,-2.2360238660645848e-07,-4.3217929908629174e-08,237.78799800773314,2.1996044520816485,-536.888687376893,-1.076857956809358e-07,2.2360238660645848e-07,4.3217929908629174e-08,-237.78799800773314,-2.1996044520816485,-652.0513026617726,-1.0840385386221008e-07
R,617,0.0,1.5580783143571646e-14,-178.98442944190558,-73.48588655840487,650.7740600102143,1.8369389217563153e-14,0.0,-1.5580783143571646e-14,178.98442944190558,73.48588655840487,-205.10283069986968,2.0426760809930223e-14
R,618,5.291977015960171e-06,-3.2859768911226204e-07,-511.46760985210125,71.61009211736275,227.59797792553633,-4.1310529711825846e-07,-5.291977015960171e-06,3.2859768911226204e-07,511.46760985210125,-71.61009211736275,1056.1857228032386,-4.116749025535198e-07
R,619,-2.656572462012008e-06,4.221669322717475e-08,275.79468737978135,-4.266810842000441,-618.8817696445526,1.0590076267085954e-07,2.656572462012008e-06,-4.221669322717475e-08,-275.79468737978135,4.266810842000441,-760.0916672543539,1.0518270346501421e-07
R,620,-9.940798184615574e-09,-4.9505516317186957e-08,-325.28475429816484,4.522863195556435,760.8021483484486,-1.2412281959086995e-07,9.940798184615574e-09,4.9505516317186957e-08,325.28475429816484,-4.522863195556435,865.6216231423756,-1.2340476199506484e-07
R,621,9.940798184615574e-09,5.036718738615645e-08,174.66363898967086,3.3591341418281395,-393.57373093466197,1.2627699739136506e-07,-9.940798184615574e-09,-5.036718738615645e-08,-174.66363898967086,-3.3591341418281395,-479.74446401369227,1.255589395394172e-07
R,622,-4.503297734714806e-07,-5.036708781980519e-09,-207.80210203171515,-2.9220275508260443,479.9710493931368,-1.2950800917517057e-08,4.503297734714806e-07,5.036708781980519e-09,207.80210203171515,2.9220275508260443,559.0394607654389,-1.223274299238554e-08
R,623,4.633083916516512e-06,-4.014976339675874e-11,-20.776568683503328,-0.054717901104144616,23.548876161509426,-1.0037440849189685e-10,-4.633083916516512e-06,4.014976339675874e-11,20.776568683503328,0.054717901104144616,80.33396725600721,-1.0037440849189685e-10
R,329,-2.1854580645186417e-07,-1.6193103071816557e-10,-16.36263612916065,0.0797942340374749,49.744057342368954,-8.097141304620661e-10,2.1854580645186417e-07,1.6193103071816557e-10,16.36263612916065,-0.0797942340374749,113.88230394923752,-8.095961767195896e-10
R,624,-3.635729217688066e-07,7.306044007087363e-09,303.0483630192111,0.3966292847919002,-632.675626373793,1.862413881562096e-08,3.635729217688066e-07,-7.306044007087363e-09,-303.0483630192111,-0.3966292847919002,-882.5661887222625,1.7906081219815854e-08
R,625,7.88789034089632e-07,-3.627495562231412e-09,-375.2255187620191,-0.5981347227602168,884.0700777945356,-9.427767721776996e-09,-7.88789034089632e-07,3.627495562231412e-09,375.2255187620191,0.5981347227602168,992.0575160155597,-8.709710089380065e-09
R,626,-7.88789034089632e-07,4.489162042586262e-09,292.4607790083814,1.431850823106624,-652.0396372646218,1.1581933922664121e-08,7.88789034089632e-07,-4.489162042586262e-09,-292.4607790083814,-1.431850823106624,-810.2642577772851,1.086387629026719e-08
R,627,3.656749902880563e-07,-4.054332316649322e-09,-360.36125882470105,-1.445909534003363,810.326249461307,-1.0494859644413594e-08,-3.656749902880563e-07,4.054332316649322e-09,360.36125882470105,1.445909534003363,991.480044662198,-9.776801938833016e-09
R,628,-3.656749902880563e-07,4.916003407573911e-09,329.10428550354504,0.7040281143729499,-757.8705233472878,1.2649037371725066e-08,3.656749902880563e-07,-4.916003407573911e-09,-329.10428550354504,-0.7040281143729499,-887.6509041704373,1.1930979666144488e-08
R,629,8.815298491171575e-07,-6.370858984404339e-09,-359.0618240951205,-0.6221263967416264,887.5722800104928,-1.628617635039296e-08,-8.815298491171575e-07,6.370858984404339e-09,359.0618240951205,0.6221263967416264,907.7368404651097,-1.5568118571628736e-08
R,630,4.479800280732249e-06,2.9259305671684374e-10,-9.80212256910772,-0.01401679985484636,-15.92434957591967,7.31482660088021e-10,-4.479800280732249e-06,-2.9259305671684374e-10,9.80212256910772,0.01401679985484636,64.93496242145827,7.314826234961977e-10
R,330,-2.4762423361801567e-06,3.6666574012862285e-10,-7.654459944062776,-0.06776933127073188,-18.593228633062836,1.8333304113108545e-09,2.4762423361801567e-06,-3.6666574012862285e-10,7.654459944062776,0.06776933127073188,95.13782807369059,1.833326989975374e-09
R,631,2.994367254149921e-07,1.957732020929897e-09,202.67812994813218,-2.226973169358368,-406.28285841438395,5.253358795339561e-09,-2.994367254149921e-07,-1.957732020929897e-09,-202.67812994813218,2.226973169358368,-607.1077913262769,4.5353013093099234e-09
R,632,8.913382532060865e-07,-3.824253579825035e-09,-261.18171976674887,2.254972001990743,606.8811449055625,-9.919662710873318e-09,-8.913382532060865e-07,3.824253579825035e-09,261.18171976674887,-2.254972001990743,699.0274539281819,-9.201605188251857e-09
R,633,-8.913382532060865e-07,4.685920213865543e-09,196.79602081799885,-2.2293908463053276,-404.09859462953517,1.20738293142705e-08,8.913382532060865e-07,-4.685920213865543e-09,-196.79602081799885,2.2293908463053276,-579.8815094604591,1.1355771755057215e-08
R,634,8.891500036245503e-07,-5.759354948519941e-09,-268.8159338787757,2.2041564137162326,579.9602621458121,-1.4757416150906495e-08,-8.891500036245503e-07,5.759354948519941e-09,268.8159338787757,-2.2041564137162326,764.1194072480664,-1.403935859169321e-08
R,635,-8.891500036245503e-07,6.6210260613996236e-09,217.70135387720467,-2.091585213629817,-490.2575983903534,1.691159391480979e-08,8.891500036245503e-07,-6.6210260613996236e-09,-217.70135387720467,2.091585213629817,-598.2491709956698,1.619353639218833e-08
R,636,-5.567296623709694e-07,-1.0316817093008503e-08,-245.99073720274347,2.093479776630825,598.10120977617,-2.6151071493831987e-08,5.567296623709694e-07,1.0316817093008503e-08,245.99073720274347,-2.093479776630825,631.8524762375474,-2.5433013971210526e-08
R,637,5.347840920100211e-06,3.7581799879147365e-09,-14.999054047782003,0.08144256120982742,3.5511681962311883,9.395449969786841e-09,-5.347840920100211e-06,-3.7581799879147365e-09,14.999054047782003,-0.08144256120982742,71.44410204267882,9.395449969786841e-09
R,331,3.1420960626417824e-08,1.3720520931869268e-08,56.31678010256144,-8.423026543637768,-207.27224960073062,5.138335091427752e-08,-3.1420960626417824e-08,-1.3720520931869268e-08,-56.31678010256144,8.423026543637768,-214.5404333674545,5.138335086542328e-08
R,332,-1.8470796013381961e-07,5.52319606196112,6.3591815746040514e-09,0.05823960437635529,-2.349207713237085e-08,20.935443967765515,1.8470796013381961e-07,-5.52319606196112,-6.3591815746040514e-09,-0.05823960437635529,-2.261198928350853e-08,19.107727481452606
R,638,4.368871837335073e-08,1.3859643721036161,1.700336560435436e-08,1.1289398243511548,-7.56650981629254e-08,5.576226990831065,-4.368871837335073e-08,-1.3859643721036161,-1.700336560435436e-08,-1.1289398243511548,-7.566485571582836e-08,6.758855920891115
R,333,-2.4197305796989012e-06,43.01725836830206,4.467692194201223e-10,-0.23505919676644266,-1.6195379268990236e-09,183.60249503301023,2.4197305796989012e-06,-43.01725836830206,-4.467692194201223e-10,0.23505919676644266,-1.6195389138968632e-09,128.27262813717965
R,639,2.0865761716763076e-07,-9.505938446741741,-3.493013896370003e-09,0.2220020226064209,1.554391183884651e-08,-45.757794944632806,-2.0865761716763076e-07,9.505938446741741,3.493013896370003e-09,-0.2220020226064209,1.554391183884651e-08,-38.84505723136868
R,334,1.8068740469351937e-06,12.763874087686421,-1.6412799589986176e-08,-0.05024345056548201,5.9496399545561266e-08,53.0382308416442,-1.8068740469351937e-06,-12.763874087686421,1.6412799589986176e-08,0.05024345056548201,5.9496397481838507e-08,39.49985629408235
R,640,-7.676268328847439e-09,-4.957574873724941,-1.7983978031359068e-11,-0.08179761235462651,8.002870223954783e-11,-23.289580530112566,7.676268328847439e-09,4.957574873724941,1.7983978031359068e-11,0.08179761235462651,8.002870223954783e-11,-20.8328358460394
R,335,2.1767808460920935e-06,11.762182242319733,2.4255364735145557e-09,-0.7160974096183508,-8.792569716490264e-09,46.18811914788429,-2.1767808460920935e-06,-11.762182242319733,-2.4255364735145557e-09,0.7160974096183508,-8.792569716490264e-09,39.08770210893378
R,641,-6.651929709303142e-08,-5.942318506556541,1.8926851706278613e-09,0.051272235792622106,-8.42244897274784e-09,-27.780182095563696,6.651929709303142e-08,5.942318506556541,-1.8926851706278613e-09,-0.051272235792622106,-8.422449045840121e-09,-25.1064526127895
R,336,-6.389608669751897e-08,14.476029139958479,1.0455334168292897e-08,0.434601883909448,-3.790058636006175e-08,51.792751936757895,6.389608669751897e-08,-14.476029139958479,-1.0455334168292897e-08,-0.434601883909448,-3.790058636006175e-08,53.15845932794108
R,642,-1.5394655353866093e-07,-2.9417890127767814,-7.012033336563668e-09,-0.27219593471257186,3.1203548420800596e-08,-15.204524517913354,1.5394655353866093e-07,2.9417890127767814,7.012033336563668e-09,0.27219593471257186,3.1203548274616037e-08,-10.977397695799993
R,337,-4.796012724892419e-08,11.271408029451107,9.16817649221846e-09,0.16437221321440285,-3.323463976186015e-08,40.6610452591603,4.796012724892419e-08,-11.271408029451107,-9.16817649221846e-09,-0.16437221321440285,-3.323463980672369e-08,41.05666295436021
R,643,-1.874106558144043e-08,-1.1145046528501237,-3.071817436767577e-09,-0.1536334004146516,1.3669587648434926e-08,-6.146402509948963,1.874106558144043e-08,1.1145046528501237,3.071817436767577e-09,0.1536334004146516,1.3669587538796503e-08,-3.772688900417135
R,338,-1.3008399348599933e-06,-264.5295631463812,1.390317406852277e-07,12.016426815353055,-2.871537173351121e-07,-269.73271411734584,1.3008399348599933e-06,264.5295631463812,-1.390317406852277e-07,-12.016426815353055,-2.8565705428802597e-07,-820.1290860457447
R,339,0.0,19.174358022638792,-7.054404622878337e-15,1.2772426515586959,2.570680737244941e-14,75.68549101048653,0.0,-19.174358022638792,7.054404622878337e-15,-1.2772426515586959,2.5437626143418527e-14,63.32860465364472
R,644,0.0,-7.507391664881089,3.3137905057283265e-15,-0.2266464207143361,-1.4801186961459416e-14,-62.33384064609258,0.0,7.507391664881089,-3.3137905057283265e-15,0.2266464207143361,-1.469154853952268e-14,-4.481945171349089
R,340,0.0,42.90627507014267,-6.9987119548029805e-15,0.14074436937504878,2.5437626143418527e-14,230.21676100515162,0.0,-42.90627507014267,6.9987119548029805e-15,-0.14074436937504878,2.5303035528903084e-14,80.85373325338279
R,645,0.0,-9.259496646774652,3.3261094295414427e-15,0.07875268535301783,-1.4837733102104994e-14,-77.97597289627284,0.0,9.259496646774652,-3.3261094295414427e-15,-0.07875268535301783,-1.476464082081384e-14,-4.433547260021541
R,341,-8.862763564608777e-06,-158.55126288633355,1.2777468893132125e-07,22.49514722566631,-2.631895876114719e-07,-508.1352244159262,8.862763564608777e-06,158.55126288633355,-1.2777468893132125e-07,-22.49514722566631,-2.632421307855716e-07,-145.095978675768
R,342,0.0,9.482066921385973,-6.868762395960484e-15,-0.22658537944459692,2.480953660901313e-14,6.281161692654123,0.0,-9.482066921385973,6.868762395960484e-15,0.22658537944459692,2.4988990761700388e-14,62.46382348739419
R,646,0.0,-7.339633029948343,3.3137905057283265e-15,-0.14796121949977242,-1.4801186961459416e-14,-61.13766897627959,0.0,7.339633029948343,-3.3137905057283265e-15,0.14796121949977242,-1.469154853952268e-14,-4.185064990260649
R,343,7.529864232136418e-07,6.3627769386281125e-09,-25.47149527176777,-0.030961215021825833,103.71459923119943,3.19040944952764e-08,-7.529864232136418e-07,-6.3627769386281125e-09,25.47149527176777,0.030961215021825833,151.00035348647825,3.172367489100471e-08
R,647,-3.422665560062009e-06,-6.037576119976616e-07,388.22211214332685,-3.251124997505291,-630.6093732430695,-6.645434190559016e-07,3.422665560062009e-06,6.037576119976616e-07,-388.22211214332685,3.251124997505291,-223.47927347224925,-6.637233273389535e-07
R,648,-2.2303587548273225e-12,1.1719225979444478e-14,85.05335349600502,6.792540436958467,226.52293828781205,1.7224212618587766e-14,2.2303587548273225e-12,-1.1719225979444478e-14,-85.05335349600502,-6.792540436958467,-464.6723280766262,1.5589620123856784e-14
R,649,9.63098351070002e-07,-5.367005745859407e-08,-206.13699273874863,-4.5267726906306915,464.0403820657842,-1.3399472310829563e-07,-9.63098351070002e-07,5.367005745859407e-08,206.13699273874863,4.5267726906306915,566.644581627959,-1.3435556418467472e-07
R,650,-9.63098351070002e-07,5.3237051087284266e-08,183.135949292378,3.7014781041873,-367.69998672073837,1.3291220727985466e-07,9.63098351070002e-07,-5.3237051087284266e-08,-183.135949292378,-3.7014781041873,-547.9797597411516,1.3327304815656665e-07
R,651,-1.1059902993437731e-08,-6.075981092873932e-08,-250.73751591014445,-3.841378029279729,548.0358284274154,-1.5171910682857888e-07,1.1059902993437731e-08,6.075981092873932e-08,250.73751591014445,3.841378029279729,705.6517511233067,-1.520799478151177e-07
R,652,1.1059902993437731e-08,6.032679961550187e-08,151.01303037377912,4.897377746855974,-300.13688133604415,1.5063657870709655e-07,-1.1059902993437731e-08,-6.032679961550187e-08,-151.01303037377912,-4.897377746855974,-454.9282705328514,1.5099741937041282e-07
R,653,-3.621443145362946e-06,6.97074748044379e-09,-204.45354636189373,-2.5854168494460823,455.42681667573856,1.7607289081507942e-08,3.621443145362946e-06,-6.97074748044379e-09,204.45354636189373,2.5854168494460823,566.84091513373,1.7246448320711008e-08
R,654,1.0156446933473617e-05,6.368820805964387e-10,-125.70381724061986,-0.008624206285836145,189.90312766454988,1.5922050562449641e-09,-1.0156446933473617e-05,-6.368820805964387e-10,125.70381724061986,0.008624206285836145,438.6159585385494,1.5922053467372295e-09
R,344,1.6332953739484068e-06,-7.945161164807683e-10,-15.090171987458294,0.056877796951298874,44.68620272266228,-3.97260686019898e-09,-1.6332953739484068e-06,7.945161164807683e-10,15.090171987458294,-0.056877796951298874,106.21551715192066,-3.972554304608703e-09
R,655,-4.341998351773604e-06,-1.1792071286545133e-08,425.69341872010415,6.439139528557708,-754.0219305707851,-1.3381324991872802e-08,4.341998351773604e-06,1.1792071286545133e-08,-425.69341872010415,-6.439139528557708,-182.5035906134437,-1.2561231838526483e-08
R,656,2.2303587548273225e-12,-4.2150549996338206e-14,214.67233247026405,-4.309287322970632,181.42118014627556,-5.896024558149254e-14,-2.2303587548273225e-12,4.2150549996338206e-14,-214.67233247026405,4.309287322970632,-782.5037110630151,-5.906129440825449e-14
R,657,-3.2710209540987023e-07,8.00164696956796e-09,-342.90047928681224,-0.4345636538059698,783.7345914175881,2.0184537958074824e-08,3.2710209540987023e-07,-8.00164696956796e-09,342.90047928681224,0.4345636538059698,930.7678050164732,1.9823696889764977e-08
R,658,3.2710334441077293e-07,-8.434649335675788e-09,287.5851278118566,0.0732631422249283,-637.2553526689767,-2.1267043888952424e-08,-3.2710334441077293e-07,8.434649335675788e-09,-287.5851278118566,-0.0732631422249283,-800.6702863903062,-2.0906202789426518e-08
R,659,-3.8928110734914867e-07,9.138454680220209e-09,-352.45934037662647,-0.05453623856497318,800.5236585315942,2.3026557213723885e-08,3.8928110734914867e-07,-9.138454680220209e-09,352.45934037662647,0.05453623856497318,961.773043351538,2.266571618737716e-08
R,660,3.8928110734914867e-07,-9.5714659189706e-09,304.75109861870317,0.5272274768122992,-702.3750367141593,-2.410908532195105e-08,-3.8928110734914867e-07,9.5714659189706e-09,-304.75109861870317,-0.5272274768122992,-821.3804563793565,-2.374824427290194e-08
R,661,-3.6921365964559527e-06,5.019380629120108e-09,-331.89275198855194,-0.5035103973993967,821.030440947201,1.2728872083075813e-08,3.6921365964559527e-06,-5.019380629120108e-09,331.89275198855194,0.5035103973993967,838.4333189955587,1.2368031062524728e-08
R,662,1.2458760273448277e-05,4.1983616256778485e-10,-148.46649126988618,0.003720671932764937,190.57516033942994,1.0495903424373726e-09,-1.2458760273448277e-05,-4.1983616256778485e-10,148.46649126988618,-0.003720671932764937,551.757296010001,1.0495904704015516e-09
R,345,1.8321044681357535e-06,-3.806396209998124e-10,-25.88483896991089,-0.03602695559670525,132.5653245827736,-1.903198124840478e-09,-1.8321044681357535e-06,3.806396209998124e-10,25.88483896991089,0.03602695559670525,126.28306511633534,-1.903198085157646e-09
R,663,-1.8237648891084035e-06,1.904186999141352e-09,203.4342060490502,-2.416969921882753,-434.16441672616577,4.580046987561087e-09,1.8237648891084035e-06,-1.904186999141352e-09,-203.4342060490502,2.416969921882753,-583.0066135190852,4.940888008145673e-09
R,664,-1.0093950675305052e-06,-1.2692260414112941e-09,-250.27481692662005,2.460006163667928,582.4076791753555,-2.9926445864028927e-09,1.0093950675305052e-06,1.2692260414112941e-09,250.27481692662005,-2.460006163667928,668.9664054577447,-3.353485620653578e-09
R,665,1.0093938185296025e-06,8.362192783845038e-10,190.65542632883705,-1.9055819840821615,-387.4657339654376,1.910127677413249e-09,-1.0093938185296025e-06,-8.362192783845038e-10,-190.65542632883705,1.9055819840821615,-565.8113976787477,2.27096871450927e-09
R,666,-3.4935804249514035e-07,-8.604175375178436e-10,-260.81802204275766,1.9128189466824255,565.9019568511957,-1.9706233378507217e-09,3.4935804249514035e-07,8.604175375178436e-10,260.81802204275766,-1.9128189466824255,738.1881533625926,-2.3314643497384962e-09
R,667,3.4935804249514035e-07,4.274063027607516e-10,212.58618488866074,-2.085671694549716,-479.5181638994035,8.880952570272227e-10,-3.4935804249514035e-07,-4.274063027607516e-10,-212.58618488866074,2.085671694549716,-583.4127605439002,1.2489362567765354e-09
R,668,-2.563521894760612e-06,2.3593489262457677e-09,-240.3868144684111,2.138877144026244,583.2642298331687,6.078792800830236e-09,2.563521894760612e-06,-2.3593489262457677e-09,240.3868144684111,-2.138877144026244,618.6698425088869,5.717951830398603e-09
R,669,9.075788870438473e-06,-8.542108020889718e-10,-118.04497277313122,0.00914264815718011,157.96588129663206,-2.135526970236412e-09,-9.075788870438473e-06,8.542108020889718e-10,118.04497277313122,-0.00914264815718011,432.25898256902394,-2.135527040208447e-09
R,346,3.0647596529563795e-07,4.974558730071036,-1.1204463860357767e-08,0.049256491680616216,4.0837451119511325e-08,15.194431220274312,-3.0647596529563795e-07,-4.974558730071036,1.1204463860357767e-08,-0.049256491680616216,4.03949118680825e-08,20.871119572740696
R,670,-2.4737883791987185e-07,-0.12367340608430002,-1.9554731214845492e-09,-0.5635977322219717,8.701802969317516e-09,-0.3867225737342679,2.4737883791987185e-07,0.12367340608430002,1.9554731214845492e-09,0.5635977322219717,8.701907811894968e-09,-0.7139707404160021
R,347,-2.4150377818244683e-06,24.151159251042834,3.7628586806366126e-09,-0.2705073412481636,-1.3640361640083076e-08,86.8032055252048,2.4150377818244683e-06,-24.151159251042834,-3.7628586806366126e-09,0.2705073412481636,-1.364036379453237e-08,88.29269904485575
R,671,-1.1820881352416234e-07,-10.487797411649037,-1.5063739455808689e-10,0.6765191241921904,6.703364348392743e-10,-48.3108880210024,1.1820881352416234e-07,10.487797411649037,1.5063739455808689e-10,-0.6765191241921904,6.703363767276986e-10,-45.030508942674
R,348,2.953625490738689e-06,25.90014481336308,-1.0467959902668025e-08,0.1332367117594034,3.794635480554941e-08,118.63308821179598,-2.953625490738689e-06,-25.90014481336308,1.0467959902668025e-08,-0.1332367117594034,3.794635448879378e-08,69.14296168508635
R,672,-3.616911896391401e-07,-7.450350615328459,-2.854097316311962e-09,-0.045965087924477704,1.2700733024841913e-08,-34.23527668793356,3.616911896391401e-07,7.450350615328459,2.854097316311962e-09,0.045965087924477704,1.2700733090334542e-08,-32.072843788489706
R,349,3.3476180879068144e-06,28.345573143435065,-2.8098515326685853e-09,-0.09685377655705021,1.0185711852113844e-08,129.38816011578362,-3.3476180879068144e-06,-28.345573143435065,2.8098515326685853e-09,0.09685377655705021,1.0185711759733402e-08,76.1172451741206
R,673,-3.900933298294331e-07,-8.964456870920571,4.2417917721110984e-10,-0.010359707864938611,-1.8875973473802304e-09,-41.084592323920404,3.900933298294331e-07,8.964456870920571,-4.2417917721110984e-10,0.010359707864938611,-1.8875973297986463e-09,-38.69907382727266
R,350,-9.345627719979127e-08,15.460685071775371,-2.2747075765891564e-10,0.5567162988518021,8.245814654754707e-10,55.41088694223243,9.345627719979127e-08,-15.460685071775371,2.2747075765891564e-10,-0.5567162988518021,8.245815275516677e-10,56.67907982813902
R,674,-1.0377776587516134e-07,-5.47223752930791,5.365975517433183e-09,-0.3131449011297764,-2.387859106177777e-08,-25.25794713312639,1.0377776587516134e-07,5.47223752930791,-5.365975517433183e-09,0.3131449011297764,-2.3878591043377557e-08,-23.444966877713995
R,351,-1.0385119488503111e-07,12.778827242034893,1.9105579668727556e-08,-0.7057354881068395,-6.925772623054143e-08,45.83626920295245,1.0385119488503111e-07,-12.778827242034893,-1.9105579668727556e-08,0.7057354881068395,-6.925772636773338e-08,46.81022830180052
R,675,-1.5348309000144997e-07,-3.623100266527914,-9.990030921707152e-09,0.48135484282595237,4.445563769124126e-08,-16.976650499621762,1.5348309000144997e-07,3.623100266527914,9.990030921707152e-09,-0.48135484282595237,4.445563751195237e-08,-15.268941872476663
R,352,-2.1534498322470708e-13,9.749542822253677,1.4909836645941335e-14,0.6319460108424455,-5.388483336851324e-14,11.319313127589094,2.1534498322470708e-13,-9.749542822253677,-1.4909836645941335e-14,-0.6319460108424455,-5.421148231456145e-14,59.364872333750064
R,676,1.7542147509877828e-13,-7.653547425670267,1.1576104887762056e-14,-0.5989343437298656,-5.152940474464056e-14,-63.239596002914695,-1.7542147509877828e-13,7.653547425670267,-1.1576104887762056e-14,0.5989343437298656,-5.1497928756441716e-14,-4.876976085550666
R,353,0.0,7.182374164922233,2.5483441838275848e-14,-0.056068686263716534,-9.235568975326019e-14,7.542856133467033,0.0,-7.182374164922233,-2.5483441838275848e-14,0.056068686263716534,-9.23992635742397e-14,44.52935656221916
R,677,0.0,-5.417972821594812,2.2569104524462363e-16,0.09055917244812016,-1.0058954933194396e-15,-44.40155718142924,0.0,5.417972821594812,-2.2569104524462363e-16,-0.09055917244812016,-1.0027548093577101e-15,-3.8184009307645823
R,354,0.0,9.083440760672904,2.5635905502641154e-14,-0.49854614288708327,-9.31204318067369e-14,7.4827945963020355,0.0,-9.083440760672904,-2.5635905502641154e-14,0.49854614288708327,-9.273988308741146e-14,58.37215091857651
R,678,0.0,-6.917523807072007,2.2213461765453325e-16,-0.14853071073153842,-9.726707151873659e-16,-57.34141304436487,0.0,6.917523807072007,-2.2213461765453325e-16,0.14853071073153842,-1.0043273819379796e-15,-4.224548838575977
R,355,14.13580968088952,98.62364989387292,-142.4672439369226,0.01409411155040301,286.0145453292302,195.29383079435888,-14.13580968088952,-98.62364989387292,142.4672439369226,-0.01409411155040301,278.1557406609835,195.25582278537794
R,356,7.512727817060465,96.98929190298618,-253.57353689371243,0.014094111550403009,504.43900822681337,192.0323097940368,-7.512727817060465,-96.98929190298618,253.57353689371243,-0.014094111550403009,499.712197872288,192.04528614178855
R,357,34.52694946093851,-16.380817911308505,-137.07528511596317,0.00013390559989636056,275.57773527035073,-32.46855563569228,-34.52694946093851,16.380817911308505,137.07528511596317,-0.00013390559989636056,267.24039378886357,-32.3994832930894
R,358,34.954751325499046,-16.567231493076868,-144.09157219374282,0.00013390559989633476,289.6491880861659,-32.74625440929777,-34.954751325499046,16.567231493076868,144.09157219374282,-0.00013390559989633476,280.9534378010557,-32.85998230328663
R,679,2.1779078540617992e-05,-0.0012605739405462323,-3300.8669243393356,6.115200064835662e-08,371.34752445765713,-0.00014180443467484076,-2.1779078540617992e-05,0.0012605739405462323,3300.8669243393356,-6.115200064835662e-08,371.34753351869364,-0.0001418247019480616
R,680,-0.00020649242316039818,-0.87193007342973,-283.18987820683515,-4.750958300543933e-08,35.398726116975865,-0.1089911665273869,0.00020649242316039818,0.87193007342973,283.18987820683515,4.750958300543933e-08,35.39874343473292,-0.10899135183004557
R,681,0.0002439569777864175,-0.0013444183820725173,-363.10773575816665,-2.04547768478166,-197.41992616047867,-0.00016816507520567498,-0.0002439569777864175,0.0013444183820725173,363.10773575816665,2.04547768478166,288.19686010002033,-0.00016793952031245434
R,682,0.0005304939889598912,0.0015019462104592276,-266.0735150844471,-2.1373949087208484,-280.8339975977522,0.00018752143639110555,-0.0005304939889598912,-0.0015019462104592276,266.0735150844471,2.1373949087208484,347.352376368864,0.00018796511622370135
R,683,0.00014196979657146692,0.00040169297826391696,-1195.6143133095318,-4.778637063111577,-191.58855356523821,5.009105592313683e-05,-0.00014196979657146692,-0.00040169297826391696,1195.6143133095318,4.778637063111577,490.49213189262116,5.033218864284242e-05
R,684,0.000759032842828633,-0.0016340977869910033,499.5304065988317,-3.497734427061658,-115.53983396015798,-0.00020454703297763296,-0.000759032842828633,0.0016340977869910033,-499.5304065988317,3.497734427061658,-9.342767689549945,-0.00020397741377011788
R,685,0.0007206538490955872,0.0011741718170188494,-200.95007174791897,-1.8412212014004627,-155.73114034036902,0.00014644509385925626,-0.0007206538490955872,-0.0011741718170188494,200.95007174791897,1.8412212014004627,205.96865827734877,0.00014709786039545609
R,686,0.0006280937395186648,5.778372570385965e-06,507.52632224404033,-2.4027272375060766,-770.245513360784,4.1359587512914215e-07,-0.0006280937395186648,-5.778372570385965e-06,-507.52632224404033,2.4027272375060766,643.3639327997739,1.030997267467349e-06
R,687,0.00022279188494067625,-0.0009605213400562399,477.7635159377614,-2.414553823171705,-128.4946368760419,-0.00012024261796065314,-0.00022279188494067625,0.0009605213400562399,-477.7635159377614,2.414553823171705,9.053757891601563,-0.00011988771705340683
R,688,0.00023009184557665208,0.0010946052539490513,-311.7143663051653,-0.9747092510810732,-199.95060545126339,0.00013666441436261203,-0.00023009184557665208,-0.0010946052539490513,311.7143663051653,0.9747092510810732,277.8791970275547,0.00013698689912465078
R,689,0.0003181022945053513,-2.9361592478638517e-05,528.857162058443,-2.7587848665460455,-808.2298541037356,-3.835437267589968e-06,-0.0003181022945053513,2.9361592478638517e-05,-528.857162058443,2.7587848665460455,676.0155635891249,-3.504960852069661e-06
R,690,4.4188003256451225e-05,-0.000502624615221609,847.9182729987452,0.9014409785314638,-233.42287865976795,-6.282461237027108e-05,-4.4188003256451225e-05,0.000502624615221609,-847.9182729987452,-0.9014409785314638,21.443310410081637,-6.283154143513117e-05
R,691,1.2954662342856693e-05,0.00048602194758057114,-320.3580718022288,-2.6224798330311403,-197.55788662119818,6.074614557526342e-05,-1.2954662342856693e-05,-0.00048602194758057114,320.3580718022288,2.6224798330311403,277.6474045717554,6.075934131987936e-05
R,692,-3.683783278418673e-05,3.687309450073373e-07,-1630.651310971695,-0.43344450444590926,-125.50951446956498,4.247117314141669e-08,3.683783278418673e-05,-3.687309450073373e-07,1630.651310971695,0.43344450444590926,533.1723422124887,4.971156311041763e-08
R,693,-0.0006421691678415442,-0.00011396191745574683,157.08599257506341,1.0053614429083737,-114.27942512045516,-1.4009601064059182e-05,0.0006421691678415442,0.00011396191745574683,-157.08599257506341,-1.0053614429083737,75.0079269766893,-1.4480878299877526e-05
R,694,-0.00042864681804033467,1.2678903188789373e-05,405.848687388318,-0.46570562096704016,-554.497538642581,1.8394690735669834e-06,0.00042864681804033467,-1.2678903188789373e-05,-405.848687388318,0.46570562096704016,453.03536679550155,1.3302567236303598e-06
