caso,nodo,ux_m,uy_m,uz_m,rx_rad,ry_rad,rz_rad
G,1,1.5843448371926984e-13,-4.115770291909931e-13,-4.541319088983309e-12,1.3185301443253283e-13,1.804035930107872e-13,-4.3660127240979608e-16
G,101,-1.2090058047875026e-13,4.78684021858164e-14,-8.190023718988581e-12,2.2336917070962602e-13,9.570297534271234e-14,2.1494621191686996e-16
G,201,-9.917927383791698e-14,-1.2788657063000095e-14,-3.352154037204929e-11,1.6881026691017157e-14,-1.3091664009598065e-13,-1.1917207889558699e-23
G,1001,3.122704264719955e-13,5.946344535338291e-13,-1.102833860862035e-11,-8.81736683400271e-15,5.527777744319443e-13,7.228436616113731e-16
G,1101,7.47808492138106e-14,-5.6158209757119174e-15,-3.3876782604928446e-11,7.412883082927095e-15,9.871072076342246e-14,-1.1917206942992927e-23
G,1201,-1.477676378099549e-14,-7.713930885021915e-15,-3.411722796066667e-11,1.0182388175809422e-14,-1.950532742916365e-14,-1.1917207889558699e-23
G,2001,3.2966916273894844e-13,-1.0690704568948805e-13,-6.018539565000535e-12,5.679882425931903e-14,3.9549618739464034e-13,2.7215288178089414e-16
G,2101,-2.7967314120122462e-15,-1.73089247338779e-13,-7.598239821472277e-12,1.1598620036366993e-14,9.917591035258335e-14,1.1603353593665879e-17
G,2201,-9.98995374897626e-15,-9.777030924999144e-15,-2.5243436496526353e-11,1.2905680212430022e-14,-1.3186738160093313e-14,-1.1917207889558699e-23
G,100001,7.725683936457219e-13,8.933858611738332e-13,-0.0001625928343047675,-3.666147831721998e-06,-4.3297810083874266e-07,-9.435937280519234e-15
G,100101,1.8085397637470914e-12,-1.0703299291656814e-13,-0.00027080908377451424,7.676093641034736e-06,1.629942679373828e-05,-9.831322095280615e-15
G,100201,1.1724400135178688e-12,7.462817270405245e-13,-0.0008966216192504191,-5.569625491874424e-06,4.31938536863626e-05,-9.436541352179643e-15
G,100301,3.76595417756095e-13,2.926615686989521e-13,-3.0432408668495756e-11,2.0390515925621666e-14,-2.974234466640592e-14,-4.7182706850277276e-15
G,100401,6.389142857584614e-13,-1.1188818363555875e-14,-1.9715204090854983e-11,-1.1580970395534456e-12,1.3486917286866852e-12,-6.341553771374814e-15
G,100451,3.4611516927943036e-13,2.2954521187492306e-13,-1.581107208388264e-11,1.916316514831108e-16,-1.1021020050743982e-13,-4.718270685027713e-15
G,101001,9.284298086120173e-13,8.965047888933152e-13,-0.00037566853181442703,-4.401079672883741e-06,-6.526030270398726e-05,-9.438007277178e-15
G,101101,2.0592556531138152e-13,7.555015826799985e-13,-0.0009061914103689365,-2.4457628563428183e-06,-3.2568024345149375e-05,-9.436540602649457e-15
G,101201,9.032385064806952e-13,7.259828223183482e-13,-0.000912668714070085,-3.359516770973803e-06,6.435471691909286e-06,-9.436541352179643e-15
G,101301,4.2346054903260663e-13,3.148857769231144e-13,-3.399746720611197e-11,-3.82813935451851e-14,3.682336153989981e-15,-4.7182706850277426e-15
G,101401,6.712216274296185e-13,2.55762808134047e-13,-2.5026625215139202e-11,-6.74746698471381e-15,6.577715812597512e-13,-4.7182706850277426e-15
G,101451,3.6624458661795777e-13,2.369935641638234e-13,-2.2673087519847374e-11,-1.947201834124868e-14,-1.4736780400483245e-13,-4.7182706850277426e-15
G,102001,1.4119161463470067e-12,9.114846440384436e-13,-0.00020506262632132428,-8.84025408121248e-08,-5.487591165249069e-06,-9.436853268599026e-15
G,102101,1.500370301326536e-12,2.2113614163078936e-12,-0.0002661702198951596,-2.8842640685146198e-05,8.374644811434094e-06,-9.446590555737521e-15
G,102201,9.680686397632974e-13,7.342352225066761e-13,-0.0006736196290194525,-4.258023454985808e-06,4.350754209469321e-06,-9.436541352179643e-15
G,102301,1.387814285800093e-13,3.7883478247715146e-13,-2.7071387280165207e-11,-1.0998289217818439e-13,1.4518814937919325e-12,-5.552130898059295e-15
G,102401,7.747391175129261e-13,7.01382480644848e-13,-2.1306935653405446e-11,1.1267614423391002e-12,1.6876140882123954e-12,-4.8071842056247504e-15
G,102451,8.878342823741793e-13,2.8731504226368e-13,-1.9963360632403326e-11,-5.988593456835123e-14,-1.2957588024718752e-12,-5.744177199557918e-15
G,200001,-5.440385244949099e-06,1.646257934944844e-05,-0.00043969159745678964,-9.329321607323707e-06,-4.865072734335466e-05,-4.783487109791977e-10
G,200101,-5.440385617545511e-06,1.645779644360126e-05,-0.0010179741536153928,0.00028659202650557016,0.00023571678738464662,-4.783479623109088e-10
G,200201,-5.44038498687736e-06,1.645301253165798e-05,-0.0017804278747592978,9.814098507854065e-06,-0.00017689691831733535,-4.783479623092693e-10
G,200301,-5.440384955252985e-06,1.6448228970639818e-05,-0.0008134041906778045,-1.9188304092784753e-05,5.691507157892012e-06,-4.78347962309619e-10
G,200401,-5.440385256819829e-06,1.6443421067599595e-05,-0.00030815167943548785,1.9161702302470212e-06,-6.596860822918921e-05,-4.783456043804898e-10
G,200451,-5.440385124918727e-06,1.644105365378036e-05,-0.0004195232721444412,-1.2518569303421169e-05,3.224058982440314e-05,-4.783479622846762e-10
G,201001,-5.436917238295913e-06,1.646257933817539e-05,-0.0006745883714690074,-6.961205992864511e-06,-4.083183594955627e-05,-4.783479635150451e-10
G,201101,-5.436917770462659e-06,1.645779581959678e-05,-0.001706105573984518,-2.7267677902423397e-05,0.00027382802139984516,-4.783479623097537e-10
G,201201,-5.436917080722943e-06,1.645301239988568e-05,-0.0018125220638029419,9.736637346222108e-07,-2.9860763313242558e-05,-4.783479623097209e-10
G,201301,-5.436917189707159e-06,1.6448228910352627e-05,-0.0009094425058684427,1.6955464072320004e-07,-5.333804932264827e-06,-4.783479623324345e-10
G,201401,-5.436916784985105e-06,1.644344540956605e-05,-0.000667778998365273,-1.0230936544869657e-05,-0.00022114009574850926,-4.783479623331493e-10
G,201451,-5.436917040448884e-06,1.644105367381562e-05,-0.0006043775723834657,-6.0308623174191565e-06,4.450277446287941e-05,-4.783479623332582e-10
G,202001,-5.432659319453437e-06,1.6462579345662724e-05,-0.0005367965397395905,-4.3326631719165586e-07,-0.00021482034704322806,-4.783479623138147e-10
G,202101,-5.432660311594754e-06,1.6457795957866056e-05,-0.00089035147753309,1.8908171566615094e-05,0.00020501130707392727,-4.783479623100173e-10
G,202201,-5.432659830708189e-06,1.645301241164107e-05,-0.0013344239025754683,4.567690457478382e-06,-2.1518668204022543e-05,-4.783479623098231e-10
G,202301,-5.432620672575136e-06,1.644822889880769e-05,-0.0004372545975249879,-3.472888808961205e-06,-2.451327333020513e-05,-4.783483147918461e-10
G,202401,-5.432620075948127e-06,1.644342184895518e-05,-0.000326098929314515,-1.3929436246376481e-05,-8.179600872534126e-05,-4.783514641902006e-10
G,202451,-5.4326195721493486e-06,1.6441053673314925e-05,-0.0003102734713219688,-5.989960962008621e-06,1.741816539711235e-05,-4.783482123479478e-10
G,300001,5.071543039584507e-05,4.244920260911869e-05,-0.0006017425200365951,-2.3124437457068976e-05,-2.6383107845544504e-05,5.918708767381356e-07
G,300101,5.071543044137342e-05,4.836791070087073e-05,-0.001561235901254892,0.00025301925746914897,0.00020967917069967452,5.918708752427072e-07
G,300201,5.071542996347856e-05,5.428662071941826e-05,-0.0024923323005696493,5.1758994420978845e-05,-3.80905338510303e-05,5.918708752427099e-07
G,300301,5.071543052046296e-05,6.020532956567839e-05,-0.0014932520480183129,2.214649453927256e-05,-9.505720872745736e-05,5.918708752427042e-07
G,300401,5.0715430527882596e-05,6.612403762264132e-05,-0.0006741941055657849,-2.825779979065079e-05,-8.88583616091491e-05,5.918708752427052e-07
G,300451,5.071542963817841e-05,6.908339203476868e-05,-0.0007921313650557946,-1.9883554845799415e-05,-2.1165584322774416e-05,5.918708752427053e-07
G,301001,4.642436654027574e-05,4.24492026504458e-05,-0.0009013808231178303,-1.4124956735703542e-05,-2.6957570350742014e-05,5.918708752417289e-07
G,301101,4.6424366544607554e-05,4.836791144719212e-05,-0.0023128574090077124,-2.8864605387677254e-05,0.00023750009657817035,5.91870875242705e-07
G,301201,4.642436651574931e-05,5.4286620142063964e-05,-0.0024842823362356443,-3.4194327082542817e-06,-2.3886963723467587e-05,5.918708752427047e-07
G,301301,4.642436659251471e-05,6.020532889240441e-05,-0.0015868881461597064,-4.10935565532174e-06,1.7141601081057012e-05,5.918708752427052e-07
G,301401,4.642436656356066e-05,6.612403766958535e-05,-0.0011569122863917256,-1.3059473063158014e-05,-0.00015912008071914728,5.91870875242705e-07
G,301451,4.6424365511306634e-05,6.90833920403511e-05,-0.0011330544310055272,-1.115794350343066e-05,-4.7862299850119266e-05,5.918708752427051e-07
G,302001,4.11567148732741e-05,4.2449202640882305e-05,-0.0006972669565687184,-6.547265480187396e-06,-0.00023782724377693717,5.918708752427156e-07
G,302101,4.11567159488701e-05,4.8367911366946164e-05,-0.001357605551309032,4.956574738453588e-06,0.00020812538023875883,5.91870875242705e-07
G,302201,4.115671572948528e-05,5.428662014782607e-05,-0.0018290169547125485,8.016859064807327e-07,-5.330825323016324e-06,5.918708752427051e-07
G,302301,4.1156715744432374e-05,6.0205328920765615e-05,-0.0009433867947207786,2.1291376520210253e-06,5.351046873860605e-06,5.918708752427051e-07
G,302401,4.115671594954248e-05,6.612403769469049e-05,-0.0006847551854641732,4.38103433371198e-07,-0.00011705552472020523,5.91870875242705e-07
G,302451,4.1156714895649294e-05,6.908339205512098e-05,-0.0007133053586605278,-3.644561132211882e-06,-2.8120478953559605e-05,5.918708752427049e-07
G,400001,0.0001873456166527655,0.0001266039348268539,-0.0006531126583118145,-4.362522589689312e-06,4.9965571533559554e-05,7.603632685507528e-11
G,400101,0.00018734561609760214,0.000126604694490578,-0.0019053223666482993,-3.105056203404644e-05,0.00025653222211253975,7.603706604842799e-11
G,400201,0.00018734561670338546,0.00012660545646122733,-0.002993148364532384,0.00024305106546216812,5.204791424881189e-05,7.603706604062538e-11
G,400301,0.00018734561663762147,0.00012660621691797176,-0.001999007504535504,0.0002543819096314375,-7.937572217674411e-06,7.603706604087363e-11
G,400401,0.00018734561753975227,0.00012660697628847227,-0.0009282126221309619,-2.7929478645638227e-05,-8.282904212332463e-05,7.60370660408989e-11
G,400451,0.00018734561533817156,0.0001266073564484297,-0.0011213370768445759,-2.69894345880266e-05,0.00040285782429041046,7.60370660412134e-11
G,400501,0.0001873456141191032,0.00012660773620182323,-0.007320055186440636,-0.00012187811449504032,0.0006819963940822211,7.603631867441965e-11
G,401001,0.00018734506549545094,0.0001266039347601107,-0.0010632778711930125,-1.834394857606111e-05,3.8071507560333962e-06,7.603706557097663e-11
G,401101,0.00018734506498068978,0.000126604695247885,-0.0027273872691685086,-1.9877666296648744e-05,0.00031658032203771606,7.603706604031261e-11
G,401201,0.00018734506562015027,0.00012660545551807488,-0.002932425995794837,-1.723463919002467e-05,2.5459677816759752e-05,7.603706604063168e-11
G,401301,0.00018734506547633242,0.00012660621587716757,-0.0020371226032711827,-1.94797584978155e-05,1.6554315379687092e-05,7.60370660406904e-11
G,401401,0.0001873450661184042,0.00012660697631959754,-0.0014638021302612711,-1.9631870987433583e-05,-0.0001866421271622983,7.603706604106019e-11
G,401451,0.00018734506360487877,0.00012660735649725887,-0.001589002131993118,-1.807050694047949e-05,0.0005372709742255928,7.603706604079537e-11
G,401501,0.00018734506207169664,0.0001266077365415229,-0.00977181216291152,-4.847870547964653e-05,0.0008696426125186752,7.60363186755191e-11
G,402001,0.0001873443891644132,0.00012660393486777326,-0.0006845288871240375,-1.5977601288892063e-05,0.00021143873908768173,7.603706605745753e-11
G,402101,0.00018734438834467444,0.0001266046952613227,-0.0016686555372612106,-8.64997645183393e-06,0.00016283408500113367,7.603706604066005e-11
G,402201,0.00018734438886565863,0.00012660545562481296,-0.002157091903623347,-1.1131138310301194e-05,3.184903543824979e-05,7.60370660407943e-11
G,402301,0.0001873443887385357,0.0001266062159903558,-0.0012792526368521036,-1.0770527865115407e-05,2.2344798994400635e-05,7.603706604078458e-11
G,402401,0.0001873443891982778,0.00012660697633656916,-0.0009079732473772775,-1.2396749563053803e-05,-0.0001242660468210105,7.603706604096265e-11
G,402451,0.000187344387290551,0.0001266073565322164,-0.0010630336091688648,-1.159713930311068e-05,0.00043393222872689814,7.60370660402674e-11
G,402501,0.00018734438598009854,0.00012660773698158282,-0.007640079757553126,4.653416675668251e-05,0.0007137000054305559,7.603631867673195e-11
G,500001,0.00045861199235827204,0.00023139805272737873,-0.0007430869941869592,-4.1420851053433164e-05,-6.882791260201715e-05,-6.4007825441036646e-09
G,500101,0.0004586119938254778,0.00023133404500108156,-0.0020800395083763364,-6.50214943615397e-05,0.0005194580820907939,-6.400782535924347e-09
G,500201,0.00045861199218125446,0.00023127003540786842,-0.0032886953369095934,0.00043079718998277286,7.861890328522509e-06,-6.40078253592371e-09
G,500301,0.0004586119919784795,0.00023120602753779165,-0.0022957626340632687,0.00043893848480417764,-2.0463719593218248e-05,-6.40078253592353e-09
G,500401,0.00045861199091862075,0.00023114202147594428,-0.0010879055057168743,-4.6785260542518285e-05,-0.00040715449125345064,-6.400782535923954e-09
G,500451,0.00045861199439084017,0.0002311100175669452,-0.0012890116585263778,-4.932962637929182e-05,0.0006193551727860384,-6.4007825359250635e-09
G,500501,0.0004586119948919343,0.00023107801404154696,-0.0073262025235509105,-0.00012310847819459964,0.0005584495113341578,-6.4007825359230104e-09
G,501001,0.00045865839694159876,0.00023139858673219905,-0.0011671958210915127,-5.361831461842278e-05,-7.291129923344966e-06,-6.400758323105117e-09
G,501101,0.0004586583995492495,0.0002313340448653657,-0.002935661755181364,-1.7088352187520524e-05,0.00048135173649635016,-6.400782536062378e-09
G,501201,0.00045865839764115234,0.00023127003707537166,-0.0031568666024676343,-3.5136318533780946e-05,-5.852864774052508e-05,-6.400782535924087e-09
G,501301,0.0004586583978587296,0.00023120602926770864,-0.002259913207351129,-4.0601018624911664e-05,4.513444602312002e-05,-6.400782535924404e-09
G,501401,0.0004586583963453677,0.00023114202139086905,-0.0016136583848450807,-1.803147393234355e-05,-0.0004107578165769178,-6.4007825359242975e-09
G,501451,0.0004586584007765649,0.00023111001747760164,-0.0018120592685312692,-1.9338291029103784e-05,0.0007951728268971763,-6.400782535924358e-09
G,501501,0.00045865840134941597,0.0002310780137018473,-0.009779824489887375,-4.8564286880000974e-05,0.0007122851959324957,-6.400782535924109e-09
G,502001,0.0004587153642679112,0.0002313980526405968,-0.0008480618583657904,8.497714978813023e-07,-0.00039163103811345047,-6.400782535951822e-09
G,502101,0.00045871536600001854,0.00023133404474848932,-0.0018179584292388775,2.2585117769961563e-05,0.0004113285040777161,-6.4007825359237855e-09
G,502201,0.0004587153646881479,0.0002312700369449268,-0.002319185193186988,1.55706250867499e-05,-2.902303437582568e-05,-6.400782535924274e-09
G,502301,0.0004587153648179748,0.00023120602912019825,-0.0014443633878471146,1.4932413285794778e-05,3.7022517849353573e-05,-6.400782535924224e-09
G,502401,0.00045871536374053026,0.00023114202132629215,-0.0010150754580935098,2.8574671122024755e-06,-0.00028560769652439866,-6.400782535924583e-09
G,502451,0.00045871536713416774,0.0002311100174105285,-0.0012332914037613933,3.39954502642224e-06,0.0006341670667422717,-6.400782535923469e-09
G,502501,0.00045871536768234757,0.0002310780132617874,-0.0076460310357846645,4.8074599849870975e-05,0.0005931386537335494,-6.40078253592532e-09
G,600003,1.2940461928485901e-05,3.725214317810074e-05,-0.0003104650634193384,-8.425164825433253e-05,-9.330280372296966e-07,-5.717441005732757e-12
G,600004,6.338325937053667e-05,7.526060364415946e-05,-0.0006303289828316778,-0.0006281366659067257,-7.179415627272826e-05,-7.927951603981835e-12
G,600005,0.0001873457519925614,0.00012660344312783437,-0.0012022582008280253,-0.0010542087107531777,-0.00011391618759874475,1.5579736689883878e-11
G,600006,0.00039699669582019437,0.00014181918240516433,-0.0005089726616893481,-9.680105127266107e-06,4.8999018929773706e-05,2.904123341392034e-12
G,601002,-2.330657804067463e-06,1.2974970568052817e-05,-0.00020974905228934873,-5.572323007853668e-05,0.00019999912827282812,-5.075789541574772e-12
G,601003,1.2940461493960508e-05,3.725213894719414e-05,-0.0004604088445887735,-0.00011755259003542772,0.00037933065401179637,-5.717440913352172e-12
G,601004,6.33832541460167e-05,7.526059484413308e-05,-0.0007474222084452156,-0.00019115465074436082,0.0005348934764392386,-7.92795154710882e-12
G,601005,0.00018734577134259416,0.00012660346618584476,-0.0010758361904200657,-0.00025878089368226004,0.0006674542700844923,1.5579736628710336e-11
G,601006,0.0003969966994862109,0.0001418191855986015,-0.0005089726678061735,-9.680102698374704e-06,4.8999018765650807e-05,2.9039622244306975e-12
G,602002,-2.330582129121254e-06,1.2974972446094752e-05,-0.0009376038017296398,0.0010917756208429592,-3.15796769313668e-05,-5.07578950065344e-12
G,602003,1.2940550074273532e-05,3.7252143178100305e-05,-0.0005644843541691441,0.0006573381339503016,1.8205285194932684e-06,-5.717440889515133e-12
G,602004,6.338338160341931e-05,7.526060364415405e-05,-0.0004517468341748579,7.87986722623486e-05,2.169513380099167e-05,-7.927941560023469e-12
G,603002,-2.330575830066899e-06,1.2974970568051101e-05,-0.00023987988175945774,0.00010304293291464913,0.0002637493541559851,-5.0757892238569754e-12
G,603003,1.2940553830632417e-05,3.725213894719414e-05,-0.0005372290549609718,0.00021210873070610632,0.0004958523008434712,-5.717440912301997e-12
G,603004,6.338338218243481e-05,7.526059484413308e-05,-0.0008884672176227617,0.0003298850635100474,0.0006995553405656846,-7.927951546273718e-12
G,603005,0.0001873455197298471,0.00012660346618584476,-0.0012824189220010445,0.000445600983690048,0.0008603462107884078,1.5579736626540115e-11
G,603006,0.00039699665334888285,0.00014181918531694468,-0.0005551653287457238,9.886265907316843e-06,5.2678301291272583e-05,2.9044847260074507e-12
G,605005,0.00018734551963976338,0.00012660393398667674,-0.000600932087744841,-4.2754987416229704e-05,4.834924993185571e-06,1.5579250483643214e-11
G,609002,7.2483914765032e-13,8.955946127054393e-13,-0.00016259283544409225,-3.666147566858359e-06,-4.3297815874309903e-07,-9.426448817832429e-15
G,612002,7.862504802408194e-13,8.95744710457263e-13,-0.0002537055719449361,-7.629212523307561e-05,-4.8612798019830686e-05,-9.43595418145683e-15
G,612003,-5.438998033687255e-06,1.646269893662616e-05,-0.0008654040679714653,-9.063689579242332e-05,-7.409368466545866e-05,-4.783487109758437e-10
G,612004,4.814079208203419e-05,4.230123488993423e-05,-0.0011264169446367212,6.496952986722803e-06,-6.517740421168733e-05,5.918708767381332e-07
G,612005,0.0001873451756420698,0.0001266039158177723,-0.0011014916951062272,2.1672976689180763e-05,-3.1908966191575985e-05,7.603632685612779e-11
G,612006,0.00045865839617411426,0.00023139912069686754,-0.0011671958313760633,-5.3618314935064485e-05,-7.2911320079043924e-06,-6.400734552332046e-09
G,700001,1.6139631777237957e-13,2.351909658729977e-14,-3.155261048452609e-11,-4.097596213402786e-14,2.1125936013676075e-13,-6.410106928775852e-21
G,700002,-5.5131227216272624e-14,1.9387035180530503e-14,-3.1695526651204574e-11,-3.5521602246311024e-14,-7.455699835912321e-14,-6.410106928573333e-21
G,700003,-2.5804066942547157e-14,3.5815661055789415e-13,-4.7420654590321414e-12,-2.5294283113918533e-14,-4.637490650629586e-14,-7.63476347370922e-17
G,700004,-4.233134377031631e-13,-2.1743748416558744e-14,-3.483471351762055e-11,1.8770963960247246e-14,-5.605575492372688e-13,-6.410106927237708e-21
G,700005,-1.2550981741005852e-13,-8.878093956471564e-15,-3.928613520007421e-11,1.788329263554338e-15,-1.6745677169231396e-13,-6.410106928623045e-21
G,700006,-7.020600068450347e-14,-6.5183939455995665e-15,-4.185910507519612e-11,-1.3264358912210627e-15,-9.445573380695846e-14,-6.410106928572074e-21
G,700007,8.73015708878038e-14,-1.8312469316245256e-14,-2.5025672335548474e-11,1.4241704706655358e-14,1.1345423181805632e-13,-6.410106928467809e-21
G,700008,-4.360049155899337e-14,-2.330400765849538e-14,-2.552918471042402e-11,2.0830574148278084e-14,-5.933649005284265e-14,-6.410106928604815e-21
G,701001,-2.3305757056851396e-06,1.297491536472172e-05,-0.0008435810570461703,3.6898823943619214e-06,-7.14672367160387e-05,-5.075789536094644e-12
G,701002,-2.330575892353647e-06,1.2974864605072038e-05,-0.0008474310437200171,1.8903419874257932e-06,2.2833302074217006e-05,-5.075789535934282e-12
G,701003,-2.330575774086245e-06,1.2974814073901026e-05,-0.00014298057801280054,-5.838201594206689e-06,4.693474015546061e-06,-5.075533808537897e-12
G,701004,-2.3306213471918223e-06,1.2974953378579045e-05,-0.0009319968971381651,-1.602268966028901e-05,0.0001831813810570151,-5.075789534876678e-12
G,701005,-2.330621115356038e-06,1.2974915320018613e-05,-0.0010519127509944607,-1.0419511964189653e-05,5.3484063094428125e-05,-5.075789535973645e-12
G,701006,-2.3306210223163274e-06,1.2974864563173646e-05,-0.0011212254114278577,-9.391806536334849e-06,2.9398537579925953e-05,-5.075789535933284e-12
G,701007,-2.3306577356894565e-06,1.2974915302817127e-05,-0.0006677533289549373,-1.4528304121008006e-05,-3.919806011076575e-05,-5.075789535850723e-12
G,701008,-2.3306578206532257e-06,1.2974864539028904e-05,-0.0006813173362918318,-1.6702157817859926e-05,1.781147657975206e-05,-5.0757895359592096e-12
G,702001,1.2940553776107845e-05,3.725207887190415e-05,-0.0015103544412785937,3.550413794781792e-06,-4.5279881892879725e-05,-5.717441007663409e-12
G,702002,1.294055381014328e-05,3.725202169961271e-05,-0.0015233467527623766,2.7863850838515937e-06,3.6016666334568945e-05,-5.7174410076423735e-12
G,702003,1.2940553752821209e-05,3.725196462369457e-05,-0.000274638588157204,-9.255539250078632e-06,-3.907854440882261e-06,-5.717401108502277e-12
G,702004,1.2940502983182519e-05,3.725212171672107e-05,-0.0016671218967503323,-2.0213000304036664e-05,0.00015809585716617056,-5.717441007789705e-12
G,702005,1.2940502957097236e-05,3.7252078844734786e-05,-0.0018864760456307494,-1.5918367348435293e-05,5.712837991328409e-05,-5.717441007728392e-12
G,702006,1.2940503007378883e-05,3.7252021668866505e-05,-0.002008718061231956,-1.5460904324623555e-05,1.6608383940641125e-05,-5.7174410076650474e-12
G,702007,1.2940461456516187e-05,3.7252078825816366e-05,-0.0011979518547873755,-2.3409834750443714e-05,-2.088971949467745e-05,-5.7174410077821694e-12
G,702008,1.2940461530066064e-05,3.7252021649295145e-05,-0.0012250356929099067,-2.597625206813803e-05,1.611310108803951e-05,-5.717441007713021e-12
G,703001,6.338338222791795e-05,7.526051446575653e-05,-0.0020009072482301197,3.2940039453517473e-06,-2.995750562830744e-05,-7.927951571510406e-12
G,703002,6.338338235488563e-05,7.52604351897961e-05,-0.002024499404535249,2.4171570549566235e-06,4.9520156157537774e-05,-7.927951571538184e-12
G,703003,6.33833823040476e-05,7.526035549075701e-05,-0.0004099520719155969,-1.9977257809539615e-05,4.044100834116454e-05,-7.927114862870205e-12
G,703004,6.338331168033567e-05,7.526057395384842e-05,-0.002207097129731802,-3.2092956625384644e-05,0.00018449342534661834,-7.927951571747209e-12
G,703005,6.338331164086744e-05,7.52605144616646e-05,-0.002505676159878759,-2.2647995494396638e-05,6.615658460005911e-05,-7.927951571482425e-12
G,703006,6.338331166898526e-05,7.526043518195992e-05,-0.00266587618135039,-2.225535820899206e-05,2.017274807318469e-05,-7.927951571536252e-12
G,703007,6.338325419889746e-05,7.526051446173325e-05,-0.00158994144827402,-3.499600864423413e-05,-5.127154793064424e-06,-7.927951571465919e-12
G,703008,6.338325419354092e-05,7.526043518038799e-05,-0.0016299550690199874,-3.808929416567582e-05,1.985045290390327e-05,-7.927951571462295e-12
G,704001,0.0001873455194842638,0.0001266036184337683,-0.002315543416720559,1.6292939669573259e-06,-2.7957352588966396e-05,1.5579736644401122e-11
G,704002,0.0001873455197985301,0.00012660377422486508,-0.0023506461129139413,2.413650075489822e-06,-1.9568761843642943e-06,1.557973664423476e-11
G,704003,0.00018734551969252293,0.00012660393201055094,-0.0006009320725879578,-4.275498703748828e-05,4.834924354473383e-06,1.5579493172430882e-11
G,704004,0.00018734565810731886,0.00012660350130330888,-0.002554128185542941,-9.741572988834169e-06,0.00017054642307380889,1.5579736645500936e-11
G,704005,0.0001873456584619841,0.00012660361834192997,-0.0029101172344044436,-1.9621573013192038e-05,8.676788030029008e-05,1.5579736644114843e-11
G,704006,0.00018734565853726438,0.00012660377413843796,-0.0030949552011821243,-1.9246400658167706e-05,3.400220186650672e-05,1.5579736644202828e-11
G,704007,0.00018734577117299683,0.0001266036182926044,-0.001843319388820787,-2.708314568292336e-05,-6.788859448730031e-06,1.557973664389003e-11
G,704008,0.0001873457714539311,0.0001266037740890402,-0.0018958221380989287,-3.044634495387446e-05,3.2546798800226035e-05,1.5579736644156823e-11
G,705001,0.00039699665418747474,0.00014181921497181022,-0.002455523351894489,3.630242552057914e-05,0.00012027433723870333,2.904123357411934e-12
G,705002,0.0003969966541154015,0.00014181924401952584,-0.0025112352550593817,3.2695053995764834e-05,6.288498356901604e-05,2.9041233572605195e-12
G,705003,0.00039699665416339695,0.00014181927320369337,-0.0006073397376979578,1.5614106703159885e-05,7.6995846334458e-05,2.9041233573994895e-12
G,705004,0.00039699668101897693,0.00014181919358068225,-0.00270981529153103,-0.00012208843285607115,0.00035066553379295824,2.9041233539880056e-12
G,705005,0.0003969966802002257,0.0001418192151720101,-0.0031009900427733023,-2.9636342315591924e-05,7.786738120323729e-05,2.90412335745378e-12
G,705006,0.00039699667989820256,0.00014181924421233913,-0.0032980788530860452,-2.961758472632084e-05,-9.019472741835304e-07,2.9041233572888735e-12
G,705007,0.0003969967011187008,0.0001418192152668213,-0.0019573596655215325,-6.346627435168722e-05,0.00011201173731411762,2.9041233574336357e-12
G,705008,0.00039699670098543896,0.0001418192443238106,-0.002022963021434796,-6.696490612855638e-05,1.463885194132249e-05,2.904123357326044e-12
G,900000,-2.3306576077012645e-06,1.2974970621352438e-05,-0.00017047280414921728,-8.456425562862182e-06,6.124372987961121e-06,-5.075679732213948e-12
G,900001,1.9545860487524354e-14,-1.3484667055226923e-12,-0.0001659380309600384,-5.699261001705465e-06,-3.1637630597310056e-05,-1.6068803961565768e-14
G,900002,1.2004184666845482e-12,4.433612179379936e-12,-0.00039815540624797664,-1.534919852176867e-05,-0.0001165134677099132,-1.8867286303203957e-14
G,900003,-2.3305771977370203e-06,1.2974970768022883e-05,-0.00018807295883839628,2.8626909165840714e-06,8.361660705779748e-06,-5.075784754600143e-12
G,900004,-4.771403217096808e-14,1.6668568118978929e-12,-0.00021208980836878827,-2.4225816628256414e-05,-6.13778555499904e-05,-1.6490554497453865e-14
G,900005,-2.330597478308762e-06,1.2974972446094947e-05,-0.005437408575974467,0.0013679943672439273,-0.00012890651417127912,-5.0757895415747715e-12
G,900006,-2.330597478308762e-06,1.2974934377673387e-05,-0.00544219357444759,-0.0002448611599286095,0.00011612563392061052,-5.075789541574773e-12
G,900007,-2.3306361558250683e-06,1.2974972446094884e-05,-0.005129225801430277,-0.001362464528939143,-0.0007367596172255823,-5.075789541077727e-12
G,900008,-2.3306361558250683e-06,1.2974934377673385e-05,-0.0023461830927267425,0.00018033464336770523,-7.442172131038409e-06,-5.075789541574772e-12
G,900009,-2.330657804067463e-06,1.2974953411884169e-05,-0.0021705324661094707,-0.00048751187673523713,0.0005394961468759405,-5.075789541574773e-12
G,900010,-2.3305758300663667e-06,1.2974953411884165e-05,-0.0028604138691863184,0.0010182029814375102,0.0007405316757328184,-5.075789541574769e-12
G,900011,-2.33065780406746e-06,1.2974934377673383e-05,-0.00236545539614419,-8.873004976514665e-05,-0.00042413954085671773,-5.075789541649691e-12
G,900012,-2.330575830066362e-06,1.2974934377673383e-05,-0.003208731472089695,0.000895290577035669,-0.0005681844323336152,-5.075789541535589e-12
G,900013,-2.3306578040674617e-06,1.2974889964514896e-05,-0.0021406743853694082,-0.0002987530732472618,7.331986377959928e-06,-5.0757895415808825e-12
G,900014,-2.3305758300663646e-06,1.2974889964514896e-05,-0.002688386825602565,0.00021305422722667593,1.2683620015048919e-05,-5.0757895415765915e-12
G,900015,-2.330657743596345e-06,1.2974839202685e-05,-0.0023778323618229235,-0.0003297930362370223,-1.2671291138729247e-05,-5.086707725937058e-12
G,900016,-2.3305757695973783e-06,1.2974839202685e-05,-0.003042402239152235,0.000227881609098892,-7.521678611467516e-06,-5.086707723480375e-12
G,900017,-5.4423566925099475e-06,1.6457796743091877e-05,-0.008121003901982162,0.002031729771889943,0.0014610665910382158,-4.783486604619935e-10
G,900018,-5.44235668425198e-06,1.6454214529230076e-05,-0.020675820737347965,0.0033741692740406797,0.0014417242197462688,-4.783486604629798e-10
G,900019,-5.440385244949109e-06,1.6455404118783756e-05,-0.00415846034639639,7.50817760835189e-05,0.00019753612512716026,-4.783487109798017e-10
G,900020,-5.4326599132667945e-06,1.645540411878375e-05,-0.0033344665637380227,0.00025256066545193686,2.058959103618008e-05,-4.783487109792615e-10
G,900021,-5.4403852449490825e-06,1.645062063167396e-05,-0.002603843564716135,-0.00026045520837484807,-0.00010232029784925791,-4.783487109792769e-10
G,900022,-5.432659913265653e-06,1.645062063167396e-05,-0.002825905194382547,0.00021489505033586958,-0.00012307543804667505,-4.783487109792264e-10
G,900023,-5.440385244949085e-06,1.645421303049347e-05,-0.003378669996904095,0.004402514039115002,-0.0007116856774655914,-4.783487109803015e-10
G,900024,-5.4403852449490884e-06,1.644583714456416e-05,-0.0021885869275785836,-0.00028674357483696265,-6.0492387384366694e-05,-4.783487110045188e-10
G,900025,-5.432659913264506e-06,1.644583714456416e-05,-0.0023922244528256052,0.000240635947710003,9.927269177505887e-06,-4.783487110036235e-10
G,900026,5.217143275262088e-05,5.4286620143881446e-05,-0.003234138152497948,0.000426797063289337,0.0008344748964684764,5.918708767381388e-07
G,900027,5.071543039584507e-05,5.7245974527572075e-05,-0.00439115449712833,0.0005584852777942072,-0.00011658001417298489,5.918708767381356e-07
G,900028,5.217143275262089e-05,5.724597452757208e-05,-0.006370298069281939,0.0009268199661089775,-0.00011164420213531011,5.918708767381357e-07
G,900029,5.217143275262089e-05,6.02053289112628e-05,-0.002163699316337691,0.0003981123996642635,-0.0010319963578498965,5.918708767381346e-07
G,900030,0.00018734580370212956,0.00012660469519012242,-0.0022475119034901223,0.00022476007591957966,0.0008374181764422888,7.603632685929797e-11
G,900031,0.00018734561665276547,0.00012660486247004153,-0.003318911279680413,0.00019889298221032104,0.0007542481012178448,7.60363268588187e-11
G,900032,0.00018734580370212956,0.00012660486247004156,-0.0041468932736904865,0.00040483794012148854,0.0008719381932780912,7.603632685507526e-11
G,900033,0.00018734506538939578,0.00012660486247004156,-0.004439787663671495,-0.0003070280928275768,0.0009444947038406305,7.603632685476304e-11
G,900034,0.0001873459299780298,0.0001266054564173161,-0.009915689069123587,0.001984738699086417,-5.4556896055535005e-05,7.603632630272571e-11
G,900035,0.0001873459299785147,0.0001266062168042198,-0.009112184676094393,0.002036738315666682,-5.61409349715814e-05,7.603632630290554e-11
G,900036,0.00018734561665276528,0.0001266075503541959,-0.004231812081553699,-0.00023252161338614848,0.0015885152864530357,7.603632685321923e-11
G,900037,0.00018734438866608658,0.0001266075503541959,-0.004381589281213184,0.0001777299830289581,0.0016858548786699299,7.60363268562524e-11
G,900038,0.00045861199235827204,0.0002313020409892172,-0.006160602774403365,-0.0001007349861426261,4.9128281024293e-05,-6.4007825441054984e-09
G,900039,0.0004587153649963593,0.00023130204098921722,-0.0045529751633420065,0.00028699384024221666,-2.051020984113457e-05,-6.400782544103643e-09
G,900040,0.00045861199235827204,0.00023123803316377615,-0.005828822003673323,6.473517117248891e-05,-0.0001457487326535174,-6.400782544103711e-09
G,900041,0.0004587153649963593,0.00023123803316377615,-0.003722588522191392,0.00020374090204833476,-0.0001332186179358154,-6.4007825441036646e-09
G,900042,0.00045861199235827194,0.00023117402533833511,-0.004907675780805413,-8.351581240116315e-05,-7.408216732868433e-05,-6.4007825441018365e-09
G,900043,0.00045871536499635926,0.0002311740253383351,-0.003563936538579984,0.00024118733418315385,-2.254807669461438e-06,-6.4007825441036315e-09
G,900044,0.0004586119923582722,0.00023109369551740664,-0.004549774522886361,-0.0002910225978629859,0.0015133368944433411,-6.4007825441019755e-09
G,900045,0.0004587153649963595,0.0002310936955174066,-0.004691299817155049,0.00024691251378393175,0.0016131474838552739,-6.400782544104719e-09
G,900046,0.00045858562107859254,0.0002312700362125716,-0.009925757345583616,0.0018000224999065151,-5.542270281430267e-05,-6.400782543550975e-09
G,900047,0.0004585856210781077,0.0002312060283634954,-0.009122122425423117,0.0018530448526709565,-5.5992341789681954e-05,-6.400782543550425e-09
G,900048,1.294046212266664e-05,3.725214122640215e-05,-0.00030695290502304493,-7.763851462230663e-06,1.0752156822462171e-05,-5.717376661444216e-12
G,900049,-5.440384482389084e-06,1.646269648878252e-05,-0.0004547250915572704,-2.8260835808888832e-05,-6.940114175460042e-05,-4.783677120890464e-10
G,900050,-5.436916812217469e-06,1.6462701831853158e-05,-0.0006895871911956663,-2.043172950119795e-05,-8.1132499031746e-05,-4.78365831017295e-10
G,900051,1.2940552741960062e-05,3.7252141204212116e-05,-0.00033781707200455593,-2.9522377124414887e-07,1.155807125595757e-05,-5.717362543896534e-12
G,900052,-5.4326594365563316e-06,1.6462698942929937e-05,-0.0006055702461266422,1.849889745217825e-05,-0.00033136632817030396,-4.783662034698396e-10
G,900053,1.2940529445746735e-05,3.7252143178100745e-05,-0.005688549126663801,0.001411710031264148,-5.1654439811044494e-05,-5.7174410057327576e-12
G,900054,1.2940529445746738e-05,3.7252100297293205e-05,-0.006149054140346741,-0.00020912836712523442,0.00016021511765398943,-5.717441005732757e-12
G,900055,1.2940485878846271e-05,3.725214317810074e-05,-0.005395429595269038,-0.0013990833817202457,-0.0006450019672115632,-5.717441005732757e-12
G,900056,1.2940485878846273e-05,3.725210029729319e-05,-0.003045594991179127,0.00013685935613809224,1.6278403102695004e-05,-5.7174410057327576e-12
G,900057,1.2940461493960385e-05,3.725212173769697e-05,-0.0024042102093600045,-0.0005641257023399189,0.0005795507304422192,-5.717441005732757e-12
G,900058,1.2940553830632628e-05,3.725212173769697e-05,-0.003119261009593908,0.0010760761671612764,0.0007892417383101798,-5.717441005732757e-12
G,900059,1.2940461493960385e-05,3.72521002972932e-05,-0.00277334563908964,-0.0001683084769149683,-0.00037950095326124724,-5.717441005790031e-12
G,900060,1.2940553830632627e-05,3.72521002972932e-05,-0.0036962510780739763,0.0009535975279757427,-0.0005053904565351776,-5.717441005705081e-12
G,900061,1.2940461493960386e-05,3.72520502696844e-05,-0.0027079661735184488,-0.0003529268795526985,5.241815583481439e-06,-5.717441005734945e-12
G,900062,1.2940553830632623e-05,3.725205026968439e-05,-0.003380186105450439,0.0002486080617576289,4.254757343746536e-06,-5.71744100573056e-12
G,900063,1.2940461017051977e-05,3.725199308897061e-05,-0.002846230153476737,-0.00033624607328515383,-3.83613620610229e-05,-5.734934231056746e-12
G,900064,1.2940553353922254e-05,3.72519930889706e-05,-0.003940225969276425,0.00018547160841256348,2.3117132739097626e-05,-5.734934229066721e-12
G,900065,6.338325531891408e-05,7.526060094071288e-05,-0.00040905741038310445,-1.2838730033673832e-05,1.974628615713281e-05,-7.927942108523671e-12
G,900066,5.071543044182137e-05,4.230123340839848e-05,-0.0006117443395103345,-2.3167851949622943e-05,-5.163656279102195e-05,5.918708471496714e-07
G,900067,4.64243670298881e-05,4.2301237288860755e-05,-0.0009137450463842351,-2.283694615405982e-05,-7.420463182546426e-05,5.918708482126454e-07
G,900068,6.33833810206077e-05,7.52606009010045e-05,-0.00044895258226036673,-2.662809463104904e-06,2.200695561692301e-05,-7.927909462930304e-12
G,900069,4.1156716313215215e-05,4.2301234900426855e-05,-0.0007722002970862653,2.3732174904919713e-05,-0.0003575079013145434,5.918708471605526e-07
G,900070,6.338334836972138e-05,7.526060364415946e-05,-0.005904548572210249,0.0014418351644565593,3.7888728094264377e-06,-7.92795160398115e-12
G,900071,6.338334836972139e-05,7.526054418452243e-05,-0.006700087586933302,-0.0001797723105269248,0.00019374389955890216,-7.927951603981835e-12
G,900072,6.338328795873014e-05,7.526060364415946e-05,-0.005563958247156159,-0.0014156603519154363,-0.0005726967896597982,-7.927951603981835e-12
G,900073,6.338328795873014e-05,7.526054418452242e-05,-0.0035853812408233694,0.00010001655945760067,4.2323732461660085e-05,-7.927951603981833e-12
G,900074,6.338325414601655e-05,7.526057391434093e-05,-0.0025898836161949504,-0.0006152573810832917,0.0006076226230050706,-7.927951603981835e-12
G,900075,6.338338218243495e-05,7.526057391434093e-05,-0.003334548618123248,0.0011208097343651116,0.0008257937209781756,-7.927951603981835e-12
G,900076,6.338325414601655e-05,7.526054418452243e-05,-0.0030778787858933704,-0.0002315755051151226,-0.00034921151429701783,-7.927951603968878e-12
G,900077,6.338338218243496e-05,7.526054418452243e-05,-0.004071799321595061,0.0009998474373266125,-0.00046333650687380466,-7.927951603961462e-12
G,900078,6.338325414601654e-05,7.526047481494589e-05,-0.0031252946145215866,-0.0003925340175485778,2.32154732859193e-06,-7.927951603983733e-12
G,900079,6.338338218243495e-05,7.526047481494589e-05,-0.003881412781063821,0.00027518412602473935,-1.343193933863602e-06,-7.92795160397815e-12
G,900080,6.33832538173379e-05,7.52603955249373e-05,-0.0031228266276232992,-0.0003655104257590052,-7.919136355127758e-05,-7.956607787690516e-12
G,900081,6.338338160574313e-05,7.526039552493729e-05,-0.004340662545026366,0.0001984351611196709,-2.0133559747142702e-05,-7.95660778649662e-12
G,900082,0.00018734576953126955,0.00012660344829739897,-0.0004764893091027118,-8.403964242402248e-06,4.636455790365898e-05,1.5579691146260692e-11
G,900083,0.00018734561726654726,0.0001266039151294326,-0.0006448867399284543,-4.150094965284626e-05,2.1974747197793015e-05,7.603288604980674e-11
G,900084,0.00018734506537946316,0.00012660391688297613,-0.0010681617650926546,-3.3892472623612305e-05,-4.5379894538918234e-05,7.60377476748532e-11
G,900085,0.00018734552243875312,0.0001266034484808613,-0.0005213464125073966,-2.974589349861239e-06,4.656286295500964e-05,1.5579559097620205e-11
G,900086,0.00018734438866658824,0.00012660391581782227,-0.0006343924091436323,3.3949318537578973e-05,0.00017633836906372186,7.603631795645788e-11
G,900087,0.00018734558617742382,0.00012660344312783454,-0.005993676491576957,0.0014437010406201309,4.1007932530404996e-05,1.557973668302224e-11
G,900088,0.00018734558617742382,0.00012660355997585958,-0.0070113311138338946,-0.00016702897345435353,0.0002160032351367466,1.5579736689883878e-11
G,900089,0.00018734570489501739,0.00012660344312783437,-0.005638315496977939,-0.0014085139100945983,-0.0005040359087370429,1.5579736689883878e-11
G,900090,0.00018734570489501736,0.00012660355997585955,-0.0039408725558638,8.907026848494306e-05,4.860383100572583e-05,1.5579736689883878e-11
G,900091,0.0001873457713425944,0.00012660350155184696,-0.0027543115677546447,-0.0006428049678906912,0.0006281487285766047,1.557973668988388e-11
G,900092,0.00018734551972984686,0.00012660350155184696,-0.0034826580661218615,0.0011336189234201802,0.0008427156715627727,1.557973668988388e-11
G,900093,0.00018734577134259437,0.00012660355997585955,-0.003311532536055887,-0.0002680745507028307,-0.0003361618360927151,1.5579736689686165e-11
G,900094,0.0001873455197298468,0.00012660355997585955,-0.004310925032421441,0.0010184120314921882,-0.00043478420288483834,1.557973668994636e-11
G,900095,0.00018734577134259432,0.00012660369629855558,-0.0033697822312022977,-0.0004220780704957696,1.4251332381320448e-06,1.5579736689882915e-11
G,900096,0.00018734551972984684,0.00012660369629855558,-0.004247719967735596,0.0002888442264208713,1.2709373168627482e-05,1.5579736689877377e-11
G,900097,0.00018734577134259036,0.00012660385209592242,-0.003219643100539738,-0.0004164167909471558,-0.0001347964092278697,1.557973657616572e-11
G,900098,0.00018734551972984684,0.00012660385209592247,-0.003628850323657955,0.000335053358733123,-0.0002296969347732754,1.557973669031805e-11
G,900099,0.00039699669901622846,0.00014181918326910698,-0.0005089726600694862,-9.6801029015421e-06,4.899901796567614e-05,2.9038910816586935e-12
G,900100,0.00045861198961969667,0.00023139965246984077,-0.0007637547689367691,-1.799969082088636e-05,-9.537718118931169e-05,-6.400701348196653e-09
G,900101,0.00039699665359701965,0.00014181918306705997,-0.0005551653201115322,9.886266144612382e-06,5.267829950311269e-05,2.9039420779891123e-12
G,900102,0.00045871536339500945,0.00023139965289583622,-0.0009588082927902398,4.282049727532402e-05,-0.000490596413634685,-6.400707143191663e-09
G,900103,0.0003969966666047136,0.00014181918240516433,-0.004654464436472813,0.0009295398884238913,0.00020606647303257958,2.9041233429673616e-12
G,900104,0.0003969966666047136,0.0001418192041860894,-0.006552277464827934,4.0781612261342965e-05,0.0002912784014156966,2.904123341392034e-12
G,900105,0.0003969966887341335,0.00014181918240516433,-0.002276289144290265,-0.001037927626026192,0.0002516409562186435,2.9041233413920325e-12
G,900106,0.0003969966887341334,0.00014181920418608937,-0.004231391149288093,-5.874246843003008e-05,0.00025834007104149807,2.9041233413920333e-12
G,900107,0.00039699670112021933,0.00014181919329562685,-0.0011448883121318446,-0.0007289630893895595,0.0004722234836231535,2.9041233570394785e-12
G,900108,0.00039699665421862756,0.00014181919329562685,-0.0013941649892675399,0.0013970708030529406,0.0006305511220324031,2.904123359059414e-12
G,900109,0.0003969967011202195,0.0001418192041860894,-0.0023245527987334337,-0.0006334562200652999,1.7297836513214367e-05,2.9041233417427385e-12
G,900110,0.0003969966542186276,0.0001418192041860894,-0.0029820934416364894,0.0012187210691965251,2.5516119104227238e-05,2.9041233411989734e-12
G,900111,0.0003969967011202195,0.00014181922959716862,-0.0035802518416562707,-0.00039352018294023036,-2.173274679453654e-05,2.9041233414083693e-12
G,900112,0.00039699665421862756,0.00014181922959716862,-0.004410665401062987,0.00026835238794289474,-3.7324578901834236e-05,2.9041233413987545e-12
G,900113,0.0003969967027188863,0.00014181925866557174,-0.003307977038162146,-0.00032803629482571617,-0.00010465752028278262,2.9795143135391175e-12
G,900114,0.0003969966558199777,0.00014181925866557174,-0.004651185228962208,0.00015086708181044124,-3.5941529469472254e-05,2.979514314311123e-12
G,900115,5.315393905887781e-05,4.836791049574681e-05,-0.00812510639862717,0.0018645282380773287,0.00145974971827244,5.918708766876191e-07
G,900116,5.3153939050619834e-05,5.2801022744532025e-05,-0.020676408532393647,0.0032649785484968547,0.0014424095595641348,5.918708766876194e-07
G,900117,5.0715430395845074e-05,5.132726576019072e-05,-0.004578037054213585,4.057659991550541e-05,0.00019409669580510949,5.918708767381362e-07
G,900118,4.115671573652419e-05,5.1327265760190715e-05,-0.0038013562999974914,0.0002729124077959936,1.9905933363775703e-05,5.918708767381353e-07
G,900119,4.1156715736524183e-05,5.724597452757207e-05,-0.003319634665123004,0.00026000099217851554,-0.00013284964190890045,5.918708767381354e-07
G,900120,5.071543039584504e-05,5.280102424326862e-05,-0.0038538624909733995,0.004289858604035313,-0.0006582489306425089,5.918708767381397e-07
G,900121,5.0715430395845074e-05,6.316468329495344e-05,-0.00261569703686354,-0.00030368749675602365,-7.674607661387239e-05,5.918708767381347e-07
G,900122,4.115671573652419e-05,6.316468329495344e-05,-0.002907010064581422,0.00024728973620071,-1.0910189210805487e-05,5.918708767381354e-07
G,900123,0.00018734561665276556,0.00012660507537175673,-0.004529593117011198,-0.0002534592814176601,-1.0246224477312538e-06,7.603632685601525e-11
G,900124,0.00018734438866608682,0.00012660507537175675,-0.004020596443030147,0.00031865064271493815,2.4276612747254052e-05,7.603632685507295e-11
G,900125,0.00018734561665276556,0.0001266058357350253,-0.0043965409303455645,-0.00015533741523919244,-0.0001601058827750896,7.603632685516965e-11
G,900126,0.00018734438866608685,0.0001266058357350253,-0.003664270422019092,0.00023900006744351741,-0.00014522347820110072,7.603632685507508e-11
G,900127,0.00018734561665276558,0.00012660659609829385,-0.0030981685784001985,-0.000288891098637564,-0.0001376639211289955,7.603632685404342e-11
G,900128,0.00018734438866608685,0.00012660659609829385,-0.0032173631911874946,0.00025855565649453446,-3.0242380610645163e-05,7.603632685505504e-11
G,900129,-2.3306210045933044e-06,1.2974934377673383e-05,-0.002178564079760592,-0.00036447408458988934,-3.454859549108506e-05,-5.075789541556596e-12
G,900130,-2.330621004593291e-06,1.2974889964514896e-05,-0.003810273204459699,-6.96036572626205e-05,-1.0222128851767817e-05,-5.075789541573684e-12
G,900131,-2.3306209441230933e-06,1.2974839202685001e-05,-0.0042264640839555405,-7.997877210909125e-05,1.9417244973187834e-05,-5.086707721035642e-12
G,900132,-2.330597478308762e-06,1.2974953411884169e-05,-0.0051279654714208815,-0.0004788693992555205,7.354128942991387e-06,-5.075789542309622e-12
G,900133,-2.3306361558250695e-06,1.2974953411884165e-05,-0.0028122967034921796,0.0005524956430041501,-0.0003645240302715538,-5.075789539802994e-12
G,900134,-5.436917216794509e-06,1.6455404118783753e-05,-0.004791684523453642,-3.873123731863601e-05,-4.420285671155481e-05,-4.783487109791304e-10
G,900135,-5.4369172167944925e-06,1.645062063167396e-05,-0.004027648042884058,-4.678803422644012e-05,-0.00012658716592924343,-4.783487109792028e-10
G,900136,-5.436917216794483e-06,1.644583714456417e-05,-0.003750000708368783,-4.927853694249653e-05,2.0119436115371343e-05,-4.783487109792145e-10
G,900137,0.00018734506538939553,0.0001266075503541959,-0.005747125536389152,-4.32628962712797e-05,0.002101337950043949,7.603632685449146e-11
G,900138,0.00045865839803171677,0.00023130204098921722,-0.0065401055303815295,6.823371886910725e-05,-7.206708793727054e-05,-6.400782544103629e-09
G,900139,0.0004586583980317167,0.00023123803316377615,-0.005320772340053269,0.00011181569066676992,-0.00013123969802892967,-6.400782544103648e-09
G,900140,0.0004586583980317167,0.0002311740253383351,-0.005232431528819394,5.611110585155802e-05,-5.7163170738833895e-06,-6.400782544103718e-09
G,900141,0.00045865839803171715,0.0002310936955174066,-0.006152349951163799,-4.682861318200643e-05,0.0020060952429989004,-6.400782544103086e-09
G,900142,1.2940502945407679e-05,3.72521002972932e-05,-0.002943148424556889,-0.0003708322817905469,-9.246866510357595e-06,-5.717441005716497e-12
G,900143,1.294050294540768e-05,3.725205026968439e-05,-0.004682319567956562,-8.357728946751333e-05,-7.308061834403332e-08,-5.71744100573427e-12
G,900144,1.2940502468588167e-05,3.725199308897061e-05,-0.00478266434455175,-0.00010413198842678267,-7.131744564545021e-05,-5.734934226493316e-12
G,900145,1.294052944574674e-05,3.7252121737696965e-05,-0.005649021688249569,-0.0004121721625392009,6.783891205970837e-05,-5.717441005651733e-12
G,900146,1.2940485878846276e-05,3.7252121737696965e-05,-0.0033812101176644016,0.0004723651124532153,-0.0003072347115067465,-5.7174410059281135e-12
G,900147,6.338331162366569e-05,7.526054418452243e-05,-0.0035425921107252053,-0.00037751163150838196,-2.0750859026982996e-06,-7.927951604041826e-12
G,900148,6.338331162366569e-05,7.526047481494589e-05,-0.0053203857075358055,-9.337355993215674e-05,2.4386960553525646e-06,-7.92795160398203e-12
G,900149,6.338331118364985e-05,7.52603955249373e-05,-0.005231411788179932,-0.00011481992072526647,-0.00013543678546594428,-7.956607784200547e-12
G,900150,6.338334836972138e-05,7.526057391434093e-05,-0.006060108650539797,-0.00036541422570569534,0.00011251345945883618,-7.927951603860281e-12
G,900151,6.338328795873014e-05,7.526057391434093e-05,-0.003793639822581917,0.00041624446238190823,-0.0002577653111401453,-7.927951604274909e-12
G,900152,0.00018734565838950337,0.00012660355997585955,-0.003892890922858493,-0.0003700666609426227,7.76354385728302e-06,1.557973669023519e-11
G,900153,0.00018734565838950335,0.00012660369629855558,-0.005740796684648576,-0.00010394956571127019,-2.421442755619235e-06,1.5579736689882992e-11
G,900154,0.00018734565838948798,0.00012660385209592245,-0.0054929922593123515,-7.749768902430196e-05,-0.00018646095913706757,1.5579736577582516e-11
G,900155,0.00018734558617742374,0.00012660350155184694,-0.006278903948201602,-0.00034155458671260676,0.00014187986869762314,1.557973668927861e-11
G,900156,0.00018734570489501739,0.0001266035015518469,-0.004087179547876286,0.00038128036717147433,-0.0002205945966603484,1.557973669134322e-11
G,900157,0.00039699668006532533,0.00014181920418608937,-0.004216767501567277,-0.00027889028449774893,-2.639694101845652e-05,2.9041233410425676e-12
G,900158,0.00039699668006532517,0.00014181922959716862,-0.005784752958673683,-9.761828574328447e-05,1.0124100106952201e-05,2.904123341391096e-12
G,900159,0.00039699668166519667,0.00014181925866557158,-0.005231535521776037,-0.0001172102987492659,-0.0002127546205824285,2.9795138658334735e-12
G,900160,0.00039699666660471364,0.00014181919329562685,-0.0054930082600702515,-6.985751397793632e-06,0.00025687206529935506,2.9041233434375487e-12
G,900161,0.0003969966887341334,0.00014181919329562685,-0.0032430677716403884,3.1929049277504466e-05,0.00026470697591717934,2.904123336460141e-12
G,900162,4.642436653949358e-05,5.1327265760190715e-05,-0.005373906903797082,-4.356750624406788e-05,-2.696206749748101e-05,5.918708767381353e-07
G,900163,4.642436653949358e-05,5.7245974527572075e-05,-0.0045437358617757976,-0.00013401516209192194,-0.00013287699251826281,5.918708767381354e-07
G,900164,4.642436653949359e-05,6.316468329495344e-05,-0.00428138415074187,-5.664821627429118e-05,-2.909391394162889e-05,5.918708767381354e-07
G,900165,0.0001873450653893958,0.00012660507537175673,-0.005942901320663137,-2.3176134807130644e-05,-0.0001148605422557565,7.603632685503741e-11
G,900166,0.0001873450653893958,0.0001266058357350253,-0.00519760242827489,1.3106093252822515e-05,-0.00014484270933263498,7.603632685506841e-11
G,900167,0.0001873450653893958,0.00012660659609829385,-0.004691837261636905,-4.792443007316644e-05,-4.37089915061964e-05,7.603632685515482e-11
Q,1,7.664936258329106e-14,-1.0928325386687242e-13,-9.044289075460215e-13,3.089472736936742e-14,1.1498903981224004e-13,-1.8353643421714047e-16
Q,101,-2.797340716722532e-14,7.107145804943719e-15,-1.9629725580318837e-12,7.790444595048103e-14,4.1253654943178746e-14,6.161453269659025e-17
Q,201,-3.522021753628633e-14,-1.0800246622969587e-15,-9.25246984588404e-12,1.4256323908612034e-15,-4.649068669802558e-14,-2.260546672633026e-24
Q,1001,1.5639955458275027e-13,1.6802415081592714e-13,-3.278554341665941e-12,-1.6032755879268823e-15,2.760809678834232e-13,3.600607527449266e-16
Q,1101,2.7057220240738165e-14,-2.489894717740954e-15,-1.1450642931103215e-11,3.2866608575714356e-15,3.5715530586798774e-14,-2.260546472940056e-24
Q,1201,-4.98711537647417e-15,-1.7814242683826084e-15,-1.1520368044697745e-11,2.351479865403911e-15,-6.5829920737980305e-15,-2.2605466726330262e-24
Q,2001,1.5250486833318068e-13,-3.977559138633281e-14,-1.6475174074608189e-12,2.266602592490813e-14,2.1201173954723205e-13,1.4374474911902837e-16
Q,2101,-6.712973386678932e-15,-5.976240032744993e-14,-2.1981553325011534e-12,2.1740183144382723e-15,2.856925132235627e-14,-1.3318993581760058e-18
Q,2201,-2.550437384577115e-15,-4.040784028344305e-15,-7.476437193522083e-12,5.333834730867749e-15,-3.3665771313759814e-15,-2.2605466726330262e-24
Q,100001,2.2585077368924284e-13,2.415549265687894e-13,-3.233618439801254e-05,-1.1531726453578212e-06,-1.3044563671886044e-06,-1.7898220046461627e-15
Q,100101,4.4489969623099373e-13,2.6993614408013006e-14,-6.782096456485159e-05,5.90796896418285e-07,3.0649584599526136e-06,-1.9032447266033066e-15
Q,100201,3.684523448535395e-13,2.0672471935300962e-13,-0.0002492502173456725,-4.7036477634008606e-07,1.5338859237374642e-05,-1.7899949679927565e-15
Q,100301,1.0445408479574133e-13,8.570224501858379e-14,-8.929904755839252e-12,1.7295569694228352e-14,-2.463556122851567e-14,-8.94997485691788e-16
Q,100401,1.957763234430794e-13,4.5783188395391357e-14,-4.681579913994388e-12,-2.4817146127691474e-13,4.625372230015708e-13,-1.3038291436631358e-15
Q,100451,9.989419395430021e-14,7.850393996702212e-14,-4.235442591426562e-12,8.621918536704065e-16,-3.667367308033453e-14,-8.949974856917837e-16
Q,101001,2.871688204325958e-13,2.4124467817179216e-13,-0.00011395160921691374,-1.7942594724728183e-06,-3.3453569822938326e-05,-1.790422202250615e-15
Q,101101,-2.633975021577985e-15,2.0640611419493766e-13,-0.00030846631081913776,-1.084381371585096e-06,-1.1783768433899991e-05,-1.789994809867549e-15
Q,101201,2.604955695087372e-13,2.0953031782343144e-13,-0.00031034462007140936,-7.758333537331143e-07,2.1719532080438287e-06,-1.789994967992757e-15
Q,101301,1.1931320603337567e-13,9.678004257946738e-14,-1.2352297444333678e-11,-1.1949815740697668e-14,-2.535317906744389e-15,-8.949974856917924e-16
Q,101401,2.1626420812913964e-13,8.375257442647266e-14,-9.020328053556489e-12,-1.1819020272792716e-15,2.534153269170852e-13,-8.949974856917924e-16
Q,101451,1.0285922206312717e-13,8.120683960076022e-14,-6.999665339697302e-12,-6.273463161889012e-15,-4.5973835402761994e-14,-8.949974856917926e-16
Q,102001,4.4493925727768623e-13,2.4773691231581044e-13,-5.840393289822696e-05,-5.2016486211055435e-08,-6.772679384120794e-06,-1.7900883678657622e-15
Q,102101,4.2830906914088953e-13,6.534936539827788e-13,-8.022995749381266e-05,-8.781776974344575e-06,2.744309659650276e-06,-1.7841450362660686e-15
Q,102201,2.6667756658715e-13,2.1856775689229662e-13,-0.0002014060706488688,-1.759813677797163e-06,1.1107485143870983e-06,-1.789994967992757e-15
Q,102301,5.569983060438819e-14,1.1794572774043276e-13,-7.510081648420308e-12,-4.4606313295780765e-14,3.68853550495652e-13,-1.0321658566004108e-15
Q,102401,2.1832970015519867e-13,1.8472542912217456e-13,-5.5545899098273164e-12,2.535440838832753e-13,5.020532968914447e-13,-8.236937461321847e-16
Q,102451,2.1595628697685057e-13,9.876753405156175e-14,-4.748759036179067e-12,-2.12931741112441e-14,-3.041145956704268e-13,-1.1030540048623265e-15
Q,200001,-2.9675725704540342e-06,5.786921176964472e-06,-0.00010727407387354346,-3.940720569561459e-06,-2.3943338804803393e-05,-1.3696337751036011e-10
Q,200101,-2.967572721268496e-06,5.785551729878361e-06,-0.0002640110657004415,8.791544387447686e-05,8.407482747182632e-05,-1.3696315857677175e-10
Q,200201,-2.9675724986460203e-06,5.784181969202437e-06,-0.0004985004254388752,-2.5004969341580616e-06,-6.360359786014864e-05,-1.3696315857632443e-10
Q,200301,-2.967572445898515e-06,5.782812316309727e-06,-0.00024056070847496214,-1.0087315110863365e-05,5.8799486097701984e-06,-1.3696315857641868e-10
Q,200401,-2.9675725735525942e-06,5.781435639929221e-06,-7.914701083148362e-05,1.1174142751239939e-06,-2.322412288840534e-05,-1.369623293237431e-10
Q,200451,-2.967572537866665e-06,5.780757822086637e-06,-0.00011409764139223978,-4.663828347108521e-06,9.851731122217351e-06,-1.369631585692909e-10
Q,201001,-2.966579601646661e-06,5.7869211745238056e-06,-0.00020759876259009554,-3.0592922879183766e-06,-2.255173697755428e-05,-1.3696315894274062e-10
Q,201101,-2.9665798101585764e-06,5.785551525312898e-06,-0.0005868979516589656,-1.0434852552374948e-05,0.00010366109084928829,-1.3696315857650602e-10
Q,201201,-2.966579537144926e-06,5.784181910392121e-06,-0.0006206892286224507,-1.2786225814898891e-06,-1.0935221562075513e-05,-1.3696315857649664e-10
Q,201301,-2.9665795846252685e-06,5.782812278828021e-06,-0.00033275578024046995,-4.3826763153631517e-07,-1.4109212498461129e-06,-1.3696315858293097e-10
Q,201401,-2.9665794004289264e-06,5.781442642875691e-06,-0.00024299660148348245,-3.989931045178271e-06,-8.585774512283077e-05,-1.3696315858321934e-10
Q,201451,-2.966579530813242e-06,5.7807578301703175e-06,-0.00018856242023232734,-2.3095330408381667e-06,1.2920923295067596e-05,-1.3696315858324279e-10
Q,202001,-2.965360394368124e-06,5.786921178021019e-06,-0.00015333304410439217,-2.3067788395495942e-07,-8.432487885829075e-05,-1.3696315857756794e-10
Q,202101,-2.9653607396229877e-06,5.7855515767438625e-06,-0.0002762029535685406,6.642009299694894e-06,6.258486464699587e-05,-1.3696315857660986e-10
Q,202201,-2.9653605839778664e-06,5.784181926894147e-06,-0.0004028121338213004,2.6572986975707793e-06,-6.68947934314199e-06,-1.369631585765154e-10
Q,202301,-2.965349417719402e-06,5.782812281447714e-06,-0.00012770219577512698,-9.221169247548408e-07,-9.379081567137726e-06,-1.369632800105225e-10
Q,202401,-2.9653491994379974e-06,5.781435941752895e-06,-9.110398728061596e-05,-5.9897248063248405e-06,-2.506877284018612e-05,-1.3696420890783213e-10
Q,202451,-2.965349039609514e-06,5.780757830664431e-06,-7.893139125683613e-05,-2.094163645063903e-06,5.510374639420989e-06,-1.3696323123470228e-10
Q,300001,1.3282881903706054e-05,1.8467316118432054e-05,-0.0001472774724458299,-1.0824579697501106e-05,-1.3225588668084111e-05,1.7308700120275719e-07
Q,300101,1.3282881944658293e-05,2.0198185910570347e-05,-0.0004003089186658262,7.753914939730828e-05,7.845267912429631e-05,1.7308700076544315e-07
Q,300201,1.3282881775720016e-05,2.192905630894125e-05,-0.0006922404877121863,2.0335483649113344e-05,-6.22838514941398e-06,1.7308700076544395e-07
Q,300301,1.328288193807388e-05,2.365992634523327e-05,-0.00043965092165625786,1.1604323947214015e-05,-4.4539463917997464e-05,1.7308700076544228e-07
Q,300401,1.3282881924187236e-05,2.5390796144065464e-05,-0.00017370640445868007,-1.3580260780275335e-05,-3.216077909463403e-05,1.7308700076544265e-07
Q,300451,1.3282881684476378e-05,2.6256231164438635e-05,-0.0002150910003341099,-8.68014714895076e-06,-4.486146003802884e-06,1.7308700076544262e-07
Q,301001,1.2028001155982994e-05,1.8467316132096495e-05,-0.0002793378635775966,-6.340028457444243e-06,-1.755359512104076e-05,1.730870007651347e-07
Q,301101,1.2028001217995767e-05,2.0198186151812608e-05,-0.0007978129539641003,-1.3226928810822242e-05,9.492581528231413e-05,1.7308700076544247e-07
Q,301201,1.2028001149977133e-05,2.1929056142841383e-05,-0.0008484948482483757,-5.582637992189192e-06,-1.0019434430203752e-05,1.7308700076544244e-07
Q,301301,1.202800116382261e-05,2.3659926149657313e-05,-0.0005816088771168508,-4.719443530293962e-06,8.486915803761162e-06,1.730870007654426e-07
Q,301401,1.2028001082614806e-05,2.5390796164371527e-05,-0.0004200264116166128,-6.543105965603501e-06,-7.173297067452566e-05,1.7308700076544257e-07
Q,301451,1.2028000855293998e-05,2.625623116777782e-05,-0.00035391012681627805,-5.159600655290905e-06,-1.4948914516456114e-05,1.7308700076544257e-07
Q,302001,1.0487526525523027e-05,1.8467316129009368e-05,-0.00019586663566129644,-3.0734319195460236e-06,-9.322174890658259e-05,1.7308700076544538e-07
Q,302101,1.0487526927066709e-05,2.0198186127095092e-05,-0.0004283901808331067,1.4745258325058965e-06,6.665821297307831e-05,1.7308700076544254e-07
Q,302201,1.0487526826941033e-05,2.1929056142466703e-05,-0.000558129972415388,6.202278621554659e-07,-2.7608107240402606e-06,1.7308700076544257e-07
Q,302301,1.0487526837244916e-05,2.365992615909304e-05,-0.0002865373064540685,1.3816818693915116e-06,2.1048289871946392e-06,1.7308700076544257e-07
Q,302401,1.048752687490138e-05,2.539079617694047e-05,-0.0002013115370032166,5.128785691259478e-07,-3.85800790016384e-05,1.7308700076544247e-07
Q,302451,1.0487526606907515e-05,2.6256231172089857e-05,-0.00019119113276896708,-2.179714507316199e-06,-8.210946972473301e-06,1.7308700076544254e-07
Q,400001,5.2799323485519906e-05,5.761275710906655e-05,-0.0001522624033462084,-1.8777441030941492e-06,8.148517828187426e-06,2.7010013087046455e-11
Q,400101,5.2799323606733e-05,5.761302696948518e-05,-0.0004755148004252704,-1.9466451360436615e-05,7.799009776521345e-05,2.7010229026728935e-11
Q,400201,5.2799323240342784e-05,5.761329754904328e-05,-0.0008112752316858849,6.0124028811714484e-05,3.886476987133105e-06,2.7010229026844986e-11
Q,400301,5.2799323529906696e-05,5.761356767724711e-05,-0.0005793829751137227,6.485360100932084e-05,2.662815373733208e-06,2.7010229026189804e-11
Q,400401,5.279932370157753e-05,5.761383750469262e-05,-0.00023423427429595576,-1.5042102011884943e-05,-2.039344446101834e-05,2.7010229026155944e-11
Q,400451,5.279932308229307e-05,5.761397255711753e-05,-0.00030697534954962733,-1.3695195765450613e-05,0.00011707958509272483,2.7010229026430574e-11
Q,400501,5.279932274732716e-05,5.761410746551402e-05,-0.0021436831882667307,-4.576055552766946e-05,0.0002071432437025173,2.701001047206952e-11
Q,401001,5.2799127667911975e-05,5.7612757094014586e-05,-0.00033154014192303464,-1.0475508195222467e-05,-1.4322545906776214e-05,2.7010228855825494e-11
Q,401101,5.279912759286026e-05,5.76130272255219e-05,-0.0009417900429945022,-1.275262671265005e-05,8.488288091584895e-05,2.701022902641552e-11
Q,401201,5.279912755588016e-05,5.761329729810499e-05,-0.0009958370358577313,-1.099273911592667e-05,-9.043782796121475e-08,2.70102290260393e-11
Q,401301,5.279912769895938e-05,5.761356740201282e-05,-0.0007488695957320026,-1.0673214062628547e-05,3.40397803987323e-06,2.7010229026287576e-11
Q,401401,5.279912800096341e-05,5.761383752462753e-05,-0.00053306698488614,-1.1305897425985205e-05,-4.567580175944614e-05,2.701022902623422e-11
Q,401451,5.279912708492642e-05,5.761397257893825e-05,-0.0004994605817573773,-9.886643907921313e-06,0.0001521040160619313,2.7010229026250753e-11
Q,401501,5.279912668033599e-05,5.7614107594823724e-05,-0.002977302261010252,-1.795250183287272e-05,0.0002712341259187424,2.7010010472495762e-11
Q,402001,5.2798887308025284e-05,5.761275713288523e-05,-0.0001853171086037485,-8.990295959443463e-06,6.471853346611647e-05,2.7010229036108752e-11
Q,402101,5.2798887095244625e-05,5.761302724300037e-05,-0.0005370082309237533,-6.44056339219283e-06,3.67507040265923e-05,2.7010229026296985e-11
Q,402201,5.279888734617213e-05,5.761329734417374e-05,-0.0006671317817205876,-7.21999310006811e-06,1.1082386609476873e-05,2.7010229026161773e-11
Q,402301,5.279888728322815e-05,5.7613567448693115e-05,-0.0003979514863046602,-7.0476785649922915e-06,3.905316173546768e-06,2.701022902628162e-11
Q,402401,5.279888751426662e-05,5.761383753984529e-05,-0.00027490533446246986,-7.831752702102251e-06,-2.8184254049752464e-05,2.701022902635588e-11
Q,402451,5.2798886856838386e-05,5.761397259181955e-05,-0.0002925835079540298,-7.793324919542867e-06,0.00011910968518613544,2.7010229026045134e-11
Q,402501,5.279888651840876e-05,5.761410774104462e-05,-0.0021765131589469642,1.3393216452104362e-05,0.00020970522140217757,2.701001047291289e-11
Q,500001,0.00013211895305017873,0.0001161318848043775,-0.00018196064452301826,-2.1920885530171984e-05,6.932904895509043e-06,-2.043314184610582e-09
Q,500101,0.0001321189532423547,0.0001161114517255116,-0.0005121647475912237,-3.750691143394918e-05,4.5765434316646246e-05,-2.0433141819962756e-09
Q,500201,0.0001321189532441525,0.00011609101805484185,-0.0008769184400974149,0.00011322259977924021,0.00012065203806708911,-2.043314181996438e-09
Q,500301,0.0001321189528638112,0.00011607058489611794,-0.0006648196093913177,0.00011585398747423232,-4.3767859322746095e-05,-2.04331418199566e-09
Q,500401,0.00013211895266762314,0.00011605015227024348,-0.0002733476943878816,-2.8952172057720552e-05,-0.0001061540538929689,-2.043314181995756e-09
Q,500451,0.00013211895366611025,0.0001160399356836204,-0.0003580955812273847,-2.3456273300854397e-05,0.00019122697898667665,-2.0433141819963008e-09
Q,500501,0.00013211895378837144,0.00011602971923935385,-0.0021500018938595458,-4.654623475996857e-05,0.00015440965233445568,-2.0433141819956047e-09
Q,501001,0.00013213376669098738,0.00011613205526931092,-0.0003659478096428147,-2.2680724468319004e-05,-2.489832969505096e-07,-2.043299876823709e-09
Q,501101,0.00013213376751366744,0.00011611145166247088,-0.001027034043828893,-1.6765683708308535e-05,0.00014491644854361868,-2.0433141820403833e-09
Q,501201,0.0001321337671145673,0.00011609101852858615,-0.001083013461043835,-2.1982385946002503e-05,5.607651154182337e-05,-2.043314181995794e-09
Q,501301,0.000132133767022005,0.00011607058538225431,-0.000854557005276676,-2.0337864942403235e-05,1.2270013342310795e-05,-2.0433141819961337e-09
Q,501401,0.00013213376642311046,0.0001160501522255714,-0.0006059593178140656,-1.3233105501820476e-05,-0.00019947654285094638,-2.043314181995919e-09
Q,501451,0.00013213376792366247,0.000116039935644971,-0.0005800032929138323,-1.0432519488547915e-05,0.0002562534776800346,-2.043314181996011e-09
Q,501501,0.0001321337680606062,0.00011602971911004413,-0.002987517207181958,-1.8038242626689904e-05,0.00019676410244623136,-2.043314181996031e-09
Q,502001,0.0001321519524255286,0.00011613188476286593,-0.00023353392832980435,-2.4847470446563566e-06,-8.941565691621765e-05,-2.043314182008332e-09
Q,502101,0.0001321519529411986,0.00011611145159674237,-0.0006019135434632777,5.547868179057672e-06,0.00016313303739773512,-2.0433141819959108e-09
Q,502201,0.00013215195247193696,0.00011609101845961197,-0.0007341533365071299,4.284010832137317e-06,-1.556815403576031e-05,-2.043314181995932e-09
Q,502301,0.00013215195252957358,0.00011607058531324022,-0.0004659308310554555,6.093133912079359e-06,1.6710403569728197e-05,-2.043314181996019e-09
Q,502401,0.0001321519521314345,0.00011605015218617499,-0.0003207592197939028,4.5040760726014036e-07,-0.00012459475215610975,-2.0433141819961833e-09
Q,502451,0.00013215195319680255,0.00011603993562044087,-0.00034748907972262654,-1.842657494921166e-06,0.0001920928874171638,-2.043314181995696e-09
Q,502501,0.00013215195332965995,0.00011602971896382327,-0.002182454964091572,1.429712309707636e-05,0.000159358456400265,-2.043314181996448e-09
Q,600003,2.26849903613141e-06,1.9617753398647124e-05,-5.655543340937795e-05,-2.2835459453460958e-05,1.8759201835480409e-06,-1.989570539058245e-12
Q,600004,1.6139023031492674e-05,3.668137831552979e-05,-0.00013167560786788037,-0.000164435714616386,-5.578195609093507e-06,-2.5305208002353548e-12
Q,600005,5.2799374875524415e-05,5.7612570563364015e-05,-0.0002736824767683553,-0.0002742335216429354,-2.3175072375504593e-06,5.902687260353831e-12
Q,600006,0.00011372520631997761,6.374486691138394e-05,-8.892264283374961e-05,-1.4926827117733502e-06,1.1992025377274414e-05,1.3916237265453689e-12
Q,601002,-1.780686465515167e-06,7.258602720281109e-06,-4.4883406587138574e-05,-1.8556854481449075e-05,7.08543474318352e-05,-2.1452928518047805e-12
Q,601003,2.268498884924104e-06,1.9617751926364836e-05,-0.00011016068091317482,-3.9331137252171976e-05,0.00013548210044818403,-1.9895705069582658e-12
Q,601004,1.613902136387952e-05,3.668137550665167e-05,-0.00019296002880888363,-6.386280119156895e-05,0.00019082398853811992,-2.530520781894773e-12
Q,601005,5.279938220666193e-05,5.7612579299341187e-05,-0.0002963873039810008,-8.611442766914264e-05,0.0002377639084068143,5.902687236995794e-12
Q,601006,0.00011372520824252212,6.374486841822956e-05,-8.892264435229145e-05,-1.4926823038964088e-06,1.1992025031342999e-05,1.3918266031289413e-12
Q,602002,-1.78065448134406e-06,7.25860351403938e-06,-0.00023051613489186957,0.00028504066418840536,3.3032966056311164e-05,-2.145292838939767e-12
Q,602003,2.2685297093403104e-06,1.961775339864697e-05,-0.00012260491324527927,0.00017185382757665252,2.4309213961899715e-05,-1.9895705061424137e-12
Q,602004,1.613906204698098e-05,3.668137831552808e-05,-8.466916896010278e-05,1.9400517005092245e-05,8.538221394728642e-06,-2.530517829404345e-12
Q,603002,-1.7806518190357776e-06,7.258602720280372e-06,-5.296486026093615e-05,3.8179493896931506e-05,8.868269177690592e-05,-2.1452927154763873e-12
Q,603003,2.268531016488195e-06,1.9617751926364836e-05,-0.0001310264180794958,7.995024892502876e-05,0.00016805954225826287,-1.98957050649965e-12
Q,603004,1.6139062231790348e-05,3.668137550665167e-05,-0.00023132903825473354,0.00012418538324696465,0.00023671163534587844,-2.5305207819668427e-12
Q,603005,5.2799286878262845e-05,5.7612579299341187e-05,-0.00035637602658541843,0.00016818016597257025,0.00029560320120772975,5.9026872369460485e-12
Q,603006,0.00011372518614287161,6.374486837691381e-05,-0.00010148574372683283,1.1602204865946007e-06,1.2759221274010046e-05,1.3916872531850884e-12
Q,605005,5.279928684804354e-05,5.761275640928906e-05,-0.00015990779734270636,-1.4137433146159709e-05,4.878415151322498e-07,5.9025354287372095e-12
Q,609002,2.415412694317914e-13,2.4201629212736037e-13,-3.233618445586567e-05,-1.1531725629391453e-06,-1.3044563553752194e-06,-1.7832798198638853e-15
Q,612002,2.284460110487155e-13,2.42002351083247e-13,-5.141584996919395e-05,-1.6558537935340383e-05,-2.261909840264716e-05,-1.789825595307007e-15
Q,612003,-2.9671753766592536e-06,5.786955417808846e-06,-0.00026575918924163805,-3.483972823282626e-05,-3.6490732849096164e-05,-1.369633775091712e-10
Q,612004,1.2529953448474064e-05,1.8424044368131394e-05,-0.00035090978110860623,-2.0249812490572147e-06,-3.212174420956151e-05,1.730870012027565e-07
Q,612005,5.2799166827444004e-05,5.761275035656331e-05,-0.00034266234003931564,2.5149558012825106e-06,-3.375142417816235e-05,2.7010013089317076e-11
Q,612006,0.00013213376642941794,0.00011613222572711127,-0.0003659478092352527,-2.2680724582566253e-05,-2.4898365047147305e-07,-2.043285712763851e-09
Q,700001,3.247547345872504e-14,1.3495776779802836e-14,-1.0332764930386247e-11,-2.3370004628044335e-14,4.150474761485207e-14,-2.7092448293012172e-21
Q,700002,-2.3692137797453183e-14,1.1717657941616262e-14,-1.0895409492446404e-11,-2.10228713500894e-14,-3.263649901442613e-14,-2.7092448292213325e-21
Q,700003,-9.246612815052275e-15,8.654016174831143e-14,-1.073459204052153e-12,-1.5055628119177173e-14,-1.7123115831722503e-14,-3.347525011043181e-17
Q,700004,-1.9201475394167503e-13,-1.8039254537214245e-14,-1.1453390497637925e-11,1.8256224271411183e-14,-2.54822366238548e-13,-2.7092448285774923e-21
Q,700005,-8.144639422855108e-14,-2.4307260018377764e-15,-1.5247538407000995e-11,-2.3470210154599996e-15,-1.0887213187845584e-13,-2.7092448292307895e-21
Q,700006,-3.701813267919606e-14,-1.7112385408489936e-15,-1.7135839546660716e-11,-3.2967280408716374e-15,-5.022682679871151e-14,-2.7092448292168476e-21
Q,700007,1.2442595633178873e-14,-8.95296751983035e-15,-8.304319922727877e-12,6.262337765313366e-15,1.5061322451352522e-14,-2.709244829169039e-21
Q,700008,-1.9864841080271573e-14,-1.1553689731168163e-14,-8.915326682650165e-12,9.69530749421276e-15,-2.7584493871043913e-14,-2.709244829226066e-21
Q,701001,-1.7806517946164356e-06,7.2585793915950455e-06,-0.00027835204519214955,2.2116356908242395e-06,-1.5042806687209025e-05,-2.145292848946561e-12
Q,701002,-1.780651845346659e-06,7.258557938198954e-06,-0.00029350900130416973,1.4372528354509628e-06,9.418912509045736e-06,-2.1452928488833054e-12
Q,701003,-1.780651799238987e-06,7.258536451132618e-06,-3.3720542282070034e-05,-2.9185169571664527e-06,1.1989727337623978e-06,-2.145205878032581e-12
Q,701004,-1.7806710723767059e-06,7.258595447264122e-06,-0.00030854032689996315,-1.1522285334773364e-05,8.272557336399314e-05,-2.145292848373486e-12
Q,701005,-1.780670986462225e-06,7.258579369740149e-06,-0.000410750029476953,-4.724561699412813e-06,3.4571626503895005e-05,-2.1452928488907937e-12
Q,701006,-1.780670925905662e-06,7.258557916813301e-06,-0.0004616185518622099,-4.411204794495235e-06,1.5222545538679209e-05,-2.145292848879754e-12
Q,701007,-1.7806864561198079e-06,7.258579359144974e-06,-0.0002237082184676015,-7.565082007142466e-06,-6.318247490982954e-06,-2.1452928488418967e-12
Q,701008,-1.7806864752278596e-06,7.258557902736653e-06,-0.00024016799301937198,-8.697719240964694e-06,7.752057929633971e-06,-2.1452928488870536e-12
Q,702001,2.2685309983926294e-06,1.9617731023456265e-05,-0.0004934387479794481,2.6937307509625544e-06,-7.690505106248109e-06,-1.989570539922137e-12
Q,702002,2.268531007076265e-06,1.9617711129616993e-05,-0.0005219089571096465,2.4900847293481814e-06,1.4403163237184609e-05,-1.989570539901622e-12
Q,702003,2.2685309899064583e-06,1.961769120617679e-05,-6.579144517649698e-05,-4.043404947424738e-06,-1.5700677518361154e-06,-1.9895712208791153e-12
Q,702004,2.2685133283542174e-06,1.9617745934369813e-05,-0.0005455440280065966,-1.2125594474065079e-05,7.272865903791301e-05,-1.9895705399894524e-12
Q,702005,2.268513308217261e-06,1.9617731011256883e-05,-0.0007257599872521783,-6.82435823985795e-06,3.531179379869509e-05,-1.9895705399425673e-12
Q,702006,2.2685133354353285e-06,1.9617711114527132e-05,-0.0008152916132244604,-6.823642432865484e-06,8.93862831025687e-06,-1.989570539912594e-12
Q,702007,2.268498871747481e-06,1.9617731002050133e-05,-0.0003966290181527798,-1.1438693896343464e-05,-1.1474205544044464e-06,-1.989570539959883e-12
Q,702008,2.2684988985331416e-06,1.961771110439262e-05,-0.0004264074707128873,-1.2954204216564064e-05,7.174383566055654e-06,-1.9895705399332676e-12
Q,703001,1.6139062247295242e-05,3.66813498523686e-05,-0.0006453283467843555,3.092277913214807e-06,-2.2016510552299237e-06,-2.5305207889052103e-12
Q,703002,1.6139062288692453e-05,3.6681324547525366e-05,-0.0006839103357714287,3.130618221294223e-06,1.8478230777371464e-05,-2.53052078890987e-12
Q,703003,1.6139062272307688e-05,3.668129908570958e-05,-0.00010240924047370498,-7.554908256485029e-06,1.2292272310185237e-05,-2.5302541033803164e-12
Q,703004,1.6139039693709863e-05,3.668136883206725e-05,-0.0007112786209448744,-1.5373708361689404e-05,7.939204335590237e-05,-2.530520788863348e-12
Q,703005,1.6139039713075868e-05,3.6681349849169894e-05,-0.0009461999131388747,-9.156905494345864e-06,4.000800099802626e-05,-2.530520788895988e-12
Q,703006,1.6139039717358965e-05,3.668132454403147e-05,-0.00106272204111568,-9.289667736816995e-06,8.805098456558998e-06,-2.5305207889080747e-12
Q,703007,1.6139021380261737e-05,3.668134984917416e-05,-0.0005183655683716951,-1.6007084957536033e-05,4.380589527340882e-06,-2.530520788888664e-12
Q,703008,1.6139021373131196e-05,3.6681324543224235e-05,-0.0005581241293237636,-1.7989893146049107e-05,6.785391829645686e-06,-2.530520788879163e-12
Q,704001,5.27992867941688e-05,5.7612636979235786e-05,-0.0007340503803615256,3.0040781856049583e-06,-2.9331219387408104e-06,5.902687244084611e-12
Q,704002,5.2799286933850534e-05,5.7612696010053936e-05,-0.0007793626468757688,2.959246426629037e-06,1.1315257230672556e-06,5.902687244022301e-12
Q,704003,5.279928686512046e-05,5.761275572135463e-05,-0.00015990779432276385,-1.4137433028390786e-05,4.878415269176069e-07,5.902611172494527e-12
Q,704004,5.279933947974695e-05,5.761259265476565e-05,-0.0008062819341553862,-1.1470009154784624e-05,9.140083118623163e-05,5.902687243882785e-12
Q,704005,5.2799339447116425e-05,5.7612636948149094e-05,-0.0010725781561852917,-7.907088563979244e-06,4.55498215145936e-05,5.902687243980343e-12
Q,704006,5.27993394944362e-05,5.7612695973030356e-05,-0.0012049545544886087,-7.87611498783689e-06,1.731130954506298e-05,5.902687244004576e-12
Q,704007,5.279938215125688e-05,5.7612636927162396e-05,-0.0005886714586172212,-1.2519567386077427e-05,3.227909758075295e-06,5.902687243894173e-12
Q,704008,5.279938226870068e-05,5.7612695950286526e-05,-0.0006352061747743548,-1.4358239844510586e-05,1.465515470882814e-05,5.902687243989061e-12
Q,705001,0.0001137251864147578,6.37448825182393e-05,-0.0007593256446033751,1.5200442508358237e-05,4.6677738362159534e-05,1.3916237322547518e-12
Q,705002,0.00011372518633189306,6.374489643054582e-05,-0.000811139319155168,1.6957185732517078e-05,6.5244189543742815e-06,1.3916237321757625e-12
Q,705003,0.00011372518636786435,6.374491041407836e-05,-0.00015990779432276385,4.745930645739431e-06,2.2834071472429034e-05,1.3916237322421993e-12
Q,705004,0.00011372519905250243,6.374487221101224e-05,-0.0008312041256811532,-2.6920775652841584e-05,6.222081406131685e-05,1.3916237312391532e-12
Q,705005,0.00011372519888942105,6.374488260250548e-05,-0.0011051303001742,-1.058739530189361e-05,3.7047787404704284e-05,1.391623732244995e-12
Q,705006,0.00011372519870561529,6.374489652096771e-05,-0.001242721337014934,-1.1587348850360294e-05,-1.4763487348231397e-05,1.391623732184075e-12
Q,705007,0.00011372520889005238,6.374488264981206e-05,-0.0006073290635848691,-2.6577552975106467e-05,4.0765524224766976e-05,1.3916237322312446e-12
Q,705008,0.00011372520880436894,6.374489657857238e-05,-0.0006575388248893132,-3.019280699410576e-05,-7.977971557304982e-06,1.3916237321908982e-12
Q,900000,-1.7806862455248177e-06,7.258602753937082e-06,-3.104258583633977e-05,-3.096195783831038e-06,1.838915016015142e-06,-2.1452502113106933e-12
Q,900001,7.028197735525376e-14,-3.275167615628925e-13,-3.425026082221684e-05,-2.001889855111227e-06,-1.3825440550175598e-05,-5.527965460768812e-15
Q,900002,4.1029879811126953e-13,1.2720032242180765e-12,-0.00012526495091811453,-6.66492017471383e-06,-5.779372981253341e-05,-7.146899797211427e-15
Q,900003,-1.7806522490145805e-06,7.258602794000049e-06,-3.563691981330078e-05,-1.7442793804069802e-07,2.447349494800903e-06,-2.1452788753824964e-12
Q,900004,-9.003203518547593e-14,4.73789975793211e-13,-6.229738712907241e-05,-7.895746132370645e-06,-2.7369125350151003e-05,-5.718958166701025e-15
Q,900005,-1.780660968709623e-06,7.258603514039464e-06,-0.0014070093424921955,0.0003563124519812336,0.00010756230085244898,-2.1452928518047805e-12
Q,900006,-1.7806609687096233e-06,7.258587424343077e-06,-0.002282401172503959,-7.985367662257272e-05,0.0001190390347578464,-2.1452928518047805e-12
Q,900007,-1.7806773158411536e-06,7.258603514039438e-06,-0.0013137814198767343,-0.00035303055122068574,-0.00012471929932738183,-2.145292851247648e-12
Q,900008,-1.7806773158411538e-06,7.258587424343076e-06,-0.0009683388127390543,6.985734375076442e-05,3.076055593046172e-05,-2.1452928518047805e-12
Q,900009,-1.780686465515167e-06,7.25859546919127e-06,-0.0007486565742760079,-0.0001597920609623917,0.00019678632251520593,-2.1452928518047805e-12
Q,900010,-1.7806518190356103e-06,7.25859546919127e-06,-0.0009466173622132682,0.00038854775282181134,0.0002566610810376875,-2.1452928518047793e-12
Q,900011,-1.7806864655151662e-06,7.258587424343075e-06,-0.0008327862041011159,-8.263679230175419e-05,-0.0001519529999743815,-2.1452928518422892e-12
Q,900012,-1.7806518190356092e-06,7.258587424343076e-06,-0.0010844273086723143,0.00045278322567430434,-0.00019294146677157364,-2.1452928517824778e-12
Q,900013,-1.7806864655151666e-06,7.258568653030622e-06,-0.0008761477088243162,-0.00016280486395974962,2.0912322940443765e-06,-2.1452928518083885e-12
Q,900014,-1.7806518190356103e-06,7.258568653030622e-06,-0.0010565445528186931,0.00012955697186104243,3.6602236485349635e-06,-2.1452928518052656e-12
Q,900015,-1.780686419313573e-06,7.258547197901027e-06,-0.0009862798041699338,-0.00018359313857382875,-2.912665853214569e-06,-2.151400841179963e-12
Q,900016,-1.7806517728349199e-06,7.258547197901025e-06,-0.0012109829429595145,0.00014360741408616382,1.6936145403661188e-06,-2.1514008405493383e-12
Q,900017,-2.9681370699294794e-06,5.785551825126374e-06,-0.002509306897762337,0.0006424038619137572,0.00047161736519319423,-1.3696336273726835e-10
Q,900018,-2.9681370668252557e-06,5.784526164635942e-06,-0.006559935134668232,0.0010701012919257648,0.00046459164067881755,-1.369633627376685e-10
Q,900019,-2.967572570454038e-06,5.784866726301816e-06,-0.0013832651076623368,-1.2170570948783693e-05,6.0384878827824806e-05,-1.3696337751055404e-10
Q,900020,-2.965360611907245e-06,5.784866726301816e-06,-0.0010084992472189872,0.00012712612154206152,4.965395903424827e-06,-1.369633775103775e-10
Q,900021,-2.9675725704540283e-06,5.783497092526713e-06,-0.0008124253793052207,-0.00012727892059864656,-2.430423932648572e-05,-1.3696337751038066e-10
Q,900022,-2.965360611906919e-06,5.783497092526711e-06,-0.0008503721432695988,0.00011291321222880486,-3.725574465179159e-05,-1.3696337751037275e-10
Q,900023,-2.96757257045403e-06,5.784525687491832e-06,-0.0010732263801605483,0.0013956346090515965,-0.00026232717051432003,-1.369633775106776e-10
Q,900024,-2.9675725704540304e-06,5.782127458751606e-06,-0.000727147752928929,-0.00013084964784756002,-1.9797268453774012e-05,-1.3696337751766404e-10
Q,900025,-2.9653606119065908e-06,5.782127458751605e-06,-0.0007114828419149378,0.00012217021887013082,3.1339567149579696e-06,-1.3696337751731156e-10
Q,900026,1.3708675926664837e-05,2.1929056142487218e-05,-0.0009826310285475032,0.00016706711631059857,0.00036414731533283764,1.7308700120275816e-07
Q,900027,1.3282881903706056e-05,2.2794491148500985e-05,-0.0015256891640130406,0.00023696980179560453,-2.525404862731415e-05,1.730870012027572e-07
Q,900028,1.370867592666484e-05,2.279449114850098e-05,-0.0023803705477120274,0.00040232123238810445,-2.7344096513969954e-05,1.7308700120275719e-07
Q,900029,1.370867592666484e-05,2.3659926154514776e-05,-0.0007087217708624074,0.00015843902571536323,-0.00041833947466752305,1.7308700120275695e-07
Q,900030,5.279938993015211e-05,5.76130272091974e-05,-0.0005526933900969169,5.692866091441488e-05,0.00021800785361529844,2.701001308612213e-11
Q,900031,5.279932348551991e-05,5.761308663122621e-05,-0.0008559667872657711,3.4168660448153485e-05,0.00019984715012508344,2.7010013088329354e-11
Q,900032,5.279938993015211e-05,5.7613086631226226e-05,-0.0010461608059377063,9.875231280000815e-05,0.0002264594776755668,2.7010013087046458e-11
Q,900033,5.2799127662925025e-05,5.761308663122622e-05,-0.0014093116148231669,-0.00012249003983578585,0.00026160008310979055,2.7010013086958183e-11
Q,900034,5.2799434780120395e-05,5.761329756443279e-05,-0.002802775265921877,0.0005731575488612106,-1.114451857523995e-05,2.7010012911184387e-11
Q,900035,5.279943478102978e-05,5.76135676708861e-05,-0.0026329981481639157,0.0005900221472304009,-1.0549877518122592e-05,2.7010012910400788e-11
Q,900036,5.279932348551984e-05,5.761404143518884e-05,-0.001220878393219678,-8.222678706474349e-05,0.0004701478885004358,2.7010013086433136e-11
Q,900037,5.279888727380849e-05,5.7614041435188845e-05,-0.0012349698407087039,6.419297536583332e-05,0.0004830348440380909,2.7010013087484602e-11
Q,900038,0.00013211895305017873,0.00011610123509160835,-0.0008639001826093616,-0.0001957027772370077,1.29554734720594e-05,-2.04331418461113e-09
Q,900039,0.0001321519525742602,0.00011610123509160835,-0.0017208115726629798,8.582575678992738e-05,-1.711132812975449e-05,-2.0433141846105766e-09
Q,900040,0.00013211895305017873,0.00011608080194976225,-0.001914598040706033,-8.640171486057602e-05,-5.103669131576244e-05,-2.0433141846105993e-09
Q,900041,0.0001321519525742602,0.00011608080194976223,-0.0013880112754016474,0.0001463123089127381,-4.054359463615742e-05,-2.043314184610586e-09
Q,900042,0.0001321189530501787,0.00011606036880791614,-0.0012620489688512902,-0.00018789335954721967,-2.115451994394441e-05,-2.0433141846100468e-09
Q,900043,0.00013215195257426017,0.00011606036880791612,-0.0014031089342079006,0.00016019660551930222,5.204972986866837e-06,-2.0433141846105662e-09
Q,900044,0.0001321189530501788,0.00011603472521489928,-0.0013507713575378207,-0.00010687336116713106,0.00044967393063556816,-2.0433141846100294e-09
Q,900045,0.00013215195257426025,0.0001160347252148993,-0.0013608518997606136,9.462543511494327e-05,0.00046109460453205874,-2.043314184610967e-09
Q,900046,0.00013211053458239154,0.00011609101826558076,-0.002815972026412065,0.0005305022392316562,-8.085829640974965e-06,-2.0433141844345823e-09
Q,900047,0.00013211053458148214,0.00011607058511741224,-0.002646351327336543,0.0005417328664297674,-1.2720086165145955e-05,-2.0433141844335517e-09
Q,900048,2.268499168771745e-06,1.9617752720480258e-05,-5.556921925071945e-05,-3.013886319556397e-06,3.548744169861162e-06,-1.9895496107301375e-12
Q,900049,-2.967572336129543e-06,5.786954767859977e-06,-0.00011452373536936837,-1.1478363947892593e-05,-3.289984673971977e-05,-1.3697552456460945e-10
Q,900050,-2.9665795036941253e-06,5.786956299033455e-06,-0.00021557777010584,-8.651641932518588e-06,-4.187706201316074e-05,-1.3697499819687702e-10
Q,900051,2.268530708147026e-06,1.9617752710789787e-05,-6.368121530760852e-05,-9.75410232380088e-07,3.8117874377623273e-06,-1.989543497400134e-12
Q,900052,-2.965360476108932e-06,5.786955422002772e-06,-0.00018046254338698032,8.556257639745783e-06,-0.0001313386675561643,-1.3697501551740388e-10
Q,900053,2.268522530969905e-06,1.9617753398647124e-05,-0.00146642972410937,0.0003690716138600542,0.000136873467993997,-1.989570539058245e-12
Q,900054,2.268522530969906e-06,1.961773847686808e-05,-0.002523664694798042,-6.526101615326973e-05,0.0001381717124596497,-1.989570539058245e-12
Q,900055,2.268507370442398e-06,1.9617753398647127e-05,-0.001379967913734746,-0.00036440930696217855,-9.032749664100036e-05,-1.989570539058245e-12
Q,900056,2.2685073704423975e-06,1.9617738476868078e-05,-0.0012097954854657972,5.286815530328371e-05,4.314140076624034e-05,-1.989570539058245e-12
Q,900057,2.2684988849240483e-06,1.96177459377576e-05,-0.0008128024444099963,-0.0001870540092888923,0.00021296403177622792,-1.9895705390582446e-12
Q,900058,2.2685310164882546e-06,1.96177459377576e-05,-0.0010179558210830345,0.00040912083549773275,0.00027570365957493235,-1.9895705390582446e-12
Q,900059,2.2684988849240483e-06,1.961773847686808e-05,-0.0009636535298736461,-0.00011256390777850479,-0.0001355495397290218,-1.9895705390839175e-12
Q,900060,2.268531016488254e-06,1.961773847686808e-05,-0.0012398863233595084,0.000475270742042366,-0.00017080129784743548,-1.9895705390444616e-12
Q,900061,2.2684988849240487e-06,1.9617721068125865e-05,-0.0010657189184061237,-0.0001897572613348949,2.9583740637174144e-06,-1.9895705390602693e-12
Q,900062,2.2685310164882538e-06,1.9617721068125865e-05,-0.0012834837645478829,0.00015008427174776663,2.591858078173988e-06,-1.98957053905631e-12
Q,900063,2.2684987490692356e-06,1.961770116822656e-05,-0.0011460674147805627,-0.00018853347858603566,-1.2689731683666629e-05,-2.0012087561715725e-12
Q,900064,2.2685308806899958e-06,1.9617701168226557e-05,-0.0015243649338488087,0.00013087453096807374,1.330215725941186e-05,-2.001208755661772e-12
Q,900065,1.613902176832096e-05,3.668137744371369e-05,-7.34492961287431e-05,-4.502208459757061e-06,5.424236412728035e-06,-2.530516463786798e-12
Q,900066,1.3282881922587288e-05,1.842404402900862e-05,-0.0001518087530971985,-1.1135451012108342e-05,-2.185587963626505e-05,1.730869852087567e-07
Q,900067,1.2028001309140175e-05,1.8424045125874197e-05,-0.00028632125285519433,-1.0551412146211046e-05,-3.896565392509249e-05,1.7308698574995598e-07
Q,900068,1.6139061888141993e-05,3.668137744713995e-05,-8.403298021645976e-05,-2.0786106898905154e-06,5.9508823551770965e-06,-2.5305176859872578e-12
Q,900069,1.0487526980915688e-05,1.842404437381338e-05,-0.00022536556003448376,1.1166793846739378e-05,-0.0001413242441853753,1.7308698530054515e-07
Q,900070,1.6139051439119178e-05,3.668137831552979e-05,-0.001515605328204218,0.00037782711362784846,0.000157115279665969,-2.5305208002351524e-12
Q,900071,1.613905143911918e-05,3.6681359336623794e-05,-0.002699784397957108,-5.412356346945428e-05,0.00015166082750420708,-2.5305208002353548e-12
Q,900072,1.613903215655068e-05,3.668137831552979e-05,-0.0014210525626402286,-0.00037005079029625625,-6.578270224139775e-05,-2.530520800235355e-12
Q,900073,1.613903215655068e-05,3.668135933662379e-05,-0.0013833717560972855,3.950315596396847e-05,5.3766606429777014e-05,-2.5305208002353548e-12
Q,900074,1.613902136387947e-05,3.6681368826076786e-05,-0.0008595568080050166,-0.00020504475147263492,0.0002234651054066987,-2.5305208002353544e-12
Q,900075,1.6139062231790392e-05,3.6681368826076786e-05,-0.0010722438703827338,0.00042448893639407935,0.00028885502251272863,-2.530520800235355e-12
Q,900076,1.6139021363879465e-05,3.6681359336623794e-05,-0.0010539635756454478,-0.00013480538466681543,-0.00012456167082395062,-2.5305208002316623e-12
Q,900077,1.6139062231790395e-05,3.668135933662379e-05,-0.001351111746495005,0.0004922267537463257,-0.0001559459302030294,-2.5305208002257743e-12
Q,900078,1.6139021363879465e-05,3.6681337194566794e-05,-0.0012017238995754732,-0.00020811818450371697,3.1781341034971044e-06,-2.530520800236124e-12
Q,900079,1.6139062231790395e-05,3.668133719456679e-05,-0.0014437191088389452,0.00016412891298754715,1.7262340250798409e-06,-2.5305208002349767e-12
Q,900080,1.613902128977423e-05,3.6681311883676806e-05,-0.0012214593609783297,-0.00020306681256030852,-2.9002896350306822e-05,-2.546153557327775e-12
Q,900081,1.613906208515597e-05,3.6681311883676806e-05,-0.001651632509326034,0.00013840799431846118,-1.4618992670653542e-06,-2.546153557065939e-12
Q,900082,5.2799381538815015e-05,5.761257253728338e-05,-8.459218539363712e-05,-3.311948924233486e-06,1.5185098251324756e-05,5.902644500583754e-12
Q,900083,5.279932346882065e-05,5.76127502539142e-05,-0.00015294940831276648,-1.8639706561626192e-05,-1.1305044787395597e-05,2.7009681155750373e-11
Q,900084,5.279912755829534e-05,5.761275075246049e-05,-0.00033815854298867727,-1.6841106688187914e-05,-3.936301902585404e-05,2.7010062974892994e-11
Q,900085,5.279928793073094e-05,5.761257254148889e-05,-9.663856072734622e-05,-1.1032709026533756e-06,1.5418158617363517e-05,5.902641275897327e-12
Q,900086,5.279888727398561e-05,5.761275035658057e-05,-0.0001699823200044702,1.3882818954936655e-05,5.381325687483489e-05,2.7010010018517806e-11
Q,900087,5.2799312053223905e-05,5.761257056336408e-05,-0.0015325035102030976,0.0003776035915227139,0.00017112110837094678,5.902687257687853e-12
Q,900088,5.2799312053223905e-05,5.761261483351847e-05,-0.00280650376846844,-4.909912377282134e-05,0.00016151109419642055,5.90268726035383e-12
Q,900089,5.279935703170083e-05,5.761257056336402e-05,-0.00143006677078038,-0.0003677959224548454,-4.4918454413774105e-05,5.90268726035383e-12
Q,900090,5.279935703170083e-05,5.761261483351846e-05,-0.0014944767276961007,3.32197344589334e-05,5.995611035898259e-05,5.90268726035383e-12
Q,900091,5.279938220666199e-05,5.761259269844123e-05,-0.0009012280181705477,-0.00021311552682518596,0.00022964914326774831,5.902687260353832e-12
Q,900092,5.2799286878262736e-05,5.761259269844123e-05,-0.001121639025157981,0.00042782435631497453,0.00029725275755372956,5.902687260353832e-12
Q,900093,5.2799382206662e-05,5.7612614833518465e-05,-0.0011179463174236706,-0.0001478816456915756,-0.00012008644121244298,5.902687260277461e-12
Q,900094,5.279928687826272e-05,5.7612614833518465e-05,-0.0014291527224666678,0.0004996111407720714,-0.000149983212091919,5.9026872603734424e-12
Q,900095,5.2799382206661984e-05,5.7612666482031995e-05,-0.0012651518674769576,-0.00021896361596312482,2.5140145033166283e-06,5.902687260349945e-12
Q,900096,5.2799286878262736e-05,5.7612666482032e-05,-0.001557282763113153,0.00016856718383836264,7.240160602502496e-06,5.902687260357922e-12
Q,900097,5.2799382206660466e-05,5.761272550890458e-05,-0.0012660851499489813,-0.00022214211691272146,-4.426467317433194e-05,5.9026872207977615e-12
Q,900098,5.279928687826273e-05,5.761272550890459e-05,-0.0013707985608988442,0.00019206130631100848,-7.97026039571653e-05,5.902687260394824e-12
Q,900099,0.00011372520801617605,6.374486732589224e-05,-8.89226424127088e-05,-1.492682329580423e-06,1.1992025036106737e-05,1.3919016631924206e-12
Q,900100,0.00013211895230529888,0.00011613239555074138,-0.00018091004702442957,-1.4282011569530508e-05,1.6014287921144658e-06,-2.043269087802532e-09
Q,900101,0.0001137251862780806,6.37448673135258e-05,-0.00010148574157511991,1.1602205398720736e-06,1.2759221032313364e-05,1.3915917292747625e-12
Q,900102,0.00013215195209616049,0.0001161323956170331,-0.00025866678914225226,1.9199442479885872e-05,-0.0001109720323656273,-2.043270094706994e-09
Q,900103,0.00011372519232024291,6.374486691138395e-05,-0.0007893246206541971,0.0001578872005933316,0.0001047671846725932,1.3916237268162536e-12
Q,900104,0.00011372519232024291,6.374487734856189e-05,-0.0015599818108788656,3.909761132947426e-05,9.88352030464502e-05,1.391623726545369e-12
Q,900105,0.0001137252029244157,6.374486691138395e-05,-0.0003956990026992822,-0.00017929903927720603,0.00011432968547025187,1.3916237265453693e-12
Q,900106,0.00011372520292441571,6.374487734856187e-05,-0.0011126917825107715,-4.883054455751535e-05,7.441085575523543e-05,1.3916237265453689e-12
Q,900107,0.00011372520885969088,6.37448721299729e-05,-0.00021992182411934165,-0.00017539155659792544,0.00010092886190289998,1.3916237342102916e-12
Q,900108,0.00011372518638496773,6.37448721299729e-05,-0.0002827390544104136,0.00028505674653582166,0.00014088747589434723,1.3916237345075746e-12
Q,900109,0.00011372520885969091,6.374487734856187e-05,-0.000542339386515011,-0.00017378191383467646,4.217318730088671e-05,1.39162372669773e-12
Q,900110,0.00011372518638496772,6.374487734856187e-05,-0.0007169758545597806,0.0002728961392765888,4.860571930380846e-05,1.3916237264552153e-12
Q,900111,0.00011372520885969091,6.37448895252695e-05,-0.0009650865042339245,-0.00013945672280316402,-6.216507075959595e-07,1.391623726558353e-12
Q,900112,0.00011372518638496771,6.374488952526949e-05,-0.0012188999149307963,9.96950688834074e-05,-5.481720221812084e-06,1.3916237265412934e-12
Q,900113,0.00011372520933693395,6.374490345739445e-05,-0.000737816346922073,-0.00011420691378629108,-5.7082784828614356e-05,1.4357104604254553e-12
Q,900114,0.00011372518686306755,6.374490345739445e-05,-0.0011400577603090888,5.9990792484014826e-05,-3.656798510219061e-05,1.4357104606882917e-12
Q,900115,1.3996000559021516e-05,2.019818584852262e-05,-0.0025143419768164804,0.0006027031090007013,0.00047138627783805895,1.730870011879844e-07
Q,900116,1.3996000555917294e-05,2.1494607292324143e-05,-0.006564208780692513,0.0010414756390955983,0.0004646228036218543,1.7308700118798453e-07
Q,900117,1.3282881903706057e-05,2.1063621136473413e-05,-0.0015148122614353982,-2.6595273645010472e-05,5.802999234664415e-05,1.7308700120275742e-07
Q,900118,1.048752683428153e-05,2.106362113647341e-05,-0.0011635028058667957,0.0001362710672714428,3.4481373136554275e-06,1.7308700120275719e-07
Q,900119,1.0487526834281525e-05,2.2794491148500985e-05,-0.0010029304901572429,0.00013428016626718274,-4.0572707571008496e-05,1.730870012027572e-07
Q,900120,1.3282881903706049e-05,2.1494607769468265e-05,-0.0012017139808877045,0.0013663188540986193,-0.0002575397471224024,1.730870012027584e-07
Q,900121,1.3282881903706057e-05,2.4525361160528557e-05,-0.0008234350652110422,-0.00014908657691948824,-2.068228836642924e-05,1.7308700120275697e-07
Q,900122,1.0487526834281527e-05,2.4525361160528557e-05,-0.000878493622797891,0.00013149318845908603,-3.6759645105600445e-06,1.7308700120275719e-07
Q,900123,5.279932348551989e-05,5.7613162259262855e-05,-0.0011872407962541757,-0.00011537069036487192,8.449931705248324e-06,2.7010013087294613e-11
Q,900124,5.279888727380854e-05,5.761316225926286e-05,-0.0011665337448927065,0.00011662552322674928,7.480780402109225e-06,2.7010013087046788e-11
Q,900125,5.27993234855199e-05,5.761343235939373e-05,-0.001232774286298811,-7.93978710145313e-05,-3.642525412222022e-05,2.7010013087074818e-11
Q,900126,5.2798887273808555e-05,5.761343235939373e-05,-0.0010707310668003035,9.470757714064346e-05,-4.410973739549019e-05,2.7010013087050258e-11
Q,900127,5.279932348551991e-05,5.76137024595246e-05,-0.000835724090582147,-0.00011785060662273824,-4.7268324684269666e-05,2.701001308676299e-11
Q,900128,5.2798887273808555e-05,5.7613702459524595e-05,-0.0009076411571892039,0.00010167073621157117,-1.2408775541574598e-05,2.70100130870364e-11
Q,900129,-1.7806709121420003e-06,7.258587424343075e-06,-0.0008794248505285541,-0.00015424182097232674,-8.26378295993637e-06,-2.1452928517823437e-12
Q,900130,-1.7806709121419937e-06,7.258568653030622e-06,-0.0017706655681346377,-3.155662779035522e-05,-4.779690060987693e-06,-2.145292851804779e-12
Q,900131,-1.7806708659407921e-06,7.258547197901027e-06,-0.0019967023240595972,-3.671785265950121e-05,1.2175438074241873e-05,-2.1514008398144324e-12
Q,900132,-1.7806609687096235e-06,7.25859546919127e-06,-0.00182862420756361,-0.0001673706144718168,0.00011880247750578354,-2.1452928521484725e-12
Q,900133,-1.7806773158411543e-06,7.25859546919127e-06,-0.0009422825580201934,0.00019108344577325732,-4.408880977608372e-05,-2.1452928509761128e-12
Q,900134,-2.9665795859670885e-06,5.7848667263018166e-06,-0.0017664057149296515,-1.1394363042912464e-05,-1.7841122063595198e-05,-1.3696337751034132e-10
Q,900135,-2.966579585967083e-06,5.783497092526712e-06,-0.0014981205618040563,-1.902599736439281e-05,-4.005289328738783e-05,-1.3696337751035856e-10
Q,900136,-2.966579585967079e-06,5.782127458751609e-06,-0.0014254076056082242,-1.66322965874873e-05,8.262822769228468e-06,-1.369633775103631e-10
Q,900137,5.279912766292493e-05,5.761404143518884e-05,-0.0017452734135781306,-1.311624516311009e-05,0.000637187602116023,2.701001308690455e-11
Q,900138,0.00013213376707801717,0.00011610123509160834,-0.0020356536889451454,-7.38594178749474e-05,-4.1642038885345206e-05,-2.0433141846105733e-09
Q,900139,0.00013213376707801717,0.00011608080194976224,-0.0023398706994771255,1.3689821870971843e-05,-5.1329621127430965e-05,-2.043314184610586e-09
Q,900140,0.00013213376707801712,0.00011606036880791612,-0.002299916630598304,-3.426319290621526e-05,9.41656272562076e-06,-2.043314184610597e-09
Q,900141,0.00013213376707801725,0.00011603472521489928,-0.0019322410235220334,-1.4833484824231829e-05,0.0006059256730396183,-2.0433141846104335e-09
Q,900142,2.2685133093104578e-06,1.961773847686808e-05,-0.001147118149882734,-0.0001565880368602759,9.627572909655593e-06,-1.989570539060703e-12
Q,900143,2.2685133093104573e-06,1.9617721068125865e-05,-0.0021087459202233645,-3.7183367936281824e-05,2.3693001946118635e-06,-1.9895705390593076e-12
Q,900144,2.26851317348103e-06,1.961770116822656e-05,-0.0022017457467024774,-4.570648148111348e-05,-2.788231567554376e-05,-2.0012087548341927e-12
Q,900145,2.268522530969906e-06,1.96177459377576e-05,-0.001991930480941878,-0.00014446703670652127,0.00014292961443284838,-1.989570539017397e-12
Q,900146,2.2685073704423975e-06,1.96177459377576e-05,-0.001124041987840434,0.00016369015509456726,-2.0922463651492732e-05,-1.9895705391567308e-12
Q,900147,1.6139039710155268e-05,3.6681359336623794e-05,-0.001342889708868475,-0.00015900290969219247,1.775912624689605e-05,-2.530520800242711e-12
Q,900148,1.6139039710155265e-05,3.668133719456679e-05,-0.0023453135215276712,-4.093588676813759e-05,5.261118425386753e-06,-2.5305208002352833e-12
Q,900149,1.6139039603490493e-05,3.668131188367681e-05,-0.0023612585627430216,-5.048767038086039e-05,-5.3727931381198534e-05,-2.546153556302261e-12
Q,900150,1.6139051439119178e-05,3.66813688260768e-05,-0.0021131275042863937,-0.0001286292786085134,0.000159838530154153,-2.530520800270629e-12
Q,900151,1.6139032156550683e-05,3.668136882607679e-05,-0.0012489676094870816,0.00014508918498488477,-3.2981542526776074e-06,-2.530520800150306e-12
Q,900152,5.2799339412179366e-05,5.7612614833518465e-05,-0.0014609237414566953,-0.00015872733141396406,1.9694264917527397e-05,5.902687260396646e-12
Q,900153,5.279933941217935e-05,5.7612666482032e-05,-0.002474193918938476,-4.5120033472924494e-05,4.143682212663353e-06,5.902687260351768e-12
Q,900154,5.2799339412173857e-05,5.761272550890458e-05,-0.0024647130117895896,-3.528989697566645e-05,-6.875551363339126e-05,5.902687221193104e-12
Q,900155,5.2799312053223905e-05,5.7612592698441247e-05,-0.002180037078307224,-0.00012292490056157364,0.0001718259714749739,5.9026872604987595e-12
Q,900156,5.279935703170083e-05,5.761259269844124e-05,-0.0013274345727107611,0.00013548865727525426,1.0321721881264522e-05,5.902687260004398e-12
Q,900157,0.00011372519877041893,6.374487734856187e-05,-0.0011801922687482975,-6.0994948454554796e-05,3.0418201373614987e-05,1.3916237264611627e-12
Q,900158,0.00011372519877041888,6.37448895252695e-05,-0.001739908768532392,-3.238242434380346e-05,1.4977039323836531e-05,1.3916237265476761e-12
Q,900159,0.00011372519924804657,6.37449034573944e-05,-0.001397574094543213,-3.7287497993217204e-05,-0.00010346223118043591,1.4357103173776172e-12
Q,900160,0.00011372519232024291,6.374487212997291e-05,-0.0011818309104898888,4.3467702845127465e-05,0.00010323055803202997,1.391623727150418e-12
Q,900161,0.00011372520292441569,6.37448721299729e-05,-0.0008048912022985208,-4.933618044775043e-05,9.605787840337393e-05,1.3916237250865494e-12
Q,900162,1.2028001144986069e-05,2.1063621136473413e-05,-0.00197156641205832,-1.4090435876701146e-05,-1.3385423264110237e-05,1.7308700120275716e-07
Q,900163,1.2028001144986069e-05,2.2794491148500985e-05,-0.0016627576498157532,-5.987567605238952e-05,-3.961167233628208e-05,1.7308700120275724e-07
Q,900164,1.2028001144986069e-05,2.4525361160528557e-05,-0.0016299553320885795,-2.3132114464377644e-05,-8.449272970850938e-06,1.730870012027572e-07
Q,900165,5.279912766292502e-05,5.7613162259262855e-05,-0.0018375467585916552,-1.9783975193484125e-05,-2.728777496213914e-05,2.7010013087034445e-11
Q,900166,5.2799127662925025e-05,5.761343235939373e-05,-0.0016536000712125997,-3.4330646770654992e-06,-3.788364113831284e-05,2.7010013087049622e-11
Q,900167,5.279912766292503e-05,5.7613702459524595e-05,-0.001483641332976266,-2.0423496620298674e-05,-2.1852171629262767e-05,2.701001308706902e-11
EX,1,-1.6865039888199472e-13,-1.346551101936724e-16,-5.656674361298087e-14,-2.2503125162841027e-14,-2.929764631771268e-13,1.8817441309315068e-16
EX,101,-1.4066327111766086e-13,7.849395633490419e-15,-7.807226772115771e-14,-1.1579236498465823e-14,-2.5947928181471173e-13,4.1374924869868135e-16
EX,201,-2.2690462309906793e-13,3.2056127355962723e-15,-2.919417150573315e-14,-4.23142101207247e-15,-2.995140797079973e-13,-1.1452900053581084e-21
EX,1001,-1.2013276574835298e-13,8.308459400711858e-15,-7.997765872929842e-13,1.4145404702256286e-15,-1.9749594031510933e-13,-2.1172558687087736e-16
EX,1101,-1.6990079073934453e-13,1.562097081607754e-15,-1.5497657399352587e-13,-2.0619873005425958e-15,-2.2426901623043292e-13,-1.145290005550388e-21
EX,1201,-2.2487298466207944e-13,3.524310535682786e-15,1.664133418067784e-14,-4.6521021056919955e-15,-2.9683231195461694e-13,-1.1452900053581084e-21
EX,2001,-9.901515156672173e-14,-2.7442887832035642e-15,-1.1064736663113408e-13,6.6208634399497214e-15,-1.688109361396051e-13,-9.436355690709431e-17
EX,2101,-1.486380345815812e-13,1.0466881059295856e-15,-3.794027413790435e-14,-3.346446148485059e-15,-2.727861191730714e-13,-5.421220125576703e-16
EX,2201,-2.2773103600193933e-13,4.104732514791529e-15,7.801636006274093e-14,-5.418259113572166e-15,-3.006049335230831e-13,-1.1452900053581084e-21
EX,100001,2.7914300927296942e-11,3.4109908925312135e-11,-3.973453010875951e-06,1.951131131124918e-05,5.125318186606478e-05,-9.069035977465687e-13
EX,100101,2.8188988979168868e-11,2.4913655974501826e-11,-2.2847316181930943e-06,9.680264514747374e-07,1.7494544269850694e-05,-9.076520814149809e-13
EX,100201,2.835359329897941e-11,1.596115219045958e-11,-7.864552615935135e-07,1.396077635150081e-06,9.881990457809418e-05,-9.068883077275952e-13
EX,100301,1.4159132808588576e-11,3.4427491311460844e-12,-9.524363308393253e-14,2.5568631000294575e-14,1.1514239446164792e-12,-4.5344415472276515e-13
EX,100401,1.7057653979873332e-11,-1.317755492382993e-12,1.7921374813400517e-12,1.5341292673957312e-13,3.0709076292178773e-12,-5.481015272449896e-13
EX,100451,1.4158636568578999e-11,-3.361429435171182e-12,-2.7760852096121556e-12,3.1769826120060717e-14,1.1501138709526051e-12,-4.5344415472276555e-13
EX,101001,3.4686957820884327e-11,3.410989579424498e-11,-3.0358005797503153e-05,-1.6828120116080389e-06,4.00833005638775e-05,-9.068883626772877e-13
EX,101101,3.493125797199e-11,2.5033628433664112e-11,-4.174879291128699e-06,6.803007856673665e-07,7.399400360105566e-05,-9.068883078798502e-13
EX,101201,3.4920568733019275e-11,1.5959877399257346e-11,4.482971823249005e-07,1.5348746386927762e-06,9.793510314883686e-05,-9.068883077275952e-13
EX,101301,1.7439945001137064e-11,3.448441953864898e-12,6.750380267049379e-14,1.0539579064730603e-14,1.1336335267042432e-12,-4.534441547227648e-13
EX,101401,1.7485342649489637e-11,-1.0927375021761404e-12,1.807308431687118e-12,2.8033196336753396e-14,1.2534833180285231e-12,-4.534441547227648e-13
EX,101451,1.742596772874528e-11,-3.364502779269375e-12,-2.6662721652434242e-12,3.988345451647424e-14,1.0967335276745115e-12,-4.534441547227648e-13
EX,102001,4.296278646586479e-11,3.410664702120186e-11,-5.247600975658135e-06,1.079682132713717e-06,3.212307820708374e-05,-9.068883105399282e-13
EX,102101,4.300869252660652e-11,2.49487234803432e-11,-1.0577715694339711e-06,1.6708738334810334e-07,2.1590308508169618e-05,-9.059022239223803e-13
EX,102201,4.300350544759965e-11,1.5957555711331224e-11,2.101665287869789e-06,1.787655898772844e-06,9.917982545634318e-05,-9.068883077275952e-13
EX,102301,2.7322258879601708e-11,4.138122800762104e-12,2.7522099184521395e-11,3.003047252113603e-14,2.366622256627968e-12,-5.441628768570411e-13
EX,102401,2.5855896059112144e-11,-1.3645183425528384e-12,1.7699548504267421e-12,-3.096753689732857e-14,2.8006777670303148e-12,-5.403118836747726e-13
EX,102451,2.7338500913725476e-11,-4.0368095124675285e-12,-2.9960745414525114e-11,1.2708390356023388e-13,2.1377964741909633e-12,-5.440562125548628e-13
EX,200001,0.0008076898962261204,-3.928739275869434e-06,-9.667374021225671e-05,-4.9713170281872964e-06,0.0003148355051671808,1.2105458324043843e-08
EX,200101,0.000807689896743727,-3.8076846949975195e-06,-5.259353472325882e-06,-1.2478043912012369e-05,0.00022891141320472778,1.2105459795750834e-08
EX,200201,0.0008076898969155694,-3.686630067222158e-06,-1.5729104939928554e-06,-2.7914089678630166e-06,0.0002166066677011328,1.210545979575217e-08
EX,200301,0.0008076898966771979,-3.565575474949953e-06,-2.565746945667938e-06,-5.734764939254859e-06,0.00023199234939319958,1.2105459795752604e-08
EX,200401,0.0008076898962715927,-3.4439155551504372e-06,3.101793379221054e-05,-3.720382025256082e-06,0.00029650642032382667,1.2105459286572674e-08
EX,200451,0.0008076898966210954,-3.3839935778422e-06,-7.478433903502492e-05,-7.918317342085758e-06,0.00023242458721519987,1.2105459795125014e-08
EX,201001,0.0008076021320412213,-3.928739255029488e-06,-8.020307345276529e-05,1.9783364337316955e-06,0.0003218226842835871,1.2105459795651289e-08
EX,201101,0.0008076021322768911,-3.807684665923138e-06,-6.896196725110808e-06,-1.2319793788107441e-06,0.00021542408216753556,1.2105459795751975e-08
EX,201201,0.0008076021323200333,-3.686630073358418e-06,8.965943480084669e-07,-3.3465969767229963e-06,0.0002200793850839896,1.2105459795752036e-08
EX,201301,0.0008076021320983771,-3.5655754647539366e-06,1.8184698537293496e-06,-7.761694929560863e-07,0.00023779552260427044,1.2105459796340642e-08
EX,201401,0.0008076021321917865,-3.4445208752922393e-06,4.868667792622671e-05,-6.6396203424473946e-06,0.0001982529997684574,1.2105459796339368e-08
EX,201451,0.0008076021320487797,-3.3839935832300463e-06,-7.182610997487053e-05,-1.0595279334980385e-05,0.0002499700874179435,1.2105459796340592e-08
EX,202001,0.00080749439353122,-3.92873926195215e-06,-1.1355621624384416e-05,5.636355522080493e-07,0.00023275407227450924,1.2105459795757701e-08
EX,202101,0.0008074943935663568,-3.807684667139472e-06,-9.99822199447155e-07,-2.1742799639827856e-06,0.00023251578219933515,1.2105459795752084e-08
EX,202201,0.000807494393742248,-3.6866300737458e-06,4.203330497723218e-06,-4.357722015543926e-06,0.00021501887572521628,1.2105459795752026e-08
EX,202301,0.0008074933826903098,-3.565575482266012e-06,0.00023744230630256782,4.410111395624146e-07,0.00020279963062862488,1.2105459340166488e-08
EX,202401,0.0008074933843338356,-3.4439156572104776e-06,2.8251722318544114e-05,-6.211994273678811e-07,0.00030902213643807145,1.2105459829108212e-08
EX,202451,0.000807493382720201,-3.383993592469276e-06,-0.0002787899826725246,-4.542033673275244e-06,0.00021227325977101632,1.2105459067650057e-08
EX,300001,0.002569918065233001,2.101409014178419e-06,-0.0001682399061208123,4.861245942806855e-06,0.0003826934279505653,1.1895716532339801e-06
EX,300101,0.002569918064923895,1.3997125547911882e-05,-8.336476970341337e-06,-1.0978910138376779e-05,0.00027416017527372936,1.1895716502446785e-06
EX,300201,0.0025699180648826835,2.5892842012899094e-05,-1.0207919824842601e-06,2.959018971422313e-06,0.0002806460166038825,1.1895716502446806e-06
EX,300301,0.0025699180649204137,3.778855855992335e-05,-6.229344502464362e-06,-3.8926212331475263e-07,0.00028564002015217847,1.1895716502446804e-06
EX,300401,0.002569918065115657,4.96842750514551e-05,6.527445503540737e-05,5.985639428657581e-09,0.0002272884448746943,1.189571650244678e-06
EX,300451,0.0025699180648881656,5.563213331471714e-05,-0.00012566353585855068,4.710384880225908e-07,0.0003100733665723654,1.189571650244678e-06
EX,301001,0.0025612936703810893,2.101409011563172e-06,-9.940147694869207e-05,2.3631449665261393e-06,0.0003489526821981929,1.1895716502446416e-06
EX,301101,0.002561293670445748,1.3997125512838389e-05,-8.09429743580134e-06,1.3956322466848915e-06,0.00028022236833752194,1.189571650244678e-06
EX,301201,0.002561293670420813,2.589284202740498e-05,1.0423292226101387e-06,4.2539506433714847e-07,0.0002853745166198982,1.1895716502446778e-06
EX,301301,0.002561293670464488,3.778855853499159e-05,3.26120969811329e-06,4.0512349797595076e-06,0.0002839734346059365,1.189571650244678e-06
EX,301401,0.0025612936704255468,4.9684275050183605e-05,8.30779308889844e-05,8.655142409518117e-07,0.00024329247385762362,1.189571650244678e-06
EX,301451,0.0025612936704552955,5.563213330811042e-05,-0.00012325657880098726,-1.8753288436000945e-06,0.0003055738338113786,1.1895716502446778e-06
EX,302001,0.002550706482930854,2.101409003917799e-06,-1.8582577041447925e-05,2.111100461085079e-06,0.0003056676032184298,1.1895716502446747e-06
EX,302101,0.002550706482742613,1.3997125520191551e-05,-6.702328707217546e-07,3.526897031601501e-07,0.0002798288922191754,1.189571650244678e-06
EX,302201,0.0025507064827297206,2.5892842034406128e-05,6.189325997456241e-06,5.094668447600301e-07,0.00028081538856512383,1.189571650244678e-06
EX,302301,0.002550706482694524,3.778855853922663e-05,0.00023333640916991437,3.4662253745832837e-06,0.00029080099152548343,1.189571650244678e-06
EX,302401,0.0025507064829517908,4.968427504499706e-05,5.844603966813729e-05,-1.885701718997922e-06,0.00024173344151921908,1.1895716502446776e-06
EX,302451,0.002550706482666695,5.563213330397853e-05,-0.0003203845964794151,-4.6500783156802945e-06,0.00032851305169158087,1.189571650244678e-06
EX,400001,0.004047578421428191,-1.7399102711967377e-05,-0.00024280403312647086,9.68516358836022e-07,0.0002647085794123364,-1.600362617888202e-11
EX,400101,0.004047578421432664,-1.7399262728595008e-05,-1.1294006941402554e-05,1.2978002582628722e-05,0.00021980977769629181,-1.6002121991579728e-11
EX,400201,0.004047578421404089,-1.7399422807220225e-05,8.498333218985232e-07,5.286533793939117e-06,0.0002254533372447474,-1.600212199117819e-11
EX,400301,0.004047578421422582,-1.7399582771721214e-05,-9.239999438023002e-06,2.069326102131798e-05,0.00022440698927879492,-1.6002121991207022e-11
EX,400401,0.004047578421330313,-1.7399742822330804e-05,8.313852897242206e-05,1.6889731784061892e-05,0.0002038901808595354,-1.6002121991467076e-11
EX,400451,0.004047578421338898,-1.739982283559947e-05,-0.00015368058578583263,1.740310020718927e-05,0.00023888361287739888,-1.60021219916247e-11
EX,400501,0.004047578421472594,-1.739990290984332e-05,-0.0014147928948109938,1.0273878740942663e-05,0.00027673493236562546,-1.6003624296546377e-11
EX,401001,0.004047578537858803,-1.7399102740614645e-05,-9.714594099324028e-05,1.3733507335134798e-05,0.00034615224083782306,-1.600212196721811e-11
EX,401101,0.004047578537386844,-1.739926276062739e-05,-8.22844989760643e-06,8.949108200552632e-06,0.00021159311123314842,-1.6002121991387108e-11
EX,401201,0.004047578537441944,-1.739942278007594e-05,1.0204820521078607e-06,1.1048848910324258e-05,0.00022710785994662974,-1.6002121991496357e-11
EX,401301,0.00404757853743613,-1.7399582802946918e-05,4.560621022864735e-06,1.4793758655879174e-05,0.0002258031699054076,-1.6002121991485714e-11
EX,401401,0.0040475785373787895,-1.739974283004424e-05,0.00010114048223459759,1.3417043768103562e-05,0.00020321986724513183,-1.6002121991447896e-11
EX,401451,0.0040475785373406455,-1.739982284593861e-05,-0.00015117153007261026,1.1848823479031464e-05,0.00024198101942659843,-1.6002121991604776e-11
EX,401501,0.004047578537496769,-1.739990293983304e-05,-0.001421780523028487,3.7099368942732707e-06,0.0002771758472910021,-1.600362429668781e-11
EX,402001,0.004047578679840793,-1.7399102728627848e-05,-2.7303491929331108e-05,8.989264799063493e-06,0.00015294542800567456,-1.6002121998221342e-11
EX,402101,0.004047578679856598,-1.739926275154524e-05,-9.644426699195829e-10,1.1209205644932534e-05,0.0002346874143725433,-1.600212199149786e-11
EX,402201,0.004047578679861159,-1.7399422775920474e-05,7.515461442099941e-06,1.3086813111290338e-05,0.00022280538210841036,-1.6002121991476657e-11
EX,402301,0.0040475786798736795,-1.739958278989482e-05,0.0002311408446297873,1.7855349532158738e-05,0.00022591410182240093,-1.6002121991487323e-11
EX,402401,0.004047578679746283,-1.7399742821723186e-05,7.399054611730233e-05,1.7176348648478966e-05,0.0002200936071587359,-1.6002121991412654e-11
EX,402451,0.0040475786797914476,-1.7399822839929582e-05,-0.00034152153873857866,1.610257853897554e-05,0.0002475076547548327,-1.6002121991643078e-11
EX,402501,0.004047578679949528,-1.7399902929173837e-05,-0.0015843575787100822,6.135137984062796e-06,0.0002729013838144652,-1.600362429664362e-11
EX,500001,0.005209942662503536,-7.235802940650189e-05,-0.00022108126250116746,2.226100810926891e-05,0.00020914280532690797,1.4745633044322622e-09
EX,500101,0.005209942661919693,-7.234328376127253e-05,-1.2958347030297824e-05,9.46476488223841e-06,0.00011297155789256313,1.474563302549799e-09
EX,500201,0.005209942661976118,-7.232853808641228e-05,1.8414689946492764e-06,-1.0626744071130315e-06,0.00013190226713408074,1.4745633025510332e-09
EX,500301,0.00520994266196669,-7.23137925390214e-05,-1.0698052950072568e-05,2.082625230367579e-05,0.0001288422964297761,1.4745633025510504e-09
EX,500401,0.005209942661877866,-7.22990468700081e-05,8.962467215703082e-05,8.957300641565014e-06,0.00011067487664192652,1.4745633025498605e-09
EX,500451,0.005209942662139718,-7.229167405369714e-05,-0.00016459386521343696,8.532143147292198e-06,0.00018972139561222357,1.4745633025498322e-09
EX,500501,0.005209942662459132,-7.228430122471328e-05,-0.0014140289691947751,1.0230373063050528e-05,0.00029097956193446355,1.4745633025499265e-09
EX,501001,0.005209931968473101,-7.235815215723226e-05,-6.570814042620937e-05,7.795326388989321e-06,9.263623930426826e-06,1.4745459689158544e-09
EX,501101,0.005209931971392897,-7.234328374840297e-05,-6.807335653421266e-06,7.888788445257943e-06,0.000146077459142596,1.4745633025816197e-09
EX,501201,0.005209931971385251,-7.23285381209701e-05,7.997294315899234e-07,8.225388601890658e-06,0.00012723285051830413,1.474563302549876e-09
EX,501301,0.005209931971384852,-7.231379250444562e-05,5.265054850179622e-06,1.1667552578530457e-05,0.00012836371776471205,1.474563302549858e-09
EX,501401,0.005209931971296928,-7.229904685629449e-05,0.00010763000016617257,6.457527555579491e-06,0.00011265514216229132,1.474563302549839e-09
EX,501451,0.00520993197156708,-7.229167402521699e-05,-0.0001622699803283331,1.6829470453764218e-06,0.00019154866220782201,1.4745633025497143e-09
EX,501501,0.005209931971877291,-7.228430119472357e-05,-0.0014210222438337556,3.733404137910027e-06,0.0002914544276309717,1.4745633025500681e-09
EX,502001,0.0052099188476692915,-7.235802939271726e-05,-2.6225500755016077e-05,1.2763516609850752e-05,0.00015672839848664724,1.4745633025489218e-09
EX,502101,0.005209918847781853,-7.234328376027985e-05,-3.2117839198436034e-07,1.0801241648532705e-05,0.0001240066422664417,1.474563302549843e-09
EX,502201,0.005209918847752275,-7.232853812999807e-05,8.216444756213634e-06,1.0119219307484202e-05,0.00012300673001929596,1.4745633025498698e-09
EX,502301,0.005209918847769821,-7.23137925231843e-05,0.00023012109470319075,1.6766900171720162e-05,0.00012753951624510572,1.4745633025498595e-09
EX,502401,0.005209918847771187,-7.229904686693025e-05,7.940204070058514e-05,7.330239344440874e-06,0.00013395447190794147,1.4745633025498317e-09
EX,502451,0.0052099188479882265,-7.229167403462201e-05,-0.0003494894526878403,1.5252074063018815e-06,0.00020106436941408345,1.4745633025497623e-09
EX,502501,0.005209918848243396,-7.228430120538275e-05,-0.0015836274232837383,5.950424227892609e-06,0.00028680020468459634,1.4745633025500236e-09
EX,600003,0.0013647284071690432,-4.304449240763856e-06,8.07859052104813e-06,8.09261756571837e-07,0.00025513327862442426,-1.4938408660372157e-12
EX,600004,0.0027334632302833187,-1.130563258475471e-05,1.1287384346100858e-05,4.883625919211694e-07,0.00027182854345564073,-3.688960622759928e-12
EX,600005,0.004047578405036666,-1.739905891484921e-05,1.3905740153928896e-05,1.7552554678358723e-06,0.00017843391752031797,-1.4015771953972623e-12
EX,600006,0.00489556792662272,-2.0147376036618492e-05,1.2984048003952074e-05,3.4387586337361586e-07,0.00011033181267909233,-1.1617149435113216e-12
EX,601002,0.0004147082986766425,-4.919697360363529e-07,-5.0457165897958465e-05,4.1519894425340575e-06,0.0001338146751181815,4.2554446316056216e-13
EX,601003,0.0013647284070555119,-4.304450346206172e-06,-0.00014999709028146397,1.3018661550678402e-05,0.00016953283725424124,-1.4938408379418771e-12
EX,601004,0.0027334632278522937,-1.1305636679501053e-05,-0.00025314934922905094,2.4322509409854287e-05,0.00016145039860860396,-3.688960594290625e-12
EX,601005,0.0040475784032959075,-1.7399060989183468e-05,-0.0002333342950297544,2.6022685744406164e-05,9.006753377300231e-05,-1.4015771897980166e-12
EX,601006,0.0048955679198690845,-2.0147377279414594e-05,1.2984027290414863e-05,3.438758783824032e-07,0.00011033179959978574,-1.1551806599710547e-12
EX,602002,0.00041470829233220024,-4.919698934877909e-07,2.772441182752149e-06,1.8122875707215154e-06,0.00011743427578486214,4.2554439023933035e-13
EX,602003,0.0013647284301995886,-4.304449240763985e-06,6.772003408976e-06,2.0316594096561943e-06,0.00022128639187310364,-1.493841155795959e-12
EX,602004,0.0027334632871594375,-1.1305632584757379e-05,1.0318392314498086e-05,1.2775927667270065e-06,0.00031460111326007305,-3.688950549619567e-12
EX,603002,0.0004147082918041004,-4.919697360362355e-07,-5.061610498752633e-05,-3.455248370634699e-06,0.00013390905662162284,4.2554444142188766e-13
EX,603003,0.0013647284311810418,-4.304450346206172e-06,-0.0001503930388493938,-1.0863267337604134e-05,0.00016984599494866077,-1.4938408379295346e-12
EX,603004,0.0027334632874290075,-1.1305636679501053e-05,-0.00025376768327936366,-2.1295389154282924e-05,0.00016181540801648412,-3.6889605942965655e-12
EX,603005,0.004047578425931378,-1.7399060989183468e-05,-0.00023438449967986885,-2.3351201847259177e-05,9.077546757173895e-05,-1.4015771897699514e-12
EX,603006,0.004895567937629377,-2.0147377306221096e-05,1.2512887763652308e-05,2.1607654973754297e-07,0.00011037897365615043,-1.16172773069351e-12
EX,605005,0.004047578425256143,-1.7399102978367167e-05,1.9522190993728893e-05,2.3049316145047307e-06,1.3723816306069183e-05,-1.413799869872161e-12
EX,609002,3.64884280321183e-11,3.4226268662419765e-11,-3.9734338550661165e-06,1.9511311176075697e-05,5.125318241207037e-05,-9.06522493490909e-13
EX,612002,2.9229311352428735e-11,3.4336634817340656e-11,1.6226374768115477e-06,-2.9716291614930383e-06,2.348010569621964e-05,-9.069034657128706e-13
EX,612003,0.0008076547903969809,-3.93176564045045e-06,-1.6744218129182053e-05,2.3422877237538666e-06,0.00034125170588249237,1.2105458324088885e-08
EX,612004,0.002564743428541433,1.8040161008699138e-06,-3.584135620090256e-05,1.0683836520806386e-05,0.00038068298852672844,1.1895716532339698e-06
EX,612005,0.004047578514249223,-1.7399098711060854e-05,-3.2804353237582176e-05,1.979538140122173e-05,0.0003557878826879268,-1.600362620184383e-11
EX,612006,0.005209931965558484,-7.235827492308377e-05,-6.57081256663883e-05,7.795326334767903e-06,9.263624343207192e-06,1.4745287372153313e-09
EX,700001,2.111196008028431e-13,1.053671407041481e-15,1.594324664183794e-14,-1.0143054676698622e-15,5.960877529573842e-13,5.37411071428181e-22
EX,700002,1.852532316992163e-13,2.1779460608089474e-16,-1.275094171868107e-13,8.904864995313937e-17,5.619441458661319e-13,5.374110714221445e-22
EX,700003,-6.462505644520165e-14,-6.792032298617579e-15,1.3315310640863308e-13,-5.039518185464584e-16,1.0753270724914363e-13,2.602189328173363e-15
EX,700004,1.6509902648274928e-13,3.1969126884309166e-15,1.2594019045191795e-12,-3.843381508124651e-15,5.353405979210417e-13,5.374110710475582e-22
EX,700005,2.292501328089875e-13,1.3789162257130774e-18,-5.349250991736749e-13,3.747206168899153e-16,6.200200580403864e-13,5.374110713914381e-22
EX,700006,1.8351015869526447e-13,6.78210501953918e-17,3.761757682451699e-14,2.870137433019637e-16,5.596432924253201e-13,5.3741107142028e-22
EX,700007,2.1157629446512738e-13,-5.717700076751087e-16,2.3551455527854336e-15,1.1312771943254062e-15,5.966905938482407e-13,5.374110713689777e-22
EX,700008,1.8375923080313408e-13,2.9689638524554485e-16,6.538063691006058e-14,-1.5365698504737812e-17,5.599720699665837e-13,5.374110714036413e-22
EX,701001,0.0004147082919639733,-4.919651057893171e-07,4.29491558131534e-07,7.073547141023696e-07,0.00011750332255441435,4.255444602165945e-13
EX,701002,0.0004147082919669148,-4.91960852142197e-07,-3.4349476925418683e-06,3.4331743679729247e-07,0.0001287684599571764,4.255444602118146e-13
EX,701003,0.00041470829200942317,-4.919565852782559e-07,4.325961701668207e-06,5.145474907585101e-07,0.000225449321147036,4.2989152031261634e-13
EX,701004,0.0004147082956834787,-4.919682947421815e-07,3.392674644236756e-05,1.6407655489253178e-06,0.00013754587818004253,4.2554445991520157e-13
EX,701005,0.00041470829578077136,-4.919651080083167e-07,-1.4410227696338381e-05,2.490677616935629e-07,0.00010960724392322966,4.2554446018749995e-13
EX,701006,0.0004147082957769083,-4.91960852527314e-07,1.013371494931096e-06,2.780020188579336e-07,0.0001295275926589633,4.255444602103383e-13
EX,701007,0.00041470829883482225,-4.919651088159375e-07,6.344473969548784e-08,-5.459874460711606e-10,0.00011730443004361157,4.255444601697149e-13
EX,701008,0.0004147082988604216,-4.919608517011715e-07,1.761274365814922e-06,3.7776728175403165e-07,0.00012941912010047376,4.25544460197163e-13
EX,702001,0.0013647284313985698,-4.304466046526321e-06,6.266877899082508e-07,1.8178294383000845e-06,0.00020073240280689107,-1.4938408663751008e-12
EX,702002,0.001364728431433543,-4.3044809861231055e-06,-5.415720538886928e-06,1.0350018024181626e-06,0.0001994512070876511,-1.4938408663857138e-12
EX,702003,0.001364728430796487,-4.3044960565425205e-06,8.868688219482833e-06,1.4071134849631108e-06,0.00022068289314715233,-1.4921482579853105e-12
EX,702004,0.001364728418061704,-4.304454840926624e-06,6.276767882724793e-05,2.9634849707399273e-06,0.0002302776868624835,-1.493840866920871e-12
EX,702005,0.001364728418121223,-4.304466048385336e-06,-2.6690062401972668e-05,8.514264262757369e-07,0.00018790546286373265,-1.4938408663922898e-12
EX,702006,0.0013647284181385717,-4.304480986829011e-06,3.2833032244893413e-06,8.672783876152564e-07,0.0001895877992946276,-1.4938408663767765e-12
EX,702007,0.0013647284072729792,-4.304466048912967e-06,-1.1533704016620569e-07,4.996971507295435e-07,0.00020147022664221658,-1.493840866403092e-12
EX,702008,0.0013647284073184196,-4.304480986236964e-06,4.9095050099647765e-06,1.2270740677576114e-06,0.00019032120433042202,-1.4938408663769005e-12
EX,703001,0.002733463287398257,-1.130567408512864e-05,5.018210100680069e-07,2.2948519793819778e-06,0.00023423893953752574,-3.688960617104192e-12
EX,703002,0.0027334632873583756,-1.1305710975367883e-05,-7.098341577662713e-06,1.4133723754372271e-06,0.00023027261236722638,-3.688960617086019e-12
EX,703003,0.0027334632881883176,-1.1305748140492854e-05,1.3316608141100918e-05,1.9634089771275797e-06,0.00052850551187997,-3.687111806870266e-12
EX,703004,0.0027334632545689326,-1.1305646417951748e-05,8.30553420363518e-05,4.009223678007892e-06,0.00027243450574579274,-3.688960617014086e-12
EX,703005,0.0027334632545571026,-1.1305674085121849e-05,-3.5129371172056566e-05,1.0269392534532717e-06,0.0002185746382064039,-3.688960617097252e-12
EX,703006,0.0027334632545710272,-1.1305710974785778e-05,4.410211971264712e-06,1.0406257760722e-06,0.0002309392199808506,-3.6889606171101405e-12
EX,703007,0.0027334632278200478,-1.1305674085328905e-05,-4.797924041479519e-07,5.475356697579995e-07,0.00023406643974451706,-3.688960617091948e-12
EX,703008,0.002733463227798548,-1.13057109744333e-05,7.079232601628222e-06,1.3982354633890206e-06,0.00022639098001822652,-3.6889606171359705e-12
EX,704001,0.004047578425728063,-1.7399074679793183e-05,1.8954789244394294e-07,1.5479500854615806e-06,0.0001865389858630632,-1.4015771979964999e-12
EX,704002,0.004047578425728753,-1.7399088696913886e-05,-8.774042297049107e-06,4.894151851026503e-07,0.00020262658151502672,-1.4015771980118696e-12
EX,704003,0.004047578425569356,-1.739910284669395e-05,1.9522215746613578e-05,2.3049316012491547e-06,1.3723815738966624e-05,-1.4076884864268601e-12
EX,704004,0.0040475784132690176,-1.7399064168595524e-05,9.346433672490913e-05,2.681526587617478e-06,0.00021502809397662846,-1.401577197417041e-12
EX,704005,0.004047578413226996,-1.7399074681432466e-05,-3.923440007493827e-05,5.845042687224821e-07,0.00017780802811978995,-1.4015771979726286e-12
EX,704006,0.004047578413205147,-1.7399088697423247e-05,4.626751210722941e-06,5.752050575529311e-07,0.00017342587011163715,-1.401577197978279e-12
EX,704007,0.004047578403094299,-1.7399074683428357e-05,-9.593062714734955e-07,1.4259935295750526e-07,0.00018792821416311733,-1.401577197958514e-12
EX,704008,0.004047578403082028,-1.7399088698068815e-05,8.145395209303516e-06,1.0885085393436014e-06,0.0001861424098605252,-1.4015771979494435e-12
EX,705001,0.004895567942909832,-2.014738911046838e-05,-5.263549758540681e-07,1.8246223314716227e-06,8.73690615875977e-05,-1.1617149438347748e-12
EX,705002,0.004895567942936974,-2.0147400721814545e-05,-8.401075454791649e-06,3.5575628788770057e-07,8.310222071809944e-05,-1.1617149437640097e-12
EX,705003,0.004895567943034197,-2.014741234205992e-05,1.9522215746613578e-05,-1.1143947662231606e-07,0.0003143462426853805,-1.1617149438219564e-12
EX,705004,0.004895567932708694,-2.0147380403514277e-05,9.636589423029089e-05,3.2640444895166083e-06,0.00011903482390114732,-1.1617149431401954e-12
EX,705005,0.004895567932541582,-2.0147389103705577e-05,-4.014852407019305e-05,-1.5721974416618866e-07,8.347630423914729e-05,-1.1617149438029583e-12
EX,705006,0.004895567932581761,-2.0147400720646283e-05,3.4563949157132233e-06,-2.3882546778394884e-07,0.00010535651211400928,-1.1617149437811565e-12
EX,705007,0.0048955679241492215,-2.0147389099594225e-05,-1.6382574081716933e-06,-1.505860254900247e-06,8.645261992344421e-05,-1.1617149437827808e-12
EX,705008,0.004895567924139769,-2.014740072200046e-05,8.880842552157998e-06,-1.623683342146199e-07,8.412149468476414e-05,-1.161714943771878e-12
EX,900000,0.0004147083009905298,-4.919697787510114e-07,4.300411346881945e-06,2.557733013804708e-07,0.00016249303997346664,4.255317851325496e-13
EX,900001,3.463008207288306e-11,3.4229308253371653e-11,4.893630772138031e-06,-1.4446322671236202e-06,2.1168927416625922e-05,-9.127982973372767e-13
EX,900002,4.5578555220104746e-11,3.4467558680503845e-11,-2.1146113948557892e-05,-3.3524090496405695e-06,3.2724818814594484e-05,-8.967186569126796e-13
EX,900003,0.00041470829424127074,-4.919697786703405e-07,4.166409238704401e-06,2.6230333185767515e-07,0.00016253169986859463,4.25531651557444e-13
EX,900004,4.9159289112989593e-11,3.4339771789836805e-11,2.3432755293307e-07,-8.747321050927271e-07,1.1720351293330039e-05,-9.064838376419323e-13
EX,900005,0.0004147082936190466,-4.919698934878042e-07,-3.4310525476910412e-06,1.2696617331358436e-06,7.5433729410208205e-06,4.255444631605625e-13
EX,900006,0.0004147082936190466,-4.919667019043305e-07,-1.5798568443186238e-06,1.0248930504619289e-05,-7.802666040868963e-06,4.2554446316056206e-13
EX,900007,0.0004147082968616954,-4.919698934878004e-07,5.898345773556495e-07,-1.1396258176070846e-06,5.400209081195583e-06,4.2554446902221343e-13
EX,900008,0.00041470829686169534,-4.919667019043304e-07,3.5717850944285828e-06,-1.0414707694404804e-05,-6.489300231181013e-06,4.2554446316056266e-13
EX,900009,0.0004147082986766425,-4.919682976960674e-07,-0.00016535077014556007,3.974445040766667e-05,-3.9058387869168266e-05,4.255444631605623e-13
EX,900010,0.0004147082918040994,-4.919682976960674e-07,-0.00016611329117522728,-3.741558554475409e-05,-3.8941917326002646e-05,4.25544463160562e-13
EX,900011,0.00041470829867664257,-4.919667019043305e-07,6.277875299844187e-05,-1.4485076076374617e-05,-5.247981435211627e-05,4.2554446315557964e-13
EX,900012,0.0004147082918040994,-4.919667019043305e-07,6.239307861961872e-05,1.623646882210649e-05,-5.278796501953577e-05,4.255444631611579e-13
EX,900013,0.0004147082986766425,-4.91962978390278e-07,1.6125861809840345e-05,4.547076371086992e-07,-6.193600613689087e-05,4.255444631622938e-13
EX,900014,0.0004147082918040995,-4.919629783902778e-07,1.2646752318123551e-05,-7.807979060930052e-07,-6.0990802252673416e-05,4.255444631586985e-13
EX,900015,0.0004147082879166449,-4.919587227964541e-07,-0.00014927980011194734,6.180249172458558e-07,-3.496744143372265e-05,4.2595847047005207e-13
EX,900016,0.0004147082810441024,-4.91958722796454e-07,-0.00016514003791756103,-2.3798988537486567e-06,-3.231563846658423e-05,4.2595847055412126e-13
EX,900017,0.0008077397708310381,-3.807684721471051e-06,0.00024103975446073466,-6.775843058740935e-05,0.0001868147538515346,1.210545842446137e-08
EX,900018,0.0008077397708336871,-3.7170147141460322e-06,-0.0008606575589960595,0.0001980285795270064,0.0001815407210418116,1.2105458424462785e-08
EX,900019,0.0008076898962261204,-3.747157401008777e-06,-3.858967534934472e-05,1.9485348157653234e-05,-0.0001091345796415731,1.2105458324043841e-08
EX,900020,0.0008074943930741871,-3.7471574010087764e-06,-2.0132564344627612e-05,-3.391753715751866e-06,-0.00011265817106648063,1.2105458324043846e-08
EX,900021,0.0008076898962261204,-3.6261028177683383e-06,1.6611453048633233e-05,-8.247351326158855e-07,-0.00011200825922709591,1.2105458324043848e-08
EX,900022,0.000807494393074158,-3.626102817768338e-06,0.00010492676447413542,1.053303456838231e-05,-0.00013938394608045844,1.2105458324043845e-08
EX,900023,0.0008076898962261207,-3.717014809781904e-06,0.00017802347892946033,0.0002668227444718401,-3.805639399441906e-05,1.2105458324044334e-08
EX,900024,0.0008076898962261204,-3.505048234527649e-06,9.110615875355665e-05,-2.4515978951329358e-05,-0.00013710318442025892,1.2105458324671453e-08
EX,900025,0.000807494393074129,-3.5050482345276483e-06,0.0002623171367414632,4.196965799651568e-05,-9.66212834405524e-05,1.210545832467135e-08
EX,900026,0.002572844411499956,2.589284207885802e-05,-4.022076446792867e-06,3.4894698326684246e-07,5.807799277210547e-05,1.1895716532339829e-06
EX,900027,0.002569918065233001,3.184070034502793e-05,1.03449407551974e-06,-2.240791558234221e-06,-0.0001399664143917665,1.1895716532339801e-06
EX,900028,0.002572844411499956,3.184070034502793e-05,5.981637173898046e-06,-1.8918807775610917e-06,-3.941493888153465e-05,1.18957165323398e-06
EX,900029,0.002572844411499956,3.7788558611197824e-05,-8.984457749622475e-06,1.8718990841675887e-06,6.51775487014239e-05,1.1895716532339825e-06
EX,900030,0.004047578382059271,-1.7399262748229167e-05,-4.124014819222182e-05,1.1752036891426241e-05,9.587963349388008e-05,-1.6003626178925476e-11
EX,900031,0.0040475784214281905,-1.739929795620676e-05,-0.0002202231742178191,4.7142458936821225e-06,-8.305277308548326e-06,-1.6003626178993066e-11
EX,900032,0.004047578382059271,-1.7399297956206763e-05,-0.00023379996421872445,5.940211584884575e-06,8.005828667765541e-05,-1.6003626178882017e-11
EX,900033,0.0040475785374544816,-1.739929795620676e-05,-0.00020474809072321747,1.164960050951037e-06,-1.1609921798588229e-05,-1.6003626178821532e-11
EX,900034,0.004047578355590412,-1.7399422805795374e-05,0.00011934835968619508,-3.505494370531152e-05,7.828368158558495e-05,-1.6003626051426784e-11
EX,900035,0.004047578355590435,-1.739958280063257e-05,-0.0002269182440384086,5.882782195321387e-05,7.82658691635467e-05,-1.6003626051476916e-11
EX,900036,0.004047578421428191,-1.7399863684392184e-05,-0.0007730455046841964,6.525815558745455e-06,0.00024981236683686717,-1.60036261791163e-11
EX,900037,0.004047578679886753,-1.7399863684392184e-05,-0.0009591056055095106,-1.4282774201009692e-05,0.00024301602267348077,-1.6003626179182513e-11
EX,900038,0.005209942662503536,-7.233591095693542e-05,1.72619477781994e-05,-7.407501734056958e-06,-6.345521551885842e-05,1.4745633044323056e-09
EX,900039,0.00520991884830617,-7.23359109569354e-05,2.210335127130005e-06,5.7632618183016985e-06,-6.30485907600347e-05,1.4745633044322595e-09
EX,900040,0.005209942662503536,-7.232116532389108e-05,-9.223893034680535e-06,4.1308542925987544e-08,-6.330893821829049e-05,1.4745633044321735e-09
EX,900041,0.00520991884830617,-7.232116532389108e-05,0.00012411978742924394,1.6195344657165956e-05,-9.585090431016577e-05,1.474563304432235e-09
EX,900042,0.005209942662503536,-7.230641969084677e-05,1.5774189548523916e-05,1.343253185243732e-06,-7.492939595676083e-05,1.4745633044322996e-09
EX,900043,0.00520991884830617,-7.230641969084675e-05,0.00016205937525928235,1.6655544459800184e-05,-4.284037307068002e-05,1.474563304432286e-09
EX,900044,0.005209942662503537,-7.228791392137614e-05,-0.0007386082801172269,4.475226734251338e-06,0.00025566939925666243,1.4745633044323176e-09
EX,900045,0.00520991884830617,-7.228791392137614e-05,-0.000925181622037423,-2.3155199586133432e-05,0.0002491462597888703,1.4745633044323248e-09
EX,900046,0.00520994873760719,-7.23285381191088e-05,0.00011953894840110708,-3.1838971482058877e-05,7.717573987207832e-05,1.474563304306299e-09
EX,900047,0.005209948737607167,-7.23137925274891e-05,-0.0002268919016000702,5.828198628914627e-05,7.709340986471656e-05,1.4745633043063241e-09
EX,900048,0.0013647284102068615,-4.304449834320822e-06,8.01362060846586e-06,9.007899316094573e-07,0.0002596282418744062,-1.4938429191417495e-12
EX,900049,0.0008076899112255493,-3.931765894301599e-06,-1.5201037292542837e-05,-3.971405586072058e-06,0.0003383665066974284,1.2105446803973734e-08
EX,900050,0.0008076021469130386,-3.931765378938112e-06,2.9861170322051743e-06,5.458206504441508e-06,0.00034557950466008823,1.210547122247676e-08
EX,900051,0.0013647284338953256,-4.304449834579097e-06,7.758814612975964e-06,9.08046902778354e-07,0.0002596819059143861,-1.493852948773581e-12
EX,900052,0.0008074944075321427,-3.931765640553234e-06,4.307890047530309e-05,2.4472588507789208e-06,0.00020295211704201332,1.2105458600004414e-08
EX,900053,0.0013647284248098099,-4.304449240763856e-06,-2.784267593118095e-06,1.3268969618324727e-06,1.0432488279576327e-05,-1.4938408660372183e-12
EX,900054,0.0013647284248098099,-4.3044604445703514e-06,8.349408499745184e-06,1.8643753233327366e-05,-1.3064208067436052e-05,-1.4938408660372153e-12
EX,900055,0.0013647284134267424,-4.304449240763855e-06,5.048026746884473e-06,-1.2926729128220973e-06,7.3780015958136474e-06,-1.4938408660372159e-12
EX,900056,0.0013647284134267424,-4.304460444570351e-06,1.569458331735973e-05,-1.917010756484378e-05,-1.0772174133897983e-05,-1.4938408660372159e-12
EX,900057,0.0013647284070555112,-4.304454842667104e-06,-0.000252251023767985,6.23089231363508e-05,-6.676085978936101e-05,-1.4938408660372153e-12
EX,900058,0.0013647284311810411,-4.304454842667104e-06,-0.0002541798497980568,-5.874388336943027e-05,-6.629779199513806e-05,-1.4938408660372149e-12
EX,900059,0.0013647284070555112,-4.304460444570351e-06,0.00012327460618924757,-2.6350187731175545e-05,-8.384305510582067e-05,-1.4938408660417114e-12
EX,900060,0.0013647284311810413,-4.3044604445703514e-06,0.00012120654467242613,2.8495518969253128e-05,-8.43150477858795e-05,-1.4938408660373124e-12
EX,900061,0.0013647284070555112,-4.3044735156779285e-06,-1.1572769632472487e-05,2.3126556246119883e-07,-9.870205384659204e-05,-1.4938408660360904e-12
EX,900062,0.0013647284311810411,-4.304473515677929e-06,-4.010133985664017e-06,7.555163026897919e-07,-9.913892525227863e-05,-1.4938408660384473e-12
EX,900063,0.0013647283926026214,-4.30448845398375e-06,0.00015603460001192718,6.017519304442747e-06,-0.00013217223422813757,-1.493546064264054e-12
EX,900064,0.001364728416723078,-4.30448845398375e-06,-4.206774131826821e-06,-2.3875496344539506e-05,-0.00010687415159026033,-1.4935460640690313e-12
EX,900065,0.0027334632277686115,-1.130563393803662e-05,1.076037277355621e-05,1.1301279640990643e-06,0.00031976642960410606,-3.688956785380857e-12
EX,900066,0.002569918068954029,1.8040156687025354e-06,-6.993721494497118e-05,1.5878602026372541e-06,0.0004040155482730443,1.1895716651741826e-06
EX,900067,0.002561293674319431,1.8040161872594531e-06,-1.032677745226326e-05,5.399286831649075e-06,0.0003651279486958512,1.1895716547205856e-06
EX,900068,0.0027334632862638054,-1.1305633937755647e-05,1.0406174972345979e-05,1.126527406029622e-06,0.0003198441158081003,-3.688952940829435e-12
EX,900069,0.0025507064877750667,1.804016097895514e-06,5.30679559248439e-05,5.719845820307327e-06,0.00026782354078014206,1.1895716605619557e-06
EX,900070,0.0027334632716955907,-1.1305632584754707e-05,-6.784874604962431e-07,1.0534387592178857e-06,1.3523487488412773e-05,-3.688960622759242e-12
EX,900071,0.0027334632716955907,-1.1305660251959382e-05,4.679342549211415e-06,2.0143749195444276e-05,-1.4467093443920411e-05,-3.688960622759928e-12
EX,900072,0.0027334632435857104,-1.1305632584754707e-05,9.339223720470058e-06,-9.981066270785742e-07,9.515922133385829e-06,-3.68896062275993e-12
EX,900073,0.0027334632435857104,-1.1305660251959379e-05,1.4003498344743907e-05,-2.0588903143633332e-05,-1.1318950376919076e-05,-3.688960622759928e-12
EX,900074,0.0027334632278522937,-1.1305646418357047e-05,-0.0003212510911671575,7.948276798354233e-05,-7.759348910006518e-05,-3.688960622759926e-12
EX,900075,0.0027334632874290075,-1.1305646418357047e-05,-0.0003229259800473838,-7.462319070313433e-05,-7.734602465315976e-05,-3.688960622759927e-12
EX,900076,0.0027334632278522937,-1.1305660251959379e-05,0.000129099890537641,-2.7948329227506095e-05,-0.000102944690183608,-3.6889606227595e-12
EX,900077,0.002733463287429007,-1.130566025195938e-05,0.0001281983401872373,3.1154360225222576e-05,-0.00010358993625751902,-3.688960622759128e-12
EX,900078,0.0027334632278522932,-1.130569253036483e-05,-6.160231922410927e-06,1.2074313425221726e-06,-0.00011625393950376137,-3.688960622759408e-12
EX,900079,0.002733463287429008,-1.1305692530364827e-05,-8.117649055350026e-06,-1.2016590346702603e-06,-0.00011499540889805508,-3.688960622760584e-12
EX,900080,0.00273346322360896,-1.1305729416996671e-05,0.0001624671654829017,-2.5739389196300137e-06,-0.00015003855512967144,-3.679780763710233e-12
EX,900081,0.00273346328268721,-1.1305729416996671e-05,3.654034302674677e-05,-1.1794830482293214e-05,-0.00013307733895460725,-3.679780763366473e-12
EX,900082,0.004047578401060198,-1.7399059388025568e-05,1.2340118925855363e-05,6.522908887443418e-07,0.00024992214409188835,-1.4015660020470666e-12
EX,900083,0.004047578421575499,-1.7399099175332457e-05,-0.0001730300060808235,2.4433281934999077e-05,0.0002895140453805618,-1.600081516673109e-11
EX,900084,0.004047578538510945,-1.739909879875096e-05,-7.558472933101786e-06,1.4768709338402062e-05,0.000372356342014768,-1.600345038960413e-11
EX,900085,0.00404757842328469,-1.7399059390398148e-05,1.1912244842406656e-05,6.729608295995788e-07,0.00024997075684845795,-1.4015641907308236e-12
EX,900086,0.004047578679886641,-1.7399098711071605e-05,2.9286465089281338e-06,-3.860616272263577e-08,8.96538458620354e-05,-1.600362424955986e-11
EX,900087,0.004047578419953652,-1.7399058914849227e-05,1.0958088758205734e-05,-1.369391617687714e-06,9.046298242053662e-06,-1.4015771886926403e-12
EX,900088,0.004047578419953653,-1.739906942667818e-05,1.6322710495987602e-05,1.5026480228969863e-05,-1.006638254364875e-05,-1.4015771953972605e-12
EX,900089,0.004047578409273634,-1.7399058914849213e-05,1.9981882945662192e-05,1.591794149810524e-06,4.433185695956275e-06,-1.4015771953972651e-12
EX,900090,0.004047578409273634,-1.7399069426678173e-05,2.6231013997306644e-05,-1.5906909382576478e-05,-6.483044915879467e-06,-1.4015771953972674e-12
EX,900091,0.0040475784032959075,-1.739906417076369e-05,-0.00024397780516831363,6.493538596221186e-05,-6.187657470304138e-05,-1.40157719539726e-12
EX,900092,0.00404757842593138,-1.739906417076369e-05,-0.0002468908739227411,-6.019907298000882e-05,-6.114186466478773e-05,-1.4015771953972637e-12
EX,900093,0.0040475784032959075,-1.739906942667818e-05,0.00011024731450180243,-1.9870332454632123e-05,-7.985411172370445e-05,-1.4015771953988028e-12
EX,900094,0.004047578425931379,-1.739906942667818e-05,0.00010688767060695702,2.2628685976487688e-05,-8.051332830026178e-05,-1.4015771953921013e-12
EX,900095,0.0040475784032959075,-1.7399081690478638e-05,7.434693095632011e-07,-4.507076716101081e-06,-9.488198780457769e-05,-1.4015771953960884e-12
EX,900096,0.004047578425931379,-1.7399081690478635e-05,1.53193531682981e-05,5.896796676918248e-06,-9.594330837875385e-05,-1.4015771953986612e-12
EX,900097,0.0040475784032959075,-1.7399095706250573e-05,3.496483246254691e-05,3.979859594294691e-05,-9.528374003788881e-05,-1.401577169043563e-12
EX,900098,0.004047578425931379,-1.739909570625059e-05,-0.0002368230465890027,-6.716654941274536e-05,-5.634393683356552e-05,-1.4015771953300147e-12
EX,900099,0.004895567921402461,-2.0147376378701763e-05,1.2984047919671177e-05,3.4387586328214674e-07,0.00011033180626723052,-1.1486247350072814e-12
EX,900100,0.005209942653916882,-7.235839842784417e-05,-0.00016770815574863537,1.99941371262161e-05,0.00021698423338724357,1.4745214242411954e-09
EX,900101,0.004895567938160112,-2.014737643386312e-05,1.2512908394755746e-05,2.1607653895067436e-07,0.00011037898032921961,-1.161708438755261e-12
EX,900102,0.005209918840150042,-7.235839803149232e-05,1.0680838733463037e-05,1.0663703969461659e-05,0.00013865192604681217,1.474519364812175e-09
EX,900103,0.0048955679383095715,-2.0147376036618505e-05,3.0251740725305774e-05,-5.071146588404737e-06,1.9924811966153728e-06,-1.1617149305813046e-12
EX,900104,0.004895567938309572,-2.0147384749480565e-05,7.376717159757169e-06,3.964340898316283e-06,3.880475219470956e-06,-1.1617149435113193e-12
EX,900105,0.004895567929457305,-2.0147376036618492e-05,2.4884752673627723e-05,6.446874135190778e-06,-3.765043236263226e-06,-1.161714943511324e-12
EX,900106,0.0048955679294573045,-2.014738474948056e-05,1.2462743414190149e-05,-4.641956335166938e-06,7.2796471399568225e-06,-1.1617149435113284e-12
EX,900107,0.004895567924502591,-2.0147380393049517e-05,-9.47628931155008e-05,2.949235955090745e-05,1.1247262203616647e-05,-1.161714950048867e-12
EX,900108,0.004895567943264287,-2.0147380393049517e-05,-9.508361299093636e-05,-2.6902151438499406e-05,1.1060928600107372e-05,-1.1617149498266214e-12
EX,900109,0.004895567924502591,-2.0147384749480565e-05,2.2569827973257105e-05,-7.485452854775045e-07,-4.287047676768241e-05,-1.1617149434996766e-12
EX,900110,0.004895567943264286,-2.0147384749480565e-05,2.3557602988018036e-05,3.1909953091601806e-06,-4.334997389545929e-05,-1.1617149435197204e-12
EX,900111,0.00489556792450259,-2.014739491448632e-05,9.749765530425536e-07,1.6321768316490989e-06,-4.4247902752239375e-05,-1.1617149435167722e-12
EX,900112,0.004895567943264286,-2.014739491448632e-05,-9.56819379298999e-06,-2.6753359031530143e-06,-4.146456959195562e-05,-1.1617149435053043e-12
EX,900113,0.0048955679326593395,-2.014740654746944e-05,7.596061010247609e-05,-4.180216878177738e-05,-5.281287760085853e-05,-1.2056522696185093e-12
EX,900114,0.004895567951420417,-2.014740654746944e-05,5.3923313992380726e-05,3.6754844134753004e-05,-5.890991239662187e-05,-1.2056522693337883e-12
EX,900115,0.0025748191003277013,1.3997125575360274e-05,0.0002409622265512467,-6.935254786475965e-05,0.00018760150125654291,1.189571653133562e-06
EX,900116,0.0025748191003250524,2.290701713360485e-05,-0.0008605849675539211,0.00021334692873513527,0.00018110869195790336,1.1895716531335612e-06
EX,900117,0.0025699180652330005,1.994498381268812e-05,-1.7666043893030493e-05,1.6572270584257376e-05,-0.0001369176650020425,1.1895716532339801e-06
EX,900118,0.0025507064830332716,1.9944983812688123e-05,3.7778317740226326e-06,7.126138301948576e-07,-0.00014119356150736923,1.18957165323398e-06
EX,900119,0.0025507064830332716,3.184070034502793e-05,0.0001311837344927766,1.760655543586292e-05,-0.00017689807375156864,1.18957165323398e-06
EX,900120,0.002569918065233001,2.290701722924072e-05,0.0002459531491971947,0.00028315673958507635,-4.118485545634665e-05,1.1895716532339793e-06
EX,900121,0.002569918065233001,4.373641687736772e-05,-4.375917742364163e-05,3.7295925017785847e-06,-0.00013897093401739864,1.1895716532339801e-06
EX,900122,0.0025507064830332716,4.373641687736772e-05,8.41315523501971e-05,1.1085523680851502e-05,-0.00010698396556698874,1.18957165323398e-06
EX,900123,0.004047578421428191,-1.739934276636006e-05,-2.664653096807022e-07,3.375623778503706e-06,-0.00011345398771279866,-1.6003626178908186e-11
EX,900124,0.004047578679886753,-1.739934276636006e-05,-1.0616966415230064e-05,-3.444616184486974e-06,-0.00011549050586945694,-1.6003626178874895e-11
EX,900125,0.004047578421428191,-1.7399502802621848e-05,-6.603834935341899e-06,-8.072839498841405e-07,-0.00011095964330617091,-1.6003626178812815e-11
EX,900126,0.004047578679886753,-1.7399502802621848e-05,0.00012246015438786617,1.669227008087197e-05,-0.0001456509222132191,-1.600362617886411e-11
EX,900127,0.004047578421428191,-1.7399662838883638e-05,1.0230774505794619e-05,5.494565070598101e-07,-0.00012093312209058554,-1.6003626178902092e-11
EX,900128,0.004047578679886753,-1.7399662838883638e-05,0.00014461700728600938,1.6431214171784236e-05,-8.800632202985367e-05,-1.6003626178882618e-11
EX,900129,0.0004147082955914451,-4.919667019043305e-07,-1.6623214180628433e-05,-3.049726476011848e-06,-5.174488590694164e-05,4.255444631516234e-13
EX,900130,0.00041470829559144516,-4.919629783902779e-07,1.8063809501079863e-05,-1.2983462521550227e-07,-6.209428235491033e-05,4.2554446316059997e-13
EX,900131,0.0004147082848314479,-4.91958722796454e-07,-0.00014801747560548727,-8.017536726904614e-07,-3.455154151160176e-05,4.259584706442182e-13
EX,900132,0.00041470829361904657,-4.919682976960674e-07,-1.9548477023976773e-05,-2.525691222785071e-05,8.019454238571187e-09,4.25544463357968e-13
EX,900133,0.00041470829686169534,-4.919682976960672e-07,-1.0375585379454386e-05,2.643644007874787e-05,2.3719339134925057e-07,4.255444626846032e-13
EX,900134,0.000807602131653271,-3.747157401008777e-06,4.682395380046477e-06,-1.5681320389628391e-06,-0.00011004818801240773,1.2105458324043848e-08
EX,900135,0.0008076021316532709,-3.6261028177683383e-06,2.467602190311071e-05,4.698014134152976e-06,-0.00011465610470538767,1.2105458324043863e-08
EX,900136,0.000807602131653271,-3.5050482345279e-06,-1.7105046490888734e-05,5.915392869306154e-06,-0.00011605699265225417,1.2105458324043843e-08
EX,900137,0.00404757853745448,-1.7399863684392184e-05,-0.0007771796838962545,-9.29138578260282e-06,0.00025174070766118093,-1.6003626179204588e-11
EX,900138,0.005209931971919579,-7.23359109569354e-05,-2.5229156389354786e-05,-1.7934255708935682e-06,-6.943724610315076e-05,1.4745633044322564e-09
EX,900139,0.005209931971919579,-7.232116532389108e-05,6.131578958203252e-06,7.0971060812329075e-06,-6.463657001248918e-05,1.474563304432245e-09
EX,900140,0.005209931971919578,-7.230641969084677e-05,3.8512540346443716e-05,7.859350561366862e-06,-7.553302872357111e-05,1.474563304432278e-09
EX,900141,0.005209931971919578,-7.228791392137614e-05,-0.0007424754811682215,-9.724143769888107e-06,0.0002578451762242587,1.4745633044323335e-09
EX,900142,0.0013647284178858576,-4.304460444570351e-06,-2.1483032411401817e-05,-5.302201657620559e-06,-8.60293309912108e-05,-1.4938408660439472e-12
EX,900143,0.0013647284178858574,-4.304473515677929e-06,-9.552760360369695e-06,4.263772615527662e-07,-9.88694665596843e-05,-1.4938408660372512e-12
EX,900144,0.00136472840343069,-4.30448845398375e-06,0.00016782760352885534,-7.733726623148968e-06,-0.00013652836579793834,-1.4935460638676803e-12
EX,900145,0.00136472842480981,-4.304454842667103e-06,-2.3136458386489397e-05,-4.019406099708132e-05,-1.0407550908138458e-06,-1.4938408656600367e-12
EX,900146,0.0013647284134267424,-4.304454842667102e-06,-8.42963627221763e-06,4.194750499940615e-05,-3.3952801559907e-07,-1.4938408669466214e-12
EX,900147,0.002733463254597258,-1.1305660251959379e-05,-2.638148140801812e-05,-5.9712113442658635e-06,-9.839393764555035e-05,-3.688960622759864e-12
EX,900148,0.002733463254597258,-1.1305692530364827e-05,-1.7674521037118768e-07,4.13816371338142e-08,-0.00011829612589607615,-3.6889606227599885e-12
EX,900149,0.002733463250130156,-1.1305729416996673e-05,0.0001320539145769255,-7.112950439584921e-06,-0.0001491390613218317,-3.6797807631449565e-12
EX,900150,0.0027334632716955907,-1.1305646418357047e-05,-2.878020476362987e-05,-5.168181602852126e-05,-2.140370778757981e-07,-3.688960622820684e-12
EX,900151,0.0027334632435857104,-1.1305646418357045e-05,-9.644929727307079e-06,5.4104217094459796e-05,6.27481987693633e-07,-3.688960622613439e-12
EX,900152,0.0040475784134573435,-1.7399069426678176e-05,-6.838209304618755e-06,-5.181679400356109e-06,-7.113772819058313e-05,-1.4015771953991243e-12
EX,900153,0.004047578413457342,-1.7399081690478635e-05,-2.1666307966833312e-05,1.709925192753199e-07,-9.439256561150017e-05,-1.401577195397489e-12
EX,900154,0.004047578413457345,-1.7399095706250573e-05,0.00021000127230074567,-9.373222813262037e-06,-0.00013807486376094162,-1.4015771687232384e-12
EX,900155,0.004047578419953653,-1.7399064170763694e-05,-6.985950853519585e-06,-4.362191129333019e-05,-3.2651637241996816e-07,-1.401577195801205e-12
EX,900156,0.004047578409273633,-1.739906417076369e-05,1.3162457129865273e-05,4.609527188457314e-05,1.392396916028906e-07,-1.4015771944233278e-12
EX,900157,0.004895567932925024,-2.014738474948057e-05,-2.144699315228884e-06,-2.5648799827459343e-06,-2.3080941316933576e-05,-1.1617149434879666e-12
EX,900158,0.004895567932925024,-2.0147394914486318e-05,8.507532227732437e-06,-3.543855860977071e-07,-5.369447574266531e-05,-1.161714943511105e-12
EX,900159,0.004895567941081495,-2.0147406547469404e-05,-0.0001527209486974221,-6.93968406536293e-06,-1.6613630636015646e-05,-1.2056521654755765e-12
EX,900160,0.004895567938309573,-2.014738039304953e-05,2.275916381891204e-05,-2.6334565033065057e-05,3.5140693502711504e-06,-1.1617149439753335e-12
EX,900161,0.0048955679294573045,-2.0147380393049527e-05,3.512877204904655e-05,2.9492602572339856e-05,2.2350532937809e-06,-1.1617149423925558e-12
EX,900162,0.0025612936707470543,1.9944983812688123e-05,5.793407594621477e-06,-2.1336360094697406e-06,-0.00014274979156137925,1.1895716532339803e-06
EX,900163,0.0025612936707470543,3.184070034502793e-05,2.7232213819905097e-06,6.479314004195077e-06,-0.00014274012001296683,1.1895716532339803e-06
EX,900164,0.0025612936707470543,4.373641687736772e-05,-6.914132487586069e-06,7.458002027826505e-06,-0.0001436918247334414,1.1895716532339803e-06
EX,900165,0.004047578537454481,-1.739934276636006e-05,1.515196799476019e-05,-1.9074048820465067e-07,-0.00011104723938123528,-1.600362617888004e-11
EX,900166,0.00404757853745448,-1.739950280262185e-05,3.014404196363425e-06,6.7522785128625986e-06,-0.00011382349796698615,-1.6003626178873335e-11
EX,900167,0.00404757853745448,-1.7399662838883638e-05,2.6366972798671137e-05,7.108861282699747e-06,-0.0001216637486135164,-1.6003626178877713e-11
EY,1,-1.2511775564930613e-15,-1.2526015718671465e-13,1.2268486215122773e-12,1.728043451943607e-13,5.5372977005670896e-14,-2.966456477009614e-16
EY,101,1.0033705331378477e-14,-5.5512563716185366e-14,2.4413422427614543e-13,9.255023102325467e-14,7.966422174192206e-15,1.3787651566033734e-16
EY,201,6.773868391548435e-15,-7.329266297688e-14,7.315535140606694e-13,9.674628825407886e-14,8.941499965690392e-15,-1.21355198748356e-21
EY,1001,-3.142780065203735e-14,2.4591043801659404e-13,-8.78189332596377e-12,1.2118245932816989e-13,-5.395495935874364e-14,-7.636298603380493e-17
EY,1101,1.8810982335919406e-14,-7.261301598389542e-14,-5.412410200423795e-13,9.584914679065542e-14,2.4830495682372337e-14,-1.2135519877669907e-21
EY,1201,1.1672289312804572e-15,-9.194660450984233e-14,-2.012148599903904e-13,1.213694909315716e-13,1.5407412540999545e-15,-1.21355198748356e-21
EY,2001,-2.8188121577574532e-14,-7.635068278210934e-14,-1.0183690844096723e-12,9.365494488871471e-14,-9.880594746048671e-14,-9.656511939419877e-17
EY,2101,-2.976505587479257e-15,-5.1271376623772125e-14,-1.8589114652792173e-13,8.545009188125731e-14,-2.1030262043219907e-15,4.595314498625066e-17
EY,2201,-6.064448460316149e-15,-7.05262320936207e-14,-5.190702916607638e-13,9.30945995098314e-14,-8.005066300616962e-15,-1.21355198748356e-21
EY,100001,-8.177498414347034e-12,5.382613645194308e-11,5.400850931399302e-05,-1.6759200209739883e-05,1.7465616509098795e-07,-9.609165688759958e-13
EY,100101,-8.339843329968891e-12,4.4236937669396864e-11,8.245366862399878e-06,-6.849501678824393e-06,-1.2267008177117454e-06,-9.611880319485152e-13
EY,100201,-8.203584089189671e-12,3.465734560574251e-11,1.9707156620534815e-05,-3.1919917650199064e-05,-2.9501112055354415e-06,-9.609409871033533e-13
EY,100301,-4.098875297950357e-12,1.2498008029915999e-11,8.346101037334219e-13,-3.1798106138137275e-13,-2.8065835926412586e-14,-4.804704944618406e-13
EY,100401,-4.926160545656064e-12,1.0096145100394627e-11,1.5040342972896695e-11,-6.825094937109243e-13,-1.53199177285887e-13,-5.764761204221079e-13
EY,100451,-4.1117859822207636e-12,5.260642153393211e-12,1.31083220823532e-12,-2.372612109164672e-13,-6.215004230211431e-14,-4.8047049446184e-13
EY,101001,-1.1716911834529547e-12,5.397767652161146e-11,-0.00031323116964696783,-3.4336787948289594e-05,8.239349434122129e-06,-9.609427377437066e-13
EY,101101,-1.1907594160533312e-12,4.437266686578784e-11,-1.4580370877076548e-05,-3.162392752454872e-05,-8.19242605616704e-06,-9.609409873277858e-13
EY,101201,-1.2145936808055702e-12,3.473196137214185e-11,-5.420482143813132e-06,-4.004394984726151e-05,-5.083438693764068e-07,-9.609409871033533e-13
EY,101301,-6.073178359121862e-13,1.2537854754719502e-11,-2.378100598260598e-13,-4.231764145646804e-13,-6.2184001443225714e-15,-4.804704944618413e-13
EY,101401,-6.070032832811052e-13,7.69606940874211e-12,-2.1652213670835417e-13,-3.2481381037878447e-13,-5.3879812036965685e-15,-4.804704944618413e-13
EY,101451,-6.075640041087332e-13,5.303821688386937e-12,-2.5907411820216837e-13,-3.5125518298112954e-13,-6.868284181481032e-15,-4.804704944618413e-13
EY,102001,7.376058126116874e-12,5.399509791417194e-11,-3.729748677709042e-05,-2.8428498443222155e-05,9.21803026055145e-06,-9.609410087347721e-13
EY,102101,7.4758192244698e-12,4.4229418655689986e-11,-6.6092756486344465e-06,-7.870335720038321e-06,5.776796891482303e-07,-9.610123213467991e-13
EY,102201,7.366390721150658e-12,3.464627988217455e-11,-1.3983118580135765e-05,-3.071510131007959e-05,2.6411492516769454e-06,-9.609409871033533e-13
EY,102301,4.447151742341681e-12,1.499331451694582e-11,-6.939387378656106e-13,-3.1088627750447174e-13,7.921722115138017e-14,-5.751209452252846e-13
EY,102401,4.475448109396803e-12,1.0089809562265168e-11,-1.4822399141527028e-11,-6.723720656506985e-13,1.733148741560439e-13,-5.764717470508936e-13
EY,102451,4.482395867039325e-12,6.312725901554096e-12,-9.396651587001486e-13,-6.507142621279646e-14,7.386902508676233e-14,-5.778646379167329e-13
EY,200001,-1.741563273364174e-06,0.0004205589617503783,0.0003032007820585517,-0.00017055482461868503,3.303507056711932e-05,-1.933730583511242e-08
EY,200101,-1.7415631764998998e-06,0.00042036558895583556,3.1760345566929056e-05,-0.00018698887737112757,1.3656686447493562e-05,-1.9337290875287776e-08
EY,200201,-1.741563162388003e-06,0.0004201722160919071,3.9414312509516114e-05,-0.00019063261446958623,1.0481078775956426e-05,-1.933729087528586e-08
EY,200301,-1.7415631591202531e-06,0.00041997884310355355,2.2483375057632898e-05,-0.00021325301242350222,7.940511012643638e-06,-1.9337290875286617e-08
EY,200401,-1.7415631814404797e-06,0.0004197845020610793,0.000133819471809879,-0.00014187499288266406,6.207750334807784e-06,-1.933729613995389e-08
EY,200451,-1.7415631787408337e-06,0.0004196887837093154,3.531221590002858e-05,-0.0002396655003110401,1.918605007191113e-05,-1.933729087428279e-08
EY,201001,-1.6013677171037934e-06,0.000420558961978491,-0.0006549289572770291,-0.00014641187702496724,-1.7864371335478378e-05,-1.933729087720112e-08
EY,201101,-1.601367772203465e-06,0.00042036558908046265,-2.8355203000137962e-05,-0.00014449814517150216,-9.559911519241036e-06,-1.93372908752876e-08
EY,201201,-1.6013677963351539e-06,0.0004201722161800338,-1.0840964086411404e-05,-0.00015813648578685404,8.202180536145961e-07,-1.9337290875287233e-08
EY,201301,-1.6013677904457857e-06,0.0004199788431707015,-6.406312053532488e-06,-0.00017854548718831183,8.385047708050788e-07,-1.9337290876224074e-08
EY,201401,-1.6013677939337028e-06,0.0004197854702538091,-5.832841450298207e-06,-0.000210852165166643,5.64521312547744e-07,-1.933729087622327e-08
EY,201451,-1.6013677910114243e-06,0.0004196887837874054,-6.979139769826409e-06,-0.00020205501142589756,1.0529236203554163e-06,-1.9337290876224018e-08
EY,202001,-1.429265878677621e-06,0.00042055896197472657,-0.00012417194739885637,-0.0001388186238765325,-1.5857659956835546e-05,-1.933729087527691e-08
EY,202101,-1.4292658821958524e-06,0.00042036558894268967,-2.2659022193960538e-05,-0.00018246722263180818,-1.1636525780243e-05,-1.9337290875287455e-08
EY,202201,-1.4292658868466098e-06,0.0004201722160706701,-2.796623664120124e-05,-0.00019545187980822803,-1.1647374181113444e-05,-1.9337290875287226e-08
EY,202301,-1.4276544358123316e-06,0.0004199788429174512,-1.1031639471895263e-05,-0.00021435381654655783,-4.1174507093549676e-06,-1.9337293330237063e-08
EY,202401,-1.4276544342197275e-06,0.0004197845020466043,-0.00013024537005142963,-0.0001430551244343471,-8.87308377351665e-06,-1.9337296190827846e-08
EY,202451,-1.4276543820387556e-06,0.00041968878349339965,-1.6289142764400812e-05,-0.0002265654598462008,-7.916567041731666e-06,-1.9337298898036863e-08
EY,300001,9.020305701508923e-05,0.0013819548930020299,0.0004614878342105286,-0.00030953410132604465,2.961166384045087e-05,1.1807138890633348e-05
EY,300101,9.02030568228302e-05,0.001500026281691704,4.9983213837494585e-05,-0.00022493484643952314,3.903906576572036e-06,1.1807138860787756e-05
EY,300201,9.02030568289106e-05,0.001618097670359178,5.485192775907288e-05,-0.00022515904408756566,-3.965419215132035e-06,1.1807138860787761e-05
EY,300301,9.020305682887284e-05,0.0017361690590783178,3.951604716427809e-05,-0.00022258164291697174,-2.438451902560627e-06,1.1807138860787761e-05
EY,300401,9.02030568046871e-05,0.0018542404476134461,0.00014219917013653046,-0.0002492685457879365,1.585072918377512e-06,1.1807138860787758e-05
EY,300451,9.020305688294207e-05,0.0019132761421671314,6.421588759445888e-05,-0.0002281427875919179,6.106566776363998e-06,1.180713886078776e-05
EY,301001,4.601300063233761e-06,0.001381954892914148,-0.000932350317071727,-0.0002081474153883956,-2.6560595421773223e-05,1.1807138860786873e-05
EY,301101,4.601300036482146e-06,0.001500026281648367,-3.953572270497668e-05,-0.0001954326073926793,-1.8995782125797406e-05,1.180713886078776e-05
EY,301201,4.60130002928448e-06,0.0016180976703456796,-1.4973964026042156e-05,-0.00019490282052514224,-8.020382431000362e-07,1.180713886078776e-05
EY,301301,4.601300027709164e-06,0.0017361690590592112,-1.1162422376122776e-05,-0.0001933378356994403,-2.8584984960001096e-06,1.180713886078776e-05
EY,301401,4.601300026135858e-06,0.00185424044778536,-1.0405652004804589e-05,-0.00019154282804665515,-1.3394652488951436e-06,1.180713886078776e-05
EY,301451,4.601300020573088e-06,0.0019132761421069369,-1.1947731615931189e-05,-0.00019413380679053898,-2.6121550819832318e-06,1.1807138860787758e-05
EY,302001,-0.00010048223585015388,0.001381954892931106,-0.00020572024573942054,-0.00020387188760297175,1.0911352535076134e-06,1.1807138860787678e-05
EY,302101,-0.00010048223590791751,0.0015000262816615162,-3.556225971766427e-05,-0.0002316809203685895,-6.017013377310625e-06,1.1807138860787761e-05
EY,302201,-0.0001004822359088788,0.0016180976703698347,-3.892773776242329e-05,-0.00023320323766700882,-1.9280777061032762e-06,1.1807138860787763e-05
EY,302301,-0.00010048223589739499,0.0017361690590909408,-2.335115362329129e-05,-0.0002332782862937213,-7.539238654537856e-07,1.1807138860787761e-05
EY,302401,-0.00010048223588865266,0.0018542404476134466,-0.00013479191555336478,-0.00025710561469191487,-5.531009014090881e-06,1.180713886078776e-05
EY,302451,-0.00010048223592548713,0.0019132761421365105,-3.893587645619209e-05,-0.00023907834646864456,-1.3341412444734602e-05,1.180713886078776e-05
EY,400001,-2.4959248203120664e-05,0.002494792828487243,0.0004716385570883457,-4.038493942324983e-05,-1.3508681739445907e-05,6.348210407394129e-10
EY,400101,-2.495924810315789e-05,0.0024947991769592687,6.2573468549256e-05,-0.00023847400655993784,-7.211490594365946e-06,6.348359771168656e-10
EY,400201,-2.4959248094375003e-05,0.002494805525301106,6.505597716788458e-05,-0.0002267858148533216,-1.3035196641123665e-05,6.348359771188318e-10
EY,400301,-2.495924808431391e-05,0.002494811873637945,5.0655828658159976e-05,-0.00021157299181566694,-1.5559308369452025e-05,6.348359771188091e-10
EY,400401,-2.4959248099392948e-05,0.0024948182220103665,0.00014664948060460583,-0.0001825004757544171,-6.758861035103177e-06,6.34835977119939e-10
EY,400451,-2.49592480176732e-05,0.002494821396138833,8.662210319402559e-05,-0.000176835184421303,-2.7861623656190973e-05,6.348359771164546e-10
EY,400501,-2.495924802777158e-05,0.0024948245698356354,0.00046347782304647674,-0.00024831646613349633,-4.1790624949625115e-05,6.34821066937342e-10
EY,401001,-2.4963850699553696e-05,0.002494792828587975,-0.0010953424562002055,-0.0002611744416811286,-3.820944564548003e-05,6.348359765359791e-10
EY,401101,-2.496385058661871e-05,0.0024947991770449007,-4.737690377829443e-05,-0.00021485712066493455,-1.8254276760625548e-05,6.348359771173521e-10
EY,401201,-2.4963850644211087e-05,0.00249480552538673,-1.7544886746665022e-05,-0.00020016824805849892,-4.739471247482358e-06,6.348359771192323e-10
EY,401301,-2.4963850639249124e-05,0.002494811873725142,-1.4217176443854808e-05,-0.0001851864964758111,-4.0351149804495266e-06,6.348359771192425e-10
EY,401401,-2.4963850637265248e-05,0.0024948182220504863,-1.3223515138286324e-05,-0.00017660724387986448,-3.6239013394530652e-06,6.348359771200239e-10
EY,401451,-2.4963850648063048e-05,0.002494821396234121,-1.5578044316271328e-05,-0.00016544003723615742,-7.128434226325772e-07,6.34835977116155e-10
EY,401501,-2.496385068365629e-05,0.0024948245700709064,-5.638030364931956e-05,-0.00019678855071587846,3.273379578926197e-06,6.348210669384276e-10
EY,402001,-2.4969500662644607e-05,0.002494792828722341,-0.00028005072883993145,-0.0002461928574819929,-2.2845775279794585e-05,6.348359772155956e-10
EY,402101,-2.4969500651448424e-05,0.002494799176960905,-4.417463965850958e-05,-0.0002470995967338319,6.531560134507451e-06,6.348359771190159e-10
EY,402201,-2.49695006634734e-05,0.0024948055252946005,-4.617920433350387e-05,-0.0002269636885956056,6.939356865882027e-06,6.348359771192421e-10
EY,402301,-2.496950066838736e-05,0.0024948118736268774,-3.146918001574085e-05,-0.00020717624990256335,9.468764889064634e-06,6.348359771192478e-10
EY,402401,-2.4969500653649286e-05,0.0024948182219977763,-0.00013689757872025618,-0.00018368039771870815,9.057212335879003e-07,6.3483597711994e-10
EY,402451,-2.4969500727734346e-05,0.002494821396133885,-5.6850460258033826e-05,-0.00017707085871679137,1.7904135350608e-05,6.348359771164443e-10
EY,402501,-2.4969500710997076e-05,0.002494824569840196,-0.0003454606533715709,-0.0002474703832023898,2.9130536082775922e-05,6.348210669372531e-10
EY,500001,-3.808811644358496e-05,0.0037316489130934027,0.0005570098469177875,-0.0003784861841584176,4.130417999023206e-05,2.137827782574957e-08
EY,500101,-3.8088116417592355e-05,0.0037318626955204883,6.821382303628979e-05,-0.00023336577006850592,1.1900864503857547e-05,2.1378277799553518e-08
EY,500201,-3.80881164578164e-05,0.0037320764782779086,6.984197392184683e-05,-0.00023608398518799482,2.0647969161160485e-07,2.1378277799553148e-08
EY,500301,-3.808811647016707e-05,0.0037322902610258026,5.599674114073251e-05,-0.00023817763629454638,-2.64828977445786e-06,2.1378277799553177e-08
EY,500401,-3.8088116425642366e-05,0.0037325040437734837,0.0001497535911094432,-0.00025403883415048533,7.942352515991174e-06,2.1378277799552668e-08
EY,500451,-3.808811654543507e-05,0.003732610935146293,9.784498851699387e-05,-0.0002526485886242303,-2.3126160019792144e-05,2.137827779955479e-08
EY,500501,-3.808811661893403e-05,0.003732717826688335,0.00046344322557816673,-0.00024781564557034195,-4.1206905683901504e-05,2.1378277799551645e-08
EY,501001,-3.824310914149254e-05,0.003731647130735396,-0.0011517643350489682,-0.00022691355517891573,7.782559490208978e-07,2.1378570279022868e-08
EY,501101,-3.824310907811465e-05,0.0037318626953128874,-5.131035854284309e-05,-0.00016656971688604706,-4.08415807353725e-05,2.1378277800015346e-08
EY,501201,-3.8243108947714904e-05,0.0037320764780616944,-1.8573139124448585e-05,-0.00016853731296271937,2.4343864253764135e-06,2.1378277799553088e-08
EY,501301,-3.824310895578149e-05,0.0037322902608108704,-1.569600858792451e-05,-0.00017095835593772474,-1.7830709799401515e-06,2.1378277799553068e-08
EY,501401,-3.8243108953333246e-05,0.003732504043587287,-1.4632118475235371e-05,-0.00017884053029023082,-1.1280434532459187e-06,2.1378277799552466e-08
EY,501451,-3.824310893877352e-05,0.00373261093494675,-1.755420400949872e-05,-0.0001771403748311075,2.301849239171212e-06,2.137827779955553e-08
EY,501501,-3.8243108929831375e-05,0.0037327178264530635,-5.6414051646823895e-05,-0.00019687979569706264,2.210045497999903e-06,2.1378277799550557e-08
EY,502001,-3.843337566827638e-05,0.0037316489126011654,-0.00028723393071214783,-0.00016411875310159884,-4.1891186186601026e-07,2.137827779944967e-08
EY,502101,-3.843337562833924e-05,0.0037318626955541484,-4.8433361323456413e-05,-0.00023939938113427814,-1.2403170062005681e-05,2.137827779955343e-08
EY,502201,-3.843337560598912e-05,0.003732076478303294,-4.969165759888552e-05,-0.0002469615690535552,-3.07719919108987e-06,2.1378277799553114e-08
EY,502301,-3.843337559257124e-05,0.0037322902610513356,-3.5683746615855184e-05,-0.00025369437417907623,2.3704921363275254e-07,2.1378277799553105e-08
EY,502401,-3.843337563794016e-05,0.0037325040438067783,-0.00013868106171794015,-0.00026735909852326344,-1.0958660852085442e-05,2.1378277799552694e-08
EY,502451,-3.843337554275812e-05,0.0037326109351768916,-6.583178656752663e-05,-0.00026573918752872456,1.34959398612813e-05,2.1378277799554736e-08
EY,502501,-3.8433375482402335e-05,0.003732717826683774,-0.0003454459205356849,-0.00024667562351225676,2.8555262976757558e-05,2.1378277799551735e-08
EY,600003,2.4095466599890106e-07,0.0012667696018205878,-5.0476685998028865e-06,-9.718765032128905e-05,-1.544887774745487e-07,-2.0438178841243327e-11
EY,600004,2.1290642370698557e-07,0.0019361289396795313,-5.2322213670828004e-05,-6.744812126437129e-05,-1.1959869911450225e-05,1.2433377431400909e-11
EY,600005,-2.4958233939784103e-05,0.0024947890723989352,-4.556369172305494e-05,-2.3431654444174576e-05,-1.626945178387249e-05,1.1855665148997564e-10
EY,600006,-5.045240202912304e-05,0.002684305328200129,3.439340944751281e-06,-1.1481104273711587e-05,-3.25520965196309e-06,4.8507773687251156e-11
EY,601002,6.195263844066449e-08,0.0005510930216862632,2.0450879750333314e-06,-0.00010821703278409903,-2.572371565295725e-06,-8.147128228013286e-11
EY,601003,2.409531126979023e-07,0.0012667695866963344,3.447981450955825e-06,-7.62347550381166e-05,-3.414590556717715e-06,-2.043817846313144e-11
EY,601004,2.129146173024512e-07,0.0019361289534805806,8.41109780231619e-06,-6.51206204637198e-05,-6.789532175652169e-06,1.2433377358698281e-11
EY,601005,-2.4958086692424646e-05,0.0024947892478627805,1.4939376265280772e-05,-3.053073949769666e-05,-7.681627693695501e-06,1.1855665102938204e-10
EY,601006,-5.045232370562918e-05,0.0026843053798665997,3.4393490582066495e-06,-1.1481105846651784e-05,-3.2552092900872548e-06,4.8508902140279694e-11
EY,602002,6.316729378760413e-08,0.0005510930518306343,0.00010962780001808761,-5.862340145380861e-05,2.1815149945522067e-05,-8.14712819234193e-11
EY,602003,2.412697614011392e-07,0.0012667696018205858,5.4373516782641456e-05,-7.066873360971743e-05,1.1440354332117572e-05,-2.0438178526780652e-11
EY,602004,2.127147262782579e-07,0.0019361289396795382,4.852134689474055e-06,-9.82582216246168e-05,-1.081062841092022e-06,1.2433363396732337e-11
EY,603002,6.326839964484848e-08,0.0005510930216862334,-1.1348481322122864e-06,-0.00010956244350599374,4.5902500408795853e-07,-8.147127676312751e-11
EY,603003,2.41283189285022e-07,0.0012667695866963344,-3.274816123944964e-06,-7.859155317314272e-05,2.5084482713079103e-06,-2.0438178463005657e-11
EY,603004,2.127138182574064e-07,0.0019361289534805806,-2.062750079743154e-06,-6.791368798337044e-05,1.3926747357853047e-06,1.2433377358600826e-11
EY,603005,-2.4960001382342826e-05,0.0024947892478627805,3.1370243994395287e-06,-3.060981444539729e-05,-5.628931839106361e-07,1.1855665102970048e-10
EY,603006,-5.045309319510804e-05,0.0026843053808102077,-2.781212222435374e-06,-1.261415676771956e-05,-3.143463028588834e-06,4.8509014036730614e-11
EY,605005,-2.496000136100859e-05,0.002494792794858769,-0.0002918045807586993,-0.00011520473179454378,-2.228175819126541e-06,1.1855658586979907e-10
EY,609002,-2.3921493633472984e-12,5.394315417407446e-11,5.4008508297963495e-05,-1.6759199774169694e-05,1.746562360790539e-07,-9.590350095811455e-13
EY,612002,-6.784169382417987e-12,5.4066365863940134e-11,8.661572317785376e-06,-4.4054633382437985e-05,2.2971598409819757e-06,-9.609165636177174e-13
EY,612003,-1.6854850864423446e-06,0.0004205637960768374,-9.100500633812078e-05,-0.0001234164912829941,1.3294540658007048e-05,-1.9337305835105444e-08
EY,612004,3.8842002840834154e-05,0.0013790031082793715,-0.00037771005507563634,-0.0001761334471975043,6.365153062601477e-08,1.180713889063335e-05
EY,612005,-2.4962930165156957e-05,0.002494792669781983,-0.0007506336835630793,-0.00022685117195844117,-2.166282715897411e-05,6.348210407403588e-10
EY,612006,-3.824310925461554e-05,0.0037316453486791255,-0.0011517643362042266,-0.00022691355553957417,7.782564572527961e-07,2.1378864235519773e-08
EY,700001,3.2558259973057673e-15,2.6261595491342106e-13,-3.7787514007539354e-13,-7.684485534800446e-13,4.3461147389201795e-15,-1.0288835385581354e-19
EY,700002,5.602852791659169e-16,2.6220135711584394e-13,-4.3318246739088423e-13,-7.67900660823618e-13,7.880009946485859e-16,-1.0288835385487328e-19
EY,700003,6.260153458300225e-15,1.6182005028507885e-12,-9.127950276176085e-12,-1.3041347133756819e-12,1.0999768884508216e-14,1.394868937191611e-17
EY,700004,1.7905817691092645e-15,3.1235712057277664e-13,-1.2862317768718296e-13,-8.341073596130378e-13,2.4114373894302906e-15,-1.0288835385537283e-19
EY,700005,-1.0069930773727424e-15,3.360469309527311e-13,-9.625440155775117e-14,-8.653774415407493e-13,-1.2813613949326996e-15,-1.0288835385576681e-19
EY,700006,-8.403383747425755e-15,3.359894802351625e-13,-3.900897795298247e-13,-8.65300983027604e-13,-1.1044597063926304e-14,-1.0288835385482812e-19
EY,700007,-4.682761579335697e-15,2.7576074004955457e-13,5.318877212176884e-13,-7.857996698036841e-13,-6.133827888594195e-15,-1.0288835385580773e-19
EY,700008,-8.142407549279348e-16,2.744458002875751e-13,6.040684455541108e-13,-7.840633257568247e-13,-1.0273804039652378e-15,-1.0288835385481597e-19
EY,701001,6.326840208249206e-08,0.0005510921351242973,-1.0179493947253088e-05,-0.0001639567248396051,-1.386000481148646e-06,-8.147128210029318e-11
EY,701002,6.326839009575162e-08,0.0005510913204117103,-1.1669405677181798e-05,-0.00016413687605744577,-2.120577340109927e-07,-8.147128209954865e-11
EY,701003,6.326838511634372e-08,0.0005510904996282984,-0.00024714840971862815,-0.00016151569525439384,-1.3765007310943896e-06,-8.1471314405958e-11
EY,701004,6.254330543753588e-08,0.0005510927461920789,-3.46495103774729e-06,-0.00014229411419153638,-7.482339296501449e-07,-8.147128209994422e-11
EY,701005,6.254330499267294e-08,0.0005510921351749921,-2.592975811687698e-06,-0.0001319765875958969,4.701460023730257e-07,-8.14712821002562e-11
EY,701006,6.25432791543507e-08,0.0005510913204615849,-1.050854138966873e-05,-0.00013200119665305175,3.691369533991013e-06,-8.147128209951287e-11
EY,701007,6.195263375601528e-08,0.0005510921351329121,1.4328404450405042e-05,-0.00015823200135935847,2.070692280812504e-06,-8.147128210028857e-11
EY,701008,6.195265315652131e-08,0.0005510913204180873,1.6272864851648575e-05,-0.0001588042631152983,3.85901570581066e-07,-8.147128209950327e-11
EY,702001,2.4128319325696543e-07,0.0012667693718891114,-1.7286797311477732e-05,-0.00015037343537223377,-1.0016517154638968e-06,-2.0438178876808384e-11
EY,702002,2.412831856957633e-07,0.0012667691675083634,-2.0656839883398323e-05,-0.00015027147175023726,4.218728642584843e-06,-2.043817887585462e-11
EY,702003,2.412832105971147e-07,0.0012667689613216277,-0.00033370812206031736,-0.0001610150952839062,3.3499214284735826e-06,-2.0438127487404396e-11
EY,702004,2.4110129415176415e-07,0.0012667695251632706,-6.004617259594033e-06,-0.00013592932698938955,-2.8657563241017287e-08,-2.043817887679597e-11
EY,702005,2.411012954376657e-07,0.0012667693718709163,-4.159195473338386e-06,-0.00012829517277633632,1.6508598578038278e-07,-2.0438178876824042e-11
EY,702006,2.4110126691083496e-07,0.0012667691674883084,-1.9456998765459105e-05,-0.0001285503938071276,1.1418009199083381e-05,-2.0438178875811744e-11
EY,702007,2.4095311751575617e-07,0.0012667693718852106,2.42450788381633e-05,-0.0001466215363363649,2.099340359906397e-06,-2.0438178876813664e-11
EY,702008,2.4095313901391797e-07,0.0012667691675018566,2.8728404548246045e-05,-0.0001474941653924057,-6.349830764923327e-06,-2.0438178875800697e-11
EY,703001,2.127137988848683e-07,0.0019361290795838623,-2.156713408877951e-05,-0.00014141957515353054,-3.2199190003255497e-06,1.243337752393269e-11
EY,703002,2.1271379748990817e-07,0.001936129203917874,-2.664539162575299e-05,-0.00014114647199795117,1.2470244538411873e-06,1.2433377524560048e-11
EY,703003,2.1271378762077902e-07,0.00193612932881351,-0.00032856237567806804,-0.0001560191791681995,-6.372768632502308e-06,1.2433123396358177e-11
EY,703004,2.1282445967618621e-07,0.0019361289863192084,-7.726655105991142e-06,-0.00012506251198991707,-2.881252419745301e-06,1.2433377523929538e-11
EY,703005,2.1282445679059566e-07,0.001936129079561083,-4.8207921097445535e-06,-0.00011736359822990719,-2.222899269337171e-06,1.2433377523917996e-11
EY,703006,2.128244454095937e-07,0.0019361292038945082,-2.6189839197451808e-05,-0.00011774494364950226,1.3422127121998794e-05,1.2433377524564407e-11
EY,703007,2.1291460296963502e-07,0.001936129079579643,3.0148886672583883e-05,-0.0001373936507538523,-1.3236884319934724e-07,1.2433377523932473e-11
EY,703008,2.1291459237033045e-07,0.0019361292039133092,3.688704619792107e-05,-0.00013864756374432058,-1.117988746216176e-05,1.2433377524569725e-11
EY,704001,-2.496000138322589e-05,0.0024947904060085477,-2.3227131630635194e-05,-8.190727939800477e-05,-5.263816230155329e-06,1.1855665126737268e-10
EY,704002,-2.4960001393999494e-05,0.0024947915915775076,-2.982479184746681e-05,-8.170222145066812e-05,5.640544310997256e-07,1.1855665126747846e-10
EY,704003,-2.496000136937144e-05,0.0024947927860252835,-0.00029180458617941913,-0.00011520473159989814,-2.228175406917011e-06,1.185566140011571e-10
EY,704004,-2.495894622729249e-05,0.002494789516801015,-8.588464246214579e-06,-7.37007402158453e-05,-5.915904937450693e-06,1.1855665126783065e-10
EY,704005,-2.4958946221717266e-05,0.0024947904059585547,-4.770442479070672e-06,-6.97495258114766e-05,-4.465449219695805e-06,1.1855665126732977e-10
EY,704006,-2.4958946262386255e-05,0.0024947915915235104,-3.038565413941101e-05,-7.015717743212002e-05,1.1744048754119136e-05,1.1855665126753155e-10
EY,704007,-2.495808668893683e-05,0.0024947904059982083,3.240970791839178e-05,-7.999271889890719e-05,-4.356884998881485e-06,1.185566512673575e-10
EY,704008,-2.495808666608199e-05,0.002494791591561472,4.087908953563435e-05,-8.091308899823538e-05,-8.189892755864268e-06,1.1855665126754468e-10
EY,705001,-5.04530968923876e-05,0.0026843058739302286,-2.342763034956583e-05,-2.1492601901518963e-05,-2.99787718232424e-06,4.850777377572677e-11
EY,705002,-5.045309685797563e-05,0.002684306359004421,-3.087825213460026e-05,-2.015364465952163e-05,6.161110565705932e-06,4.8507773774565123e-11
EY,705003,-5.045309689814834e-05,0.0026843068441453764,-0.00029180458617941913,-1.4183262275843751e-05,-8.54238787562365e-06,4.8507773775714355e-11
EY,705004,-5.0452665175657676e-05,0.0026843055100981717,-8.825918118584852e-06,-1.9354094372631046e-05,-3.4156766264764847e-06,4.8507773775701036e-11
EY,705005,-5.045266517639078e-05,0.00268430587389707,-4.474727548881131e-06,-1.9209110973134092e-05,-5.185405957741442e-06,4.850777377570703e-11
EY,705006,-5.045266506257925e-05,0.002684306358978176,-3.2170564281018056e-05,-2.0268675332441268e-05,2.817148729642539e-05,4.850777377442237e-11
EY,705007,-5.0452313487040164e-05,0.002684305873926927,3.2583652400998035e-05,-2.196951528258053e-05,-1.81386662520881e-06,4.8507773775732973e-11
EY,705008,-5.04523135440628e-05,0.0026843063590129067,4.249281645068492e-05,-2.4638512095801382e-05,-2.281496329618115e-05,4.8507773774378026e-11
EY,900000,6.196459634002537e-08,0.0005510930226889361,1.472713721884454e-06,-0.0001229687818483205,-4.7282961631167024e-07,-8.146984609905293e-11
EY,900001,-8.12471122290129e-12,5.5680041322456645e-11,5.40515680086402e-05,-1.655226862484296e-05,1.640567257667894e-07,-1.2381608614743541e-12
EY,900002,-1.1647598590085537e-12,5.847772449988543e-11,-0.0003106841870270574,-3.406477636513789e-05,1.082957230184272e-05,-1.4244692581510061e-12
EY,900003,6.32564770111512e-08,0.0005510930226916166,-1.1145300692721282e-06,-0.0001229897559870639,-3.5927105975109613e-07,-8.14698464533328e-11
EY,900004,7.349163601702127e-12,5.431057134207698e-11,-3.517936144971312e-05,-7.5061014807766855e-06,5.185407540462509e-06,-1.238985812912501e-12
EY,900005,6.292092463056387e-08,0.0005510930518306377,0.0001408561119631807,1.9322775169686174e-05,7.584854971985409e-05,-8.147128228013286e-11
EY,900006,6.292092463056387e-08,0.0005510924407960207,-0.00014389538077704813,1.5765952848997583e-06,-1.1186285828264345e-06,-8.147128228013286e-11
EY,900007,6.230011345960346e-08,0.0005510930518306367,-0.00010133932387001731,2.969493378192886e-05,-7.618770424628138e-05,-8.147128224984594e-11
EY,900008,6.230011345958926e-08,0.0005510924407960205,0.00010835117451849992,-1.2657596394095275e-05,2.1076269935741138e-05,-8.147128228013286e-11
EY,900009,6.195263844066449e-08,0.0005510927463133293,2.715669601150998e-05,2.6542188397166744e-05,-8.22137600877656e-06,-8.147128228013285e-11
EY,900010,6.326839964948864e-08,0.0005510927463133292,-1.2011621595963945e-05,1.3097870510268556e-05,5.1363014934193724e-06,-8.14712822801328e-11
EY,900011,6.195263844066431e-08,0.0005510924407960207,3.761291129260626e-05,2.8115305117235755e-05,4.163836455234889e-06,-8.14712822804016e-11
EY,900012,6.326839964948874e-08,0.0005510924407960207,-2.4129492471282943e-05,3.76132358203189e-05,-1.3033399453612325e-06,-8.147128228041749e-11
EY,900013,6.195263844066477e-08,0.0005510917279223006,1.5067679681179226e-05,-9.353778579404792e-06,-9.028766619926927e-07,-8.147128228013493e-11
EY,900014,6.326839964948843e-08,0.0005510917279223006,-1.1247333953937599e-05,-8.88634264905415e-06,6.219113527152709e-07,-8.14712822801326e-11
EY,900015,6.195263683303357e-08,0.0005510909130423653,3.108309066335196e-05,-3.319861491094402e-05,-5.2908375182183475e-06,-8.193501954061577e-11
EY,900016,6.32683980081212e-08,0.0005510909130423652,-1.965739910067174e-05,1.7405773691237603e-05,2.162982189726283e-06,-8.193501954230668e-11
EY,900017,-1.8212329601222675e-06,0.00042036558870492586,0.0009764598295863925,-0.00025560488985432715,6.013754473415751e-06,-1.933730482650818e-08
EY,900018,-1.8212329600187592e-06,0.0004202207522955196,0.0009649054868264456,-0.00024162867770672597,5.652101142216796e-06,-1.9337304826507864e-08
EY,900019,-1.7415632733641715e-06,0.0004202689021628516,3.2653953486623546e-05,-1.903752603164495e-05,-6.835119332957712e-06,-1.9337305835112716e-08
EY,900020,-1.429265784127114e-06,0.0004202689021628516,-2.7300870628993967e-05,-1.1560995428582103e-05,6.60095257382136e-06,-1.9337305835112273e-08
EY,900021,-1.7415632733641677e-06,0.0004200755291045005,2.991128391617432e-05,-1.4597510614344695e-05,-2.0629899129458506e-06,-1.9337305835112392e-08
EY,900022,-1.4292657840807047e-06,0.0004200755291045005,-1.2525420733628031e-05,-9.602471895366977e-06,1.395364932009289e-06,-1.933730583511256e-08
EY,900023,-1.7415632733641677e-06,0.00042022075227132223,4.626255698572557e-05,-0.0002086749691318218,-2.9502042248524516e-06,-1.9337305835110553e-08
EY,900024,-1.7415632733641679e-06,0.000419882156046149,7.806720286043522e-05,-1.8749791854260452e-05,-2.018208765285384e-05,-1.9337305836116063e-08
EY,900025,-1.4292657840342949e-06,0.00041988215604614904,-7.874455599932445e-05,-1.5229862760691976e-05,2.1080491421891276e-05,-1.933730583611588e-08
EY,900026,0.00011924861868604721,0.0016180976708146963,0.0005974640102287633,-0.00021816861188148868,9.785711857135267e-05,1.180713889063335e-05
EY,900027,9.020305701508919e-05,0.0016771333652678634,6.87035679328335e-05,-4.570059519814112e-05,3.882542622417232e-06,1.1807138890633348e-05
EY,900028,0.00011924861868604724,0.0016771333652678638,0.00020350407057017787,-5.956916010703494e-05,2.8075457893338544e-06,1.180713889063335e-05
EY,900029,0.00011924861868604721,0.0017361690597210305,0.000575969016275832,-0.00021570351021415454,-9.579065783849746e-05,1.1807138890633348e-05
EY,900030,-2.495768654336044e-05,0.0024947991766976507,0.000626341672537549,-0.00022398894453356724,0.0001870264225397989,6.348210407385584e-10
EY,900031,-2.4959248203120657e-05,0.00249480057330394,7.251812312272257e-05,-4.410270161910606e-05,2.4775296083352126e-07,6.348210407379531e-10
EY,900032,-2.495768654336044e-05,0.00249480057330394,0.00020388862125487778,-5.858776364547678e-05,0.00018754377234501447,6.348210407394128e-10
EY,900033,-2.4963850655666022e-05,0.0024948005733039405,-2.2996019359163694e-05,-7.510260371234189e-06,-5.7279921085009275e-06,6.348210407374945e-10
EY,900034,-2.4956632742689305e-05,0.0024948055249282577,0.0010938714494235276,-0.00027051910933555915,1.6639386183344395e-06,6.348210425081329e-10
EY,900035,-2.495663274265978e-05,0.0024948118731393,0.001065836389525786,-0.00027314732191699323,1.6036473873213089e-06,6.348210425081057e-10
EY,900036,-2.4959248203120643e-05,0.0024948230142277303,0.0002715302749606422,-9.138550649979955e-05,-9.568880221605316e-05,6.348210407378326e-10
EY,900037,-2.496950056292862e-05,0.0024948230142277303,-0.00019833373916108407,-7.417634886764333e-05,7.487638789850243e-05,6.348210407378721e-10
EY,900038,-3.808811644358496e-05,0.0037319695872607894,5.7280714981019716e-05,-1.5177956686721858e-05,-3.2488434132381327e-06,2.1378277825749557e-08
EY,900039,-3.843337563047081e-05,0.003731969587260788,-3.9690886790868705e-05,-1.9306661314991437e-05,4.0602252168797425e-06,2.1378277825749547e-08
EY,900040,-3.808811644358495e-05,0.0037321833700390463,6.134923097757723e-05,-2.3367616257376203e-05,2.6780747437070593e-06,2.1378277825749547e-08
EY,900041,-3.843337563047081e-05,0.003732183370039046,-4.160696497878929e-05,-1.2932590999654472e-05,-1.3893152510069882e-06,2.1378277825749547e-08
EY,900042,-3.808811644358496e-05,0.003732397152817304,0.00011821083413742082,-3.0020223603332384e-05,-1.5342407451753252e-05,2.1378277825749547e-08
EY,900043,-3.843337563047081e-05,0.003732397152817304,-0.00010417467987145977,-2.1326337604043898e-05,1.8089935711091647e-05,2.137827782574955e-08
EY,900044,-3.808811644358497e-05,0.0037326654502040173,0.00027439469631363773,-6.538054107082068e-05,-9.359767749106224e-05,2.1378277825750083e-08
EY,900045,-3.843337563047079e-05,0.0037326654502040173,-0.0002006811921743599,-3.5676241042122286e-05,7.341038825198615e-05,2.1378277825749944e-08
EY,900046,-3.8000037936686374e-05,0.003732076478629717,0.0010942528958999918,-0.00026463574707469333,1.7719847958728219e-06,2.137827782398054e-08
EY,900047,-3.80000379367159e-05,0.0037322902614073403,0.0010668324910885086,-0.00025929229888490554,1.7010991082113843e-06,2.1378277823980572e-08
EY,900048,2.4095616078096173e-07,0.00126676959383246,2.5020869560018074e-06,-0.00010150260839714738,1.0637076192159941e-06,-2.043846463076819e-11
EY,900049,-1.7415630566563281e-06,0.0004205637990617826,0.0003114736456944577,-0.0001621990109963307,2.8601334170489345e-05,-1.93380186469587e-08
EY,900050,-1.6013676020169032e-06,0.0004205638009766207,-0.0006588004275323589,-0.00015573791555090555,-9.665649610716398e-06,-1.9338016722680834e-08
EY,900051,2.4128024365661987e-07,0.0012667695938298046,-1.9201152875893686e-06,-0.00010146763304504989,1.110516545918324e-06,-2.043847283022014e-11
EY,900052,-1.4292657407832156e-06,0.000420563796333424,-0.00012791203842402329,6.30294613820899e-05,-1.3978929198634639e-05,-1.9338017848220232e-08
EY,900053,2.411960204528373e-07,0.0012667696018205878,0.00011098590568104376,1.6045355152144703e-05,6.816798710625306e-05,-2.0438178841243327e-11
EY,900054,2.4119602045283734e-07,0.0012667694485342467,-0.00013888059514580205,1.0786010148129782e-06,-2.5856219444841025e-06,-2.0438178841243327e-11
EY,900055,2.4104028153006703e-07,0.0012667696018205876,-7.718345353341121e-05,2.4829493762303565e-05,-6.729955069506264e-05,-2.0438178841243324e-11
EY,900056,2.4104028153006703e-07,0.0012667694485342465,0.00010004828911951025,-1.3114225147711594e-05,2.0720448261175234e-05,-2.0438178841243327e-11
EY,900057,2.4095311269730914e-07,0.0012667695251774172,2.7126524883223274e-05,2.6543945787130355e-05,-8.917174564888069e-06,-2.0438178841243327e-11
EY,900058,2.412831892855952e-07,0.0012667695251774172,-1.649348131791001e-05,1.4458447386912254e-05,5.573390875089093e-06,-2.0438178841243324e-11
EY,900059,2.409531126973093e-07,0.0012667694485342465,4.256206214608213e-05,2.4009084341341684e-05,2.346483855709905e-06,-2.043817884125414e-11
EY,900060,2.412831892855954e-07,0.0012667694485342465,-2.9440533673120075e-05,3.4576471089048544e-05,-9.899802804239932e-07,-2.0438178841246946e-11
EY,900061,2.4095311269731004e-07,0.0012667692697001815,1.777654131520851e-05,-8.285335286412444e-06,3.8735957614739606e-07,-2.043817884124495e-11
EY,900062,2.412831892855952e-07,0.0012667692697001815,-1.4037624934095129e-05,-9.1710782042277e-06,-2.9944454898234675e-07,-2.0438178841242248e-11
EY,900063,2.409530612590541e-07,0.0012667690650618067,0.000195993162829043,-9.569243515907447e-05,-4.589654344004633e-05,-2.1150222050804695e-11
EY,900064,2.4128314594162607e-07,0.0012667690650618065,-0.00010168719750173582,4.7772800287401556e-05,1.852148479070558e-05,-2.1150222053947002e-11
EY,900065,2.129126000639784e-07,0.0019361289431356627,3.128261861313313e-06,-0.00010174140589981892,-2.3551987660576955e-06,1.243275155129781e-11
EY,900066,9.020305431677574e-05,0.0013790031093113037,0.0004685901449359837,-0.00023940239772618532,1.9806908158492116e-05,1.1807138387176791e-05
EY,900067,4.601299923147682e-06,0.0013790031103765147,-0.0009380590538545641,-0.00022206182913992324,-1.3098519554618057e-05,1.1807138383496713e-05
EY,900068,2.1271544172088565e-07,0.0019361289431402988,-2.4519111723668085e-06,-0.0001018618289918156,-2.2401898746622485e-06,1.2432741412879926e-11
EY,900069,-0.00010048223345601508,0.001379003108458249,-0.00020532121541864972,8.528295608205297e-05,2.2273652584851246e-06,1.1807138385055408e-05
EY,900070,2.1276684661194066e-07,0.0019361289396795313,0.0001135832823676598,1.6028060852958282e-05,6.548141010036829e-05,1.2433377431399953e-11
EY,900071,2.1276684661194069e-07,0.0019361290329298622,-0.0001332108365777755,5.748242483364544e-07,-6.994781296391786e-07,1.243337743140091e-11
EY,900072,2.1286158894796794e-07,0.001936128939679531,-8.140379823386955e-05,2.428684514640679e-05,-6.451593083752834e-05,1.2433377431400909e-11
EY,900073,2.1286158894796797e-07,0.001936129032929862,9.464762206045452e-05,-1.3056570399637859e-05,1.8253619439739255e-05,1.2433377431400909e-11
EY,900074,2.1291461730271288e-07,0.0019361289863046968,3.115183684951078e-05,2.197746381673209e-05,-8.323309526294308e-06,1.2433377431400908e-11
EY,900075,2.1271381825719574e-07,0.0019361289863046968,-1.3581357542912055e-05,1.2827836577255813e-05,6.505834559549543e-06,1.2433377431400909e-11
EY,900076,2.1291461730271225e-07,0.0019361290329298622,4.445342323203294e-05,2.1572536700212233e-05,2.3713313122528518e-06,1.243337743144628e-11
EY,900077,2.12713818257195e-07,0.0019361290329298622,-3.267081159864212e-05,3.190658118255301e-05,7.704176083452707e-07,1.2433377431454056e-11
EY,900078,2.129146173027118e-07,0.001936129141721915,2.1469145564722084e-05,-8.085560692464906e-06,1.8134058424031842e-06,1.2433377431400796e-11
EY,900079,2.1271381825719452e-07,0.0019361291417219148,-1.9960850691665042e-05,-9.731674749202613e-06,1.2530383338981937e-06,1.2433377431401158e-11
EY,900080,2.1291695218188326e-07,0.0019361292658768108,0.0002649319237330603,-0.0001322641085775437,-6.326357675730208e-05,1.1946180391450237e-11
EY,900081,2.1271120563168007e-07,0.0019361292658768106,-0.00011936500793023428,7.17068935465124e-05,2.5035989071742304e-05,1.1946180389795908e-11
EY,900082,-2.49581041036835e-05,0.0024947891113225704,3.3811671918882792e-06,-5.719872018710488e-05,-7.703681334842343e-06,1.1855537197463667e-10
EY,900083,-2.495924799027848e-05,0.0024947926703605423,0.00047015469559839895,-0.00023463648474845194,-1.1833609908883685e-05,6.348199076276863e-10
EY,900084,-2.496385068568642e-05,0.0024947926712876375,-0.0011038655692414924,-0.00026289810624644997,-2.4120131471496717e-05,6.348216609612772e-10
EY,900085,-2.4959984057565516e-05,0.002494789111295654,-2.7077153691693745e-06,-5.6836121393569075e-05,-7.705621833059542e-06,1.1855538610795365e-10
EY,900086,-2.4969500558719783e-05,0.0024947926697823576,-0.0002864879490257561,5.062991637322484e-05,-2.5558412388208788e-05,6.348209732381941e-10
EY,900087,-2.4959495738225894e-05,0.0024947890723989365,6.134732352872893e-05,8.972295119922849e-06,3.7718842070664656e-05,1.1855665144609257e-10
EY,900088,-2.4959495738225907e-05,0.0024947899615738217,-8.283337617310215e-05,-3.660872909892316e-07,1.1829982313295937e-07,1.1855665148997564e-10
EY,900089,-2.4958592336541555e-05,0.0024947890723989352,-4.468292063526741e-05,1.3266738176657629e-05,-3.711834394765521e-05,1.1855665148997564e-10
EY,900090,-2.495859233654156e-05,0.0024947899615738217,5.6626533673422724e-05,-9.104184793990532e-06,1.0489719080382535e-05,1.1855665148997564e-10
EY,900091,-2.4958086692422952e-05,0.0024947895169863785,2.986774550602104e-05,1.0372176829976843e-05,-4.920890321785078e-06,1.1855665148997564e-10
EY,900092,-2.4960001382344514e-05,0.0024947895169863785,-4.109089508999133e-06,9.615669860244639e-06,6.07619929609161e-06,1.1855665148997562e-10
EY,900093,-2.495808669242295e-05,0.0024947899615738217,3.515864089562022e-05,1.0607690322754174e-05,1.8419901219121822e-06,1.1855665148967512e-10
EY,900094,-2.496000138234451e-05,0.0024947899615738217,-2.7731116543423325e-05,1.7787609820102904e-05,3.608027541982069e-06,1.1855665148969414e-10
EY,900095,-2.4958086692422952e-05,0.002494790998944523,3.2719183355200465e-05,-7.652556623993863e-06,1.8667243882934366e-06,1.1855665148997226e-10
EY,900096,-2.4960001382344517e-05,0.002494790998944522,-2.0175404721272306e-05,-6.158368192198304e-06,2.1642654547502205e-06,1.1855665148997815e-10
EY,900097,-2.4958086692453083e-05,0.0024947921845110367,0.00022258639287999437,-0.0001394090895368759,-5.481154825282118e-05,1.1855665054159782e-10
EY,900098,-2.4960001382344514e-05,0.0024947921845110375,-0.00017185065119125375,7.447209383976201e-05,3.9282031570599224e-05,1.1855665148148145e-10
EY,900099,-5.0452334092386606e-05,0.0026843053421844324,3.4393484342132727e-06,-1.1481105067150788e-05,-3.255209469363559e-06,4.85068186025119e-11
EY,900100,-3.80881166091882e-05,0.0037316435664011723,0.0005669314843833355,-0.00028871048232655637,3.3832360377286156e-05,2.1379155930738843e-08
EY,900101,-5.0453089672975195e-05,0.002684305344060513,-2.781212833450431e-06,-1.2614156010990827e-05,-3.1434632353151058e-06,4.8507147591300817e-11
EY,900102,-3.843337594233367e-05,0.003731643568206398,-0.00028710916205692205,0.00011488113172555956,1.5407823226525755e-06,2.1379159082700158e-08
EY,900103,-5.045289001732632e-05,0.002684305328200129,7.172728040856731e-06,3.394992722276214e-06,9.101761544383698e-06,4.850777366893815e-11
EY,900104,-5.0452890017326335e-05,0.0026843056920084316,-3.069177025419558e-05,-4.820144044882636e-07,8.716241011675122e-07,4.8507773687251156e-11
EY,900105,-5.045252038809084e-05,0.002684305328200129,-1.0662324906383525e-05,-1.772349457814156e-06,-8.245178135151354e-06,4.850777368725115e-11
EY,900106,-5.045252038809084e-05,0.002684305692008431,1.3583761212685354e-05,-5.224691278324783e-06,1.9054393517857174e-06,4.850777368725115e-11
EY,900107,-5.045231350243683e-05,0.0026843055101042797,1.0590021341083997e-05,1.3280721924380494e-06,-4.021098928603717e-06,4.850777396061163e-11
EY,900108,-5.0453096902980824e-05,0.0026843055101042797,-2.635570257100644e-06,3.8313373185835745e-06,2.44997330863733e-06,4.8507773953835945e-11
EY,900109,-5.045231350243606e-05,0.0026843056920084316,2.4326588078056582e-05,-1.4575819337545999e-06,-2.922711263903233e-06,4.850777368727762e-11
EY,900110,-5.04530969029811e-05,0.0026843056920084316,-1.896887467682143e-05,3.9435628455531875e-06,4.283182535443952e-06,4.85077736872837e-11
EY,900111,-5.045231350243608e-05,0.0026843061164514514,1.205908553317798e-05,1.64380385392867e-06,4.653367780454379e-06,4.850777368725969e-11
EY,900112,-5.045309690298111e-05,0.002684306116451451,-1.5515846828719242e-05,-6.5778332321784785e-06,3.224580302519335e-07,4.850777368724748e-11
EY,900113,-5.045231318163529e-05,0.002684306601846764,0.00034319483688845156,-0.00016096255108010655,-7.745818929400674e-05,4.938906397065455e-11
EY,900114,-5.04530965911181e-05,0.002684306601846764,-0.00016840786383886372,8.87526220874424e-05,3.5201037832979185e-05,4.938906397321533e-11
EY,900115,0.00013884846923121599,0.0015000262818954642,0.0009779962180390686,-0.00023238119579759012,6.02934597595274e-06,1.1807138889624745e-05
EY,900116,0.00013884846923111253,0.0015884617521750096,0.0009649399180179748,-0.00024090534781407696,5.931205485934502e-06,1.1807138889624742e-05
EY,900117,9.020305701508921e-05,0.0015590619763615299,4.36807882533063e-05,-2.0793438990246883e-05,-3.450876762652744e-07,1.1807138890633348e-05
EY,900118,-0.00010048223606863932,0.0015590619763615296,-3.462453390769644e-05,-1.4496162729958711e-05,2.4882945928821444e-06,1.1807138890633346e-05
EY,900119,-0.00010048223606863932,0.0016771333652678632,-3.203298701644037e-05,-1.3328088947059333e-05,-1.6613921797402447e-06,1.1807138890633345e-05
EY,900120,9.020305701508923e-05,0.0015884617521992068,4.635769737014482e-05,-0.0002098217972001466,-2.2432978965430622e-06,1.1807138890633346e-05
EY,900121,9.02030570150892e-05,0.001795204754174197,9.8218053428812e-05,-2.5402222761532895e-05,-1.5144015298645964e-05,1.1807138890633346e-05
EY,900122,-0.00010048223606863932,0.0017952047541741967,-8.785043743771647e-05,-1.9520957200350886e-05,1.824776082220344e-05,1.1807138890633346e-05
EY,900123,-2.495924820312066e-05,0.0024948023508028546,6.195332853838177e-05,-1.904995374149895e-05,5.544419415222023e-06,6.348210407397945e-10
EY,900124,-2.4969500562928602e-05,0.002494802350802854,-4.741876271790728e-05,-1.397891092564644e-05,-3.058398368068817e-06,6.34821040739489e-10
EY,900125,-2.4959248203120653e-05,0.0024948086990132616,5.687703444237472e-05,-2.0040146593731787e-05,9.287349866549363e-06,6.348210407394924e-10
EY,900126,-2.4969500562928602e-05,0.0024948086990132616,-3.839444628581709e-05,-1.1550461736159522e-05,-6.290274280659718e-06,6.348210407394874e-10
EY,900127,-2.4959248203120653e-05,0.002494815047223669,0.00011144591503899922,-2.6083178332497567e-05,-8.789893930178634e-06,6.348210407395292e-10
EY,900128,-2.4969500562928602e-05,0.002494815047223669,-9.736660948760282e-05,-1.6764671553538358e-05,1.3194504535733124e-05,6.348210407395276e-10
EY,900129,6.254330523719546e-08,0.0005510924407960207,1.3133603031957816e-06,-4.8822581129614205e-05,-8.107214282246375e-10,-8.147128228010055e-11
EY,900130,6.254330523719469e-08,0.0005510917279223006,-2.6069500284552232e-06,-1.1227674897885313e-06,1.4510505212786087e-07,-8.147128228013347e-11
EY,900131,6.254330361441963e-08,0.0005510909130423653,-0.00013429510285482382,-6.675836844845168e-06,3.8376463721511934e-05,-8.193501953561557e-11
EY,900132,6.292092463056386e-08,0.0005510927463133292,-9.91788908056083e-05,3.144596967004353e-05,3.802252557463472e-05,-8.147128228013244e-11
EY,900133,6.230011345958926e-08,0.000551092746313329,0.0001269448435438945,1.2238103266864292e-05,-2.795060264474029e-05,-8.147128228013391e-11
EY,900134,-1.601367806059608e-06,0.00042026890216285154,-7.84950780071788e-06,-1.7083421241726748e-06,-4.4404261651948526e-07,-1.9337305835112306e-08
EY,900135,-1.6013678060596084e-06,0.0004200755291045005,-8.300042493446768e-06,-2.337088103193237e-06,-1.076993712246522e-06,-1.9337305835112415e-08
EY,900136,-1.6013678060596086e-06,0.0004198821560461494,-6.382276441251208e-06,-1.0771452354873478e-05,-4.429675224124987e-07,-1.9337305835112323e-08
EY,900137,-2.4963850655666026e-05,0.0024948230142277303,-3.401841896027551e-05,-3.5763540813535905e-05,1.160620665401241e-05,6.348210407384688e-10
EY,900138,-3.824310895782164e-05,0.003731969587260789,1.8568253518373973e-05,-4.085665558719231e-06,4.667611933985649e-06,2.137827782574954e-08
EY,900139,-3.824310895782164e-05,0.0037321833700390463,-2.1342657514384437e-05,-5.419405747023082e-06,-5.870696497493074e-07,2.137827782574954e-08
EY,900140,-3.824310895782164e-05,0.0037323971528173045,-1.3445006150069456e-05,-1.2570216767234999e-05,5.636238262907383e-07,2.1378277825749577e-08
EY,900141,-3.824310895782163e-05,0.003732665450204017,-3.7152632764460884e-05,-2.9181898512243965e-05,1.0461696291808286e-05,2.137827782574986e-08
EY,900142,2.4110128949390854e-07,0.0012667694485342465,-2.038922452361409e-06,-4.598165234155206e-05,-3.0323592528663483e-07,-2.0438178841254407e-11
EY,900143,2.4110128949390764e-07,0.0012667692697001817,1.9980751534070315e-06,-1.6030343748222086e-06,-5.976574308132087e-07,-2.043817884124418e-11
EY,900144,2.4110124168931225e-07,0.0012667690650618065,-0.0003261695336115252,-2.9369676544407298e-05,8.972752438587549e-05,-2.11502220454983e-11
EY,900145,2.411960204528373e-07,0.0012667695251774175,-0.00010370035981784745,2.927146050827242e-05,3.336832209429881e-05,-2.043817884123334e-11
EY,900146,2.4104028153006714e-07,0.0012667695251774172,0.00012318005683442226,1.0178842920363825e-05,-2.3628304068670157e-05,-2.043817884126742e-11
EY,900147,2.1282447531633396e-07,0.0019361290329298624,-2.934190035851912e-06,-4.3572168420432916e-05,7.793224914990704e-07,1.243337743138532e-11
EY,900148,2.1282447531633383e-07,0.001936129141721915,3.7286570845063624e-06,-2.0728848390553996e-06,4.114083383961167e-07,1.243337743140055e-11
EY,900149,2.1282458917947537e-07,0.0019361292658768106,-0.000458887860965222,-3.930087833094895e-05,0.00012842430972088802,1.194618039648042e-11
EY,900150,2.127668466119406e-07,0.0019361289863046968,-9.382170819658312e-05,2.7638915605129443e-05,3.295076752589913e-05,1.2433377431367358e-11
EY,900151,2.1286158894796794e-07,0.0019361289863046964,0.0001116559832066656,8.586886138216662e-06,-2.34851386919749e-05,1.2433377431481794e-11
EY,900152,-2.4958946228146256e-05,0.0024947899615738217,-3.7071673475381845e-06,-2.626912962633623e-05,1.8700296708080113e-06,1.1855665148994364e-10
EY,900153,-2.495894622814626e-05,0.0024947909989445224,2.7520611424020897e-06,-3.2039006948689793e-06,2.0225187007902565e-06,1.1855665148997401e-10
EY,900154,-2.4958946228273504e-05,0.0024947921845110367,-0.000545808148143031,-4.028334899383812e-05,0.00015455678540518544,1.185566505424145e-10
EY,900155,-2.495949573822591e-05,0.002494789516986379,-5.8570266322706764e-05,1.7158710532730913e-05,1.924689603405577e-05,1.185566514899775e-10
EY,900156,-2.4958592336541552e-05,0.0024947895169863785,6.630712564023707e-05,2.6711609714395202e-06,-1.3534968960554118e-05,1.1855665148997122e-10
EY,900157,-5.0452665183795284e-05,0.0026843056920084316,-7.819498890211536e-06,-7.91757360388907e-06,1.2818695493490993e-06,4.850777368723384e-11
EY,900158,-5.04526651837953e-05,0.002684306116451451,2.241288897838093e-05,-1.0966974374448561e-06,-1.5703528407525622e-06,4.8507773687254646e-11
EY,900159,-5.045266486700683e-05,0.0026843066018467647,-0.000558648200458851,-5.036035693872841e-05,0.00015051609935147535,4.938906546635393e-11
EY,900160,-5.0452890017326335e-05,0.0026843055101042805,-2.2277448196422925e-05,5.088945228070343e-06,5.0424334924913995e-06,4.8507773687268624e-11
EY,900161,-5.045252038809084e-05,0.00268430551010428,1.4364997680538278e-05,-9.24480013338921e-07,-3.2677340794613633e-06,4.8507773687209086e-11
EY,900162,4.601300057997439e-06,0.0015590619763615299,-5.528194485736367e-06,-3.2658767968084066e-06,1.2634771976707949e-06,1.180713889063335e-05
EY,900163,4.6013000579974355e-06,0.0016771333652678634,-2.0328019461427433e-05,5.7641661769132434e-08,3.487245391099988e-07,1.180713889063335e-05
EY,900164,4.6013000579974355e-06,0.0017952047541741967,-8.408737970225469e-06,-1.0982388398754626e-05,9.304536665737214e-07,1.180713889063335e-05
EY,900165,-2.4963850655666022e-05,0.002494802350802854,-1.7145160418827357e-05,-5.223259865536906e-06,7.238976231893025e-07,6.348210407398833e-10
EY,900166,-2.4963850655666022e-05,0.0024948086990132616,-1.4444843311058808e-05,-6.142388639047126e-06,1.697528868373287e-06,6.348210407394941e-10
EY,900167,-2.4963850655666022e-05,0.002494815047223669,-1.2519604429246855e-05,-1.347478143309514e-05,1.7622271127719722e-06,6.348210407394804e-10
R,1,1.628855421961681e-13,-6.094186794222991e-13,-7.129091774453554e-12,1.3163242184097553e-13,1.2647592710330863e-13,-5.413392765586331e-16
R,101,-2.997841863635684e-13,9.032538988457509e-14,-1.271188815895897e-11,3.4008073950112067e-13,-3.7374647094115245e-14,6.338321629844392e-16
R,201,-3.518792793155366e-13,7.693912127385713e-15,-5.342212761784327e-11,-1.015596669368298e-14,-4.644806263030403e-13,-5.696317023999291e-22
R,1001,5.070060509391979e-13,8.816687847531503e-13,-1.5829234799474462e-11,-4.8048540627171776e-14,9.080364810268998e-13,1.2250258982880005e-15
R,1101,-1.3946801871430205e-14,1.2808765277626206e-14,-5.6644648151161265e-11,-1.69075761600925e-14,-1.8409756555510246e-14,-5.696317010532744e-22
R,1201,-2.049626304691037e-13,1.865276201786461e-14,-5.6995511281505354e-11,-2.462164846333248e-14,-2.705506484726914e-13,-5.696317023999291e-22
R,2001,5.383541187086127e-13,-1.632644992007196e-13,-9.311778921969016e-12,7.709121926080643e-14,6.660048868929458e-13,4.81304798483425e-16
R,2101,-1.307717212515249e-13,-2.751556809381163e-13,-1.2169890075193183e-11,-1.1350235969959068e-14,-5.85899530199289e-14,-4.354242199890692e-16
R,2201,-1.9592405947708048e-13,7.052167302371158e-15,-4.054100166698717e-11,-9.308863529687155e-15,-2.5861973176122827e-13,-5.696317023999291e-22
R,100001,2.602796226194932e-11,1.2550319022003758e-11,-0.0002597633911559017,1.4622993877266783e-05,3.860433861634313e-05,-4.510766877268586e-13
R,100101,2.7846250297572638e-11,6.569188745459965e-12,-0.00042422164740121767,1.286770186098672e-05,3.8213898572948025e-05,-4.522272891627803e-13
R,100201,2.7066709959720825e-11,3.5566654092592184e-12,-0.0014314375584646808,3.3507961808427163e-06,0.0001532479787892053,-4.510580972510392e-13
R,100301,1.3155118452296535e-11,-5.240283019483951e-13,-4.934733509656581e-11,1.6453196113164276e-13,8.593782357718285e-13,-2.2552904905274335e-13
R,100401,1.61647546201756e-11,-4.0323802917971895e-12,-3.3290852270911004e-11,-1.409672511899172e-12,4.768667823862847e-12,-2.749735536313861e-13
R,100451,1.3115634519975589e-11,-3.881977983696309e-12,-2.7517024498946586e-11,9.803170774951743e-14,7.551406545064666e-13,-2.255290490527438e-13
R,101001,2.9617223812733984e-11,1.2508154861742154e-11,-0.0005406515121262664,1.1615323278380668e-06,-9.555253376915234e-05,-4.5105997325645926e-13
R,101101,2.854565545972326e-11,7.910666921898339e-12,-0.0015182483189112783,5.5783785065286125e-06,6.074026535227744e-06,-4.51058096184702e-13
R,101201,2.974941123464077e-11,3.5128300096677446e-12,-0.001527700142365288,8.12351669118123e-06,8.926388445755216e-05,-4.510580972510392e-13
R,101301,1.4809341569293097e-11,-4.89250087665802e-13,-5.796483101158744e-11,7.271747583520574e-14,9.096416808941466e-13,-2.2552904905274292e-13
R,101401,1.5278610017899083e-11,-2.7588436235484847e-12,-4.114960580279976e-11,1.1011946810214198e-13,2.1485103817269703e-12,-2.2552904905274292e-13
R,101451,1.4706538866893068e-11,-3.884668422950061e-12,-3.906253250461848e-11,1.0513446735000099e-13,6.382425476238482e-13,-2.2552904905274292e-13
R,102001,3.4474623411486926e-11,1.2527394386405462e-11,-0.0003208494890519956,9.213392021120574e-06,6.8661942210212695e-06,-4.510585980709911e-13
R,102101,3.456428262194146e-11,1.025867180195591e-11,-0.0004305896370803987,-4.441088399129624e-05,3.0990550856593894e-05,-4.5025169902733e-13
R,102201,3.3727915442579013e-11,3.559232388687422e-12,-0.0010844357852747787,3.0713080302283345e-06,8.53274722091248e-05,-4.510580972510392e-13
R,102301,2.076817743176699e-11,-5.677730071180139e-13,-2.0773918327947916e-11,-7.713722556963103e-14,4.128185499342984e-12,-2.709015506790447e-13
R,102401,2.057742932840631e-11,-3.0182852251414545e-12,-2.748206184223379e-11,1.8840138129300894e-12,4.916559397233002e-12,-2.6622971786432646e-13
R,102451,2.1893820281867177e-11,-4.640214629847731e-12,-5.429099213440458e-11,1.951622905686615e-14,-2.9259447377743683e-13,-2.703228087587845e-13
R,200001,0.0006359913119879905,-0.00010145398091102144,-0.000846112935219982,3.0477252018864514e-05,0.0001500563521953515,1.4719812695922758e-08
R,200101,0.0006359913117147608,-0.00010130678190621978,-0.001604920066337593,0.0005131063005750113,0.0005795970405359956,1.4719810590275817e-08
R,200201,0.0006359913129164743,-0.00010115958448942053,-0.002847496667243234,6.323286414823544e-05,-0.0001311803137314667,1.4719810590278905e-08
R,200301,0.0006359913128365925,-0.00010101238649168957,-0.0013216676334085365,2.223984425952685e-05,0.00019827347876636008,1.4719810590278927e-08
R,200401,0.0006359913119782086,-0.00010086445285793659,-0.0004959193433328698,4.344996505912747e-05,0.00012366671399263412,1.4719815752794887e-08
R,200451,0.0006359913124652425,-0.00010079158950585763,-0.0007335857750709325,4.401326688181997e-05,0.00023266500223628842,1.4719810589515616e-08
R,201001,0.0006358845935818654,-0.00010145398097972804,-0.0009678280208061813,3.286981920372991e-05,0.00018224684789480754,1.4719810588812867e-08
R,201101,0.0006358845928564143,-0.00010130678295554542,-0.002865994216106864,-4.9661319115640486e-06,0.0006489263890669142,1.4719810590278439e-08
R,201201,0.0006358845941080743,-0.00010115958476122874,-0.0030400218314710647,4.4141982335564526e-05,0.00012467521570779422,1.4719810590278427e-08
R,201301,0.0006358845937317291,-0.00010101238662849615,-0.0015538124299409007,5.253256617664782e-05,0.0001816090094395875,1.4719810590994099e-08
R,201401,0.0006358845945510443,-0.00010086518855845762,-0.0011008308360726197,4.0080861282824746e-05,-0.00022713591506333665,1.471981059099158e-08
R,201451,0.0006358845939466675,-0.0001007915894982354,-0.0010446076349325,4.166982488003821e-05,0.0002711528154412535,1.4719810590992621e-08
R,202001,0.0006357535884240734,-0.00010145398097025595,-0.0008306550120372688,4.125367333048908e-05,-0.00018487871394007045,1.4719810590273446e-08
R,202101,0.0006357535867793117,-0.00010130678267726012,-0.0014491080562557324,8.498938119216633e-05,0.0005231359419440219,1.4719810590278015e-08
R,202201,0.0006357535877163872,-0.00010115958469152023,-0.0021534931337445556,6.43508169024655e-05,0.00014032161741629577,1.4719810590278268e-08
R,202301,0.000635752358060259,-0.00010101238657671723,-0.0005102252554223654,5.920052887454165e-05,0.00012092828627939333,1.4719810369301176e-08
R,202401,0.0006357523603961481,-0.00010086445157506226,-0.0004571892799271534,1.73186277194124e-05,0.00011662813034490456,1.471980653889615e-08
R,202451,0.0006357523599179046,-0.00010079158941733433,-0.0007009773588202123,5.4216212651005275e-05,0.00020080989230447847,1.4719812012843814e-08
R,300001,0.002108328220799605,-0.00033611244039502693,-0.0012013178561881596,5.3845528769948295e-05,0.00024709566620785187,-1.6378969482791742e-06
R,300101,0.0021083282207219655,-0.00035249141093030635,-0.0024555797187769575,0.00047087527782741564,0.0005796057235565744,-1.6378969441237438e-06
R,300201,0.002108328219877184,-0.0003688703783530425,-0.003977207655167776,0.0001604954400449815,0.00017127805776915816,-1.6378969441237385e-06
R,300301,0.002108328220803057,-0.0003852493476393042,-0.0024242520438989925,0.00010928496933378265,5.2819650165400376e-05,-1.6378969441237479e-06
R,300401,0.0021083282209559697,-0.000401628318194357,-0.0010426620904624266,2.1863651133363723e-05,2.9700113359644636e-05,-1.6378969441237474e-06
R,300451,0.00210832821934726,-0.0004098178029140076,-0.0013714806636245188,3.2807231354192646e-05,0.00021454741509954625,-1.6378969441237474e-06
R,301001,0.002120202973396621,-0.0003361124403020316,-0.001272546037022507,3.8508787420679114e-05,0.00023020618093870884,-1.6378969441251137e-06
R,301101,0.002120202973548389,-0.0003524914097120392,-0.003886981745378771,6.591093805689154e-06,0.0006477728906188428,-1.6378969441237485e-06
R,301201,0.0021202029734007444,-0.0003688703792627534,-0.004163705537669648,4.689218139935249e-05,0.00018584865843314794,-1.6378969441237483e-06
R,301301,0.002120202973547659,-0.0003852493487352529,-0.0027125605082508678,4.9703923578700255e-05,0.0002604878989547221,-1.6378969441237479e-06
R,301401,0.0021202029733685427,-0.0004016283181621871,-0.001906747660226547,3.332358005243558e-05,-9.633443297409526e-05,-1.6378969441237474e-06
R,301451,0.0021202029718130565,-0.000409817802889861,-0.0019501604648292565,3.612694002340485e-05,0.00016687947326736943,-1.6378969441237476e-06
R,302001,0.0021347802548986722,-0.00033611244032903366,-0.0010640836092229353,5.0690960427084715e-05,-0.0001716963965303022,-1.637896944123709e-06
R,302101,0.002134780256618285,-0.0003524914098410012,-0.002218740419523564,7.779869293537747e-05,0.000568740170570957,-1.6378969441237485e-06
R,302201,0.0021347802562048214,-0.00036887037925800904,-0.0029595725228235698,7.219892640890247e-05,0.00021496860843139498,-1.6378969441237483e-06
R,302301,0.0021347802562055812,-0.0003852493486941403,-0.001339541909341738,7.724581292672149e-05,0.0002422349830125486,-1.6378969441237483e-06
R,302401,0.002134780256707623,-0.00040162831806703957,-0.001016347927912835,7.686690032651995e-05,5.673197835803154e-07,-1.6378969441237483e-06
R,302451,0.0021347802548507336,-0.000409817802878278,-0.0013682609463740115,6.057838808455447e-05,0.00022157296381498538,-1.6378969441237483e-06
R,400001,0.003544284386216975,-0.0005297749358110816,-0.00133263743171866,5.026427470423567e-06,0.0002871861691191914,-7.4190508168864e-11
R,400101,0.003544284385694068,-0.0005297756789539918,-0.0029799148135372967,1.74109134791539e-05,0.0005950361317186628,-7.419259635872825e-11
R,400201,0.0035442843858825663,-0.0005297764183323379,-0.004746400286804384,0.00044809992244640917,0.0002521718553425244,-7.419259636819755e-11
R,400301,0.0035442843862208157,-0.0005297771600664669,-0.003232533927618741,0.00047607990746489513,0.0001783963009007213,-7.419259636883312e-11
R,400401,0.003544284387474421,-0.000529777903604712,-0.0014192671532658639,1.368772798291682e-05,3.7194182610305597e-05,-7.419259636939724e-11
R,400451,0.003544284383947877,-0.0005297782745830508,-0.0019243011262644928,1.541256924008405e-05,0.0008468062622782729,-7.419259636771615e-11
R,400501,0.0035442843821260283,-0.0005297786461701878,-0.013056101058694487,-0.00012760449101852396,0.0013423215289718776,-7.419052800011904e-11
R,401001,0.0035442849245690316,-0.0005297749359653838,-0.0014892036872992751,5.266067579841118e-05,0.0002729017865318127,-7.419259697717966e-11
R,401101,0.0035442849234347987,-0.0005297756777380873,-0.004583740469861241,2.9909557017891634e-05,0.0006734832606806303,-7.419259636889737e-11
R,401201,0.003544284924211736,-0.0005297764198194063,-0.004907003192699361,3.2818189438718384e-05,0.0002135332089322974,-7.419259636969265e-11
R,401301,0.0035442849242333257,-0.0005297771617518996,-0.0034850509074130045,2.907280870672736e-05,0.00020648389610226586,-7.419259636926916e-11
R,401401,0.0035442849253801505,-0.0005297779035576594,-0.0024179768647167336,2.4329392824146882e-05,-0.000124253544056717,-7.419259636910424e-11
R,401451,0.003544284921054192,-0.0005297782745307646,-0.00272231122413769,2.3585258437593895e-05,0.0010514695538292563,-7.41925963683637e-11
R,401501,0.0035442849187835228,-0.000529778645676088,-0.01701490884591314,-2.1303449898532534e-05,0.0016440577591590186,-7.419052799864183e-11
R,402001,0.003544285585032724,-0.0005297749358124899,-0.0010187061696908574,4.928971667402758e-05,0.0004735425792028346,-7.419259636969337e-11
R,402101,0.003544285583760429,-0.0005297756776650277,-0.0027409465439845707,6.370049891270968e-05,0.00043264245246821053,-7.419259636923408e-11
R,402201,0.0035442855847441653,-0.000529776419595861,-0.003502628646040383,5.509325055567476e-05,0.00022989678023341146,-7.419259636931317e-11
R,402301,0.003544285584514986,-0.0005297771615108002,-0.001897881814978223,5.3645858035621916e-05,0.000210171952102184,-7.419259636916729e-11
R,402401,0.003544285585283793,-0.000529777903493519,-0.0013741736025146363,4.300476814031624e-05,-1.2773959254516624e-05,-7.419259636899762e-11
R,402451,0.0035442855821324775,-0.0005297782744359035,-0.001941419366006375,4.1176238508880215e-05,0.0008801072297832173,-7.419259636940255e-11
R,402501,0.0035442855802075763,-0.0005297786448655661,-0.013379062791173466,0.00015374070994944567,0.0013596094470947953,-7.419052799621473e-11
R,500001,0.00491468232939289,-0.0007371190898184883,-0.0014904173257005375,5.096037894570171e-05,8.203575166288619e-05,-1.5775402889364342e-08
R,500101,0.00491468233094771,-0.0007372768435251376,-0.0032439088886329084,-5.295395398150307e-05,0.0007742283820995891,-1.57754028695363e-08
R,500201,0.0049146823290343675,-0.0007374346003760071,-0.005193599635068175,0.0007454432920065058,0.00028380709418741895,-1.5775402869534662e-08
R,500301,0.004914682328254722,-0.0007375923545415063,-0.003711020088743535,0.0007770360358804656,1.80369616093188e-05,-1.577540286953335e-08
R,500401,0.004914682326623811,-0.0007377501056937792,-0.0016613997129670106,-1.3297923678551074e-05,-0.0005510437926369565,-1.5775402869534794e-08
R,500451,0.004914682332433775,-0.0007378289827210131,-0.002209176443804995,-9.414109156473572e-06,0.0011696590552874996,-1.5775402869537544e-08
R,500501,0.004914682333483836,-0.0007379078591292587,-0.01307170253193392,-0.00013036592944931373,0.0011314588166058163,-1.5775402869533087e-08
R,501001,0.004914796696511773,-0.0007371177738557066,-0.0016199991723659676,-2.1784676510091365e-05,-1.920501330247426e-06,-1.5775455397629625e-08
R,501101,0.00491479670310953,-0.0007372768437036779,-0.004950694525642333,1.2303948859244322e-05,0.0009096196635666563,-1.5775402869876777e-08
R,501201,0.004914796700215837,-0.0007374345976745432,-0.005298247042600714,-1.579744152923284e-05,0.00010932879997139801,-1.577540286953512e-08
R,501301,0.004914796700349442,-0.0007375923516928747,-0.0038993548091099408,-1.657271486510724e-05,0.00017456534952986374,-1.5775402869535985e-08
R,501401,0.004914796697623883,-0.0007377501057915804,-0.0026942394357294076,1.8654034636077794e-05,-0.0006817139370745526,-1.577540286953539e-08
R,501451,0.004914796705253846,-0.0007378289827996876,-0.003111025503799964,1.6676959616449655e-05,0.0014655107530676286,-1.577540286953661e-08
R,501501,0.004914796706378475,-0.0007379078596233585,-0.01703820781559204,-2.1480037232713123e-05,0.0013627126815734044,-1.5775402869534566e-08
R,502001,0.00491493710056903,-0.0007371190898220442,-0.0012794319293041232,5.698750580822935e-05,-0.0004696306658971027,-1.577540286955569e-08
R,502101,0.004914937103447565,-0.0007372768440178291,-0.003009956007119148,0.00011532993421277937,0.0008249068149214071,-1.577540286953505e-08
R,502201,0.004914937101185987,-0.000737434598007343,-0.003789356248169637,0.0001068661694361671,4.2705581559647585e-05,-1.577540286953555e-08
R,502301,0.004914937101432481,-0.0007375923520536373,-0.0021907372296680375,0.0001159710606158476,0.00016978217940790923,-1.5775402869535615e-08
R,502401,0.004914937099596856,-0.000737750105998584,-0.001562027449770304,9.013138384727594e-05,-0.00040671063934961493,-1.5775402869536177e-08
R,502451,0.004914937105305814,-0.000737828982991084,-0.002226276462000022,8.244158138798957e-05,0.0011867333550126544,-1.5775402869534824e-08
R,502501,0.0049149371063356585,-0.0007379078604338804,-0.013393943147921807,0.00015646849958553965,0.0011557419887081974,-1.577540286953699e-08
R,600003,0.0011104147242281214,-0.00031130719996672865,-0.00044375849735429267,-0.00010326790006274687,0.00020565961656156988,-4.709934138254969e-12
R,600004,0.002285361117356201,-0.0004482168369078011,-0.0009160140327121923,-0.0009633488616589849,0.00012708834736018874,-1.9737410915105632e-11
R,600005,0.003544284303179822,-0.0005297746251544809,-0.0018010715816565294,-0.0016405436807998407,7.684105839263378e-06,-9.728659223105841e-12
R,600006,0.004567201984684075,-0.0005619840728716699,-0.0007259034343844887,-9.986449623715901e-06,0.00016482977619054805,-1.0048497925921862e-11
R,601002,0.0003264582382023162,-0.00013998955033510765,-0.00035551487535803695,-5.706075634592688e-05,0.00044701846767651913,1.5687502551422273e-11
R,601003,0.001110414723870167,-0.00031130720345208003,-0.0008277476178919268,-0.0001628413316656206,0.0007815223685694096,-4.7099340734158084e-12
R,601004,0.002285361104349247,-0.00044821685881632744,-0.0013720934934690618,-0.00027979929754388873,0.0010402229412273107,-1.97374107765953e-11
R,601005,0.0035442842910968276,-0.0005297746395528966,-0.001897094978391318,-0.00040111988804354513,0.001208173148783302,-9.728659186558541e-12
R,601006,0.004567201962874873,-0.0005619840834241558,-0.0007259034628555184,-9.986445654129286e-06,0.00016482976493727763,-1.0043518348731593e-11
R,602002,0.0003264580043173409,-0.0001399895561394829,-0.0014785175490663052,0.0017282245327998318,9.575339092363972e-05,1.568750245318768e-11
R,602003,0.0011104147968411765,-0.00031130719996672897,-0.0008599225566817615,0.0010522270786966473,0.00020981453275575865,-4.7099342788578e-12
R,602004,0.0022853614216668218,-0.00044821683690781424,-0.0006538339526185839,0.00015221868750028885,0.0002899928928046684,-1.973738243433892e-11
R,603002,0.0003264579848491513,-0.0001399895503351017,-0.0004021590778281555,0.0002072073615679007,0.0005476445062721377,1.5687501451048086e-11
R,603003,0.0011104147999356029,-0.00031130720345208003,-0.0009474438243070317,0.00038134769098224357,0.0009654303769810581,-4.709934071541393e-12
R,603004,0.002285361423108433,-0.0004482168588163275,-0.0015924166337510186,0.0005730594185516763,0.0012998972275318258,-1.9737410775669596e-11
R,603005,0.0035442844482146733,-0.0005297746395528966,-0.0022262779309277798,0.0007606753910820279,0.001519049213113756,-9.728659189305529e-12
R,603006,0.004567202121625884,-0.0005619840841245141,-0.0007974337453499215,1.7444936368072124e-05,0.00017032319405692052,-1.0048357661878913e-11
R,605005,0.003544284447517677,-0.0005297749279235732,-0.0008418302507133168,-3.469300958690274e-05,1.813239909291467e-05,-9.739213689557443e-12
R,609002,3.1116350347348194e-11,1.2611597909024541e-11,-0.0002597633769746286,1.4622994071679354e-05,3.860433897890471e-05,-4.513157272736891e-13
R,612002,2.668202359043483e-11,1.2663087901650087e-11,-0.00037772924961549525,-0.00010389341119231352,-7.190716343265089e-05,-4.5107660898545826e-13
R,612003,0.0006359486245311724,-0.00010145766086419558,-0.0013966416339156315,-0.00011864110454647142,0.00012901357924963717,1.4719812695962386e-08
R,612004,0.0021154530725246198,-0.00033570296615795714,-0.0017583341112345353,6.634848585566178e-05,0.00018134393478035885,-1.637896948279186e-06
R,612005,0.0035442848165219225,-0.0005297749172634544,-0.0016025706806793284,0.00011342017596608606,0.00020558654866642182,-7.419050818307537e-11
R,612006,0.004914796692926835,-0.0007371164580537116,-0.0016199991719823943,-2.1784676985187195e-05,-1.9205041488927794e-06,-1.5775509015297065e-08
R,700001,4.0706013861195906e-13,-3.0824880644883024e-14,-5.2202886305491426e-11,1.478340649991395e-13,7.871841466896877e-13,1.981141412421532e-20
R,700002,4.870800275598703e-14,-3.881704273225388e-14,-5.3260258029604477e-11,1.583835988504673e-13,3.1415932884652284e-13,1.9811414124283272e-20
R,700003,-9.748827399315248e-14,6.005016365440019e-14,-4.348412521615611e-12,3.3940641042030665e-13,3.1038732511505366e-15,1.939083788811585e-15
R,700004,-6.45254763843985e-13,-1.4249710269062326e-13,-5.679029423810822e-11,2.9524148771172977e-13,-6.018714133428581e-13,1.98114141266376e-20
R,700005,-8.093456853636168e-14,-1.1486975025863712e-13,-6.888897982649218e-11,2.5877329256619696e-13,1.4303124213821897e-13,1.9811414124453873e-20
R,700006,1.3256521286216063e-14,-1.1096043894851538e-13,-7.407398043090655e-11,2.5361288158516906e-13,2.673634804089988e-13,1.9811414124276017e-20
R,700007,2.928473462830223e-13,-1.1769479233449886e-13,-4.181453699668038e-11,2.625023481108541e-13,6.36423455204632e-13,1.9811414124720913e-20
R,700008,6.712025518668058e-14,-1.2623623429059236e-13,-4.324539507417773e-11,2.7377693139066954e-13,3.3846369594602676e-13,1.9811414124206876e-20
R,701001,0.0003264579851597635,-0.00013998937956604564,-0.0013985926892392266,5.727707360584144e-05,-1.2402171101352358e-05,1.568750250569277e-11
R,701002,0.0003264579848706882,-0.00013998922269528862,-0.0014270769898033172,5.379630469627511e-05,0.00014366480639012552,1.5687502505746578e-11
R,701003,0.00032645798511266044,-0.00013998906376567165,-0.00014118012325232556,3.7774604259396305e-05,0.00018808311545308903,1.5691418477773503e-11
R,701004,0.0003264581239060426,-0.000139989497343275,-0.0015221718462971275,8.642439900955536e-06,0.0004458946130604296,1.5687502507610836e-11
R,701005,0.00032645812438249346,-0.00013998937966726988,-0.0018480956334298304,2.0674448824763144e-05,0.00020012588893981393,1.5687502505881667e-11
R,701006,0.0003264581245835813,-0.0001399892227907771,-0.001987773205917422,2.2376925096935952e-05,0.00015910445442964306,1.5687502505740833e-11
R,701007,0.0003264582384254724,-0.000139989379690767,-0.0011187432688992327,1.9444106571681115e-05,3.733910112872872e-05,1.5687502506093118e-11
R,701008,0.00032645823831142404,-0.00013998922282574787,-0.001157288834866754,1.572411919688809e-05,0.00013564616095276436,1.5687502505686084e-11
R,702001,0.0011104148000176705,-0.0003113072529244541,-0.0024975521856415474,5.459803900342073e-05,9.578384391520435e-05,-4.70993413138192e-12
R,702002,0.001110414800100917,-0.0003113073000199032,-0.0025568241664828003,5.273924882065466e-05,0.00022167976799094603,-4.7099341316225775e-12
R,702003,0.0011104147994909772,-0.0003113073466040065,-0.0003144668891096532,3.2662831929835886e-05,0.00016865377830138555,-4.708548535266362e-12
R,702004,0.0011104147582284597,-0.0003113072176532594,-0.002712292375436388,1.918176073033019e-06,0.00047576588900652503,-4.709934132068059e-12
R,702005,0.0011104147582161952,-0.0003113072529701651,-0.003299939531895898,1.0513571910623959e-05,0.0002682654050516802,-4.709934131497557e-12
R,702006,0.0011104147583370753,-0.0003113073000724727,-0.003543406188528071,1.115277750166585e-05,0.00018068896369709676,-4.70993413167086e-12
R,702007,0.001110414723979315,-0.0003113072530104671,-0.0020001886493622614,2.802699221247117e-07,0.00013387231857085594,-4.709934131598085e-12
R,702008,0.0011104147241349778,-0.0003113073001137375,-0.002071704209699282,-4.077454933049156e-06,0.00018354176085129376,-4.709934131760782e-12
R,703001,0.0022853614231659303,-0.00044821705894143777,-0.003297676784573201,5.254377147788091e-05,0.00014932582884616302,-1.9737410883512558e-11
R,703002,0.0022853614233447612,-0.0004482172563113472,-0.003384558810068221,5.0758116979220457e-05,0.00026913771171795223,-1.9737410883726087e-11
R,703003,0.0022853614239277315,-0.0004482174547971052,-0.0005260933712764406,1.382692546395007e-05,0.0004904547055349398,-1.973447818503382e-11
R,703004,0.002285361247472488,-0.00044821691087132594,-0.003575544336693593,-1.930858645558518e-05,0.0005513529728594281,-1.9737410883665082e-11
R,703005,0.0022853612474436403,-0.00044821705894398716,-0.004358148535809782,-3.96661206589181e-06,0.0003109257005603736,-1.973741088345611e-11
R,703006,0.0022853612474979324,-0.00044821725631816656,-0.004675477152778727,-3.5559616573907724e-06,0.00021725919800778768,-1.9737410883741858e-11
R,703007,0.002285361104414142,-0.0004482170589496325,-0.0026430700399305697,-2.2748982940209224e-05,0.00018727312073731203,-1.973741088342615e-11
R,703008,0.0022853611043837123,-0.00044821725632654137,-0.0027427225938559353,-2.8180123186649545e-05,0.0002177868669359114,-1.9737410883634893e-11
R,704001,0.0035442844476398535,-0.000529774734498271,-0.003799202853466111,3.197141708420826e-05,0.00011315520781587254,-9.728659235760906e-12
R,704002,0.0035442844482163113,-0.0005297748317886761,-0.003909954836369728,3.194153431263679e-05,0.0001611680057660943,-9.728659236091801e-12
R,704003,0.003544284447857975,-0.0005297749285026596,-0.0008418302068686043,-3.469300903653473e-05,1.8132397765614397e-05,-9.733935753822841e-12
R,704004,0.003544284361234665,-0.000529774661939001,-0.004116400497967384,-3.4924467462700944e-06,0.0005064141955465781,-9.72865923439751e-12
R,704005,0.00354428436157929,-0.0005297747346383118,-0.005023706496086037,-1.3223341187082498e-05,0.0003114773282002926,-9.728659236218455e-12
R,704006,0.0035442843617305947,-0.0005297748319284298,-0.005388065519171074,-1.2614915278595685e-05,0.00020025601561283066,-9.728659236143994e-12
R,704007,0.00354428429065341,-0.0005297747347403766,-0.003046613673453732,-2.5915263588871943e-05,0.00014802214733387181,-9.728659236605887e-12
R,704008,0.0035442842911382797,-0.0005297748320314535,-0.0031700226223013994,-3.149240547784233e-05,0.00021094433967795795,-9.728659236201792e-12
R,705001,0.004567202128346388,-0.0005619841861203769,-0.00400307671906289,7.275101018076405e-05,0.0002804727091182139,-1.0048497925506083e-11
R,705002,0.00456720212815528,-0.0005619842865973747,-0.004146534736272241,6.930482478025764e-05,0.0001492296709124944,-1.004849792539326e-11
R,705003,0.004567202128353063,-0.000561984386838062,-0.0008495194050006043,2.954705691804098e-05,0.0003784026194865441,-1.0048497925524608e-11
R,705004,0.00456720204056097,-0.0005619841101045549,-0.004335723608422948,-0.00017577773874697376,0.0006041604269322285,-1.004849793047324e-11
R,705005,0.004567202039216685,-0.0005619841857468065,-0.0052991468826335784,-4.4749005189011765e-05,0.00021364448003780205,-1.004849792543815e-11
R,705006,0.004567202038594928,-0.0005619842862306,-0.005685088209631868,-4.587384653215028e-05,5.408261968325381e-05,-1.0048497925318487e-11
R,705007,0.004567201966098935,-0.0005619841855724721,-0.0032101779975796246,-0.00010798193581044504,0.0002611921345600532,-1.0048497925473213e-11
R,705008,0.004567201965828609,-0.0005619842860276901,-0.0033537531513883195,-0.00011536615719171657,8.053919730535308e-05,-1.0048497925243603e-11
R,900000,0.000326458237009676,-0.00013998955055900364,-0.0002450284644095425,2.2612885884596877e-05,0.000140059979885298,1.5687253022353277e-11
R,900001,3.026332645963018e-11,8.602743139467504e-12,-0.0002593765848278383,-5.831782970549815e-06,-4.04348518557433e-05,-3.8581196167922355e-13
R,900002,3.8827188898843207e-11,1.7131861130097495e-11,-0.0005768690234380799,-2.0212416759370414e-05,-0.00019779640974028128,-3.2268039206554333e-13
R,900003,0.00032645798813250875,-0.0001399895503276505,-0.000271911747883472,4.0297816927443854e-05,0.00014359339343678957,1.5687086865213124e-11
R,900004,3.6939376824186004e-11,1.3842173002055329e-11,-0.00033098283794442767,-3.857297860999519e-05,-0.00010414954234438553,-3.81286399082105e-13
R,900005,0.0003264580517563484,-0.00013998955613948362,-0.00853970505801291,0.0021356495664054728,-2.082047499075609e-05,1.5687502551422273e-11
R,900006,0.0003264580517563484,-0.00013998943848321445,-0.009684089174956998,-0.000397902374492964,0.0003000988674737785,1.5687502551422273e-11
R,900007,0.0003264581712951178,-0.00013998955613948343,-0.007963491261098762,-0.0021390203906243386,-0.001031542071555334,1.5687502548401943e-11
R,900008,0.0003264581712951178,-0.00013998943848321442,-0.004200741984128227,0.0003096673687775493,2.261985000904246e-05,1.5687502551422273e-11
R,900009,0.0003264582382023163,-0.00013998949731134903,-0.0037931857531005586,-0.000784890244830168,0.0008941159378250527,1.5687502551422273e-11
R,900010,0.00032645798484915,-0.00013998949731134903,-0.004887048056417511,0.0017319486072023384,0.0012152691052401334,1.568750255142226e-11
R,900011,0.0003264582382023162,-0.00013998943848321445,-0.003965508039379294,-0.00024219022365165244,-0.0007649346416050263,1.5687502551356496e-11
R,900012,0.00032645798484915004,-0.00013998943848321445,-0.005311522685908651,0.0017099504051788239,-0.000993778731856431,1.568750255158638e-11
R,900013,0.00032645823820231617,-0.00013998930121756717,-0.0037870356728060615,-0.0005832605967967964,-3.7551824727431266e-05,1.56875025514119e-11
R,900014,0.00032645798484915,-0.00013998930121756712,-0.0046917349651801055,0.00043908609905657625,-2.8634549374921108e-05,1.5687502551417846e-11
R,900015,0.00032645822973204964,-0.00013998914430009138,-0.004362939315318935,-0.0006423280304011696,-4.566997643421032e-05,1.580530199345336e-11
R,900016,0.0003264579763788902,-0.00013998914430009138,-0.005472473587864463,0.00046738266007021666,-3.315635588528693e-05,1.5805301997858792e-11
R,900017,0.0006360519566300611,-0.0001013067813593898,-0.013358340560361094,0.0033599158738352505,0.0025611919121587895,1.4719812554980234e-08
R,900018,0.0006360519566464048,-0.00010119652885123445,-0.03497289190658561,0.005778056431152395,0.0025240343216922745,1.4719812554979526e-08
R,900019,0.0006359913119879905,-0.00010123318372058261,-0.0069673914956486565,9.435887177063128e-05,0.00023632504576120435,1.471981269592185e-08
R,900020,0.0006357535870129512,-0.00010123318372058261,-0.005421174613178891,0.0004818042638882913,-6.0447748144043637e-05,1.4719812695922615e-08
R,900021,0.0006359913119879906,-0.00010108598559362338,-0.004257692030880405,-0.0004870172754379953,-0.00024579801008837277,1.4719812695922627e-08
R,900022,0.0006357535870129159,-0.00010108598559362337,-0.004493908182139038,0.00042725972862621176,-0.00031177432572190183,1.4719812695922753e-08
R,900023,0.0006359913119879906,-0.0001011965313869697,-0.005428380901289236,0.007512966025453894,-0.0012508409085195695,1.4719812695920824e-08
R,900024,0.0006359913119879906,-0.00010093878746666385,-0.0035948464246643875,-0.0005412696384868076,-0.00020393496474576794,1.471981269668533e-08
R,900025,0.0006357535870128805,-0.00010093878746666385,-0.003633268232468206,0.0004979461293247556,-6.73209105502188e-05,1.4719812696686763e-08
R,900026,0.002104298994306839,-0.00036887037936061045,-0.005439106186323926,0.0008117802198834493,0.001528281357668334,-1.6378969482791672e-06
R,900027,0.002108328220799605,-0.0003770598641020063,-0.0074251337080909925,0.0010138576084450697,-0.00028838957767941386,-1.6378969482791738e-06
R,900028,0.002104298994306839,-0.0003770598641020063,-0.011033142390180472,0.001691790937916148,-0.00020462899207398345,-1.6378969482791742e-06
R,900029,0.002104298994306839,-0.00038524934884340213,-0.003768628030413196,0.000765758125824969,-0.0017431916399377819,-1.6378969482791744e-06
R,900030,0.003544284203708325,-0.0005297756777161633,-0.003691679694525543,0.00042601054391260213,0.0013307086015594916,-7.419050816486927e-11
R,900031,0.003544284386216975,-0.0005297758409352812,-0.005378981076188846,0.00030350991325961944,0.001178165180869577,-7.419050816222677e-11
R,900032,0.003544284203708325,-0.0005297758409352814,-0.006689103685222802,0.0006463872683413051,0.001371152608751547,-7.419050816886401e-11
R,900033,0.0035442849240981595,-0.0005297758409352813,-0.007457681184451537,-0.0005367347214951865,0.0014920642163486972,-7.419050816873838e-11
R,900034,0.00354428408071589,-0.0005297764182504921,-0.016055394893232648,0.0032372187340910918,-1.8942784769698426e-05,-7.419050950654152e-11
R,900035,0.003544284080717753,-0.0005297771600854109,-0.015122104681110731,0.0033991234466880476,-2.00072965505029e-05,-7.41905095074547e-11
R,900036,0.003544284386216975,-0.0005297784635697452,-0.007487300052807021,-0.0003615071223678261,0.0027929820573600952,-7.41905081716633e-11
R,900037,0.0035442855843936826,-0.0005297784635697452,-0.00769464965179687,0.00031397284749733585,0.002871224692730501,-7.419050816661623e-11
R,900038,0.004914682329392891,-0.0007373557208618289,-0.008605558226294321,-0.0003962384924373854,2.730203140829955e-05,-1.577540288936727e-08
R,900039,0.004914937102149553,-0.0007373557208618288,-0.00785903085964998,0.00047495127727721604,-0.00010022509803879598,-1.57754028893643e-08
R,900040,0.004914682329392891,-0.0007375134748907225,-0.009700807546773636,-3.6236863688756185e-05,-0.0002978004698675953,-1.5775402889364484e-08
R,900041,0.004914937102149553,-0.0007375134748907226,-0.0062985440924877316,0.0004661623645866346,-0.0002928873499229267,-1.577540288936436e-08
R,900042,0.00491468232939289,-0.0007376712289196161,-0.0076789234276847616,-0.0003531890070467757,-0.0001738557708135436,-1.577540288936136e-08
R,900043,0.004914937102149553,-0.000737671228919616,-0.0060801764488066685,0.0005334223832904778,-3.511813687196099e-05,-1.5775402889364256e-08
R,900044,0.004914682329392891,-0.0007378692102258776,-0.008024014712709951,-0.00047565548629774856,0.0026781627265517896,-1.5775402889361652e-08
R,900045,0.004914937102149554,-0.0007378692102258777,-0.008214693765751636,0.0004209493329405477,0.0027586034700079333,-1.5775402889366208e-08
R,900046,0.004914617334569178,-0.0007374345992470284,-0.016085914250345442,0.0029566496600336146,-1.661835518382829e-05,-1.5775402888024776e-08
R,900047,0.004914617334567314,-0.0007375923533460849,-0.01515300218451452,0.0031064931626645564,-2.3834479349937408e-05,-1.577540288802266e-08
R,900048,0.001110414726628655,-0.0003113072013366032,-0.00044048011133976216,1.763536913964627e-05,0.0002252543033043245,-4.709743531074454e-12
R,900049,0.000635991325165644,-0.00010145766581010235,-0.000811606346360472,-4.500092251752065e-06,0.00013277167344036972,1.4719977516295302e-08
R,900050,0.0006358846060932169,-0.00010145765741693525,-0.0009292844151008997,1.4457607189725281e-05,0.00012337643796353837,1.4719999468018943e-08
R,900051,0.0011104148012526375,-0.00031130720137620795,-0.0004877510929018852,2.94469018625407e-05,0.00022661855000841624,-4.709723595220859e-12
R,900052,0.0006357535993284786,-0.0001014576609278178,-0.0009064951191182247,1.7226400955428318e-05,-0.00041495837640109876,1.4719989236509655e-08
R,900053,0.0011104147798477336,-0.0003113071999667287,-0.00891478375938988,0.002207000204363403,0.00011753311076551696,-4.709934138254971e-12
R,900054,0.0011104147798477336,-0.0003113072352912347,-0.010863651809987206,-0.0003277280426103348,0.00037602286111782,-4.709934138254969e-12
R,900055,0.0011104147439580357,-0.0003113071999667287,-0.00837927710940348,-0.0021975560781036965,-0.0008743685777199986,-4.70993413825497e-12
R,900056,0.0011104147439580355,-0.00031130723529123466,-0.005365886502382232,0.000226844829729892,6.509816985243574e-05,-4.70993413825497e-12
R,900057,0.0011104147238701664,-0.00031130721762898166,-0.004232914439920178,-0.0008969425065627207,0.0009428769911954116,-4.709934138254969e-12
R,900058,0.0011104147999356025,-0.00031130721762898166,-0.0053666471826343395,0.0018127279278069828,0.001278364961550883,-4.709934138254968e-12
R,900059,0.0011104147238701664,-0.00031130723529123466,-0.004591278654055929,-0.0003878425205871844,-0.0007129488851094544,-4.709934138359994e-12
R,900060,0.0011104147999356025,-0.00031130723529123466,-0.0060655447523211455,0.001822119538104232,-0.0009127454051903929,-4.7099341382014535e-12
R,900061,0.0011104147238701664,-0.00031130727650315846,-0.00475615707803986,-0.0006865018081083833,-6.864594436916822e-05,-4.709934138259041e-12
R,900062,0.0011104147999356025,-0.0003113072765031584,-0.005852097413532164,0.0005118033941257522,-7.048699274531956e-05,-4.7099341382509324e-12
R,900063,0.0011104147115608032,-0.00031130732353887747,-0.004953940827888511,-0.0006339203966728762,-0.0001557680760105821,-4.5333706235589084e-12
R,900064,0.0011104147876200695,-0.00031130732353887747,-0.006835241341207787,0.0003723580216759749,-4.469218070723521e-05,-4.5333706193584465e-12
R,900065,0.0022853611068611624,-0.0004482168434919287,-0.0005860280705641871,9.71697320510065e-06,0.0002878091908757784,-1.9737202615461177e-11
R,900066,0.00210832822466752,-0.0003357029690658834,-0.0011431523791929957,2.9699990538231243e-05,0.00022470823216363907,-1.6378968455879395e-06
R,900067,0.002120202977391271,-0.0003357029627784345,-0.0012241874769214301,2.8761694909868382e-05,0.00015243440319150537,-1.6378968508135506e-06
R,900068,0.0022853614198139385,-0.00044821684353594783,-0.0006473287449840857,2.5354361207799566e-05,0.0002912869448714945,-1.9737159034685634e-11
R,900069,0.0021347802604212815,-0.00033570296619345397,-0.0011381013942251478,2.310311176162426e-05,-0.0004132727991495829,-1.637896848499746e-06
R,900070,0.0022853613389283755,-0.0004482168369078012,-0.00924192352477163,0.002255194485609302,0.00021568239603569008,-1.9737410915103687e-11
R,900071,0.0022853613389283755,-0.00044821698493838295,-0.011776096506352411,-0.00027555720661553637,0.0004334540075526076,-1.973741091510563e-11
R,900072,0.0022853611885293047,-0.0004482168369078011,-0.008634330933541611,-0.0022249480713798166,-0.0007523644018313383,-1.9737410915105636e-11
R,900073,0.0022853611885293042,-0.000448216984938383,-0.006256369443342083,0.00016277013738663103,0.00011153048036439938,-1.9737410915105632e-11
R,900074,0.002285361104349247,-0.0004482169109230921,-0.004577586293208369,-0.000968378536082025,0.0009824204942190792,-1.973741091510563e-11
R,900075,0.0022853614231084333,-0.0004482169109230921,-0.005756866131713255,0.0018757092846668412,0.001331520920886997,-1.973741091510563e-11
R,900076,0.0022853611043492468,-0.00044821698493838295,-0.0050790596472774655,-0.0004954485765013173,-0.0006765073103333364,-1.9737410915098185e-11
R,900077,0.0022853614231084325,-0.00044821698493838295,-0.0066653556871400605,0.0019042858921896567,-0.0008574311876006331,-1.9737410915083076e-11
R,900078,0.0022853611043492468,-0.0004482171576407286,-0.005444135923093872,-0.0007590146644183561,-8.631194027486277e-05,-1.9737410915108534e-11
R,900079,0.002285361423108433,-0.0004482171576407285,-0.006679407953193857,0.0005619596048635438,-9.156735323570451e-05,-1.9737410915101277e-11
R,900080,0.0022853610997559614,-0.0004482173549793405,-0.005406941019568079,-0.0006852859584919506,-0.00023668544614254187,-1.9640181301945113e-11
R,900081,0.0022853614192014627,-0.0004482173549793405,-0.00745603880586728,0.00040094545805758626,-0.00014017960526414193,-1.9640181299374568e-11
R,900082,0.0035442842914230415,-0.0005297746282430908,-0.0006813584637475648,2.9599705664721516e-06,0.0002791455233097912,-9.728380929629273e-12
R,900083,0.003544284386984128,-0.0005297749187781557,-0.001267463733781983,1.4040837255738206e-05,0.00024570404199193723,-7.419251310661287e-11
R,900084,0.003544284924793939,-0.0005297749159528019,-0.0014301031752612405,2.643587746809978e-05,0.0001955571753350429,-7.418877876403848e-11
R,900085,0.0035442844456240567,-0.0005297746280108716,-0.0007505675533611824,1.2475126030515053e-05,0.0002797492464616122,-9.728546693500887e-12
R,900086,0.0035442855843931783,-0.0005297749172634913,-0.0009109568010830689,4.495527162956849e-05,0.0003663352457584899,-7.419050134944771e-11
R,900087,0.003544284406721942,-0.000529774625154481,-0.009347554428287247,0.0022572990750021854,0.00028470045807365484,-9.72865921654362e-12
R,900088,0.0035442844067219417,-0.0005297746981194251,-0.012304794419668154,-0.00025704252568178214,0.00047723081439405294,-9.72865922310584e-12
R,900089,0.0035442843325895587,-0.000529774625154481,-0.008738681671751168,-0.0022078375733490204,-0.0006530468643808698,-9.72865922310584e-12
R,900090,0.0035442843325895583,-0.0005297746981194251,-0.006817317637737642,0.00014339767403106007,0.00013392979577393877,-9.728659223105841e-12
R,900091,0.0035442842910968276,-0.000529774661636953,-0.004771035763118052,-0.001020891022533235,0.001027262263037589,-9.728659223105838e-12
R,900092,0.0035442844482146737,-0.000529774661636953,-0.005945764376309238,0.0019082528246407693,0.0013766762936015366,-9.728659223105838e-12
R,900093,0.003544284291096827,-0.000529774698119425,-0.0054613135956062524,-0.0005478023474519189,-0.0006359511358273598,-9.728659223361086e-12
R,900094,0.0035442844482146733,-0.000529774698119425,-0.0070800943395728615,0.001934316707378974,-0.0007972106410388145,-9.728659222914837e-12
R,900095,0.0035442842910968267,-0.0005297747832451933,-0.005824172275364818,-0.0008143526424038881,-7.123586254041189e-05,-9.72865922311049e-12
R,900096,0.003544284448214674,-0.0005297747832451933,-0.007259151719341121,0.0005891720799844463,-5.2016488739933654e-05,-9.728659223109793e-12
R,900097,0.0035442842910968293,-0.0005297748805317855,-0.0056748949918556625,-0.0007370374835047628,-0.0002835097924270851,-9.728659109351566e-12
R,900098,0.0035442844482146737,-0.0005297748805317856,-0.0064116416787395256,0.000594874962748378,-0.00044407975120262853,-9.728659219925396e-12
R,900099,0.004567201966336741,-0.0005619840757235893,-0.0007259034341654611,-9.98644617981835e-06,0.00016482976937172154,-1.0037628834768792e-11
R,900100,0.0049146823182441195,-0.0007371151462942109,-0.001474025775713657,6.1013993374785445e-05,5.122726336582491e-05,-1.577553925430526e-08
R,900101,0.004567202121480889,-0.0005619840765903128,-0.0007974337152882924,1.7444936491767063e-05,0.00017032319697323208,-1.0048567205496535e-11
R,900102,0.004914937093127245,-0.0007371151459146938,-0.0014180259896054478,5.2330449598558946e-05,-0.0006336171413915823,-1.577555021109213e-08
R,900103,0.0045672020857719636,-0.00056198407287167,-0.006668362200123231,0.0013314145306361038,0.0003928172911715965,-1.0048497907814298e-11
R,900104,0.0045672020857719636,-0.0005619841482354043,-0.010031598607645393,0.00010699066886609198,0.0004907462603873575,-1.0048497925921862e-11
R,900105,0.00456720200920241,-0.0005619840728716698,-0.0032624190525416407,-0.0014908426016575112,0.0004614922353126815,-1.004849792592187e-11
R,900106,0.004567202009202409,-0.0005619841482354043,-0.006629542826058113,-0.00014099988332487778,0.00041943537144688563,-1.0048497925921862e-11
R,900107,0.004567201966345566,-0.000561984110553537,-0.0017607439369506815,-0.0010971083996861245,0.0007181727453768953,-1.0048497983652296e-11
R,900108,0.004567202128628807,-0.000561984110553537,-0.0021441089761812136,0.0020528932653570745,0.0009620175813636839,-1.0048497978601677e-11
R,900109,0.004567201966345566,-0.0005619841482354043,-0.0035379806235163536,-0.001003603706878597,4.63802625320835e-05,-1.0048497925286324e-11
R,900110,0.004567202128628807,-0.0005619841482354043,-0.0045577415905029535,0.0018458896080675994,6.270237837207764e-05,-1.0048497926296223e-11
R,900111,0.004567201966345566,-0.0005619842361597612,-0.00565026107578324,-0.0006666510250670317,-6.374396853922428e-05,-1.0048497925891006e-11
R,900112,0.004567202128628807,-0.0005619842361597611,-0.007002258158791109,0.00046142903997708654,-8.573232595362935e-05,-1.0048497925913584e-11
R,900113,0.004567201975361272,-0.0005619843366978339,-0.0050447051259240394,-0.0005386862507657214,-0.00022451783213744167,-1.0195844183773097e-11
R,900114,0.004567202137651119,-0.0005619843366978337,-0.0070838420773397985,0.0002678057273992141,-0.00015201330130039674,-1.0195844183019172e-11
R,900115,0.0021015800863589318,-0.0003524914113024911,-0.013370835606418309,0.003095450569893391,0.0025599128627267578,-1.6378969481382307e-06
R,900116,0.0021015800863425885,-0.00036475926055616495,-0.03497953262135248,0.005618989322367266,0.0025244710030830324,-1.637896948138231e-06
R,900117,0.002108328220799605,-0.00036068089461921464,-0.007641618710322923,3.095438741108592e-05,0.0002047274185927736,-1.6378969482791731e-06
R,900118,0.002134780256514314,-0.00036068089461921464,-0.006177121857786828,0.0005231933268070511,-8.498682458494456e-05,-1.6378969482791738e-06
R,900119,0.002134780256514314,-0.0003770598641020063,-0.005273107404165718,0.000518077095669968,-0.00035724140078385234,-1.637896948279174e-06
R,900120,0.002108328220799605,-0.0003647592580204298,-0.006124179357714218,0.007350148688628206,-0.0011827292597067756,-1.6378969482791672e-06
R,900121,0.002108328220799605,-0.0003934388335847981,-0.004356118295244829,-0.0005625418590318452,-0.00022768403824290127,-1.6378969482791752e-06
R,900122,0.002134780256514314,-0.0003934388335847981,-0.004624642745547259,0.000495562855652685,-0.00010930008406204919,-1.6378969482791738e-06
R,900123,0.0035442843862169755,-0.0005297760486687041,-0.007116448026097263,-0.00045725461567972913,-8.182619010726385e-05,-7.419050816752406e-11
R,900124,0.003544285584393681,-0.0005297760486687041,-0.006452130919678739,0.0005470944832892603,-5.18699068837409e-05,-7.419050816888348e-11
R,900125,0.0035442843862169755,-0.0005297767905737858,-0.00702407929930436,-0.00029219569839105075,-0.0003346763641249667,-7.419050816867954e-11
R,900126,0.0035442855843936813,-0.0005297767905737858,-0.005786661539460736,0.00043620964737210705,-0.00035065551050001965,-7.419050816886701e-11
R,900127,0.0035442843862169755,-0.0005297775324788675,-0.004913065194162478,-0.0005033956419062996,-0.000325481919140969,-7.419050817055004e-11
R,900128,0.0035442855843936813,-0.0005297775324788675,-0.004986629852696753,0.00047078019694556507,-0.00012802660468328716,-7.419050816893726e-11
R,900129,0.00032645812446792274,-0.00013998943848321442,-0.003859164259794256,-0.0006411004503339446,-9.442326620378033e-05,1.568750255145865e-11
R,900130,0.0003264581244679227,-0.00013998930121756714,-0.007036026511544679,-0.0001274707051108098,-6.867707022969789e-05,1.5687502551423792e-11
R,900131,0.0003264581159976593,-0.00013998914430009136,-0.007945265578000143,-0.00014601817089041324,1.1921374669349195e-06,1.5805301999886076e-11
R,900132,0.0003264580517563484,-0.000139989497311349,-0.008699517544423382,-0.0008386014605009693,0.00016374807591187305,1.5687502550217077e-11
R,900133,0.0003264581712951178,-0.000139989497311349,-0.004740335553792805,0.0009479893107773492,-0.0004905782300116666,1.5687502554328084e-11
R,900134,0.0006358845933459449,-0.00010123318372058261,-0.008216888656309412,-6.317159635963313e-05,-0.00016592633547185868,1.4719812695922837e-08
R,900135,0.000635884593345945,-0.00010108598559362338,-0.006908315608524907,-7.832249919968554e-05,-0.00029938043471227434,1.4719812695922772e-08
R,900136,0.000635884593345945,-0.00010093878746666416,-0.006507340846996784,-7.445570801112034e-05,-5.700142955977306e-05,1.4719812695922708e-08
R,900137,0.003544284924098159,-0.000529778463569745,-0.009951471994112109,-6.69822684659199e-05,0.0036115790337930406,-7.419050816973807e-11
R,900138,0.004914796701063838,-0.0007373557208618288,-0.010723795616549167,-2.1731764135999887e-05,-0.00020172949177941235,-1.5775402889364282e-08
R,900139,0.004914796701063838,-0.0007375134748907227,-0.009649437721976328,0.0001606480865268285,-0.00028088229152341905,-1.5775402889364335e-08
R,900140,0.004914796701063838,-0.000737671228919616,-0.009463957595518163,2.9423405443782747e-05,-5.427195204420609e-05,-1.5775402889364418e-08
R,900141,0.00491479670106384,-0.0007378692102258776,-0.010670792343721402,-7.59859614026131e-05,0.0034587480065171585,-1.5775402889363468e-08
R,900142,0.0011104147580171888,-0.00031130723529123466,-0.00515431826268849,-0.0006546692475337448,-6.635012482702113e-05,-4.70993413824096e-12
R,900143,0.0011104147580171886,-0.0003113072765031584,-0.008579269409940544,-0.000151527450048446,-7.568694823321452e-05,-4.709934138258044e-12
R,900144,0.0011104147457050558,-0.0003113073235388774,-0.008589528236371958,-0.00018632353722337425,-0.00026075714019205065,-4.533370617485282e-12
R,900145,0.0011104147798477338,-0.0003113072176289817,-0.009554927732035146,-0.0007377971383573454,0.00027066504945230397,-4.709934137801808e-12
R,900146,0.0011104147439580355,-0.00031130721762898166,-0.005674808660080658,0.0008265087011854573,-0.0003911562288459528,-4.709934139347577e-12
R,900147,0.002285361247445476,-0.00044821698493838295,-0.006151381051281464,-0.0006673233434057329,-5.657627796537658e-05,-1.9737410915183197e-11
R,900148,0.002285361247445476,-0.00044821715764072854,-0.009669161766032868,-0.00016870354274964547,-8.446833373240821e-05,-1.9737410915105703e-11
R,900149,0.0022853612431602884,-0.0004482173549793405,-0.00934014670684334,-0.00020236673372071184,-0.0003955817888119871,-1.9640181297378268e-11
R,900150,0.0022853613389283763,-0.0004482169109230921,-0.01022538651113494,-0.0006682151948019827,0.0003487336291514807,-1.9737410915047694e-11
R,900151,0.0022853611885293042,-0.0004482169109230921,-0.006342135183708146,0.0007433255218136571,-0.0003063882566576685,-1.973741091524533e-11
R,900152,0.0035442843616296064,-0.000529774698119425,-0.006721120768158388,-0.0006625628599562556,-2.0582996696238418e-05,-9.72865922261623e-12
R,900153,0.003544284361629607,-0.0005297747832451933,-0.010370986183486888,-0.00018680956117170258,-7.322541659593645e-05,-9.728659223109497e-12
R,900154,0.0035442843616296208,-0.0005297748805317855,-0.009710445345460842,-0.00013781665581022386,-0.00047683785511195236,-9.728659107086674e-12
R,900155,0.003544284406721942,-0.0005297746616369531,-0.010574754326438394,-0.0006220055233391591,0.00040477691944064496,-9.728659223952963e-12
R,900156,0.0035442843325895587,-0.000529774661636953,-0.006772386039435435,0.000683295443571818,-0.0002460912193481786,-9.728659221063361e-12
R,900157,0.004567202039197175,-0.0005619841482354043,-0.006711760107749188,-0.0004197379015812549,-7.940188556399774e-06,-1.0048497926435218e-11
R,900158,0.004567202039197176,-0.0005619842361597612,-0.009377493647789338,-0.0001624318343297097,-9.367733708988368e-06,-1.0048497925920632e-11
R,900159,0.004567202048215847,-0.0005619843366978342,-0.008189028759535508,-0.00018329850868861448,-0.0004585984162724975,-1.0195845286681691e-11
R,900160,0.0045672020857719636,-0.0005619841105535371,-0.008221282629092136,2.9877530800596753e-05,0.00045406779041142886,-1.0048497922996617e-11
R,900161,0.00456720200920241,-0.000561984110553537,-0.004994735494025168,-6.884351700381288e-06,0.00045489776978612466,-1.004849793297484e-11
R,900162,0.0021202029736746295,-0.00036068089461921464,-0.009202588082290929,-7.273476315269087e-05,-0.0001656729503592482,-1.6378969482791744e-06
R,900163,0.0021202029736746295,-0.0003770598641020063,-0.007772066759262245,-0.00023947798322197233,-0.000329205444798178,-1.6378969482791744e-06
R,900164,0.0021202029736746295,-0.0003934388335847981,-0.007422607113072971,-9.110169929588972e-05,-0.00016197427820396817,-1.6378969482791744e-06
R,900165,0.003544284924098159,-0.000529776048668704,-0.009686781910490988,-5.409454132247557e-05,-0.00026509053325157305,-7.419050816906586e-11
R,900166,0.0035442849240981586,-0.0005297767905737858,-0.008545418038075079,1.8165560993732723e-05,-0.0003184164451084889,-7.419050816888521e-11
R,900167,0.0035442849240981586,-0.0005297775324788675,-0.0076824531193097605,-7.637268665573247e-05,-0.00018090353770371483,-7.419050816875383e-11
EXG,1,-1.4694974424142154e-13,-2.6542772631374447e-16,-5.0679835402722425e-14,-1.9620319269674807e-14,-2.5533218430509423e-13,1.637961848555662e-16
EXG,101,-1.2260425278586055e-13,6.839305001024755e-15,-6.813943677333915e-14,-1.008406219449622e-14,-2.2616240756527028e-13,3.606378072268344e-16
EXG,201,-1.9776603506920962e-13,2.7501390575872207e-15,-2.5674671549552122e-14,-3.630194188624576e-15,-2.610511463594519e-13,-9.980402658780882e-22
EXG,1001,-1.0480694119537368e-13,7.470116276168165e-15,-7.000532612988416e-13,1.2062500181694666e-15,-1.7231251192980585e-13,-1.8454487362418903e-16
EXG,1101,-1.4805436720773496e-13,1.3549108599709265e-15,-1.35251788106782e-13,-1.788499025441205e-15,-1.954317406321576e-13,-9.980402660454752e-22
EXG,1201,-1.9597936775979415e-13,3.0381656028079372e-15,1.4550850609996023e-14,-4.010389226061336e-15,-2.5869274113957293e-13,-9.980402658780882e-22
EXG,2001,-8.63256937018459e-14,-2.3752378119905307e-15,-9.649520848031085e-14,5.7431698748076274e-15,-1.4718684669079765e-13,-8.22769582930557e-17
EXG,2101,-1.2952509371786938e-13,9.06148453741414e-16,-3.303706072250122e-14,-2.9039522802672643e-15,-2.377098004714629e-13,-4.724045114168171e-16
EXG,2201,-1.9844704923853606e-13,3.5331716211524034e-15,6.805833543745474e-14,-4.66379716640127e-15,-2.6195007528869497e-13,-9.980402658780882e-22
EXG,100001,2.4427452483553704e-11,2.9724239292602714e-11,-3.51152196501152e-06,1.701937880373034e-05,4.4657239677858455e-05,-7.903031328716996e-13
EXG,100101,2.4666872302939342e-11,2.1710347948200056e-11,-1.9945255782422696e-06,8.434426810972402e-07,1.5248524545248919e-05,-7.909555537358388e-13
EXG,100201,2.481027628403236e-11,1.3909041347691918e-11,-6.916442388462798e-07,1.1977140095299333e-06,8.612967183573439e-05,-7.902898336069643e-13
EXG,100301,1.2389741830171162e-11,3.000172287944191e-12,-8.306180338237331e-14,2.1918489270378434e-14,1.0035584672047743e-12,-3.9514491755201234e-13
EXG,100401,1.4925819569100188e-11,-1.1482841292002975e-12,1.5625042232820176e-12,1.32826003022818e-13,2.676361245123845e-12,-4.776329928029542e-13
EXG,100451,1.2389307662410255e-11,-2.9291070783484475e-12,-2.4209804068606492e-12,2.7093096608788414e-14,1.002412264282318e-12,-3.951449175520127e-13
EXG,101001,3.0329439033650075e-11,2.972417868202002e-11,-2.6561076714110838e-05,-1.463566724099969e-06,3.4957650846034745e-05,-7.902898819240751e-13
EXG,101101,3.054216937481805e-11,2.181493342492506e-11,-3.643517692414078e-06,5.900701392021147e-07,6.44796021339464e-05,-7.902898337395083e-13
EXG,101201,3.053287160455551e-11,1.3907889241509216e-11,3.919821126160496e-07,1.323153285880564e-06,8.535155806602325e-05,-7.902898336069643e-13
EXG,101301,1.524871016710641e-11,3.0051124850627072e-12,5.888402142998417e-14,8.87636891400547e-15,9.87975465601235e-13,-3.9514491755201193e-13
EXG,101401,1.528828307060052e-11,-9.521476779368656e-13,1.5760849360009925e-12,2.396125275056234e-14,1.092447930541211e-12,-3.9514491755201193e-13
EXG,101451,1.523652529796399e-11,-2.931820103436814e-12,-2.325001773801992e-12,3.425548282189584e-14,9.558074111389341e-13,-3.9514491755201193e-13
EXG,102001,3.7541020882871156e-11,2.972133498960184e-11,-4.576038579031998e-06,9.48589795396759e-07,2.799819682825084e-05,-7.902898360830237e-13
EXG,102101,3.7581076181318e-11,2.1740934936378538e-11,-9.208339772530136e-07,1.446797135423569e-07,1.8814052147059887e-05,-7.894305511743438e-13
EXG,102201,3.75764945662417e-11,1.3905909217427573e-11,1.833408288006096e-06,1.5387347930737784e-06,8.642626873863003e-05,-7.902898336069643e-13
EXG,102301,2.3871059314467788e-11,3.6061327040684515e-12,2.3991129119269575e-11,2.5065350935476774e-14,2.062322356689235e-12,-4.741993560261045e-13
EXG,102401,2.2592775125292752e-11,-1.1890596905488837e-12,1.543726027295564e-12,-2.7975272666420312e-14,2.440120272286823e-12,-4.708436685733451e-13
EXG,102451,2.3885221583178483e-11,-3.517661163826914e-12,-2.6117517254143515e-11,1.0896824659480017e-13,1.86279646276503e-12,-4.741079484215426e-13
EXG,200001,0.0007040640768893239,-3.4274314837651994e-06,-8.453661249929471e-05,-4.366350308319957e-06,0.0002744900236406954,1.0529329669304718e-08
EXG,200101,0.00070406407734073,-3.3221381893036345e-06,-4.597035816587502e-06,-1.0859737993997807e-05,0.00019958227257802218,1.0529330908421702e-08
EXG,200201,0.0007040640774905115,-3.2168448541548915e-06,-1.3832884520178878e-06,-2.3538523550160306e-06,0.00018886318995468753,1.0529330908422863e-08
EXG,200301,0.0007040640772827259,-3.1115515500275813e-06,-2.2375833578522685e-06,-4.874416876430258e-06,0.0002022737927729899,1.0529330908423242e-08
EXG,200401,0.0007040640769292925,-3.0057317313968327e-06,2.704297612862958e-05,-3.183364862965809e-06,0.0002584907244519532,1.0529330478111088e-08
EXG,200451,0.0007040640772337648,-2.953611586187473e-06,-6.521825011600198e-05,-6.701351832297556e-06,0.00020265196406866405,1.0529330907877364e-08
EXG,201001,0.0007039877395873679,-3.427431465349838e-06,-7.010974186472134e-05,1.7044913619392291e-06,0.0002805176947786938,1.0529330908333925e-08
EXG,201101,0.0007039877397933554,-3.322138163949906e-06,-6.01978773811267e-06,-1.05477162640005e-06,0.00018786851331334498,1.0529330908422695e-08
EXG,201201,0.0007039877398308898,-3.2168448595023766e-06,7.839642106812486e-07,-2.8556094557690313e-06,0.0001919178134695006,1.0529330908422749e-08
EXG,201301,0.0007039877396377054,-3.111551541140204e-06,1.5862634933244113e-06,-5.713777435551852e-07,0.00020735732134572946,1.052933090893472e-08
EXG,201401,0.0007039877397193224,-3.0062582394390012e-06,4.245779985203004e-05,-5.628164687264464e-06,0.00017288830154236926,1.0529330908933606e-08
EXG,201451,0.0007039877395944157,-2.9536115908991334e-06,-6.263270317027993e-05,-9.06446667246819e-06,0.0002179706566919994,1.0529330908934678e-08
EXG,202001,0.0007038940286144224,-3.4274314714044666e-06,-9.907180385222085e-06,4.6618637673212287e-07,0.00020299857339719753,1.0529330908427783e-08
EXG,202101,0.0007038940286450278,-3.3221381650148093e-06,-8.675387542930066e-07,-1.87171786086115e-06,0.00020278939222026683,1.0529330908422787e-08
EXG,202201,0.0007038940287983102,-3.216844859831143e-06,3.6668165079538566e-06,-3.7179354832644107e-06,0.0001875479775777007,1.052933090842274e-08
EXG,202301,0.0007038931493807188,-3.1115515562105402e-06,0.00020698146778919032,4.422876435833471e-07,0.00017682595524789695,1.0529330523555034e-08
EXG,202401,0.0007038931508135925,-3.005731820394037e-06,2.4641632245315516e-05,-4.797111670285394e-07,0.0002694327165748368,1.052933095445421e-08
EXG,202451,0.0007038931494067643,-2.9536115986340337e-06,-0.000243034753824999,-3.8660901703105696e-06,0.00018508654518666117,1.0529330292097077e-08
EXG,300001,0.002241106331946804,2.022254272554094e-06,-0.00014722847565854958,4.264552704728268e-06,0.0003340098907219565,1.0022447041092957e-06
EXG,300101,0.0022411063316794978,1.204470131512411e-05,-7.288438879685942e-06,-9.567285025809861e-06,0.0002393514860385525,1.0022447015911474e-06
EXG,300201,0.0022411063316433617,2.206714829809784e-05,-9.058816763499471e-07,2.5794564330484976e-06,0.0002450007058363413,1.0022447015911493e-06
EXG,300301,0.0022411063316762694,3.208959535254702e-05,-5.428804891869158e-06,-3.3601963890804587e-07,0.0002493643202971892,1.0022447015911491e-06
EXG,300401,0.002241106331846444,4.211204235884071e-05,5.691962196188628e-05,3.838876946134058e-08,0.00019842151434889093,1.0022447015911472e-06
EXG,300451,0.0022411063316482936,4.712326587688219e-05,-0.00010959047682072587,4.185375319240394e-07,0.0002706875564033461,1.002244701591147e-06
EXG,301001,0.0022338400575245432,2.0222542699709866e-06,-8.692364294901962e-05,2.072844378938845e-06,0.0003047971238640949,1.0022447015911159e-06
EXG,301101,0.00223384005758084,1.2044701284549534e-05,-7.069101910947148e-06,1.2212179781435433e-06,0.00024460562380266345,1.002244701591147e-06
EXG,301201,0.002233840057559125,2.206714831075405e-05,9.117973806374891e-07,3.759967674598424e-07,0.0002491309271779298,1.002244701591147e-06
EXG,301301,0.0022338400575971796,3.20895953308766e-05,2.843400559354694e-06,3.5345479505209027e-06,0.0002479135274399618,1.0022447015911472e-06
EXG,301401,0.0022338400575632523,4.211204235761298e-05,7.24488638733863e-05,7.519172134828731e-07,0.00021236836038451338,1.002244701591147e-06
EXG,301451,0.002233840057589307,4.712326587129932e-05,-0.00010748282217707814,-1.6333562207816415e-06,0.0002667668431749868,1.002244701591147e-06
EXG,302001,0.0022249200798870536,2.0222542632948305e-06,-1.621268271520324e-05,1.8484588137685794e-06,0.000266812255147382,1.002244701591144e-06
EXG,302101,0.002224920079723007,1.2044701290946892e-05,-5.778907987588026e-07,3.120484741840033e-07,0.00024429599813703966,1.0022447015911468e-06
EXG,302201,0.0022249200797117806,2.2067148316780282e-05,5.398850908961246e-06,4.4839665039374156e-07,0.00024515175015278276,1.002244701591147e-06
EXG,302301,0.0022249200796809437,3.2089595334599046e-05,0.00020340268141004852,3.044170036567641e-06,0.0002538755790876309,1.002244701591147e-06
EXG,302401,0.0022249200799052305,4.211204235318382e-05,5.097331727381589e-05,-1.608286237923047e-06,0.0002110122251256581,1.0022447015911468e-06
EXG,302451,0.002224920079656824,4.712326586773112e-05,-0.00027930821431646884,-4.018639517470505e-06,0.0002867705649341643,1.002244701591147e-06
EXG,400001,0.003531907274963474,-1.5254096568438667e-05,-0.00021259730190002565,8.533951548870375e-07,0.0002315348773707344,-1.4809831328676608e-11
EXG,400101,0.003531907274963743,-1.5254244649911266e-05,-9.873888195018427e-06,1.1331916355701589e-05,0.00019163316806781455,-1.4808563779569954e-11
EXG,400201,0.003531907274938998,-1.5254392785517853e-05,7.212918532239863e-07,4.596708680941833e-06,0.0001966518922921693,-1.4808563779240067e-11
EXG,400301,0.0035319072749551384,-1.5254540821736058e-05,-8.049752525364577e-06,1.7963530396894564e-05,0.00019573090973497393,-1.4808563779265277e-11
EXG,400401,0.003531907274874343,-1.525468893287293e-05,7.248273754154684e-05,1.4569370862393281e-05,0.00017783445016599395,-1.4808563779502823e-11
EXG,400451,0.003531907274882155,-1.525476297791911e-05,-0.000134000761119568,1.4995988880292427e-05,0.00020829290804016612,-1.4808563779632493e-11
EXG,400501,0.003531907275001947,-1.5254837074512814e-05,-0.0012323460490128917,9.013938882940094e-06,0.00024085893378791745,-1.4809829511835588e-11
EXG,401001,0.0035319073826840857,-1.525409659331703e-05,-8.487850784668605e-05,1.2057201851990663e-05,0.0003017170415291077,-1.4808563758567925e-11
EXG,401101,0.003531907382272609,-1.5254244677886433e-05,-7.1873571643393375e-06,7.82126162983109e-06,0.00018454908917369693,-1.4808563779429895e-11
EXG,401201,0.0035319073823206204,-1.525439276192454e-05,8.931914133577962e-07,9.606894427595049e-06,0.00019805537767019732,-1.480856377952679e-11
EXG,401301,0.003531907382315596,-1.5254540848935672e-05,3.9766399692173036e-06,1.2828824381352866e-05,0.00019692162813306812,-1.4808563779517538e-11
EXG,401401,0.003531907382265231,-1.5254688939643862e-05,8.818165260373039e-05,1.1590146472297806e-05,0.0001772282851698006,-1.4808563779486202e-11
EXG,401451,0.0035319073822323494,-1.5254762987048408e-05,-0.00013180146065012996,1.0201459884076722e-05,0.0002109635201093155,-1.480856377961473e-11
EXG,401501,0.003531907382371434,-1.525483710070457e-05,-0.001238294785591066,3.28168758850352e-06,0.00024123445583752287,-1.480982951195911e-11
EXG,402001,0.003531907514099575,-1.5254096582887287e-05,-2.3820166321703604e-05,7.911443400223453e-06,0.00013339225583787904,-1.4808563785355316e-11
EXG,402101,0.0035319075141130815,-1.525424466990911e-05,7.817829165435283e-09,9.790446464589665e-06,0.00020462648082568403,-1.480856377952797e-11
EXG,402201,0.0035319075141170796,-1.5254392758217828e-05,6.5553957371664285e-06,1.1369073753888299e-05,0.00019427425273475479,-1.480856377950966e-11
EXG,402301,0.003531907514128056,-1.5254540837496204e-05,0.00020148973960418335,1.5463662007119856e-05,0.00019698154072116713,-1.480856377951897e-11
EXG,402401,0.0035319075140166174,-1.525468893232186e-05,6.450931084042007e-05,1.4809373619331169e-05,0.00019190884805001128,-1.480856377945543e-11
EXG,402451,0.0035319075140563855,-1.525476298172136e-05,-0.0002977154054173934,1.3845836711363086e-05,0.00021574671009558257,-1.480856377964846e-11
EXG,402501,0.0035319075141968252,-1.52548370913623e-05,-0.0013799010637701031,5.406324335110772e-06,0.00023750505440362386,-1.4809829511920326e-11
EXG,500001,0.004543653633656068,-6.345729898875851e-05,-0.00019348948344801326,1.9510298785524982e-05,0.00018149393526775687,1.4238889119555867e-09
EXG,500101,0.0045436536331485,-6.344306008887377e-05,-1.1321026954122127e-05,8.317490999361713e-06,9.829745457047062e-05,1.4238889101386345e-09
EXG,500201,0.00454365363319774,-6.34288211632637e-05,1.5828551863264806e-06,-8.466643565493696e-07,0.00011472333027955138,1.4238889101397063e-09
EXG,500301,0.004543653633189504,-6.341458234861411e-05,-9.318772552102155e-06,1.8211886531182895e-05,0.0001120575845148099,1.4238889101397218e-09
EXG,500401,0.004543653633112235,-6.340034342811431e-05,7.811989436546328e-05,7.932274710270114e-06,9.630271061605839e-05,1.4238889101386882e-09
EXG,500451,0.0045436536333402925,-6.339322398370601e-05,-0.0001435023637329012,7.567991290946132e-06,0.0001651657924603843,1.4238889101386611e-09
EXG,500501,0.004543653633617592,-6.338610452865303e-05,-0.001231675624078437,8.9764874241817e-06,0.00025336827899026775,1.4238889101387457e-09
EXG,501001,0.004543643307509507,-6.345741753305476e-05,-5.7469047667164095e-05,6.857748534306862e-06,8.045741366769436e-06,1.423873711288784e-09
EXG,501101,0.00454364331000367,-6.344306007760959e-05,-5.951115444756183e-06,6.922446830903495e-06,0.00012705727456945387,1.4238889101693638e-09
EXG,501201,0.004543643309997062,-6.342882119330165e-05,7.013753344467598e-07,7.2250688253894695e-06,0.00011067300767162812,1.4238889101387017e-09
EXG,501301,0.004543643309996688,-6.341458231851186e-05,4.591631161728513e-06,1.0236669457226679e-05,0.00011164372122830565,1.4238889101386851e-09
EXG,501401,0.004543643309920216,-6.340034341614102e-05,9.382486990248158e-05,5.6969744548458815e-06,9.803286819398726e-05,1.4238889101386694e-09
EXG,501451,0.004543643310155466,-6.339322395885635e-05,-0.0001414596554801203,1.5401715964999025e-06,0.00016675186098273287,1.4238889101385588e-09
EXG,501501,0.004543643310424773,-6.338610450246128e-05,-0.0012376296100605902,3.3018893896476033e-06,0.00025376714637042106,1.4238889101388694e-09
EXG,502001,0.004543630637296065,-6.345729897668709e-05,-2.2888928587578797e-05,1.1175498651175843e-05,0.00013627422879657227,1.4238889101378962e-09
EXG,502101,0.004543630637394425,-6.344306008802087e-05,-2.690095525438234e-07,9.487506462097218e-06,0.00010787553312659633,1.4238889101386731e-09
EXG,502201,0.004543630637368622,-6.342882120122082e-05,7.167545542556099e-06,8.911789956106682e-06,0.00010699004877192533,1.423888910138696e-09
EXG,502301,0.004543630637383894,-6.341458233487532e-05,0.00020060327731482973,1.4728329079470449e-05,0.00011093362647526173,1.4238889101386874e-09
EXG,502401,0.004543630637385264,-6.340034342543547e-05,6.921416116122991e-05,6.525598911705386e-06,0.00011660303571567287,1.4238889101386634e-09
EXG,502451,0.0045436306375741834,-6.339322396707445e-05,-0.0003046428175785628,1.4748862705130155e-06,0.0001750419341807244,1.4238889101386008e-09
EXG,502501,0.004543630637795563,-6.338610451180354e-05,-0.0013792608563991402,5.2459306392562214e-06,0.00024969761471475697,1.4238889101388303e-09
EXG,600003,0.001187568040512794,-3.754419694247859e-06,7.061601380651678e-06,7.079876695373374e-07,0.00022262287725538838,-1.3421635172016126e-12
EXG,600004,0.0023825209327169965,-9.891251416547275e-06,9.87313000900641e-06,4.3290786224656383e-07,0.00023745043159123256,-3.3039690621761224e-12
EXG,600005,0.0035319072595457004,-1.5254054630363896e-05,1.216032418354832e-05,1.528328992891144e-06,0.00015632331629257534,-1.3411307379962189e-12
EXG,600006,0.004275400989179749,-1.767343147689008e-05,1.1358033761002076e-05,3.0201353553324843e-07,9.685659808485148e-05,-1.0142937149927252e-12
EXG,601002,0.00035990986614005817,-4.2807855289409054e-07,-4.3806723623230984e-05,3.6068434629198543e-06,0.00011623194069151995,2.8381320081145086e-13
EXG,601003,0.0011875680404107903,-3.75442068744893e-06,-0.00013087484333668077,1.1365056555722454e-05,0.00014793908468771594,-1.3421634919916535e-12
EXG,601004,0.002382520930539681,-9.89125508395298e-06,-0.00022111869562453166,2.1248686345866955e-05,0.0001410215445948222,-3.303969036667062e-12
EXG,601005,0.003531907257880016,-1.5254056615237395e-05,-0.00020444253059615685,2.2796703423385813e-05,7.891831234822731e-05,-1.3411307325973043e-12
EXG,601006,0.00427540098326462,-1.7673432561897212e-05,1.1358015595667998e-05,3.0201354882084946e-07,9.685658660778058e-05,-1.0085787576409262e-12
EXG,602002,0.0003599098619086872,-4.280786579049669e-07,2.43585907867685e-06,1.564730267352035e-06,0.00010200577543968326,2.838131372574827e-13
EXG,602003,0.00118756806120493,-3.7544196942479753e-06,5.9211330730881905e-06,1.7713095684830968e-06,0.00019308905114022473,-1.3421637703389289e-12
EXG,602004,0.002382520983657351,-9.891251416549667e-06,9.022228159707022e-06,1.1212639468622847e-06,0.0002748139894839214,-3.3039602747013395e-12
EXG,603002,0.0003599098615564758,-4.280785528940211e-07,-4.394538386906458e-05,-3.0005573772601623e-06,0.0001163137762323151,2.838131879703338e-13
EXG,603003,0.0011875680620867311,-3.75442068744893e-06,-0.00013122069806594764,-9.481317462007751e-06,0.00014821249898784645,-1.3421634919809357e-12
EXG,603004,0.002382520983898781,-9.89125508395298e-06,-0.00022165854128044935,-1.8596587500199263e-05,0.0001413398922644491,-3.303969036672296e-12
EXG,603005,0.003531907279539277,-1.5254056615237395e-05,-0.00020536184128873652,-2.045461362142513e-05,7.953872680193111e-05,-1.3411307325727902e-12
EXG,603006,0.004275400998768345,-1.767343258524577e-05,1.0946291547172688e-05,1.902788742801012e-07,9.689792905898491e-05,-1.014304981212853e-12
EXG,605005,0.0035319072789475013,-1.5254096788816347e-05,1.7030299146590913e-05,2.020022942743506e-06,1.2006453358153319e-05,-1.3517987513498697e-12
EXG,609002,3.190024583694136e-11,2.9825620917957675e-11,-3.5115052607685763e-06,1.701937868599516e-05,4.465724015357811e-05,-7.89970707897578e-13
EXG,612002,2.5573392207101415e-11,2.992181506928076e-11,1.3561022940912493e-06,-2.5977934855921373e-06,2.04649395269741e-05,-7.903030182717167e-13
EXG,612003,0.000704033541833283,-3.430063816182529e-06,-1.4832519441935189e-05,2.0613109367744006e-06,0.00029747564125167715,1.0529329669343818e-08
EXG,612004,0.0022367465674839287,1.7716930965267616e-06,-3.150422366414781e-05,9.371552664908972e-06,0.00033243638517493234,1.0022447041092866e-06
EXG,612005,0.003531907360860496,-1.525409286598085e-05,-2.8899164666281206e-05,1.7324125954690243e-05,0.0003102237392093146,-1.4809831348543464e-11
EXG,612006,0.00454364330501958,-6.345753609061135e-05,-5.7469034843983115e-05,6.8577484871069665e-06,8.04574172394224e-06,1.4238586108653084e-09
EXG,700001,1.8269448644896797e-13,9.19184725370943e-16,1.3870994157513384e-14,-8.856829710683728e-16,5.166249203375127e-13,3.584216675454186e-22
EXG,700002,1.6024345955504268e-13,1.8969931532611483e-16,-1.1181815951555024e-13,7.723559566172031e-17,4.869895649464727e-13,3.5842166754012464e-22
EXG,700003,-5.785273625798006e-14,-5.909158232718921e-15,1.1610688663354322e-13,-4.399063290050313e-16,9.02341581516604e-14,2.254074422414262e-15
EXG,700004,1.4272873681785427e-13,2.7767321048777637e-15,1.1001379403101394e-12,-3.337643875734006e-15,4.638701329029109e-13,3.584216672098221e-22
EXG,700005,1.9846316372330206e-13,1.2889763080118881e-18,-4.672167854032151e-13,3.25939414803119e-16,5.374395762174281e-13,3.5842166751339206e-22
EXG,700006,1.5873387143214407e-13,5.979691124669784e-17,3.2183961327010135e-14,2.487067686850571e-16,4.849969105798239e-13,3.584216675385224e-22
EXG,700007,1.8309321211917172e-13,-4.994871550363101e-16,2.0115939255363115e-15,9.869639063303613e-16,5.171512417273388e-13,3.5842166749381637e-22
EXG,700008,1.5893966683908623e-13,2.5930528062869905e-16,5.613525417074715e-14,-1.4644278499924917e-17,4.852685620897821e-13,3.5842166752404975e-22
EXG,701001,0.0003599098616969022,-4.280754647189997e-07,3.736676115835996e-07,6.165165340169586e-07,0.00010220685167763981,2.838131984147819e-13
EXG,701002,0.0003599098616994312,-4.2807262815526246e-07,-3.012244408971758e-06,2.9881479552304887e-07,0.0001119845634925307,2.8381319841058993e-13
EXG,701003,0.0003599098617382063,-4.2806978659114706e-07,3.7728676143571374e-06,4.4876609520625875e-07,0.00019606306012550335,2.876163559687384e-13
EXG,701004,0.0003599098641636267,-4.2807759101922204e-07,2.9636370104411086e-05,1.425503452640978e-06,0.00011961245241582904,2.838131981490426e-13
EXG,701005,0.0003599098642485079,-4.280754666569628e-07,-1.258624856379319e-05,2.1676109611614994e-07,9.533939060931664e-05,2.8381319838942195e-13
EXG,701006,0.0003599098642450682,-4.2807262849188516e-07,8.669965414013772e-07,2.4224062307346435e-07,0.00011264200987827616,2.838131984093212e-13
EXG,701007,0.00035990986627900865,-4.2807546736187553e-07,5.4189879189306803e-08,-1.3333683625777087e-09,0.00010203320381920093,2.8381319837392115e-13
EXG,701008,0.00035990986630126667,-4.2807262777115483e-07,1.5122150664492592e-06,3.2912909108276986e-07,0.00011255238436243144,2.8381319839786117e-13
EXG,702001,0.0011875680622773586,-3.754434793640583e-06,5.438389222467261e-07,1.5889748937026452e-06,0.00017507862038205357,-1.3421635176166545e-12
EXG,702002,0.0011875680623077466,-3.7544482163160365e-06,-4.760073836100591e-06,9.05982368264151e-07,0.00017397709195828516,-1.3421635176259318e-12
EXG,702003,0.001187568061748725,-3.754461756087468e-06,7.73857126439702e-06,1.2310189727123832e-06,0.0001923115292370718,-1.3406791249423336e-12
EXG,702004,0.0011875680502954579,-3.754424725838087e-06,5.4851322884465625e-05,2.5901177318200884e-06,0.00020086660582538209,-1.3421635180945848e-12
EXG,702005,0.001187568050347767,-3.7544347952706987e-06,-2.332161380438231e-05,7.449669345330064e-07,0.00016389979402730876,-1.342163517631745e-12
EXG,702006,0.0011875680503627359,-3.7544482169346365e-06,2.8263783958162143e-06,7.593787870357827e-07,0.00016539772651484022,-1.3421635176182055e-12
EXG,702007,0.0011875680406013675,-3.7544347957298016e-06,-1.0367309788641627e-07,4.379683582909966e-07,0.00017572177248004658,-1.3421635176412278e-12
EXG,702008,0.0011875680406408641,-3.75444821641318e-06,4.230454100941409e-06,1.0732661863285125e-06,0.00016602799881063168,-1.3421635176183477e-12
EXG,703001,0.0023825209838728855,-9.891288585828444e-06,4.338733109606334e-07,2.0128085383776677e-06,0.00020468828605639446,-3.3039690572241758e-12
EXG,703002,0.0023825209838380544,-9.891321626071962e-06,-6.247859014613704e-06,1.2420520930975196e-06,0.0002012314762080622,-3.303969057208737e-12
EXG,703003,0.0023825209845646745,-9.891354912586215e-06,1.1622182838206213e-05,1.7219870434459022e-06,0.0004620382307395736,-3.3023326408928655e-12
EXG,703004,0.002382520954469485,-9.891263806077437e-06,7.260716926866994e-05,3.5082136123199353e-06,0.00023805336702946106,-3.3039690571478736e-12
EXG,703005,0.002382520954459479,-9.891288585826982e-06,-3.0708424733289654e-05,9.031164272861744e-07,0.00019099907451611959,-3.3039690572182474e-12
EXG,703006,0.002382520954471419,-9.891321625567429e-06,3.791554756896414e-06,9.160696833713505e-07,0.00020178234996044893,-3.3039690572296385e-12
EXG,703007,0.002382520930512464,-9.891288586006995e-06,-4.2270796414144617e-07,4.850769472655479e-07,0.00020453661559978622,-3.3039690572136922e-12
EXG,703008,0.0023825209304938005,-9.891321625259332e-06,6.097167934608471e-06,1.230059390107604e-06,0.00019785433657868844,-3.3039690572521456e-12
EXG,704001,0.003531907279362649,-1.5254069715624053e-05,1.590447891859602e-07,1.359508268912968e-06,0.00016334320103802955,-1.3411307400740425e-12
EXG,704002,0.0035319072793629064,-1.5254083128114206e-05,-7.726912388131029e-06,4.357034312807709e-07,0.00017741077211526357,-1.3411307400874232e-12
EXG,704003,0.003531907279222057,-1.5254096665135232e-05,1.703032080273992e-05,2.020022931186779e-06,1.2006452864228571e-05,-1.3464646997018955e-12
EXG,704004,0.003531907267439374,-1.5254059657677747e-05,8.17311974461581e-05,2.3532804369822386e-06,0.00018829306329396113,-1.3411307395699476e-12
EXG,704005,0.0035319072674029717,-1.5254069717057273e-05,-3.4308142181037896e-05,5.161370353745592e-07,0.00015568417949161044,-1.3411307400531679e-12
EXG,704006,0.0035319072673836403,-1.5254083128551179e-05,3.9623852821981804e-06,5.088295393781575e-07,0.00015198215126241557,-1.3411307400583545e-12
EXG,704007,0.0035319072577049047,-1.5254069718804985e-05,-8.430795454183627e-07,1.30740873586348e-07,0.0001645617263483814,-1.3411307400408403e-12
EXG,704008,0.0035319072576936,-1.52540831291135e-05,7.0044020099262206e-06,9.568974846753003e-07,0.00016299610488880527,-1.3411307400332218e-12
EXG,705001,0.004275401003398281,-1.767344289167929e-05,-4.681473321666697e-07,1.5978799158162692e-06,7.661587189943066e-05,-1.014293715423473e-12
EXG,705002,0.004275401003422388,-1.7673453029542738e-05,-7.4115095236024226e-06,3.120193497703789e-07,7.30472496869098e-05,-1.0142937153613971e-12
EXG,705003,0.004275401003507739,-1.767346317518639e-05,1.703032080273992e-05,-9.358475724067759e-08,0.00027562318428215937,-1.014293715412217e-12
EXG,705004,0.004275400994492179,-1.7673435289657694e-05,8.427992228448519e-05,2.8606171735563767e-06,0.00010441162112760714,-1.014293714813182e-12
EXG,705005,0.004275400994345662,-1.7673442885761558e-05,-3.51133521062233e-05,-1.3599829450712017e-07,7.321096657626098e-05,-1.0142937153956116e-12
EXG,705006,0.004275400994381252,-1.767345302852517e-05,2.934545374895446e-06,-2.0426945450042235e-07,9.241317460979528e-05,-1.0142937153762013e-12
EXG,705007,0.00427540098701837,-1.767344288216904e-05,-1.436891065572987e-06,-1.3151888605817085e-06,7.580348183279781e-05,-1.0142937153779355e-12
EXG,705008,0.0042754009870107365,-1.7673453029712643e-05,7.627877791574986e-06,-1.3517731843055887e-07,7.404481182458131e-05,-1.0142937153681016e-12
EXG,900000,0.0003599098681822145,-4.280785901520482e-07,3.7575977177165152e-06,2.2263927494126584e-07,0.00014115130402739652,2.8380212694026545e-13
EXG,900001,3.025650747359716e-11,2.982719100657711e-11,4.214251085353689e-06,-1.2606563449288033e-06,1.8443540985958124e-05,-7.954407488410366e-13
EXG,900002,3.97826266770844e-11,3.003689931093812e-11,-1.852590186632042e-05,-2.9168801888172264e-06,2.855053369103799e-05,-7.81425876728823e-13
EXG,900003,0.00035990986368057384,-4.2807859008141895e-07,3.640554147900603e-06,2.2816574550776444e-07,0.00014118479302235612,2.8380201023644006e-13
EXG,900004,4.291797127929804e-11,2.9924548360608716e-11,2.026746979056937e-07,-7.611093122006457e-07,1.0220784028724409e-05,-7.89937578737517e-13
EXG,900005,0.0003599098627669383,-4.280786579049749e-07,-2.909716677512925e-06,1.0883883255626805e-06,6.536517446127474e-06,2.8381320081145127e-13
EXG,900006,0.00035990986276693824,-4.280765293059688e-07,-1.2528056668982963e-06,8.927705398612171e-06,-6.775275866983789e-06,2.8381320081145106e-13
EXG,900007,0.0003599098649295949,-4.280786579049726e-07,5.928077377716556e-07,-9.750413855639112e-07,4.671403797106853e-06,2.838132059847397e-13
EXG,900008,0.00035990986492959474,-4.2807652930596875e-07,3.213524837986207e-06,-9.073069726819939e-06,-5.626570967008545e-06,2.8381320081145015e-13
EXG,900009,0.0003599098661400581,-4.280775936054718e-07,-0.00014350969784637468,3.4522006044994406e-05,-3.396962405164882e-05,2.8381320081145066e-13
EXG,900010,0.00035990986155647487,-4.280775936054718e-07,-0.00014417144368628328,-3.249537941768056e-05,-3.386898362456369e-05,2.8381320081145086e-13
EXG,900011,0.0003599098661400582,-4.280765293059688e-07,5.4760016658078147e-05,-1.2609379270818018e-05,-4.5585711619863505e-05,2.838132008071099e-13
EXG,900012,0.0003599098615564749,-4.280765293059688e-07,5.4427457673309325e-05,1.412935711221748e-05,-4.5853679397958834e-05,2.8381320081198087e-13
EXG,900013,0.0003599098661400582,-4.2807404594046164e-07,1.3992612065073425e-05,3.902484630203617e-07,-5.386550830561665e-05,2.838132008129634e-13
EXG,900014,0.00035990986155647487,-4.280740459404617e-07,1.0961602463717756e-05,-6.748125224602114e-07,-5.3042181021128024e-05,2.8381320080982497e-13
EXG,900015,0.00035990985680185754,-4.280712076786359e-07,-0.00012981187098627504,5.436839456640562e-07,-3.0416326572587896e-05,2.8417344396175774e-13
EXG,900016,0.0003599098522182747,-4.2807120767863584e-07,-0.00014359380625399187,-2.0742508586788232e-06,-2.8114656819197412e-05,2.8417344403593884e-13
EXG,900017,0.0007041074578292652,-3.3221382122307195e-06,0.0002101056445996532,-5.9065823368613976e-05,0.00016293917111300784,1.0529329753880876e-08
EXG,900018,0.0007041074578315764,-3.243273424453102e-06,-0.0007508356119930027,0.00017276053549942236,0.00015834178759032685,1.0529329753882112e-08
EXG,900019,0.0007040640768893238,-3.269491538725629e-06,-3.364951240565161e-05,1.6991853450680306e-05,-9.515371336021506e-05,1.0529329669304716e-08
EXG,900020,0.0007038940282151643,-3.2694915387256288e-06,-1.7532762166002207e-05,-2.94923293682937e-06,-9.825926277144606e-05,1.0529329669304716e-08
EXG,900021,0.0007040640768893237,-3.1641982420325823e-06,1.4471617785417557e-05,-7.120932635712185e-07,-9.766260988274067e-05,1.0529329669304718e-08
EXG,900022,0.000703894028215139,-3.164198242032582e-06,9.138089404531038e-05,9.17393034717284e-06,-0.00012154139674169915,1.052932966930472e-08
EXG,900023,0.0007040640768893239,-3.2432735078490574e-06,0.00015521253941673128,0.0002327438780494383,-3.317977077016425e-05,1.0529329669305143e-08
EXG,900024,0.0007040640768893237,-3.0589049453393156e-06,7.93928185346072e-05,-2.1362537724385282e-05,-0.00011953178382598425,1.0529329669850612e-08
EXG,900025,0.0007038940282151139,-3.058904945339315e-06,0.00022868743391062294,3.658795705109352e-05,-8.425244507477484e-05,1.0529329669850524e-08
EXG,900026,0.0022435718539189128,2.2067148354740006e-05,-3.5169049812868578e-06,3.009716117092863e-07,5.070159275329221e-05,1.002244704109298e-06
EXG,900027,0.0022411063319468035,2.7078371875286486e-05,9.06747495023179e-07,-1.9528272508791903e-06,-0.00012219360402498494,1.0022447041092957e-06
EXG,900028,0.0022435718539189123,2.7078371875286486e-05,5.217506086139232e-06,-1.6483708944385552e-06,-3.440998364867485e-05,1.0022447041092957e-06
EXG,900029,0.0022435718539189128,3.2089595395832955e-05,-7.843439654470998e-06,1.6380088259905273e-06,5.689927716193009e-05,1.0022447041092978e-06
EXG,900030,0.0035319072385312884,-1.5254244666751955e-05,-3.6020969488138245e-05,1.0260915232865032e-05,8.354655308954255e-05,-1.480983132868657e-11
EXG,900031,0.0035319072749634734,-1.5254277248380876e-05,-0.0001919846472624102,4.099837146239132e-06,-7.269594989222028e-06,-1.4809831328771763e-11
EXG,900032,0.003531907238531289,-1.5254277248380875e-05,-0.0002037996795840644,5.170838269075602e-06,6.975127948533444e-05,-1.4809831328676595e-11
EXG,900033,0.0035319073823347506,-1.5254277248380876e-05,-0.00017859546647337862,1.0013792514035941e-06,-1.0121319314376544e-05,-1.4809831328621953e-11
EXG,900034,0.0035319072140315407,-1.5254392783623633e-05,0.00010367124017530277,-3.043409317865621e-05,6.814014307249666e-05,-1.480983120567854e-11
EXG,900035,0.00353190721403156,-1.5254540845882132e-05,-0.00019767158736238606,5.1289464929897414e-05,6.812435917490182e-05,-1.4809831205722307e-11
EXG,900036,0.003531907274963474,-1.5254800775918348e-05,-0.0006736752390581172,5.682903460303469e-06,0.00021754547794449234,-1.4809831328874815e-11
EXG,900037,0.003531907514142249,-1.5254800775918348e-05,-0.0008356890161202674,-1.2464731403204736e-05,0.00021157216902657083,-1.480983132893242e-11
EXG,900038,0.004543653633656068,-6.343594065507918e-05,1.4930009636764198e-05,-6.426710558808965e-06,-5.5205364636005544e-05,1.4238889119556246e-09
EXG,900039,0.00454363063785014,-6.343594065507918e-05,1.9201635901095155e-06,5.015716603602631e-06,-5.484458540349245e-05,1.4238889119555843e-09
EXG,900040,0.004543653633656068,-6.342170176595963e-05,-8.047285766995682e-06,3.7353176116238484e-08,-5.5063235370901945e-05,1.4238889119555094e-09
EXG,900041,0.00454363063785014,-6.342170176595963e-05,0.00010819249964362335,1.4124805776643143e-05,-8.34340721044702e-05,1.4238889119555632e-09
EXG,900042,0.004543653633656068,-6.340746287684009e-05,1.3851883932032243e-05,1.1758264380574462e-06,-6.520736151210926e-05,1.4238889119556192e-09
EXG,900043,0.00454363063785014,-6.340746287684009e-05,0.0001413683821234432,1.4524500344492704e-05,-3.72409401543957e-05,1.4238889119556074e-09
EXG,900044,0.004543653633656068,-6.338959307099504e-05,-0.0006434231817820008,3.919554562942861e-06,0.0002227017326687699,1.4238889119556337e-09
EXG,900045,0.00454363063785014,-6.338959307099504e-05,-0.0008059224992869953,-2.016889837563863e-05,0.00021695899917868505,1.42388891195564e-09
EXG,900046,0.004543659499993812,-6.342882119196102e-05,0.00010383391967118395,-2.7673215094575097e-05,6.716970026200732e-05,1.4238889118338946e-09
EXG,900047,0.004543659499993792,-6.341458233889623e-05,-0.00019765314483586265,5.0754126903410295e-05,6.709801318703561e-05,1.4238889118339172e-09
EXG,900048,0.0011875680431747348,-3.7544202268467736e-06,7.004782736064104e-06,7.875150583961984e-07,0.00022654509611995133,-1.342165361071372e-12
EXG,900049,0.0007040640899105877,-3.430064037617299e-06,-1.3505880401990514e-05,-3.477049604713195e-06,0.0002949896202520292,1.0529319614690207e-08
EXG,900050,0.0007039877524969865,-3.4300635855512418e-06,2.3996270139879465e-06,4.734680837713385e-06,0.00030120467275114907,1.0529340922597615e-08
EXG,900051,0.0011875680644579678,-3.7544202270710358e-06,6.782184228084674e-06,7.938589923209165e-07,0.00022659202164274236,-1.3421741591385162e-12
EXG,900052,0.0007038940407645372,-3.43006381627199e-06,3.7568135782446244e-05,2.1570884233823127e-06,0.0001770046043462363,1.0529329909501004e-08
EXG,900053,0.0011875680563624032,-3.7544196942478593e-06,-2.396681513064652e-06,1.1508547013931747e-06,9.103179643902072e-06,-1.3421635172016148e-12
EXG,900054,0.0011875680563624032,-3.754429760474238e-06,7.277825914856028e-06,1.624816751595107e-05,-1.1388248568720215e-05,-1.3421635172016124e-12
EXG,900055,0.0011875680461351172,-3.7544196942478593e-06,4.444390612481092e-06,-1.1213646403961465e-06,6.436366417833045e-06,-1.3421635172016124e-12
EXG,900056,0.0011875680461351172,-3.7544297604742376e-06,1.3691702297405272e-05,-1.6707661820639857e-05,-9.385793915079307e-06,-1.3421635172016146e-12
EXG,900057,0.0011875680404107897,-3.7544247273610474e-06,-0.00022015939203528996,5.438992129484687e-05,-5.822800845686163e-05,-1.342163517201613e-12
EXG,900058,0.0011875680620867305,-3.7544247273610474e-06,-0.0002218432107086573,-5.127629195866901e-05,-5.7823940994550955e-05,-1.3421635172016124e-12
EXG,900059,0.0011875680404107897,-3.754429760474238e-06,0.00010744539493565681,-2.2961527856644685e-05,-7.315643409062297e-05,-1.3421635172055615e-12
EXG,900060,0.0011875680620867305,-3.754429760474238e-06,0.0001056408581458448,2.4835300729180763e-05,-7.356861854228159e-05,-1.3421635172017096e-12
EXG,900061,0.0011875680404107897,-3.7544415044050137e-06,-1.0083309784018617e-05,1.9985214048323842e-07,-8.608800705895624e-05,-1.3421635172006255e-12
EXG,900062,0.0011875680620867305,-3.754441504405013e-06,-3.4974281230609913e-06,6.59774567688497e-07,-8.646783552576104e-05,-1.3421635172026908e-12
EXG,900063,0.001187568027865823,-3.7544549259506773e-06,0.00013573901574495228,5.2287727420748746e-06,-0.00011522266535496546,-1.34190693287883e-12
EXG,900064,0.0011875680495373512,-3.7544549259506764e-06,-3.729945158868155e-06,-2.0771729549095605e-05,-9.322044174639915e-05,-1.341906932708717e-12
EXG,900065,0.0023825209304918307,-9.89125262911466e-06,9.408771783827646e-06,9.929737150692052e-07,0.00027932632831175895,-3.303965759255276e-12
EXG,900066,0.0022411063351624318,1.771692714970388e-06,-6.142927105107604e-05,1.4057143639879526e-06,0.0003526316955092154,1.0022447148027936e-06
EXG,900067,0.0022338400609235726,1.7716931696045478e-06,-9.115061065466895e-06,4.744193372684007e-06,0.00031897284495207705,1.0022447057400728e-06
EXG,900068,0.0023825209828822976,-9.891252628867113e-06,9.099308090149718e-06,9.897440438943063e-07,0.00027939408959398867,-3.303962408433316e-12
EXG,900069,0.002224920084064541,1.7716930938334302e-06,4.632858413126263e-05,4.995388470074324e-06,0.00023376841116597825,1.00224471080312e-06
EXG,900070,0.0023825209698073533,-9.891251416547275e-06,-5.728586090674515e-07,9.143474698323783e-07,1.1803309190730085e-05,-3.3039690621755226e-12
EXG,900071,0.0023825209698073533,-9.891276196315243e-06,4.144483442743213e-06,1.7610430405823563e-05,-1.2637761179746654e-05,-3.303969062176121e-12
EXG,900072,0.002382520944631109,-9.891251416547274e-06,8.192309834273157e-06,-8.681011840097329e-07,8.308574877699812e-06,-3.303969062176122e-12
EXG,900073,0.002382520944631109,-9.891276196315241e-06,1.2273286828311147e-05,-1.799942800683296e-05,-9.886021576372018e-06,-3.3039690621761224e-12
EXG,900074,0.002382520930539681,-9.891263806431258e-06,-0.00028056107017490357,6.94244353056021e-05,-6.780181006140455e-05,-3.303969062176121e-12
EXG,900075,0.0023825209838987814,-9.891263806431258e-06,-0.0002820220046414611,-6.518029495642178e-05,-6.758637127078029e-05,-3.303969062176121e-12
EXG,900076,0.0023825209305396813,-9.891276196315243e-06,0.00011288884940513479,-2.443239861661843e-05,-8.99250202049782e-05,-3.303969062175767e-12
EXG,900077,0.002382520983898781,-9.891276196315243e-06,0.00011210429849104756,2.7228780649746066e-05,-9.048813087081435e-05,-3.3039690621754382e-12
EXG,900078,0.0023825209305396817,-9.891305106044535e-06,-5.3992870936216745e-06,1.0469066358545266e-06,-0.00010158070911143685,-3.3039690621756684e-12
EXG,900079,0.0023825209838987814,-9.891305106044535e-06,-7.107682142054855e-06,-1.0416071072064069e-06,-0.00010048425180441954,-3.303969062176695e-12
EXG,900080,0.002382520926870546,-9.89133814304184e-06,0.00014123758235013394,-2.1533656057013616e-06,-0.00013097047025680632,-3.2957149776047416e-12
EXG,900081,0.0023825209798096774,-9.89133814304184e-06,3.1547335570983654e-05,-1.0355068834537552e-05,-0.00011621792197989639,-3.295714977299778e-12
EXG,900082,0.0035319072559532715,-1.5254055086610368e-05,1.0793203146679694e-05,5.746784782621788e-07,0.00021894566176738277,-1.3411208911463411e-12
EXG,900083,0.0035319072750876024,-1.525409327135152e-05,-0.00015159591964328874,2.1394735319127025e-05,0.00025301041264361857,-1.4807323944583224e-11
EXG,900084,0.0035319073832486333,-1.5254092941815255e-05,-6.7946175099270945e-06,1.2940506819527975e-05,0.00032452707085073865,-1.4809744857607194e-11
EXG,900085,0.003531907277219307,-1.5254055088682727e-05,1.0419310844192088e-05,5.928643403660064e-07,0.0002189883420779463,-1.341119308908238e-12
EXG,900086,0.003531907514142145,-1.5254092865990774e-05,2.5491881342145933e-06,-1.0664978286057323e-08,7.820950789750104e-05,-1.4809829548165234e-11
EXG,900087,0.003531907273819355,-1.525405463036391e-05,9.535466789609801e-06,-1.1872057690304173e-06,7.934876099630204e-06,-1.3411307321192434e-12
EXG,900088,0.003531907273819355,-1.525406468884443e-05,1.4216632375340592e-05,1.3151856888472357e-05,-8.823276249607748e-06,-1.3411307379962189e-12
EXG,900089,0.0035319072635999387,-1.5254054630363894e-05,1.743843793724788e-05,1.3802475555370133e-06,3.901939182798506e-06,-1.3411307379962197e-12
EXG,900090,0.0035319072635999387,-1.5254064688844428e-05,2.2893847169197846e-05,-1.39221808681548e-05,-5.692075103256191e-06,-1.3411307379962211e-12
EXG,900091,0.003531907257880016,-1.5254059659604161e-05,-0.00021381157816491859,5.688048492705525e-05,-5.418472888007471e-05,-1.3411307379962205e-12
EXG,900092,0.0035319072795392775,-1.5254059659604161e-05,-0.0002163637887937617,-5.2736894008767e-05,-5.3540448546848914e-05,-1.3411307379962197e-12
EXG,900093,0.0035319072578800154,-1.5254064688844428e-05,9.645379919033067e-05,-1.7399255036067955e-05,-6.995802632577032e-05,-1.3411307379975477e-12
EXG,900094,0.0035319072795392775,-1.5254064688844427e-05,9.350689037541562e-05,1.981303198275395e-05,-7.053447216149159e-05,-1.341130737991684e-12
EXG,900095,0.0035319072578800163,-1.5254076423738387e-05,5.872556729032356e-07,-3.908717303441357e-06,-8.30654460950626e-05,-1.3411307379951827e-12
EXG,900096,0.0035319072795392775,-1.5254076423738387e-05,1.3367980827170526e-05,5.130980633461579e-06,-8.400253384445582e-05,-1.3411307379974451e-12
EXG,900097,0.003531907257880017,-1.5254089835045754e-05,2.9841731681770115e-05,3.4580073290613695e-05,-8.33021051711605e-05,-1.341130713661098e-12
EXG,900098,0.003531907279539278,-1.5254089835045766e-05,-0.00020744738100611696,-5.848575419105944e-05,-4.932587451076032e-05,-1.3411307379289765e-12
EXG,900099,0.00427540098460804,-1.7673431775450353e-05,1.1358033686779383e-05,3.020135355332081e-07,9.685659245846804e-05,-1.0028446682915128e-12
EXG,900100,0.0045436536263239536,-6.345765529511717e-05,-0.00014717694957411902,1.756205993671731e-05,0.0001882493802744742,1.4238522059859676e-09
EXG,900101,0.004275400999233562,-1.767343182349954e-05,1.0946309639901714e-05,1.902788647878764e-07,9.689793491461517e-05,-1.0142879817485582e-12
EXG,900102,0.004543630630890672,-6.34576549470998e-05,9.196445051709214e-06,9.298702758322809e-06,0.00012052184948234862,1.4238503805768816e-09
EXG,900103,0.004275400999383543,-1.7673431476890094e-05,2.6447361537517957e-05,-4.4338176814850635e-06,1.7716259498308346e-06,-1.0142937036541538e-12
EXG,900104,0.004275400999383543,-1.7673439084092946e-05,6.3497613133456965e-06,3.472101991524384e-06,3.388543861374543e-06,-1.014293714992725e-12
EXG,900105,0.004275400991654626,-1.767343147689008e-05,2.1765800735680886e-05,5.637280301196804e-06,-3.260981657175493e-06,-1.0142937149927286e-12
EXG,900106,0.004275400991654625,-1.7673439084092942e-05,1.0803283289230227e-05,-4.062850207582931e-06,6.361440856959383e-06,-1.014293714992731e-12
EXG,900107,0.004275400987328663,-1.7673435280491506e-05,-8.325266222275826e-05,2.586665036871319e-05,9.895136733134065e-06,-1.0142937207012694e-12
EXG,900108,0.004275401003709506,-1.7673435280491506e-05,-8.35303398228317e-05,-2.3598412470539478e-05,9.72980739498517e-06,-1.0142937205075856e-12
EXG,900109,0.004275400987328663,-1.7673439084092942e-05,1.9674872830945586e-05,-6.629146551574843e-07,-3.763042023777084e-05,-1.0142937149825387e-12
EXG,900110,0.0042754010037095065,-1.7673439084092942e-05,2.0550297480500497e-05,2.80399224735248e-06,-3.80506024734712e-05,-1.0142937150000727e-12
EXG,900111,0.004275400987328664,-1.7673447959162953e-05,1.1271677314216114e-06,1.387581283726015e-06,-3.884485836884514e-05,-1.0142937149975008e-12
EXG,900112,0.0042754010037095065,-1.767344795916295e-05,-8.203266486329749e-06,-2.3152270721308867e-06,-3.639866065302859e-05,-1.0142937149874654e-12
EXG,900113,0.004275400994288731,-1.7673458115984887e-05,6.361775095549548e-05,-3.616957359766571e-05,-4.582843364149781e-05,-1.0528228783818995e-12
EXG,900114,0.004275401010668978,-1.767345811598488e-05,4.5659301463971914e-05,3.1935718685778944e-05,-5.139010061920173e-05,-1.0528228781318241e-12
EXG,900115,0.0022452355800260297,1.2044701338805618e-05,0.00021003855009758525,-6.045151743435625e-05,0.00016363097767086148,1.002244704024719e-06
EXG,900116,0.0022452355800237187,1.9551514064029717e-05,-0.000750771992509274,0.0001861782747306931,0.00015796184365734773,1.0022447040247184e-06
EXG,900117,0.002241106331946804,1.705592483419353e-05,-1.5433013283043203e-05,1.446848578199146e-05,-0.00011953256312562703,1.0022447041092957e-06
EXG,900118,0.002224920079975439,1.7055924834193526e-05,3.293555837998094e-06,6.150754768660287e-07,-0.00012326153982087425,1.0022447041092955e-06
EXG,900119,0.002224920079975439,2.707837187528649e-05,0.00011438052357296841,1.5351131783799587e-05,-0.00015438933736864377,1.0022447041092955e-06
EXG,900120,0.002241106331946804,1.9551514147425674e-05,0.00021470901447130517,0.0002470478352504093,-3.595183828765094e-05,1.002244704109295e-06
EXG,900121,0.002241106331946804,3.7100818916379445e-05,-3.823153244868659e-05,3.2519133590647802e-06,-0.00012131027397815444,1.0022447041092955e-06
EXG,900122,0.002224920079975439,3.710081891637943e-05,7.323842529334788e-05,9.663782626939947e-06,-9.343068783449355e-05,1.0022447041092955e-06
EXG,900123,0.0035319072749634734,-1.5254318715908598e-05,-1.3556714546651992e-07,2.9220388771093672e-06,-9.893680619078553e-05,-1.4809831328700002e-11
EXG,900124,0.0035319075141422495,-1.5254318715908596e-05,-9.243236196813465e-06,-2.9937712690932044e-06,-0.0001006985216529296,-1.4809831328670614e-11
EXG,900125,0.003531907274963473,-1.5254466814221884e-05,-5.774145323065219e-06,-7.01529736308187e-07,-9.678699262911038e-05,-1.480983132861661e-11
EXG,900126,0.0035319075141422495,-1.525446681422188e-05,0.00010674903500701776,1.454545446203573e-05,-0.0001269907159355822,-1.480983132866125e-11
EXG,900127,0.003531907274963473,-1.5254614912535168e-05,8.912414835072193e-06,4.7465244644557375e-07,-0.00010547297127765783,-1.4809831328694283e-11
EXG,900128,0.0035319075141422495,-1.5254614912535168e-05,0.00012607059942139462,1.4317068859323068e-05,-7.674264119919264e-05,-1.480983132867737e-11
EXG,900129,0.00035990986408241255,-4.280765293059688e-07,-1.4386538538026244e-05,-2.655160151187016e-06,-4.496660883727838e-05,2.8381320080364086e-13
EXG,900130,0.0003599098640824124,-4.280740459404617e-07,1.5649463067989294e-05,-1.1389694766264815e-07,-5.401071537388913e-05,2.838132008114854e-13
EXG,900131,0.0003599098547442121,-4.280712076786358e-07,-0.00012867901369751774,-6.958020675245471e-07,-3.005510667806592e-05,2.8417344411528946e-13
EXG,900132,0.00035990986276693824,-4.2807759360547187e-07,-1.6862173086363607e-05,-2.1947283571047908e-05,9.026623480794378e-10,2.838132009856498e-13
EXG,900133,0.0003599098649295948,-4.2807759360547165e-07,-8.879112510649859e-06,2.2975309469663958e-05,2.0279148160322132e-07,2.8381320039144375e-13
EXG,900134,0.0007039877392492216,-3.2694915387256288e-06,4.069755506931268e-06,-1.3673763815849607e-06,-9.597008653750831e-05,1.0529329669304718e-08
EXG,900135,0.0007039877392492216,-3.164198242032582e-06,2.1506418720821298e-05,4.0916224369192e-06,-9.99819043163933e-05,1.0529329669304729e-08
EXG,900136,0.0007039877392492216,-3.0589049453395337e-06,-1.490063286673278e-05,5.161597175418352e-06,-0.0001012048131283817,1.0529329669304714e-08
EXG,900137,0.00353190738233475,-1.5254800775918348e-05,-0.0006771876335623822,-8.088023293833677e-06,0.00021919712943647531,-1.4809831328951526e-11
EXG,900138,0.004543643310461455,-6.343594065507918e-05,-2.1949705600190082e-05,-1.5544261891584779e-06,-6.0403151410121167e-05,1.4238889119555818e-09
EXG,900139,0.004543643310461455,-6.342170176595965e-05,5.329423986355604e-06,6.185925092572968e-06,-5.622167623916744e-05,1.4238889119555718e-09
EXG,900140,0.004543643310461455,-6.340746287684009e-05,3.3676867505516574e-05,6.850027524146411e-06,-6.573750344522683e-05,1.4238889119556006e-09
EXG,900141,0.004543643310461455,-6.338959307099504e-05,-0.0006467181551773268,-8.469404044990477e-06,0.00022456628431407425,1.4238889119556477e-09
EXG,900142,0.0011875680501414753,-3.754429760474238e-06,-1.8714810237111017e-05,-4.623216728326537e-06,-7.501208793794902e-05,-1.3421635172075218e-12
EXG,900143,0.0011875680501414751,-3.7544415044050137e-06,-8.333318759667646e-06,3.7106532033205986e-07,-8.62466394546761e-05,-1.3421635172016423e-12
EXG,900144,0.0011875680375945277,-3.754454925950676e-06,0.00014595756634789897,-6.73259277120439e-06,-0.00011900799420126604,-1.3419069325309654e-12
EXG,900145,0.0011875680563624032,-3.7544247273610487e-06,-2.0162011986880758e-05,-3.509159730460907e-05,-9.03037088089606e-07,-1.3421635168713309e-12
EXG,900146,0.001187568046135117,-3.7544247273610482e-06,-7.318557425533391e-06,3.6622796610639916e-05,-2.9110252758353234e-07,-1.3421635179979478e-12
EXG,900147,0.002382520954493457,-9.891276196315241e-06,-2.3030274700309464e-05,-5.2169663938056475e-06,-8.59696511833804e-05,-3.3039690621760897e-12
EXG,900148,0.0023825209544934564,-9.891305106044535e-06,-2.1599540048907263e-07,3.5109307600421874e-08,-0.00010335879227352285,-3.303969062176174e-12
EXG,900149,0.0023825209506357905,-9.89133814304184e-06,0.00011521750573521711,-6.183715131790503e-06,-0.00013028905609439534,-3.2957149771158407e-12
EXG,900150,0.0023825209698073537,-9.891263806431258e-06,-2.508979324129097e-05,-4.514679509249969e-05,-1.9165033584256492e-07,-3.3039690622275393e-12
EXG,900151,0.0023825209446311085,-9.891263806431257e-06,-8.38071858659075e-06,4.726198737602416e-05,5.477204070668333e-07,-3.3039690620521515e-12
EXG,900152,0.0035319072676032143,-1.5254064688844428e-05,-6.041822402366323e-06,-4.534459701920157e-06,-6.232084828800691e-05,-1.3411307379978745e-12
EXG,900153,0.003531907267603214,-1.5254076423738387e-05,-1.8831485781133425e-05,1.5571472179155513e-07,-8.266136162279762e-05,-1.3411307379964117e-12
EXG,900154,0.0035319072676032173,-1.5254089835045754e-05,0.00018176181178909887,-8.205741982202601e-06,-0.00012050551981539904,-1.3411307133806085e-12
EXG,900155,0.0035319072738193547,-1.5254059659604163e-05,-6.211875623274177e-06,-3.8204450117298925e-05,-2.838576788558882e-07,-1.3411307383476436e-12
EXG,900156,0.003531907263599939,-1.5254059659604161e-05,1.1415703723351683e-05,4.036641411962559e-05,1.2403952482996596e-07,-1.3411307371489054e-12
EXG,900157,0.004275400994682293,-1.7673439084092946e-05,-1.974900907326568e-06,-2.2443432673618794e-06,-2.0312612933942436e-05,-1.0142937149722702e-12
EXG,900158,0.004275400994682292,-1.767344795916295e-05,7.4860050903568326e-06,-3.2120588471257504e-07,-4.70657657075949e-05,-1.0142937149925452e-12
EXG,900159,0.0042754010016420926,-1.767345811598485e-05,-0.00013413366321325318,-5.946204556976005e-06,-1.4582977226871715e-05,-1.052822777884009e-12
EXG,900160,0.004275400999383544,-1.7673435280491513e-05,1.981104744579507e-05,-2.3079487064907328e-05,3.0868134086353986e-06,-1.0142937154005044e-12
EXG,900161,0.004275400991654625,-1.767343528049151e-05,3.063735711124887e-05,2.5843380887149308e-05,1.969410729079762e-06,-1.0142937140095384e-12
EXG,900162,0.002233840057842011,1.7055924834193526e-05,5.088220958774213e-06,-1.859286277635546e-06,-0.00012461392176645964,1.0022447041092955e-06
EXG,900163,0.002233840057842011,2.707837187528649e-05,2.3809535897646914e-06,5.648975111511246e-06,-0.00012461213672737974,1.0022447041092955e-06
EXG,900164,0.002233840057842011,3.7100818916379445e-05,-6.116511458499407e-06,6.499785404209247e-06,-0.00012542659876304627,1.0022447041092955e-06
EXG,900165,0.00353190738233475,-1.5254318715908596e-05,1.3184036352565856e-05,-1.7401284092489445e-07,-9.684962670964732e-05,-1.480983132867554e-11
EXG,900166,0.0035319073823347493,-1.5254466814221882e-05,2.634058207049262e-06,5.887720703514778e-06,-9.926320396353329e-05,-1.480983132866927e-11
EXG,900167,0.0035319073823347493,-1.5254614912535168e-05,2.2984030756145642e-05,6.198554683651957e-06,-0.00010609936410755247,-1.4809831328673102e-11
EXQ,1,-4.340126460545362e-14,2.6152342729998425e-16,-1.177393515534446e-14,-5.765527195074161e-15,-7.528848736006252e-14,4.87563981803009e-17
EXQ,101,-3.611790880642043e-14,2.0201806881117024e-15,-1.9865589976917043e-14,-2.990350394553806e-15,-6.66335127406933e-14,1.062224858317256e-16
EXQ,201,-5.827698195808995e-14,9.110045737866856e-16,-7.0390142051567e-15,-1.202529174343053e-15,-7.692561048296128e-14,-2.94498759475517e-22
EXQ,1001,-3.065160198690216e-14,1.6766172075422626e-15,-1.9944507712839128e-13,4.166324978877726e-16,-5.036678575055282e-14,-5.436130415004985e-17
EXQ,1101,-4.369271922033967e-14,4.1437744869238417e-16,-3.944937210431651e-14,-5.469831573442843e-16,-5.767438244397012e-14,-2.944987595253026e-22
EXQ,1201,-5.77870656954628e-14,9.723322499811911e-16,4.1809559305127114e-15,-1.2834817064397455e-15,-7.627891972608644e-14,-2.94498759475517e-22
EXQ,2001,-2.5378865304285273e-14,-7.381074865643484e-16,-2.8304169320562938e-14,1.755389986429675e-15,-4.324809087118918e-14,-2.4173139707591417e-17
EXQ,2101,-3.8225789144992223e-14,2.810867416228431e-16,-9.806394401486921e-15,-8.850001421304425e-16,-7.015246764157087e-14,-1.3943467399278543e-16
EXQ,2201,-5.856783588753356e-14,1.1431807033767986e-15,1.9916006296464573e-14,-1.5090016635845963e-15,-7.730953478496015e-14,-2.94498759475517e-22
EXQ,100001,6.973675250095079e-12,8.771318979626796e-12,-9.238691814987274e-07,4.983834114266947e-06,1.3191872269930359e-05,-2.3320036005342796e-13
EXQ,100101,7.044211473476215e-12,6.406601518185419e-12,-5.804099495064432e-07,2.491674795602722e-07,4.492023542964549e-06,-2.333924849225226e-13
EXQ,100201,7.086612047536934e-12,4.104212552267055e-12,-1.8962243052486817e-07,3.9675217032119165e-07,2.5380380950946303e-05,-2.331963785234624e-13
EXQ,100301,3.5387709818067804e-12,8.85151889850082e-13,-2.4363518156522102e-14,7.300792418383773e-15,2.957299726041594e-13,-1.1659818948260528e-13
EXQ,100401,4.2636555852089794e-12,-3.3894139784617074e-13,4.592649016572028e-13,4.11750127273625e-14,7.890901770238642e-13,-1.4093672352650043e-13
EXQ,100451,3.5386468405310106e-12,-8.646423655758816e-13,-7.102059592462711e-13,9.354305967197532e-15,2.954022396262838e-13,-1.1659818948260536e-13
EXQ,101001,8.715011773522984e-12,8.77141404043006e-12,-7.593799923690792e-06,-4.3849561587718053e-07,1.0251277266014968e-05,-2.331963917885872e-13
EXQ,101101,8.778151171029584e-12,6.437375388246913e-12,-1.0627178185860617e-06,1.8046347286231507e-07,1.9028747256982286e-05,-2.331963785628847e-13
EXQ,101201,8.775368248313729e-12,4.1039672415621446e-12,1.1262983741109427e-07,4.234611645085484e-07,2.516701695192917e-05,-2.331963785234624e-13
EXQ,101301,4.382456678443393e-12,8.866571711205214e-13,1.7239484711020657e-14,3.326849875617116e-15,2.9131527336877546e-13,-1.1659818948260518e-13
EXQ,101401,4.394106118915302e-12,-2.811786541412934e-13,4.624445746463626e-13,8.144548039863048e-15,3.220697961305376e-13,-1.1659818948260518e-13
EXQ,101451,4.378871890037573e-12,-8.653629486549916e-13,-6.825372781354153e-13,1.1256645290768037e-14,2.8185143199918266e-13,-1.1659818948260518e-13
EXQ,102001,1.0843500231303692e-11,8.770603892795799e-12,-1.3431188218215342e-06,2.621728411814847e-07,8.249743993053597e-06,-2.3319637919595225e-13
EXQ,102101,1.08552016578624e-11,6.41556251206751e-12,-2.7387423325083023e-07,4.481648133145145e-08,5.552499267655549e-06,-2.3294277638816e-13
EXQ,102201,1.0853990805772074e-11,4.103283847745713e-12,5.365128425962764e-07,4.978678701236389e-07,2.550705349173179e-05,-2.331963785234624e-13
EXQ,102301,6.902379115225766e-12,1.063978064612336e-12,7.0619148716497785e-12,9.931833321199721e-15,6.085983383707159e-13,-1.3992670063614425e-13
EXQ,102401,6.526223245988976e-12,-3.5091591784559846e-13,4.5245452652698373e-13,-5.983090332880621e-15,7.211136600565093e-13,-1.389360912597211e-13
EXQ,102451,6.906538623393799e-12,-1.038293824806369e-12,-7.6864274112424e-12,3.623386082453907e-14,5.499989139556952e-13,-1.3989618511804357e-13
EXQ,200001,0.00020725089459737046,-1.002594312608736e-06,-2.4274175746105665e-05,-1.209882273163996e-06,8.069065088925268e-05,3.1522743264961134e-09
EXQ,200101,0.0002072508947297715,-9.710715696176238e-07,-1.3246296970039044e-06,-3.2366320550425147e-06,5.865804364201369e-05,3.1522747917403305e-09
EXQ,200201,0.00020725089477389213,-9.39548814193682e-07,-3.792448540107221e-07,-8.752292746998992e-07,5.548672993387458e-05,3.152274791740676e-09
EXQ,200301,0.00020725089471272025,-9.080260677330577e-07,-6.563233706208482e-07,-1.720880549988785e-06,5.943687361385977e-05,3.152274791740784e-09
EXQ,200401,0.00020725089460837755,-8.763456943745646e-07,7.949883938206711e-06,-1.0741229998005922e-06,7.60311074754133e-05,3.1522746339842995e-09
EXQ,200451,0.0002072508946984378,-8.607419459416417e-07,-1.913207961235041e-05,-2.4342271504002344e-06,5.954500386043686e-05,3.1522747915773606e-09
EXQ,201001,0.0002072280407081102,-1.0025943077599257e-06,-2.018650296047215e-05,5.477237235677227e-07,8.260961763233779e-05,3.152274791716792e-09
EXQ,201101,0.00020722804076747466,-9.710715621763365e-07,-1.7528082920881695e-06,-3.544439297193524e-07,5.5110873177866396e-05,3.1522747917406225e-09
EXQ,201201,0.00020722804077869035,-9.395488157712236e-07,2.252596706412326e-07,-9.82065250126806e-07,5.632287229619663e-05,3.152274791740638e-09
EXQ,201301,0.00020722804072174678,-9.080260651157984e-07,4.644106257812656e-07,-4.0974173153258107e-07,6.0876118789797515e-05,3.152274791893905e-09
EXQ,201401,0.00020722804074533164,-8.765033194240148e-07,1.2457691044754752e-05,-2.023145983543625e-06,5.072915561857272e-05,3.1522747918935822e-09
EXQ,201451,0.00020722804070913146,-8.607419472939897e-07,-1.8386719195572955e-05,-3.0618736012150724e-06,6.399856196521685e-05,3.152274791893893e-09
EXQ,202001,0.00020719998548254605,-1.00259430949598e-06,-2.8968656337036247e-06,1.9493786076590875e-07,5.951066393097803e-05,3.1522747917418963e-09
EXQ,202101,0.0002071999854916082,-9.710715624791918e-07,-2.645654099199416e-07,-6.051599007200043e-07,5.945245103388436e-05,3.1522747917406498e-09
EXQ,202201,0.00020719998553682633,-9.395488158884681e-07,1.0730256652765465e-06,-1.2796920721433957e-06,5.494147216749916e-05,3.1522747917406357e-09
EXQ,202301,0.00020719972226671725,-9.080260699995556e-07,6.092145825789478e-05,-2.6449646023450737e-09,5.1947114221230106e-05,3.1522746502870136e-09
EXQ,202401,0.0002071997226880193,-8.763457205001013e-07,7.22013269535229e-06,-2.830710917227411e-07,7.917849636977445e-05,3.152274766365774e-09
EXQ,202451,0.0002071997222744079,-8.607419503031161e-07,-7.151017700284371e-05,-1.3520272472244245e-06,5.437317775670995e-05,3.152274568161194e-09
EXQ,300001,0.000657620660764982,1.5801715721619938e-07,-4.2022647325690106e-05,1.1933882795214917e-06,9.736648556580537e-05,3.7470476988392915e-07
EXQ,300101,0.0006576206606813824,3.905064855888291e-06,-2.0960673104394957e-06,-2.8232358644173505e-06,6.961697674916742e-05,3.747047689414938e-07
EXQ,300201,0.0006576206606712312,7.652112536260068e-06,-2.2982588375373704e-07,7.591357565820563e-07,7.129020642888388e-05,3.7470476894149435e-07
EXQ,300301,0.0006576206606808769,1.1399160237754903e-05,-1.6010754612398158e-06,-1.0646948749581161e-07,7.255097846021334e-05,3.7470476894149435e-07
EXQ,300401,0.0006576206607310131,1.5146207924575554e-05,1.6709578029374994e-05,-6.483892050209677e-08,5.773351910831244e-05,3.747047689414937e-07
EXQ,300451,0.0006576206606723329,1.7019731773189395e-05,-3.214595242057035e-05,1.0500692779865937e-07,7.877116454565122e-05,3.747047689414936e-07
EXQ,301001,0.0006549040510863312,1.5801715715239252e-07,-2.4955481217144956e-05,5.806082508787652e-07,8.831057671469867e-05,3.7470476894148276e-07
EXQ,301101,0.0006549040511030543,3.905064846890451e-06,-2.0503783725080328e-06,3.488368536527778e-07,7.123308024823303e-05,3.7470476894149377e-07
EXQ,301201,0.0006549040510966139,7.652112539959335e-06,2.6106395569130624e-07,9.880497018978346e-08,7.248675841566282e-05,3.747047689414936e-07
EXQ,301301,0.0006549040511078538,1.1399160231232166e-05,8.356167816781858e-07,1.0333807323830665e-06,7.211939368701793e-05,3.7470476894149366e-07
EXQ,301401,0.0006549040510978264,1.5146207924488154e-05,2.1258022194912505e-05,2.2721256003225637e-07,6.184787158197041e-05,3.7470476894149366e-07
EXQ,301451,0.0006549040511052145,1.7019731771141408e-05,-3.154734465699346e-05,-4.839295888044388e-07,7.76135294783886e-05,3.7470476894149356e-07
EXQ,302001,0.0006515691787032928,1.5801715521395185e-07,-4.739760412254718e-06,5.25290012550706e-07,7.77102480629897e-05,3.747047689414931e-07
EXQ,302101,0.0006515691786549039,3.905064848802112e-06,-1.8468171531134682e-07,8.129240844337812e-08,7.10653735603811e-05,3.747047689414937e-07
EXQ,302201,0.0006515691786515714,7.652112541909286e-06,1.5809479702332806e-06,1.2215021240111025e-07,7.132686330640373e-05,3.747047689414937e-07
EXQ,302301,0.0006515691786428521,1.1399160232257323e-05,5.986724346543157e-05,8.440911677596111e-07,7.385038671855539e-05,3.7470476894149377e-07
EXQ,302401,0.0006515691787088133,1.5146207922973288e-05,1.4945358089886084e-05,-5.548653614464893e-07,6.14420755547381e-05,3.747047689414937e-07
EXQ,302451,0.000651569178635434,1.701973177001403e-05,-8.215241879817016e-05,-1.2629076034939796e-06,8.348449239473438e-05,3.7470476894149366e-07
EXQ,400001,0.0010313368671295267,-4.29007191060744e-06,-6.041312205413523e-05,2.3024039960360107e-07,6.6347003821962e-05,-2.387932546474586e-12
EXQ,400101,0.001031336867137935,-4.2900957843457205e-06,-2.840226793773405e-06,3.2922157712390583e-06,5.635286655105894e-05,-2.387459205644732e-12
EXQ,400201,0.001031336867130274,-4.2901196738108175e-06,2.570722212793179e-07,1.3797647528682168e-06,5.760253045951413e-05,-2.3874592055014146e-12
EXQ,400301,0.0010313368671349794,-4.290143533804356e-06,-2.380490675124006e-06,5.459624832087681e-06,5.735179962653188e-05,-2.387459205508663e-12
EXQ,400401,0.0010313368671120355,-4.2901674161776935e-06,2.1311462779478285e-05,4.641018609463709e-06,5.2111141445056944e-05,-2.3874592055536752e-12
EXQ,400451,0.001031336867113576,-4.290179354336705e-06,-3.935945055432907e-05,4.814550354056037e-06,6.11810447563475e-05,-2.387459205609592e-12
EXQ,400501,0.0010313368671413855,-4.290191311353349e-06,-0.00036489183684354607,2.519884901037559e-06,7.175165537237991e-05,-2.3879324152918906e-12
EXQ,401001,0.0010313368845520125,-4.290071918145529e-06,-2.4534704719985793e-05,3.352573733862104e-06,8.886991793985986e-05,-2.387459198924804e-12
EXQ,401101,0.0010313368844310472,-4.290095792460136e-06,-2.082171699400833e-06,2.2557284583969276e-06,5.4087743703955386e-05,-2.3874592055395954e-12
EXQ,401201,0.0010313368844452244,-4.290119666708927e-06,2.545825970974813e-07,2.8840082452054987e-06,5.810464423573525e-05,-2.3874592055643074e-12
EXQ,401301,0.0010313368844436454,-4.2901435418565156e-06,1.1679607154977557e-06,3.93002840000099e-06,5.776276495290723e-05,-2.3874592055615137e-12
EXQ,401401,0.0010313368844296936,-4.290167418062687e-06,2.591752520797152e-05,3.6540129239195547e-06,5.1982877678905436e-05,-2.387459205548551e-12
EXQ,401451,0.00103133688441917,-4.290179356756272e-06,-3.8739931326393754e-05,3.2949796395599694e-06,6.203466380019359e-05,-2.3874592056052694e-12
EXQ,401501,0.0010313368844532464,-4.290191318949266e-06,-0.0003669696161330649,8.565045007562536e-07,7.188243351587241e-05,-2.3879324153277093e-12
EXQ,402001,0.0010313369056880657,-4.290071915031431e-06,-6.966609635030182e-06,2.155608115114897e-06,3.910616319059694e-05,-2.387459207357351e-12
EXQ,402101,0.0010313369056926607,-4.2900957902505e-06,-1.7561838979277994e-08,2.8375653420849693e-06,6.012158937595169e-05,-2.3874592055649504e-12
EXQ,402201,0.0010313369056937866,-4.29011966581147e-06,1.92012992010596e-06,3.4356101086573395e-06,5.706199303487107e-05,-2.3874592055591606e-12
EXQ,402301,0.0010313369056968752,-4.290143538631301e-06,5.930200284474476e-05,4.783594508629216e-06,5.786485722544265e-05,-2.387459205561876e-12
EXQ,402401,0.0010313369056649602,-4.29016741606462e-06,1.8962368278345617e-05,4.734263327438509e-06,5.636925799271787e-05,-2.387459205539616e-12
EXQ,402451,0.001031336905675753,-4.290179355392373e-06,-8.761188884467629e-05,4.513839038778363e-06,6.352159344505409e-05,-2.387459205614419e-12
EXQ,402501,0.001031336905711033,-4.290191316315381e-06,-0.00040891106473973997,1.4576360647789073e-06,7.07923060772043e-05,-2.3879324153169047e-12
EXQ,500001,0.0013325711553620779,-1.780155348673464e-05,-5.518327748113226e-05,5.501417856594517e-06,5.529750824645381e-05,1.0150161989470631e-10
EXQ,500101,0.0013325711552095278,-1.7800538467696056e-05,-3.2746277341638996e-06,2.2945411666001036e-06,2.934807566667317e-05,1.0150161976349186e-10
EXQ,500201,0.0013325711552238998,-1.779952344084649e-05,5.17214489038377e-07,-4.3201309704800837e-07,3.435772094779031e-05,1.0150161976381521e-10
EXQ,500301,0.0013325711552215139,-1.77985084470145e-05,-2.7585575597421313e-06,5.228699859697808e-06,3.356927573194234e-05,1.0150161976381965e-10
EXQ,500401,0.0013325711551984015,-1.7797493421638274e-05,2.300942940170968e-05,2.049957409895345e-06,2.8744199209591824e-05,1.0150161976350643e-10
EXQ,500451,0.0013325711552659922,-1.7796985913658287e-05,-4.218278878485684e-05,1.9282003343196022e-06,4.9110968994918974e-05,1.0150161976350346e-10
EXQ,500501,0.0013325711553502189,-1.779647840162132e-05,-0.00036470483747172503,2.507775564313467e-06,7.522218527142713e-05,1.015016197635236e-10
EXQ,501001,0.001332570418486277,-1.7801561912339068e-05,-1.6478048464403904e-05,1.8751710122289536e-06,2.435754798105253e-06,1.0149735017914149e-10
EXQ,501101,0.0013325704193375414,-1.780053846448525e-05,-1.7124282425866392e-06,1.932681235864408e-06,3.804019221699793e-05,1.0150161976567662e-10
EXQ,501201,0.0013325704193354665,-1.7799523449886128e-05,1.967100238620854e-07,2.000620764030694e-06,3.3119529657482376e-05,1.0150161976351131e-10
EXQ,501301,0.0013325704193354168,-1.779850843806743e-05,1.3468455040674031e-06,2.861730417720215e-06,3.343983693618982e-05,1.0150161976350657e-10
EXQ,501401,0.0013325704193125122,-1.779749341815756e-05,2.7610118236904996e-05,1.5210694295244054e-06,2.9244407706727313e-05,1.0150161976350078e-10
EXQ,501451,0.0013325704193823164,-1.7796985906397287e-05,-4.16204288192785e-05,2.855115653877977e-07,4.9593358409163416e-05,1.0150161976347317e-10
EXQ,501501,0.0013325704194641248,-1.7796478394025403e-05,-0.0003667834102238906,8.630358109522384e-07,7.537418580776302e-05,1.0150161976355943e-10
EXQ,502001,0.0013325695159453097,-1.780155348330819e-05,-6.673103201898442e-06,3.1760489272441864e-06,4.090813898357713e-05,1.0150161976321353e-10
EXQ,502101,0.0013325695159737128,-1.7800538467416545e-05,-1.0433449463461744e-07,2.62746156679262e-06,3.226205625647505e-05,1.0150161976350334e-10
EXQ,502201,0.001332569515966162,-1.7799523452103745e-05,2.097795895806442e-06,2.4148199675816794e-06,3.2033199655747735e-05,1.0150161976350982e-10
EXQ,502301,0.0013325695159707115,-1.7798508442817916e-05,5.903542769599725e-05,4.077063938418027e-06,3.321161259109733e-05,1.0150161976350717e-10
EXQ,502401,0.001332569515970701,-1.779749342084028e-05,2.0375648357478912e-05,1.609176178167971e-06,3.47027069367809e-05,1.0150161976349909e-10
EXQ,502451,0.0013325695160269434,-1.7796985908771212e-05,-8.96928826144878e-05,1.0052839013436429e-07,5.2044614683811634e-05,1.0150161976348562e-10
EXQ,502501,0.0013325695160945209,-1.7796478396659286e-05,-0.0004087311692760415,1.4089948258185578e-06,7.42048153634567e-05,1.0150161976354862e-10
EXQ,600003,0.0003543191501218,-1.100095790900482e-06,2.033967515583219e-06,2.025504606157163e-07,6.502044719540749e-05,-3.033977421283359e-13
EXQ,600004,0.0007018810771079965,-2.82881197261491e-06,2.8284950594127126e-06,1.1091116612459092e-07,6.875583272374071e-05,-7.700907560952873e-13
EXQ,600005,0.0010313368651813104,-4.290068190020029e-06,3.4908145282198502e-06,4.5385145532073547e-07,4.422094369116698e-05,-1.209723127545124e-13
EXQ,600006,0.0012403272433466205,-4.947950429666945e-06,3.252010656377765e-06,8.372441949972693e-08,2.6950277273400394e-05,-2.949205781335213e-13
EXQ,601002,0.00010959648344458566,-1.2779940438943867e-07,-1.3300835098097852e-05,1.0902913488299573e-06,3.5165334384913604e-05,2.834739103327546e-13
EXQ,601003,0.00035431915009874194,-1.100096015414827e-06,-3.8244284275862326e-05,3.307194252461402e-06,4.3187267978925934e-05,-3.033977363568271e-13
EXQ,601004,0.0007018810766005069,-2.8288128274156598e-06,-6.406094229659498e-05,6.147613443673584e-06,4.0857476009276475e-05,-7.700907501739643e-13
EXQ,601005,0.0010313368650310627,-4.2900683690590515e-06,-5.778318909567611e-05,6.451927914790536e-06,2.2298312003609708e-05,-1.2097231235350374e-13
EXQ,601006,0.001240327241669487,-4.947950745329195e-06,3.252005560000574e-06,8.372442294212032e-08,2.6950274068947243e-05,-2.932819356727003e-13
EXQ,602002,0.00010959647921827316,-1.2779950927477456e-07,6.731560708680475e-07,4.951154085036055e-07,3.0856881681166834e-05,2.834738915983065e-13
EXQ,602003,0.0003543191547992832,-1.1000957909005087e-06,1.7017297582595206e-06,5.206993310841019e-07,5.639437250603693e-05,-3.033978153700197e-13
EXQ,602004,0.0007018810889811852,-2.8288119726154653e-06,2.5923142777694407e-06,3.1265910859077127e-07,7.957379476146047e-05,-7.700881846232495e-13
EXQ,603002,0.00010959647886648225,-1.2779940438934248e-07,-1.3341392455871766e-05,-9.093750094564702e-07,3.519042616915131e-05,2.8347389253684257e-13
EXQ,603003,0.0003543191549986154,-1.100096015414827e-06,-3.834447101505833e-05,-2.7638816172488e-06,4.326675415768619e-05,-3.0339773635357837e-13
EXQ,603004,0.0007018810890374724,-2.8288128274156598e-06,-6.421791776089012e-05,-5.397570444360451e-06,4.095079868474801e-05,-7.700907501753783e-13
EXQ,603005,0.0010313368669847655,-4.2900683690590515e-06,-5.804497465660286e-05,-5.79314150090504e-06,2.247334926415718e-05,-1.2097231234640122e-13
EXQ,603006,0.0012403272461838615,-4.94795075224749e-06,3.1331758298221363e-06,5.159532130559875e-08,2.696193714032216e-05,-2.9492362007954384e-13
EXQ,605005,0.0010313368668178463,-4.290072002644065e-06,4.9837691695001635e-06,5.69818093646401e-07,3.434706740482182e-06,-1.240816183687978e-13
EXQ,609002,9.176336483493019e-12,8.801275159250767e-12,-9.238642783867787e-07,4.9838340793904315e-06,1.3191872410501868e-05,-2.331030020259201e-13
EXQ,612002,7.311815827203392e-12,8.829619067903725e-12,5.330671939128998e-07,-7.47663102677231e-07,6.030325860557853e-06,-2.3320032518611825e-13
EXQ,612003,0.00020724175300182362,-1.0033823811903613e-06,-3.823356132618674e-06,5.619533294217567e-07,8.755178076743935e-05,3.152274326507996e-09
EXQ,612004,0.000655990695015987,6.434096474521507e-08,-8.674203850294879e-06,2.6245609276973526e-06,9.649261219780894e-05,3.7470476988392624e-07
EXQ,612005,0.0010313368809795357,-4.290071313624308e-06,-7.810299311377442e-06,4.942487821755912e-06,9.112778466425954e-05,-2.387932552664415e-12
EXQ,612006,0.0013325704176369007,-1.780157034166522e-05,-1.647804459113976e-05,1.8751709981859956e-06,2.4357549093199953e-06,1.0149308761944468e-10
EXQ,700001,5.685008922998174e-14,2.6896400066775784e-16,4.1444936882142324e-15,-2.5721959392589615e-16,1.589251890376505e-13,3.57993186441739e-22
EXQ,700002,5.0019432434317026e-14,5.618230510243356e-17,-3.1382333081625045e-14,2.3650073901407302e-17,1.4990872210056064e-13,3.5799318644025382e-22
EXQ,700003,-1.3544446922758821e-14,-1.765790945421238e-15,3.409257608490575e-14,-1.280497399760217e-16,3.459723352968089e-14,6.962277375811861e-16
EXQ,700004,4.4740485267394156e-14,8.403484671944242e-16,3.185262108441355e-13,-1.011445460283956e-15,1.429405137825387e-13,3.5799318635168644e-22
EXQ,700005,6.157377849683519e-14,1.6948377506797518e-19,-1.3541589754860042e-13,9.758916752153038e-17,1.6516046078416946e-13,3.5799318643230584e-22
EXQ,700006,4.9552465904490735e-14,1.6037764533698753e-17,1.0867216923756065e-14,7.664086733503507e-17,1.4929232821892233e-13,3.579931864397295e-22
EXQ,700007,5.696602553280644e-14,-1.4457333516479824e-16,6.870769902183915e-16,2.88649687989503e-16,1.5907822846048768e-13,3.5799318642653623e-22
EXQ,700008,4.96390151565406e-14,7.517348083163249e-17,1.8490693732191233e-14,-1.418278057746993e-18,1.4940657480385354e-13,3.579931864353973e-22
EXQ,701001,0.00010959647890537469,-1.2779632012166986e-07,1.1164758921475466e-07,1.8168088764673418e-07,3.059280975611495e-05,2.8347390923807443e-13
EXQ,701002,0.00010959647890619968,-1.2779348584104585e-07,-8.454016572546812e-07,8.901028304983388e-08,3.3567648901362974e-05,2.834739092368984e-13
EXQ,701003,0.0001095964789136663,-1.2779063512666423e-07,1.1061910445903648e-06,1.315674918049543e-07,5.877228398897343e-05,2.8456170744741465e-13
EXQ,701004,0.00010959648141103796,-1.277984455123514e-07,8.58070640657231e-06,4.305272666772794e-07,3.586669975206356e-05,2.8347390916676706e-13
EXQ,701005,0.00010959648143586105,-1.2779632068374173e-07,-3.6479385999904396e-06,6.461740857736213e-08,2.8535583426395852e-05,2.834739092306048e-13
EXQ,701006,0.00010959648143501415,-1.2779348593803533e-07,2.927495279969722e-07,7.15268178468475e-08,3.3771020125797295e-05,2.834739092364832e-13
EXQ,701007,0.00010959648348304357,-1.2779632088915535e-07,1.850901348479692e-08,1.5800439596291732e-09,3.054232031269793e-05,2.8347390922603624e-13
EXQ,701008,0.00010959648348972639,-1.2779348572721087e-07,4.98116665970131e-07,9.728118499424692e-08,3.3733327847842966e-05,2.8347390923305284e-13
EXQ,702001,0.0003543191550524159,-1.100099204124213e-06,1.656974485206112e-07,4.577118118380222e-07,5.130729316991867e-05,-3.0339774197403556e-13
EXQ,702002,0.0003543191550615863,-1.1001022383973177e-06,-1.3112854043004604e-06,2.5804255325280005e-07,5.0947960044235474e-05,-3.033977419767069e-13
EXQ,702003,0.0003543191549055181,-1.1001053001269216e-06,2.2602340274980595e-06,3.521926511052705e-07,5.674241830717695e-05,-3.0298131375694016e-13
EXQ,702004,0.0003543191523421027,-1.1000969282069845e-06,1.583262486279562e-05,7.467349081649096e-07,5.8821848485639636e-05,-3.033977421097141e-13
EXQ,702005,0.0003543191523565225,-1.1000992045820107e-06,-6.73686010407037e-06,2.1292224965702848e-07,4.801108354638188e-05,-3.033977419782329e-13
EXQ,702006,0.0003543191523612818,-1.1001022385719284e-06,9.138471078541018e-07,2.15802372579267e-07,4.837987875935782e-05,-3.033977419742857e-13
EXQ,702007,0.00035431915015252216,-1.1000992047190663e-06,-2.3328744495304337e-08,1.2346197681299052e-07,5.149663674943083e-05,-3.03397741980872e-13
EXQ,702008,0.0003543191501644099,-1.1001022384307482e-06,1.3580963106321033e-06,3.076191535075952e-07,4.8586140099661905e-05,-3.033977419742482e-13
EXQ,703001,0.0007018810890277629,-2.8288206360113285e-06,1.3589536815828565e-07,5.64088389549496e-07,5.9100969369043e-05,-7.700907546875914e-13
EXQ,703002,0.0007018810890176614,-2.8288283370791236e-06,-1.7009543474736373e-06,3.426433450941411e-07,5.808194125495041e-05,-7.70090754682122e-13
EXQ,703003,0.0007018810892243049,-2.828836095384972e-06,3.3888449214742934e-06,4.828464205581009e-07,0.00013293380613553792,-7.696659700841215e-13
EXQ,703004,0.0007018810821749564,-2.828814860352289e-06,2.0896229297445375e-05,1.0020186733337022e-06,6.876188506787426e-05,-7.700907546599848e-13
EXQ,703005,0.0007018810821713094,-2.828820636000671e-06,-8.841843495888813e-06,2.476481572933333e-07,5.515081220588254e-05,-7.70090754685569e-13
EXQ,703006,0.0007018810821752796,-2.828828336923979e-06,1.237310195052626e-06,2.491146548416686e-07,5.831341262467126e-05,-7.700907546885613e-13
EXQ,703007,0.0007018810765904484,-2.8288206360547596e-06,-1.141694400485588e-07,1.2492130079175392e-07,5.905931021610281e-05,-7.700907546840736e-13
EXQ,703008,0.0007018810765847764,-2.8288283368352243e-06,1.9641202274282295e-06,3.363548013808287e-07,5.70729669126078e-05,-7.700907546952084e-13
EXQ,704001,0.0010313368669313883,-4.290069550280876e-06,6.100660951102076e-08,3.7688408891943984e-07,4.639130106712362e-05,-1.2097231379737257e-13
EXQ,704002,0.0010313368669322553,-4.290070760335953e-06,-2.094246274458327e-06,1.0742539631814686e-07,5.043132643058799e-05,-1.20972313801353e-13
EXQ,704003,0.0010313368668951606,-4.290071986653938e-06,4.983775362936973e-06,5.698180902487125e-07,3.4347065941272115e-06,-1.225269630852105e-13
EXQ,704004,0.0010313368658591456,-4.290068643182692e-06,2.3466147363486612e-05,6.564907990345053e-07,5.3469751268781234e-05,-1.2097231364663206e-13
EXQ,704005,0.001031336865847905,-4.290069550692998e-06,-9.852460501078757e-06,1.367358833152109e-07,4.4247441340608074e-05,-1.2097231379138207e-13
EXQ,704006,0.0010313368658428689,-4.290070760480739e-06,1.328727688360621e-06,1.3275246316742965e-07,4.2887184737227283e-05,-1.20972313792309e-13
EXQ,704007,0.001031336864978068,-4.2900695511893584e-06,-2.3245349745142978e-07,2.3719323494852602e-08,4.673270452738435e-05,-1.2097231378780933e-13
EXQ,704008,0.001031336864976136,-4.290070760647234e-06,2.2819759836663648e-06,2.6322322402274584e-07,4.629234568170441e-05,-1.2097231378490198e-13
EXQ,705001,0.0012403272474849007,-4.947953748667163e-06,-1.164139404366204e-07,4.5348280044182705e-07,2.1506255522389106e-05,-2.9492057791893504e-13
EXQ,705002,0.0012403272474909707,-4.9479566964138175e-06,-1.9791186094617404e-06,8.747390204359603e-08,2.0109822283725946e-05,-2.949205779015573e-13
EXQ,705003,0.001240327247514711,-4.947959646398471e-06,4.983775362936973e-06,-3.570917400900258e-08,7.744566966488733e-05,-2.9492057791580913e-13
EXQ,705004,0.0012403272448941328,-4.947951538216228e-06,2.4171808589924593e-05,8.068506175587469e-07,2.9246237652246844e-05,-2.9492057775036705e-13
EXQ,705005,0.0012403272448529444,-4.947953746977034e-06,-1.0070287369645868e-05,-4.244213020770829e-08,2.053055726379757e-05,-2.949205779110241e-13
EXQ,705006,0.0012403272448621193,-4.947956696112431e-06,1.0436967113666218e-06,-6.911124343029717e-08,2.588652449454905e-05,-2.949205779062437e-13
EXQ,705007,0.0012403272427222395,-4.947953745939372e-06,-4.027319382297929e-07,-3.813400554947866e-07,2.1298154580347242e-05,-2.949205779060204e-13
EXQ,705008,0.0012403272427185994,-4.947956696445831e-06,2.505918824404902e-06,-5.4381322017811805e-08,2.0153237384894024e-05,-2.9492057790388287e-13
EXQ,900000,0.00010959648398804166,-1.2779941530284246e-07,1.0856214981747944e-06,6.627179361254032e-08,4.268330758084478e-05,2.834707019862292e-13
EXQ,900001,8.747121427947238e-12,8.80421439255336e-12,1.3587504249117981e-06,-3.679528984530649e-07,5.450767368647656e-06,-2.3471451335944126e-13
EXQ,900002,1.159182151598736e-11,8.86129831867119e-12,-5.240370259035072e-06,-8.710586633449148e-07,8.34855982819864e-06,-2.3058498437350065e-13
EXQ,900003,0.00010959647949262418,-1.2779941528275986e-07,1.0517047302772085e-06,6.827891994706425e-08,4.269364941344289e-05,2.8347066824391767e-13
EXQ,900004,1.2482598817064852e-11,8.830426408023625e-12,6.330863043267747e-08,-2.2724337897816234e-07,2.999129109158537e-06,-2.330919396140974e-13
EXQ,900005,0.00010959648007549823,-1.2779950927478547e-07,-1.0426778412253042e-06,3.625459747577819e-07,2.0137022916400086e-06,2.8347391033275447e-13
EXQ,900006,0.00010959648007549823,-1.27797383220458e-07,-6.541063632379683e-07,2.6424372491445176e-06,-2.054772351201288e-06,2.8347391033275457e-13
EXQ,900007,0.00010959648223556941,-1.2779950927478232e-07,-5.949296264032096e-09,-3.2916978652569167e-07,1.4576092659575168e-06,2.8347391170946453e-13
EXQ,900008,0.0001095964822355694,-1.2779738322045798e-07,7.165036947101319e-07,-2.68326227012043e-06,-1.7254531593195413e-06,2.834739103327544e-13
EXQ,900009,0.00010959648344458565,-1.2779844624762174e-07,-4.3681990018611407e-05,1.0444848366762e-05,-1.0177483670357222e-05,2.834739103327546e-13
EXQ,900010,0.000109596478866482,-1.2779844624762174e-07,-4.388353823337989e-05,-9.840375769953586e-06,-1.0145824048173904e-05,2.834739103327544e-13
EXQ,900011,0.00010959648344458566,-1.27797383220458e-07,1.6037385557224404e-05,-3.7513768461443038e-06,-1.3788152534346062e-05,2.8347391033147205e-13
EXQ,900012,0.00010959647886648203,-1.27797383220458e-07,1.5931157470708575e-05,4.2142029676726506e-06,-1.3868517835260503e-05,2.8347391033288655e-13
EXQ,900013,0.00010959648344458565,-1.277949028237426e-07,4.266483665783738e-06,1.289180799864612e-07,-1.6140926534779453e-05,2.83473910333193e-13
EXQ,900014,0.00010959647886648198,-1.2779490282374256e-07,3.3702869600338685e-06,-2.119697318732646e-07,-1.5897174234403496e-05,2.8347391033227924e-13
EXQ,900015,0.00010959648060100161,-1.27792068045885e-07,-3.8935671025605136e-05,1.4868642086563257e-07,-9.102195386859988e-06,2.8358145298821674e-13
EXQ,900016,0.00010959647602289817,-1.2779206804588498e-07,-4.309226635234368e-05,-6.112987422426373e-07,-8.401929596405205e-06,2.835814530079927e-13
EXQ,900017,0.00020726388199743313,-9.710715767107141e-07,6.186809040035613e-05,-1.738517558864982e-05,4.7750945523168294e-05,3.152274358183184e-09
EXQ,900018,0.0002072638819981087,-9.474610101585674e-07,-0.00021964265779247496,5.053578532598335e-05,4.639765208192112e-05,3.1522743581835477e-09
EXQ,900019,0.00020725089459737046,-9.553101977112942e-07,-9.880289777731386e-06,4.986965972649294e-06,-2.7961618193201493e-05,3.1522743264961125e-09
EXQ,900020,0.00020719998536699753,-9.55310197711294e-07,-5.199599575645287e-06,-8.850444210552138e-07,-2.8797652822739042e-05,3.152274326496114e-09
EXQ,900021,0.00020725089459737043,-9.237874544463331e-07,4.27965630973862e-06,-2.2529073020423563e-07,-2.8691183013402624e-05,3.152274326496114e-09
EXQ,900022,0.00020719998536698994,-9.23787454446333e-07,2.7091738484286487e-05,2.718205546863366e-06,-3.5684926119329716e-05,3.152274326496114e-09
EXQ,900023,0.0002072508945973705,-9.47461034638318e-07,4.562168920398523e-05,6.81573785974448e-05,-9.753207557240898e-06,3.1522743264962432e-09
EXQ,900024,0.00020725089459737043,-8.922647111813066e-07,2.342661654117123e-05,-6.306867569804227e-06,-3.514266492375903e-05,3.152274326659542e-09
EXQ,900025,0.00020719998536698238,-8.922647111813065e-07,6.725914072780387e-05,1.076335797566126e-05,-2.4737557406512085e-05,3.152274326659518e-09
EXQ,900026,0.0006585424344988964,7.65211255489478e-06,-1.010379967349475e-06,9.596476621520398e-08,1.4752706717329875e-05,3.747047698839299e-07
EXQ,900027,0.0006576206607649819,9.525636404314427e-06,2.5548514077474003e-07,-5.759232368546459e-07,-3.554541421588769e-05,3.747047698839292e-07
EXQ,900028,0.0006585424344988964,9.525636404314427e-06,1.528240115705423e-06,-4.87013884555058e-07,-1.0009852440172649e-05,3.7470476988392925e-07
EXQ,900029,0.0006585424344988964,1.1399160253734076e-05,-2.2820642118644937e-06,4.6779215057145284e-07,1.6556454092589474e-05,3.7470476988392984e-07
EXQ,900030,0.0010313368612552129,-4.290095789932906e-06,-1.0438449620777715e-05,2.9822842796256148e-06,2.4665950054939062e-05,-2.3879325465415657e-12
EXQ,900031,0.0010313368671295267,-4.290101043384507e-06,-5.64767088930166e-05,1.2288159899634882e-06,-2.0713513155490174e-06,-2.387932546506365e-12
EXQ,900032,0.0010313368612552126,-4.2901010433845075e-06,-6.0000224198570524e-05,1.5387474815769126e-06,2.0613829017532456e-05,-2.387932546474585e-12
EXQ,900033,0.001031336884442038,-4.290101043384507e-06,-5.230495433055764e-05,3.2715415463967176e-07,-2.977189356564914e-06,-2.3879325464629104e-12
EXQ,900034,0.0010313368573164222,-4.290119674750386e-06,3.135384425672989e-05,-9.241635075412413e-06,2.0286983453449545e-05,-2.3879325375471717e-12
EXQ,900035,0.0010313368573164278,-4.29014354333629e-06,-5.8493348771913535e-05,1.5076654867705132e-05,2.0282926386282196e-05,-2.3879325375599296e-12
EXQ,900036,0.001031336867129527,-4.290185456800027e-06,-0.0001987394744941493,1.6858644851438531e-06,6.453345787199593e-05,-2.387932546546733e-12
EXQ,900037,0.0010313369056946374,-4.290185456800027e-06,-0.00024683202684183317,-3.636018061879287e-06,6.288739267532749e-05,-2.387932546563952e-12
EXQ,900038,0.0013325711553620779,-1.780003096243622e-05,4.663849709386723e-06,-1.961572145167422e-06,-1.6499626971179102e-05,1.0150161989471736e-10
EXQ,900039,0.0013325695161109166,-1.7800030962436217e-05,5.803429040678138e-07,1.4950828365638866e-06,-1.6407928634042748e-05,1.0150161989470538e-10
EXQ,900040,0.0013325711553620779,-1.779901594623727e-05,-2.353212609105249e-06,7.912224734866674e-09,-1.6491332918022074e-05,1.0150161989468311e-10
EXQ,900041,0.0013325695161109166,-1.779901594623727e-05,3.1854465894651854e-05,4.141060185866189e-06,-2.483355136072708e-05,1.0150161989469912e-10
EXQ,900042,0.0013325711553620779,-1.7798000930038325e-05,3.844570240673219e-06,3.3485091082056314e-07,-1.9443979226427697e-05,1.0150161989471582e-10
EXQ,900043,0.0013325695161109166,-1.7798000930038325e-05,4.138182914232375e-05,4.262069559285585e-06,-1.1198797127117462e-05,1.0150161989471229e-10
EXQ,900044,0.0013325711553620776,-1.7796727084708647e-05,-0.00019036923590816797,1.111338259617446e-06,6.593499466134305e-05,1.0150161989472337e-10
EXQ,900045,0.0013325695161109166,-1.7796727084708647e-05,-0.0002385171218020064,-5.9725889333792994e-06,6.43742021313867e-05,1.015016198947253e-10
EXQ,900046,0.0013325715735235744,-1.7799523448844728e-05,3.140966659093478e-05,-8.33139851255905e-06,2.001198785076325e-05,1.0150161988615021e-10
EXQ,900047,0.0013325715735235688,-1.779850844338534e-05,-5.847754207949344e-05,1.5055748236346845e-05,1.9990702117612212e-05,1.0150161988615666e-10
EXQ,900048,0.00035431915087355385,-1.100095912832426e-06,2.0176648049222253e-06,2.265520564936675e-07,6.61659296682721e-05,-3.0339816056035027e-13
EXQ,900049,0.00020725089855367845,-1.0033824460250763e-06,-3.390313763147531e-06,-9.88675844047878e-07,8.675344973885616e-05,3.152271395650972e-09
EXQ,900050,0.00020722804463248486,-1.003382319430995e-06,1.1730472928647635e-06,1.447080287358458e-06,8.874927731031412e-05,3.152277616804544e-09
EXQ,900051,0.00035431915568469904,-1.1000959129004533e-06,1.9532504560922337e-06,2.2837811491192e-07,6.61794064931655e-05,-3.0340062369430485e-13
EXQ,900052,0.00020719998918414123,-1.0033823812170263e-06,1.1021468099769495e-05,5.80330745890065e-07,5.189473382758248e-05,3.1522743980734145e-09
EXQ,900053,0.0003543191537046239,-1.100095790900482e-06,-7.751717777634015e-07,3.520821324688578e-07,2.6585998643931167e-06,-3.0339774212833635e-13
EXQ,900054,0.000354319153704624,-1.1000980663835482e-06,2.1431625989339908e-06,4.791147136968073e-06,-3.3519012786119443e-06,-3.0339774212833615e-13
EXQ,900055,0.0003543191513927331,-1.1000957909004822e-06,1.2072682705934698e-06,-3.426156228754988e-07,1.8832619476472864e-06,-3.033977421283358e-13
EXQ,900056,0.0003543191513927331,-1.100098066383548e-06,4.005741027762211e-06,-4.924866278592046e-06,-2.772746814358925e-06,-3.0339774212833584e-13
EXQ,900057,0.0003543191500987418,-1.1000969286420151e-06,-6.418290535685738e-05,1.5837914536059906e-05,-1.7065612225377667e-05,-3.0339774212833584e-13
EXQ,900058,0.00035431915499861536,-1.1000969286420151e-06,-6.467291646661342e-05,-1.4935100257524176e-05,-1.6947612329461274e-05,-3.03397742128336e-13
EXQ,900059,0.00035431915009874167,-1.100098066383548e-06,3.165826418082196e-05,-6.77728654779513e-06,-2.137312532168595e-05,-3.0339774212943076e-13
EXQ,900060,0.0003543191549986153,-1.100098066383548e-06,3.113121840511504e-05,7.320397819142375e-06,-2.1492740942531922e-05,-3.033977421283343e-13
EXQ,900061,0.0003543191500987418,-1.1001007211137917e-06,-2.9789221269921775e-06,6.282752648574257e-08,-2.5227957249868338e-05,-3.033977421280603e-13
EXQ,900062,0.0003543191549986152,-1.1001007211137917e-06,-1.0254060041544917e-06,1.9148407393322228e-07,-2.5342045218250767e-05,-3.033977421286424e-13
EXQ,900063,0.0003543191462829171,-1.1001037550645357e-06,4.059113593890255e-05,1.5774844137781482e-06,-3.389898978522948e-05,-3.0332125847583047e-13
EXQ,900064,0.0003543191511814696,-1.1001037550645355e-06,-9.536725746748011e-07,-6.2075231588104435e-06,-2.7307269960639368e-05,-3.033212584260103e-13
EXQ,900065,0.0007018810765288599,-2.828812254083756e-06,2.7031872036050022e-06,2.7431031300011196e-07,8.087974224266362e-05,-7.700896871478325e-13
EXQ,900066,0.0006576206617757629,6.434086352749564e-08,-1.7015826023379754e-05,3.643042320029626e-07,0.00010276707872962251,3.747047723769687e-07
EXQ,900067,0.0006549040521649474,6.43409913722627e-08,-2.4233847037016127e-06,1.3101873060733915e-06,9.230963450993324e-05,3.7470476959521347e-07
EXQ,900068,0.0007018810887400193,-2.828812254016911e-06,2.613719852559275e-06,2.735685441449141e-07,8.089959213018334e-05,-7.700886996308495e-13
EXQ,900069,0.0006515691800367459,6.43409641831974e-08,1.3478666755401481e-05,1.4489034594982364e-06,6.81098663088963e-05,3.747047711518579e-07
EXQ,900070,0.0007018810857530354,-2.828811972614911e-06,-2.1125873135006421e-07,2.7818027343948226e-07,3.4403349027406245e-06,-7.700907560951112e-13
EXQ,900071,0.0007018810857530353,-2.8288177482955805e-06,1.0697165772640972e-06,5.066608404247981e-06,-3.658643331407753e-06,-7.700907560952872e-13
EXQ,900072,0.0007018810798849438,-2.82881197261491e-06,2.29381896512882e-06,-2.600099874549898e-07,2.4146829130638007e-06,-7.700907560952877e-13
EXQ,900073,0.0007018810798849436,-2.82881774829558e-06,3.460399897541621e-06,-5.178919923557005e-06,-2.8658413934618446e-06,-7.700907560952868e-13
EXQ,900074,0.0007018810766005068,-2.828814860455245e-06,-8.137958076292285e-05,2.01165506193294e-05,-1.9583245616091714e-05,-7.70090756095287e-13
EXQ,900075,0.0007018810890374724,-2.8288148604552455e-06,-8.180748526708967e-05,-1.888568479540023e-05,-1.9519195363305137e-05,-7.700907560952877e-13
EXQ,900076,0.0007018810766005068,-2.82881774829558e-06,3.242189324222611e-05,-7.031821195890431e-06,-2.6039191670439814e-05,-7.700907560951372e-13
EXQ,900077,0.0007018810890374724,-2.8288177482955805e-06,3.2187899335360206e-05,7.851112883947805e-06,-2.6203461568476592e-05,-7.700907560950578e-13
EXQ,900078,0.0007018810766005067,-2.8288244865896967e-06,-1.5218720784299867e-06,3.2104778629650404e-07,-2.934629498463864e-05,-7.700907560951552e-13
EXQ,900079,0.0007018810890374722,-2.8288244865896963e-06,-2.019920403709981e-06,-3.201025977365808e-07,-2.902214863728062e-05,-7.700907560954532e-13
EXQ,900080,0.0007018810754521285,-2.8288321869352425e-06,4.245885040955971e-05,-8.411382478032527e-07,-3.8135937043036975e-05,-7.682395012537853e-13
EXQ,900081,0.0007018810877320822,-2.828832186935243e-06,9.985952588971728e-06,-2.87950202452029e-06,-3.3718640296037834e-05,-7.682395011761988e-13
EXQ,900082,0.0010313368644131451,-4.290068223909063e-06,3.0938146234582475e-06,1.5522574601136996e-07,6.195260185759622e-05,-1.2096961971568487e-13
EXQ,900083,0.0010313368671758833,-4.290071431427761e-06,-4.286794037019031e-05,6.077044741905701e-06,7.300680587730153e-05,-2.3873253031565933e-12
EXQ,900084,0.0010313368847272,-4.290071337337794e-06,-1.5276734231509943e-06,3.6563712347591405e-06,9.565802936099904e-05,-2.3877539024872376e-12
EXQ,900085,0.001031336866331324,-4.290068224509498e-06,2.985852091323962e-06,1.6019386466396617e-07,6.196446653621596e-05,-1.2096916156195518e-13
EXQ,900086,0.00103133690569462,-4.290071313625976e-06,7.589224406412848e-07,-5.588551475834145e-08,2.2888568956206745e-05,-2.3879322488136202e-12
EXQ,900087,0.0010313368664688187,-4.29006819002003e-06,2.8452284192627735e-06,-3.6437032268731533e-07,2.2228296553555665e-06,-1.2097231109920678e-13
EXQ,900088,0.0010313368664688187,-4.290069097312374e-06,4.212137915094741e-06,3.7492252186927957e-06,-2.486197792104857e-06,-1.2097231275451251e-13
EXQ,900089,0.0010313368655470096,-4.290068190020029e-06,5.086864963241237e-06,4.230908105472613e-07,1.0624874616053125e-06,-1.209723127545124e-13
EXQ,900090,0.0010313368655470096,-4.290069097312374e-06,6.674295849845508e-06,-3.969433871297892e-06,-1.5819301293055156e-06,-1.2097231275451251e-13
EXQ,900091,0.0010313368650310627,-4.2900686436662e-06,-6.0332098451215934e-05,1.6109707592580223e-05,-1.5383601999477345e-05,-1.2097231275451315e-13
EXQ,900092,0.0010313368669847658,-4.2900686436662e-06,-6.105380853630937e-05,-1.4924270744041303e-05,-1.5202744173187033e-05,-1.2097231275451297e-13
EXQ,900093,0.0010313368650310627,-4.290069097312373e-06,2.7586872218429917e-05,-4.942126451365282e-06,-1.9792054693181695e-05,-1.209723127549383e-13
EXQ,900094,0.0010313368669847655,-4.290069097312374e-06,2.6761410136883514e-05,5.6312748277892094e-06,-1.9957595249499457e-05,-1.2097231275326324e-13
EXQ,900095,0.0010313368650310627,-4.290070155820111e-06,3.1243131291359274e-07,-1.196713671118245e-06,-2.3632948020530673e-05,-1.2097231275423726e-13
EXQ,900096,0.0010313368669847655,-4.290070155820111e-06,3.902722566236193e-06,1.5316244744548511e-06,-2.3881410806533218e-05,-1.2097231275485648e-13
EXQ,900097,0.0010313368650310627,-4.290071365543236e-06,1.0246087807352382e-05,1.0437006065538114e-05,-2.3963119241610056e-05,-1.20972308716856e-13
EXQ,900098,0.0010313368669847655,-4.290071365543238e-06,-5.875098024774839e-05,-1.7361501944740694e-05,-1.4036045420995765e-05,-1.2097231275449547e-13
EXQ,900099,0.0012403272420494183,-4.947950516737037e-06,3.252010636261265e-06,8.372441931689038e-08,2.6950275702452592e-05,-2.916382742813016e-13
EXQ,900100,0.0013325711528530072,-1.7801578954909375e-05,-4.106219012484998e-05,4.864154166525832e-06,5.746947360246806e-05,1.0149127141640141e-10
EXQ,900101,0.0012403272463148939,-4.9479505309661866e-06,3.133180906541785e-06,5.1595318716306126e-08,2.6961938775190612e-05,-2.949190350920823e-13
EXQ,900102,0.001332569513717605,-1.7801578858241662e-05,2.9687813816877873e-06,2.7299853889022837e-06,3.625997642052783e-05,1.0149080338506375e-10
EXQ,900103,0.0012403272463135213,-4.947950429666948e-06,7.608716380764239e-06,-1.2746506895775331e-06,4.417079068423703e-07,-2.9492057495061715e-13
EXQ,900104,0.0012403272463135213,-4.947952641571282e-06,2.0539005061559657e-06,9.84471772267233e-07,9.83857426682065e-07,-2.9492057813352086e-13
EXQ,900105,0.0012403272440662265,-4.947950429666945e-06,6.2378695687315525e-06,1.6191786256369804e-06,-1.00811724742028e-06,-2.9492057813352116e-13
EXQ,900106,0.0012403272440662265,-4.947952641571281e-06,3.3189012677520256e-06,-1.1582051821551247e-06,1.8364023243832685e-06,-2.949205781335225e-13
EXQ,900107,0.0012403272428083902,-4.9479515356191124e-06,-2.3020332207414528e-05,7.251377548045283e-06,2.7042363359654406e-06,-2.9492057979195993e-13
EXQ,900108,0.0012403272475713578,-4.9479515356191124e-06,-2.3106415754847347e-05,-6.607440844861153e-06,2.662228129562107e-06,-2.949205797348214e-13
EXQ,900109,0.0012403272428083902,-4.947952641571282e-06,5.7898747640558345e-06,-1.7125965991077148e-07,-1.0480053491872249e-05,-2.94920578130602e-13
EXQ,900110,0.0012403272475713576,-4.947952641571282e-06,6.014574535624785e-06,7.740009945093502e-07,-1.0598682697543218e-05,-2.949205781356294e-13
EXQ,900111,0.0012403272428083904,-4.94795522212634e-06,-3.0439598912284874e-07,4.89190647386067e-07,-1.0806024533351804e-05,-2.949205781348695e-13
EXQ,900112,0.0012403272475713576,-4.9479552221263395e-06,-2.7298424351420732e-06,-7.202143073851121e-07,-1.013175871730769e-05,-2.9492057813200847e-13
EXQ,900113,0.0012403272452017457,-4.947958175229934e-06,2.4685709211061733e-05,-1.1265142108181474e-05,-1.3968829044527235e-05,-3.05736930210831e-13
EXQ,900114,0.0012403272499646703,-4.947958175229934e-06,1.6527980303220482e-05,9.638201601473467e-06,-1.5039546131871044e-05,-3.057369301415392e-13
EXQ,900115,0.0006591644443870663,3.905064863422429e-06,6.184722235169518e-05,-1.7802036854355874e-05,4.794082412729075e-05,3.7470476985224196e-07
EXQ,900116,0.0006591644443863908,6.711603558006367e-06,-0.00021962471420750704,5.4336960404121204e-05,4.6293483282502544e-05,3.7470476985224175e-07
EXQ,900117,0.000657620660764982,5.778588705475137e-06,-4.466054388192277e-06,4.207548238994709e-06,-3.4770000268010394e-05,3.747047698839292e-07
EXQ,900118,0.0006515691787313566,5.778588705475136e-06,9.685537964437695e-07,1.950772172468995e-07,-3.586383564386191e-05,3.747047698839291e-07
EXQ,900119,0.0006515691787313566,9.525636404314427e-06,3.3606285015003375e-05,4.510828687223187e-06,-4.5017228446920736e-05,3.7470476988392915e-07
EXQ,900120,0.000657620660764982,6.71160358248612e-06,6.248788948680657e-05,7.22174127976728e-05,-1.0465977259549999e-05,3.7470476988392894e-07
EXQ,900121,0.0006576206607649822,1.327268410315372e-05,-1.1055232804557551e-05,9.553540075417592e-07,-3.532111548210519e-05,3.747047698839291e-07
EXQ,900122,0.0006515691787313566,1.3272684103153719e-05,2.1786206026414277e-05,2.843471640658549e-06,-2.7106375351550335e-05,3.747047698839291e-07
EXQ,900123,0.001031336867129527,-4.290107729595638e-06,-2.6180317360029754e-07,9.071701305099912e-07,-2.9034181598318143e-05,-2.3879325464801233e-12
EXQ,900124,0.0010313369056946372,-4.290107729595637e-06,-2.7474442964176558e-06,-9.016803645025754e-07,-2.958383189913114e-05,-2.387932546472318e-12
EXQ,900125,0.001031336867129527,-4.290131608921103e-06,-1.6593838442054495e-06,-2.114993023387631e-07,-2.8345123756221603e-05,-2.387932546456178e-12
EXQ,900126,0.0010313369056946372,-4.290131608921103e-06,3.1422138060206386e-05,4.293626198885506e-06,-3.732024903301875e-05,-2.387932546469476e-12
EXQ,900127,0.001031336867129527,-4.2901554882465665e-06,2.6367082160006715e-06,1.4961797946665662e-07,-3.092011333847017e-05,-2.3879325464793813e-12
EXQ,900128,0.0010313369056946372,-4.2901554882465665e-06,3.709267047834369e-05,4.22828916325113e-06,-2.252724597389877e-05,-2.3879325464742595e-12
EXQ,900129,0.00010959648138939982,-1.2779738322045798e-07,-4.473338431360528e-06,-7.891273587785963e-07,-1.355649899145268e-05,2.8347391033049533e-13
EXQ,900130,0.00010959648138939979,-1.277949028237426e-07,4.828674868636278e-06,-3.187527256306559e-08,-1.616706380347055e-05,2.8347391033276154e-13
EXQ,900131,0.00010959647854581589,-1.2779206804588498e-07,-3.867671185812681e-05,-2.119021271900582e-07,-8.992842174652193e-06,2.835814530294853e-13
EXQ,900132,0.00010959648007549823,-1.277984462476217e-07,-5.372594210216884e-06,-6.6192325909590945e-06,1.4233000139730362e-08,2.834739103791668e-13
EXQ,900133,0.0001095964822355694,-1.2779844624762169e-07,-2.992949851912556e-06,6.922233641104685e-06,6.880494301399597e-08,2.834739102208509e-13
EXQ,900134,0.00020722804060850335,-9.55310197711294e-07,1.2252736992485653e-06,-4.015096111848774e-07,-2.815606753532968e-05,3.1522743264961154e-09
EXQ,900135,0.00020722804060850335,-9.23787454446333e-07,6.339188487602317e-06,1.2127838441545296e-06,-2.934826187755433e-05,3.1522743264961204e-09
EXQ,900136,0.00020722804060850335,-8.92264711181372e-07,-4.4088146246992856e-06,1.5075805760728434e-06,-2.970421851667964e-05,3.152274326496114e-09
EXQ,900137,0.001031336884442038,-4.290185456800026e-06,-0.00019998306024448647,-2.4067194389328422e-06,6.508683199728896e-05,-2.3879325465698886e-12
EXQ,900138,0.0013325704194753333,-1.780003096243622e-05,-6.558869993700813e-06,-4.779959480623642e-07,-1.8068104627083612e-05,1.0150161989470467e-10
EXQ,900139,0.0013325704194753333,-1.779901594623727e-05,1.6043084867294503e-06,1.8223564344839985e-06,-1.682970888605567e-05,1.015016198947018e-10
EXQ,900140,0.0013325704194753333,-1.7798000930038325e-05,9.67129217754926e-06,2.0186409887112985e-06,-1.959095547790289e-05,1.0150161989471017e-10
EXQ,900141,0.0013325704194753335,-1.7796727084708647e-05,-0.00019151367867300623,-2.5094692084211486e-06,6.655744678464146e-05,1.0150161989472722e-10
EXQ,900142,0.0003543191522983753,-1.100098066383548e-06,-5.536413748189744e-06,-1.357961290040302e-06,-2.2034369849582576e-05,-3.0339774212997976e-13
EXQ,900143,0.0003543191522983753,-1.1001007211137917e-06,-2.438881764878213e-06,1.1062438661228016e-07,-2.524551803626217e-05,-3.033977421283487e-13
EXQ,900144,0.00035431914848195765,-1.1001037550645355e-06,4.3739994178374224e-05,-2.0022677715483687e-06,-3.504058809397662e-05,-3.0332125837881386e-13
EXQ,900145,0.0003543191537046239,-1.1000969286420153e-06,-5.9488547276039875e-06,-1.0204871495227642e-05,-2.7543620296229393e-07,-3.03397742034544e-13
EXQ,900146,0.00035431915139273317,-1.1000969286420151e-06,-2.2221480989010733e-06,1.0649356962822192e-05,-9.685016349136034e-08,-3.0339774235447563e-13
EXQ,900147,0.0007018810821836646,-2.8288177482955805e-06,-6.702374705743088e-06,-1.5084797627762569e-06,-2.4848430210107654e-05,-7.70090756095228e-13
EXQ,900148,0.0007018810821836647,-2.8288244865896967e-06,7.850798725543726e-08,1.2544196434251138e-08,-2.987449857031315e-05,-7.700907560953033e-13
EXQ,900149,0.0007018810809648013,-2.8288321869352425e-06,3.367257813916746e-05,-1.8584558808445811e-06,-3.7699788298153736e-05,-7.682395011010309e-13
EXQ,900150,0.0007018810857530352,-2.828814860455246e-06,-7.38077678228052e-06,-1.3069968830328776e-05,-4.4774127427317466e-08,-7.700907561139661e-13
EXQ,900151,0.0007018810798849438,-2.8288148604552455e-06,-2.5284103575241376e-06,1.3684381802749733e-05,1.5952327023820625e-07,-7.70090756050251e-13
EXQ,900152,0.001031336865908112,-4.290069097312374e-06,-1.5927622155364315e-06,-1.2944310478798382e-06,-1.763365637022965e-05,-1.209723127549147e-13
EXQ,900153,0.001031336865908112,-4.290070155820111e-06,-5.669616481870489e-06,3.0554868987871844e-08,-2.3462271837083225e-05,-1.2097231275457928e-13
EXQ,900154,0.0010313368659081125,-4.290071365543235e-06,5.647866213977195e-05,-2.3349418939491336e-06,-3.513849793546707e-05,-1.2097230863718537e-13
EXQ,900155,0.0010313368664688187,-4.290068643666201e-06,-1.5481353151740246e-06,-1.0834859768541062e-05,-8.531757163083455e-08,-1.2097231285954262e-13
EXQ,900156,0.0010313368655470098,-4.290068643666201e-06,3.4934888143685537e-06,1.1457648910315426e-05,3.040063424969123e-08,-1.2097231250127867e-13
EXQ,900157,0.0012403272449465646,-4.947952641571281e-06,-3.395939174179482e-07,-6.41069572965217e-07,-5.536623993955909e-06,-2.9492057812772666e-13
EXQ,900158,0.0012403272449465642,-4.94795522212634e-06,2.043041259057557e-06,-6.635806860294794e-08,-1.3257344157959555e-05,-2.949205781334481e-13
EXQ,900159,0.0012403272473399006,-4.947958175229931e-06,-3.717432574182048e-05,-1.9869541325784954e-06,-4.061289731790796e-06,-3.0573692291002873e-13
EXQ,900160,0.0012403272463135215,-4.947951535619114e-06,5.896200584164965e-06,-6.510119445220046e-06,8.545071196123459e-07,-2.949205782459838e-13
EXQ,900161,0.0012403272440662263,-4.947951535619113e-06,8.982779356396975e-06,7.2984023543498375e-06,5.312822615373403e-07,-2.9492057786236894e-13
EXQ,900162,0.0006549040511833235,5.778588705475136e-06,1.4103609421282254e-06,-5.486947142755717e-07,-3.627153042579885e-05,3.747047698839292e-07
EXQ,900163,0.0006549040511833235,9.525636404314427e-06,6.845327825434355e-07,1.660671261893534e-06,-3.62557559621567e-05,3.747047698839293e-07
EXQ,900164,0.0006549040511833234,1.327268410315372e-05,-1.5952174477921144e-06,1.916427978458136e-06,-3.6530241473291935e-05,3.747047698839292e-07
EXQ,900165,0.0010313368844420377,-4.290107729595637e-06,3.935847155104634e-06,-3.345513766630115e-08,-2.8395068159759268e-05,-2.3879325464727603e-12
EXQ,900166,0.0010313368844420377,-4.290131608921103e-06,7.606921892513271e-07,1.7291102705153294e-06,-2.9120427816505572e-05,-2.3879325464718895e-12
EXQ,900167,0.0010313368844420377,-4.2901554882465665e-06,6.765855020860718e-06,1.8206045458915279e-06,-3.112859792512311e-05,-2.387932546472987e-12
EYG,1,-1.1619125319304504e-15,-1.0906136851560985e-13,1.0699604645873768e-12,1.509012567270193e-13,4.812466054740125e-14,-2.5861882228542847e-16
EYG,101,8.675383761656463e-15,-4.8549757245101095e-14,2.1180092883972163e-13,8.102105975127308e-14,6.860584332840632e-15,1.209026754046324e-16
EYG,201,5.8571820254639235e-15,-6.426472076674877e-14,6.342099639374752e-13,8.48294075236903e-14,7.731474626877779e-15,-1.087347413191095e-21
EYG,1001,-2.7260436427321225e-14,2.1322431393578987e-13,-7.637593427128937e-12,1.0599251382088711e-13,-4.6810898231783377e-14,-6.629751008970775e-17
EYG,1101,1.6354137291578428e-14,-6.350961920490404e-14,-4.692728494747055e-13,8.383266680522567e-14,2.158746033638253e-14,-1.0873474134418817e-21
EYG,1201,1.0060110380255501e-15,-8.051579888839349e-14,-1.7451202764738467e-13,1.0628083051705262e-13,1.3279337389982397e-15,-1.087347413191095e-21
EYG,2001,-2.4560496496137353e-14,-6.666768895619342e-14,-8.882566021784382e-13,8.177087150399127e-14,-8.613763579036504e-14,-8.417235606486029e-17
EYG,2101,-2.5622322939695017e-15,-4.484487605599748e-14,-1.6142494779111291e-13,7.479676701160527e-14,-1.7854050941235918e-15,4.0368207583233866e-17
EYG,2201,-5.249643185948486e-15,-6.184787058095049e-14,-4.499096761985852e-13,8.163916529735496e-14,-6.929523922806465e-15,-1.087347413191095e-21
EYG,100001,-7.318633706062927e-12,4.7986443654240155e-11,4.707978304641681e-05,-1.4697188824757952e-05,1.4243819853349134e-07,-8.60985577835519e-13
EYG,100101,-7.462151553435065e-12,3.9392074335991854e-11,7.152254578739669e-06,-5.990696374775657e-06,-1.0607119256520127e-06,-8.612235754547354e-13
EYG,100201,-7.341203419844676e-12,3.081095335995517e-11,1.7084840479056233e-05,-2.798813042142105e-05,-2.5508820329973017e-06,-8.61006950944723e-13
EYG,100301,-3.668046970935703e-12,1.1077906587802242e-11,7.239400611939247e-13,-2.7941284817048085e-13,-2.4181429822405917e-14,-4.30503476287872e-13
EYG,100401,-4.408254321586602e-12,8.881550051822578e-12,1.3134669158796435e-11,-6.001046237891451e-13,-1.3301233688209893e-13,-5.165274160117122e-13
EYG,100451,-3.679344502705112e-12,4.594132314561504e-12,1.1361882154301276e-12,-2.095688923491579e-13,-5.400691360770527e-14,-4.305034762878714e-13
EYG,101001,-1.0420483017010057e-12,4.811913231082351e-11,-0.00027242657740081746,-2.9996950440511374e-05,7.136515441197149e-06,-8.61008475955314e-13
EYG,101101,-1.059020450453772e-12,3.951306094629118e-11,-1.2641636414305734e-05,-2.765927834600102e-05,-7.1224382813741675e-06,-8.610069511433064e-13
EYG,101201,-1.0797244348352157e-12,3.087595767267469e-11,-4.701140511135451e-06,-3.506568460287518e-05,-4.381313291589193e-07,-8.61006950944723e-13
EYG,101301,-5.398804975466071e-13,1.1112626236786549e-11,-2.061496848241018e-13,-3.710727212295308e-13,-5.360000703926534e-15,-4.3050347628787257e-13
EYG,101401,-5.396049133087804e-13,6.775392509382413e-12,-1.8766215485443053e-13,-2.856557647094436e-13,-4.63245832079139e-15,-4.3050347628787257e-13
EYG,101451,-5.400928016528294e-13,4.631737968111846e-12,-2.2423026653217242e-13,-3.088478174444611e-13,-5.920483542875472e-15,-4.3050347628787257e-13
EYG,102001,6.616414571070008e-12,4.813407655277819e-11,-3.253189775500451e-05,-2.4862073816996142e-05,8.033048874561893e-06,-8.610069695622076e-13
EYG,102101,6.705691672184197e-12,3.938549756892114e-11,-5.738257530748633e-06,-6.884077447660938e-06,4.983559349272212e-07,-8.610696579470556e-13
EYG,102201,6.60798249646417e-12,3.080128595918141e-11,-1.2120016216891973e-05,-2.6935560985079325e-05,2.2862906612820496e-06,-8.61006950944723e-13
EYG,102301,3.989914148929985e-12,1.3289623796263804e-11,-6.008967656880556e-13,-2.763414334126978e-13,6.849474175191343e-14,-5.153403913162062e-13
EYG,102401,4.014469430530474e-12,8.876043297525499e-12,-1.2945870443512043e-11,-5.912090940985195e-13,1.5058937280809728e-13,-5.165233507403567e-13
EYG,102451,4.020563530646015e-12,5.512774171874097e-12,-8.157057807796533e-13,-6.366543222278064e-14,6.438490600610827e-14,-5.177436101654992e-13
EYG,200001,-1.4815123289886136e-06,0.0003674050149918749,0.000264016445137754,-0.00014894349077963155,2.8877288415943185e-05,-1.6925852618672912e-08
EYG,200101,-1.4815122451440038e-06,0.0003672357566948424,2.753738460908687e-05,-0.00016307111201268766,1.1839403015429182e-05,-1.6925839679798346e-08
EYG,200201,-1.4815122329023982e-06,0.0003670664983374734,3.41696803239025e-05,-0.0001661281590065225,9.081170367621686e-06,-1.6925839679796688e-08
EYG,200301,-1.4815122300701975e-06,0.00036689723987100254,1.9502059515286607e-05,-0.00018576464316075853,6.855921263289862e-06,-1.6925839679797327e-08
EYG,200401,-1.4815122494229087e-06,0.0003667271340746965,0.00011681786679420727,-0.00012370701918937389,5.40641624623994e-06,-1.692584423439039e-08
EYG,200451,-1.4815122471893127e-06,0.0003666433522489124,3.0607520408999816e-05,-0.00020861620574646079,1.6696362879367157e-05,-1.692583967891869e-08
EYG,201001,-1.3587998196212842e-06,0.00036740501519097707,-0.000569317507164555,-0.00012777570653164209,-1.56853089140883e-05,-1.6925839681462263e-08
EYG,201101,-1.358799868161658e-06,0.0003672357568036981,-2.4581840258409916e-05,-0.00012603678016021524,-8.293720653891308e-06,-1.69258396797982e-08
EYG,201201,-1.3587998890157471e-06,0.00036706649841439855,-9.402280847758875e-06,-0.00013781794237274552,7.231314592306539e-07,-1.692583967979788e-08
EYG,201301,-1.3587998839078407e-06,0.0003668972399296275,-5.553420287125488e-06,-0.0001555229332280159,7.390531112622026e-07,-1.692583968061788e-08
EYG,201401,-1.3587998869272711e-06,0.0003667279815257635,-5.0553888490468126e-06,-0.00018357666988087637,4.990121290719455e-07,-1.6925839680617185e-08
EYG,201451,-1.3587998844099767e-06,0.00036664335231696623,-6.0404890369336874e-06,-0.0001758607113883562,9.239754645462718e-07,-1.6925839680617834e-08
EYG,202001,-1.2081598908273984e-06,0.00036740501518751803,-0.00010830457534823422,-0.00012126205845755625,-1.3732717262498063e-05,-1.692583967978842e-08
EYG,202101,-1.2081598938596891e-06,0.0003672357566833897,-1.966150817852753e-05,-0.000159176602595609,-1.0062259746145153e-05,-1.692583967979807e-08
EYG,202201,-1.208159897952898e-06,0.0003670664983190071,-2.424003198387427e-05,-0.00017033843673287862,-1.006043528418599e-05,-1.6925839679797876e-08
EYG,202301,-1.206749402702843e-06,0.00036689723970918076,-9.560155502256e-06,-0.00018702242097508103,-3.542517007253413e-06,-1.692584179088736e-08
EYG,202401,-1.206749401227929e-06,0.0003667271340621122,-0.00011372199884757338,-0.00012473660939809583,-7.69125807749082e-06,-1.6925844278240148e-08
EYG,202451,-1.206749356063487e-06,0.00036664335206128523,-1.4130097981253418e-05,-0.00019758618546778471,-6.873178397858187e-06,-1.6925846631063636e-08
EYG,300001,7.814820234652114e-05,0.0012060980887431622,0.0004008381843014919,-0.00026909733364637793,2.5956924857039718e-05,1.0211689208875398e-05
EYG,300101,7.814820218014249e-05,0.001308214980644088,4.331166808685683e-05,-0.00019596056324308145,3.38913975455636e-06,1.0211689183062476e-05
EYG,300201,7.814820218538426e-05,0.0014103318725263224,4.753166490294483e-05,-0.00019618081614571542,-3.4324094685691354e-06,1.0211689183062476e-05
EYG,300301,7.81482021853349e-05,0.0015124487644533286,3.425446138619733e-05,-0.00019393077849882474,-2.1149845165974507e-06,1.0211689183062476e-05
EYG,300401,7.8148202164405e-05,0.0016145656562200363,0.0001240260635940087,-0.00021710259626359318,1.4227403544453153e-06,1.0211689183062474e-05
EYG,300451,7.814820223204162e-05,0.0016656241023521154,5.5627077133026584e-05,-0.00019873502469912286,5.340613617931878e-06,1.0211689183062476e-05
EYG,301001,4.113455585629098e-06,0.0012060980886662875,-0.0008092994466701917,-0.00018131543732506565,-2.3332025982242653e-05,1.0211689183061715e-05
EYG,301101,4.11345556346682e-06,0.0013082149806059626,-3.426401278689211e-05,-0.00017022102955905054,-1.64510462776248e-05,1.0211689183062474e-05
EYG,301201,4.113455557221761e-06,0.0014103318725138768,-1.2980542075598755e-05,-0.00016975643393949604,-6.845146458670472e-07,1.0211689183062474e-05
EYG,301301,4.1134555558635335e-06,0.001512448764436007,-9.671678284267971e-06,-0.00016839884922787,-2.4708620397563043e-06,1.0211689183062474e-05
EYG,301401,4.113455554482312e-06,0.0016145656563691239,-9.01412614244518e-06,-0.0001668575996728459,-1.1558608942228544e-06,1.0211689183062472e-05
EYG,301451,4.11345554972549e-06,0.0016656241022995333,-1.0332691905623848e-05,-0.000169096797249098,-2.2521749999534527e-06,1.0211689183062474e-05
EYG,302001,-8.677057818742712e-05,0.001206098088680988,-0.000179436615389612,-0.00017768121149336653,9.809927900441648e-07,1.0211689183062401e-05
EYG,302101,-8.677057823793289e-05,0.0013082149806180274,-3.0840075130622e-05,-0.00020184170759935072,-5.233127478918083e-06,1.0211689183062474e-05
EYG,302201,-8.677057823875456e-05,0.0014103318725353776,-3.37257925431168e-05,-0.00020317056531064923,-1.6625463849481412e-06,1.0211689183062474e-05
EYG,302301,-8.677057822885341e-05,0.0015124487644646635,-2.023124042013196e-05,-0.00020316050548484284,-6.210437603632507e-07,1.0211689183062474e-05
EYG,302401,-8.677057822127259e-05,0.0016145656562200773,-0.00011761963768516859,-0.00022393349815701678,-4.828350459127317e-06,1.0211689183062474e-05
EYG,302451,-8.677057825294884e-05,0.0016656241023262916,-3.373087177285935e-05,-0.00020818739956080028,-1.1598506468712414e-05,1.0211689183062476e-05
EYG,400001,-2.153053352987453e-05,0.0021725818026599496,0.000408021203241486,-3.554193200233038e-05,-1.1814934883121618e-05,5.566321402122231e-10
EYG,400101,-2.1530533443530412e-05,0.002172587369203854,5.4180628811334585e-05,-0.00020618236355881878,-6.26036784982462e-06,5.566450575780767e-10
EYG,400201,-2.1530533435945557e-05,0.002172592935638676,5.633180939643949e-05,-0.00019595036082274166,-1.1301461203864669e-05,5.566450575797575e-10
EYG,400301,-2.153053342716569e-05,0.0021725985020693657,4.387149372718618e-05,-0.0001827990096222882,-1.350521462046727e-05,5.566450575797377e-10
EYG,400401,-2.1530533440272513e-05,0.002172604068531307,0.00012781974057137708,-0.0001577651670056284,-5.839475395361898e-06,5.56645057580711e-10
EYG,400451,-2.1530533369867077e-05,0.0021726068517120044,7.497930721769551e-05,-0.0001528638799608007,-2.4006142955718078e-05,5.56645057577716e-10
EYG,400501,-2.153053337885394e-05,0.0021726096345223156,0.00039974839474244273,-0.000213983328047455,-3.605182633484444e-05,5.566321621588016e-10
EYG,401001,-2.153456915182598e-05,0.0021725818027422336,-0.0009488834498736019,-0.00022579886288679344,-3.290717549979432e-05,5.566450570937141e-10
EYG,401101,-2.1534569053303516e-05,0.002172587369276703,-4.104472054108182e-05,-0.00018575212564054587,-1.5863597318606005e-05,5.56645057578504e-10
EYG,401201,-2.153456910306999e-05,0.0021725929357117916,-1.519600742236326e-05,-0.00017306013394355788,-4.126939141042503e-06,5.566450575801036e-10
EYG,401301,-2.1534569098793292e-05,0.0021725985021438868,-1.2306105240323953e-05,-0.00016010107160900635,-3.519493074807629e-06,5.566450575801125e-10
EYG,401401,-2.153456909709763e-05,0.0021726040685645562,-1.1445954325970617e-05,-0.00015270569774659544,-3.1579932651102813e-06,5.566450575807831e-10
EYG,401451,-2.1534569106357483e-05,0.0021726068517932046,-1.345514448586317e-05,-0.00014300861492862272,-6.613725443576821e-07,5.566450575774617e-10
EYG,401501,-2.1534569137013994e-05,0.0021726096347250584,-4.831633920877721e-05,-0.00016957897313188362,2.753617133479106e-06,5.566321621597373e-10
EYG,402001,-2.1539523225334134e-05,0.002172581802859189,-0.0002442922526163481,-0.0002128807034070131,-2.005539832903319e-05,5.56645057661747e-10
EYG,402101,-2.153952321547655e-05,0.0021725873692055417,-3.827994718340865e-05,-0.00021363762657987344,5.610453726008593e-06,5.566450575799201e-10
EYG,402201,-2.153952322599984e-05,0.0021725929356335746,-3.997955967617125e-05,-0.00019621694922690948,5.970121655424331e-06,5.56645057580112e-10
EYG,402301,-2.1539523230263524e-05,0.002172598502060217,-2.7242011622676198e-05,-0.00017912023727612478,8.17668061401594e-06,5.566450575801171e-10
EYG,402401,-2.1539523217514743e-05,0.0021726040685207245,-0.000119400613934673,-0.00015877691709872545,7.263949675984084e-07,5.566450575807121e-10
EYG,402451,-2.1539523281313464e-05,0.0021726068517078758,-4.920165710198985e-05,-0.0001530804078295937,1.533987694521124e-05,5.566450575777065e-10
EYG,402501,-2.1539523266496544e-05,0.002172609634526265,-0.00029741432244344214,-0.00021325012231446824,2.5016568466380345e-05,5.566321621587253e-10
EYG,500001,-3.311640245859259e-05,0.0032384264276586507,0.00048093871197147606,-0.0003261869652258374,3.533600459071538e-05,1.7933852237169787e-08
EYG,500101,-3.3116402435935195e-05,0.003238605765879512,5.9039841844487846e-05,-0.00020089949053813457,1.0276506910720772e-05,1.7933852215224824e-08
EYG,500201,-3.311640247075837e-05,0.0032387851043838905,6.045698218498972e-05,-0.0002033827638926924,1.516576804183772e-07,1.79338522152245e-08
EYG,500301,-3.311640248157338e-05,0.0032389644428800265,4.848062218689328e-05,-0.00020519577510683693,-2.354665236554458e-06,1.7933852215224527e-08
EYG,500401,-3.31164024427418e-05,0.0032391437813759994,0.0001304696879954922,-0.00021882024009239342,6.891252553527189e-06,1.793385221522409e-08
EYG,500451,-3.31164025458645e-05,0.003239233450622967,8.466220705848633e-05,-0.0002175734834581198,-1.9853354290573907e-05,1.7933852215225913e-08
EYG,500501,-3.311640260961317e-05,0.003239323120015154,0.0003997173897055478,-0.00021355035847995743,-3.557103908125957e-05,1.7933852215223207e-08
EYG,501001,-3.324642304424467e-05,0.003238424932458651,-0.0009967140762503477,-0.0001956627462282827,6.631039513391538e-07,1.7934102776170095e-08
EYG,501101,-3.324642299135546e-05,0.003238605765700651,-4.4441271316275114e-05,-0.00014343310659764162,-3.5363721183932966e-05,1.793385221561224e-08
EYG,501201,-3.324642287843773e-05,0.003238785104197542,-1.608022199538687e-05,-0.00014511560332306547,2.0767506022211805e-06,1.793385221522445e-08
EYG,501301,-3.324642288542135e-05,0.0032389644426947632,-1.3580132491367104e-05,-0.0001472089359015343,-1.5721522934491e-06,1.7933852215224437e-08
EYG,501401,-3.324642288326753e-05,0.0032391437812157625,-1.2658926518346231e-05,-0.00015409476900792694,-9.95633081627954e-07,1.7933852215223918e-08
EYG,501451,-3.324642287079237e-05,0.0032392334504510846,-1.5153105435517564e-05,-0.0001525717646869844,1.940836721460892e-06,1.793385221522655e-08
EYG,501501,-3.324642286318913e-05,0.003239323119812411,-4.834544495853454e-05,-0.00016965774642489003,1.8371551439258642e-06,1.7933852215222273e-08
EYG,502001,-3.340603420527173e-05,0.003238426427235373,-0.00025047485727644264,-0.00014109184706253034,-3.309325537153601e-07,1.793385221513519e-08
EYG,502101,-3.340603417046527e-05,0.003238605765908447,-4.195414161386527e-05,-0.00020604557377450328,-1.0838179872456658e-05,1.7933852215224735e-08
EYG,502201,-3.340603415091756e-05,0.003238785104405655,-4.3001097761449825e-05,-0.00021259434889021433,-2.684569059669378e-06,1.7933852215224467e-08
EYG,502301,-3.340603413919586e-05,0.0032389644429019217,-3.087510801549428e-05,-0.00021841001106709748,2.1382190199054077e-07,1.793385221522446e-08
EYG,502401,-3.340603417871215e-05,0.0032391437814045894,-0.00012091849185139151,-0.00023025991523111184,-9.545745056775448e-06,1.793385221522411e-08
EYG,502451,-3.340603409690403e-05,0.0032392334506492967,-5.695034600623134e-05,-0.00022882404115417808,1.146926946500613e-05,1.793385221522586e-08
EYG,502501,-3.3406034044665285e-05,0.003239323120011204,-0.00029740044846283633,-0.000212563402089966,2.4543224080160116e-05,1.7933852215223283e-08
EYG,600003,2.7820153103556695e-07,0.0011006803885857906,-4.38654996295783e-06,-8.46336097816045e-05,-1.2204469765358078e-07,-1.8076992124464128e-11
EYG,600004,3.1604599313816394e-07,0.0016841289134884394,-4.564008449783032e-05,-5.884533445659038e-05,-1.0419076808407509e-05,1.0528744484329245e-11
EYG,600005,-2.1529648722219108e-05,0.002172578526031189,-4.005637391658992e-05,-2.0593640839827938e-05,-1.4245625047324215e-05,1.0342575804574794e-10
EYG,600006,-4.368153540229069e-05,0.0023412966954358926,3.0158987108442953e-06,-1.056598618640716e-05,-2.829793219012185e-06,4.241516987057825e-11
EYG,601002,7.165064633313577e-08,0.0004783152319195301,1.7813460660813374e-06,-9.397799672847082e-05,-2.2291113718521776e-06,-7.107766451603956e-11
EYG,601003,2.7820015718469e-07,0.0011006803752088153,3.0045185142353843e-06,-6.638924035331672e-05,-2.9666192479352706e-06,-1.8076991791101316e-11
EYG,601004,3.16052931580557e-07,0.001684128925175346,7.333674224105532e-06,-5.6813665263974056e-05,-5.9174577855383625e-06,1.0528744422997895e-11
EYG,601005,-2.1529520267429094e-05,0.0021725786791013117,1.3040792820134874e-05,-2.682347982192004e-05,-6.718036804298447e-06,1.0342575764356853e-10
EYG,601006,-4.3681466917086684e-05,0.0023412967405982664,3.0159059270087996e-06,-1.0565987603989596e-05,-2.8297929047697603e-06,4.24161500346782e-11
EYG,602002,7.271034323290389e-08,0.00047831525821826295,9.51976455975672e-05,-5.090860631453727e-05,1.8953061752567347e-05,-7.107766420484109e-11
EYG,602003,2.7848022402230297e-07,0.0011006803885857891,4.7343268953346225e-05,-6.153949277263647e-05,9.972599801981461e-06,-1.8076991846275517e-11
EYG,602004,3.1588366128024645e-07,0.0016841289134884455,4.228756206533559e-06,-8.57323124360484e-05,-9.242384988832536e-07,1.05287326384919e-11
EYG,603002,7.279855061102169e-08,0.00047831523191950415,-9.933351132710172e-07,-9.514679979028597e-05,4.0550395519445433e-07,-7.107765970506735e-11
EYG,603003,2.7849210060646854e-07,0.0011006803752088153,-2.865643590920012e-06,-6.843941735062152e-05,2.1938747806871507e-06,-1.807699179098806e-11
EYG,603004,3.15882892357535e-07,0.001684128925175346,-1.8215426771186303e-06,-5.925616668996757e-05,1.226700153864146e-06,1.052874442290581e-11
EYG,603005,-2.153119059341858e-05,0.0021725786791013117,2.6919585504613606e-06,-2.6901506813108335e-05,-4.685035191924517e-07,1.0342575764385726e-10
EYG,603006,-4.368213975833438e-05,0.0023412967414138224,-2.4354546667957602e-06,-1.1609453025350142e-05,-2.7313527299624134e-06,4.241624499204806e-11
EYG,605005,-2.1531190574935564e-05,0.002172581773403933,-0.00025459570830125455,-0.00010084404446851004,-1.9500179788621815e-06,1.034256998618935e-10
EYG,609002,-2.1321241121666215e-12,4.809140228470372e-11,4.70797821650552e-05,-1.4697188445140402e-05,1.424382601884362e-07,-8.593432973895621e-13
EYG,612002,-6.070204612128506e-12,4.820169028417147e-11,7.62022427214343e-06,-3.831597499513351e-05,2.005184867994437e-06,-8.60985573312722e-13
EYG,612003,-1.4324273563944594e-06,0.00036740924645502985,-7.89844281412598e-05,-0.00010720430760705372,1.1576787051457445e-05,-1.6925852618666877e-08
EYG,612004,3.372735428791316e-05,0.0012035451664409434,-0.00032762339140110416,-0.00015275551166380003,-6.8941957079570224e-09,1.0211689208875397e-05
EYG,612005,-2.1533761996287753e-05,0.0021725816635019147,-0.0006505235078452856,-0.00019640518652521221,-1.8636862742756768e-05,5.566321402130888e-10
EYG,612006,-3.324642314072207e-05,0.00323842343751697,-0.000996714077228603,-0.00019566274654017032,6.63104390094268e-07,1.7934354576165152e-08
EYG,700001,2.8323859655049363e-15,2.277028593387124e-13,-3.298856678085687e-13,-6.666606106328904e-13,3.7944680959822666e-15,-8.976247449816187e-20
EYG,700002,4.922871962162789e-16,2.2734295873919203e-13,-3.778851268404524e-13,-6.661849978283973e-13,7.05537723692169e-16,-8.976247449734626e-20
EYG,700003,5.432969181456157e-15,1.4035368509958434e-12,-7.932872324640836e-12,-1.1312537815738594e-12,9.555850698937313e-15,1.2222706999660765e-17
EYG,700004,1.5595304492235292e-15,2.708869150769249e-13,-1.122040804339809e-13,-7.23663972034866e-13,2.1138146457205604e-15,-8.976247449778116e-20
EYG,700005,-8.652755367506238e-16,2.914533477806101e-13,-8.416341414522466e-14,-7.508112551061406e-13,-1.0869292445011492e-15,-8.976247449812118e-20
EYG,700006,-7.304659725860664e-15,2.9140417286392884e-13,-3.3918142971202476e-13,-7.507458002009715e-13,-9.586916360641495e-15,-8.976247449730695e-20
EYG,700007,-4.056601580266121e-15,2.3911194360086307e-13,4.643572093411697e-13,-6.817206018102915e-13,-5.2998740205654736e-15,-8.976247449815681e-20
EYG,700008,-7.022176253921008e-16,2.3797112271328296e-13,5.264517170801404e-13,-6.802141742277951e-13,-8.720872031795531e-16,-8.976247449729639e-20
EYG,701001,7.279855274828405e-08,0.0004783144584609666,-8.886716279014458e-06,-0.00014240542601546915,-1.1967736778427595e-06,-7.107766435945273e-11
EYG,701002,7.279854231896457e-08,0.000478313747684525,-1.0179762978485071e-05,-0.00014256180839100624,-1.7763048357620765e-07,-7.107766435880691e-11
EYG,701003,7.279853800281414e-08,0.0004783130316136285,-0.00021490187782240998,-0.00014032593065226717,-1.1855059266826529e-06,-7.107769215664127e-11
EYG,701004,7.216595958812614e-08,0.0004783149915723385,-3.022640646343974e-06,-0.00012359848194790527,-6.427481731208768e-07,-7.107766435915127e-11
EYG,701005,7.21659592054524e-08,0.0004783144585051167,-2.267259403993956e-06,-0.00011464126598811537,4.1328611174546125e-07,-7.107766435942051e-11
EYG,701006,7.216593672467101e-08,0.0004783137477279659,-9.13713273142373e-06,-0.00011466232332029088,3.2177209779469052e-06,-7.107766435877577e-11
EYG,701007,7.165064226860677e-08,0.00047831445846846624,1.2509215083343819e-05,-0.0001374366226545106,1.8028895083159575e-06,-7.107766435944872e-11
EYG,701008,7.165065917497537e-08,0.00047831374769008233,1.4181965149835089e-05,-0.00013793310588779934,3.420120354845337e-07,-7.107766435876741e-11
EYG,702001,2.7849210407738277e-07,0.0011006801852181222,-1.5105092334182545e-05,-0.00013092615495408376,-8.619236891319307e-07,-1.80769921552722e-11
EYG,702002,2.7849209748200223e-07,0.0011006800044491014,-1.802986173213829e-05,-0.00013083814620638292,3.6801796994408778e-06,-1.80769921544459e-11
EYG,702003,2.7849211910458126e-07,0.0011006798220894224,-0.0002905385971547194,-0.00014021079893392023,2.9238223597029892e-06,-1.807694748659297e-11
EYG,702004,2.7833121943671447e-07,0.0011006803207851419,-5.241985542927059e-06,-0.00011834462737286479,-1.3872987315448255e-08,-1.8076992155262275e-11
EYG,702005,2.783312205497044e-07,0.001100680185202552,-3.6428251086150333e-06,-0.0001116981923970721,1.527863706147789e-07,-1.8076992155285627e-11
EYG,702006,2.7833119574944234e-07,0.0011006800044319216,-1.6918567958897086e-05,-0.00011191907544145661,9.943457155992438e-06,-1.8076992154408615e-11
EYG,702007,2.78200161363094e-07,0.0011006801852147723,2.1186828128690195e-05,-0.00012765996566500178,1.8382856542838506e-06,-1.807699215527676e-11
EYG,702008,2.7820018008487435e-07,0.0011006800044434915,2.5048081249641646e-05,-0.00012841784187896598,-5.5246563926066365e-06,-1.807699215439902e-11
EYG,703001,3.158828755143494e-07,0.001684129031961975,-1.886229837546547e-05,-0.00012340679723622832,-2.793182273473416e-06,1.0528744565542036e-11
EYG,703002,3.1588287426059926e-07,0.001684129137249622,-2.326948167937918e-05,-0.0001231708556812128,1.0983339004712547e-06,1.052874456608311e-11
EYG,703003,3.15882865773203e-07,0.001684129243007528,-0.00028648473429966387,-0.0001361385451255036,-5.516362594158434e-06,1.052852360887119e-11
EYG,703004,3.159765845769764e-07,0.001684128952984047,-6.7499613718301206e-06,-0.00010913852756303716,-2.4958877657304343e-06,1.0528744565538892e-11
EYG,703005,3.159765820505024e-07,0.001684129031942346,-4.230940679650291e-06,-0.00010242360199603594,-1.9245750222013838e-06,1.0528744565529394e-11
EYG,703006,3.1597657234726435e-07,0.0016841291372294898,-2.277121746556318e-05,-0.00010275339419968541,1.1680693936295946e-05,1.052874456608667e-11
EYG,703007,3.160529190853327e-07,0.0016841290319583376,2.6371302783458074e-05,-0.00011989693235911005,-1.0228824766596341e-07,1.0528744565541876e-11
EYG,703008,3.160529098069809e-07,0.0016841291372456917,3.217226487142677e-05,-0.00012098537222205303,-9.716743569931752e-06,1.0528744566091176e-11
EYG,704001,-2.153119059419906e-05,0.0021725796894388793,-2.0332949808394147e-05,-7.198970231416812e-05,-4.579335805278872e-06,1.0342575785127848e-10
EYG,704002,-2.1531190603553873e-05,0.0021725807236985715,-2.6058772178203323e-05,-7.181400648463404e-05,5.087635754787223e-07,1.0342575785137002e-10
EYG,704003,-2.1531190582173653e-05,0.0021725817657004157,-0.0002545957130348745,-0.00010084404430136984,-1.9500176176920126e-06,1.0342572487141649e-10
EYG,704004,-2.1530270103423913e-05,0.002172578913717594,-7.508043351979383e-06,-6.478431343203926e-05,-5.140628112202245e-06,1.0342575785167431e-10
EYG,704005,-2.153027009863266e-05,0.0021725796893957883,-4.197431667763833e-06,-6.131045240079605e-05,-3.873656533488221e-06,1.0342575785124154e-10
EYG,704006,-2.153027013366959e-05,0.0021725807236520236,-2.6414342910596723e-05,-6.166264394965795e-05,1.0142900966087107e-05,1.0342575785141562e-10
EYG,704007,-2.1529520264363468e-05,0.0021725796894299463,2.83769757723626e-05,-7.030747892981534e-05,-3.7720212508145165e-06,1.0342575785126541e-10
EYG,704008,-2.1529520244949646e-05,0.002172580723684718,3.5661825910860274e-05,-7.11053489787873e-05,-7.094095860311664e-06,1.0342575785142689e-10
EYG,705001,-4.368214299041309e-05,0.002341297172620859,-2.052010377530998e-05,-1.945135768392756e-05,-2.6073888181175158e-06,4.2415169947637184e-11
EYG,705002,-4.368214296043979e-05,0.0023412975967695,-2.6985818769828755e-05,-1.829508825124267e-05,5.358266180575534e-06,4.241516994664307e-11
EYG,705003,-4.368214299541591e-05,0.002341298020976814,-0.0002545957130348745,-1.3485650302496001e-05,-7.415503468897273e-06,4.241516994762719e-11
EYG,705004,-4.36817654975369e-05,0.00234129685448588,-7.719127542785258e-06,-1.7421780591373242e-05,-2.9764850387814844e-06,4.2415169947618604e-11
EYG,705005,-4.368176549810719e-05,0.002341297172591248,-3.945106508582214e-06,-1.7234743671185442e-05,-4.491822199733331e-06,4.241516994761935e-11
EYG,705006,-4.368176539964659e-05,0.002341297596745857,-2.7963821512489952e-05,-1.814963374346378e-05,2.43724797920502e-05,4.2415169946519747e-11
EYG,705007,-4.368145798123217e-05,0.00234129717261787,2.854749223651007e-05,-1.9831945928511546e-05,-1.5914937179191065e-06,4.24151699476424e-11
EYG,705008,-4.36814580303501e-05,0.0023412975967767083,3.706923100281609e-05,-2.2142837923500692e-05,-1.96609189704345e-05,4.241516994648148e-11
EYG,900000,7.166107898775625e-08,0.00047831523280589424,1.2865262501351598e-06,-0.0001067891400268943,-4.0325226523553596e-07,-7.107641383838517e-11
EYG,900001,-7.27461160985611e-12,4.9611926618357585e-11,4.712009458942275e-05,-1.4431034374527973e-05,1.558627310529839e-07,-1.1016125169235479e-12
EYG,900002,-1.0352423918860766e-12,5.204505162973272e-11,-0.0002702189616263006,-2.9721514778956216e-05,9.402473415760252e-06,-1.2633182529998918e-12
EYG,900003,7.278814925383829e-08,0.0004783152328082816,-9.73053926715541e-07,-0.00010680789774662935,-3.046201034703534e-07,-7.107641417246992e-11
EYG,900004,6.5956786177164696e-12,4.8414250045741765e-11,-3.068574170261013e-05,-6.543236431426336e-06,4.519481463075998e-06,-1.1023321221820374e-12
EYG,900005,7.249540437590889e-08,0.000478315258218266,0.0001223125979385492,1.6780509767165195e-05,6.58791132696165e-05,-7.107766451603956e-11
EYG,900006,7.24954043759089e-08,0.0004783147251357822,-0.0001250111683289861,1.3683389250908843e-06,-9.716390262692907e-07,-7.107766451603956e-11
EYG,900007,7.195379257230906e-08,0.0004783152582182652,-8.799577704028592e-05,2.5786847747151778e-05,-6.616830390332283e-05,-7.107766448961575e-11
EYG,900008,7.195379257229666e-08,0.00047831472513578207,9.411352039701454e-05,-1.100267956220499e-05,1.8305807128918726e-05,-7.107766451603956e-11
EYG,900009,7.165064633313578e-08,0.00047831499167702406,2.360113491701109e-05,2.3053528538208152e-05,-7.14886490908541e-06,-7.107766451603956e-11
EYG,900010,7.279855061506978e-08,0.0004783149916770241,-1.0455700633636458e-05,1.1378905864958464e-05,4.4638206985034966e-06,-7.107766451603952e-11
EYG,900011,7.16506463331356e-08,0.000478314725135782,3.2719242535824265e-05,2.440833366242013e-05,3.6074637305212074e-06,-7.107766451627194e-11
EYG,900012,7.279855061506988e-08,0.000478314725135782,-2.098798131388125e-05,3.2669675826630913e-05,-1.1299920900993422e-06,-7.107766451628576e-11
EYG,900013,7.165064633313602e-08,0.0004783141032062176,1.3145998221081966e-05,-8.133378104204657e-06,-7.845962137981958e-07,-7.107766451604137e-11
EYG,900014,7.279855061506961e-08,0.0004783141032062175,-9.814529609519523e-06,-7.721588943259905e-06,5.366082948113257e-07,-7.107766451603934e-11
EYG,900015,7.165064447390299e-08,0.0004783133922845289,2.710557049386364e-05,-2.888606578973144e-05,-4.617967563383462e-06,-7.148016024894825e-11
EYG,900016,7.279854872641399e-08,0.0004783133922845289,-1.7151546149607336e-05,1.5143789761761079e-05,1.8853911646363764e-06,-7.148016025042347e-11
EYG,900017,-1.5512468302709596e-06,0.0003672357564769448,0.0008507438777817118,-0.0002226805786521856,5.187070788000375e-06,-1.692585174633999e-08
EYG,900018,-1.5512468301812497e-06,0.0003671089818505971,0.0008409063006475658,-0.00021058836093781043,4.873658592585347e-06,-1.6925851746339716e-08
EYG,900019,-1.481512328988611e-06,0.00036715112720259483,2.8323227396924844e-05,-1.656940157418459e-05,-5.924042963578448e-06,-1.692585261867317e-08
EYG,900020,-1.208159809197051e-06,0.00036715112720259483,-2.366916393329341e-05,-1.0076121110023226e-05,5.7035321072943975e-06,-1.6925852618672787e-08
EYG,900021,-1.481512328988608e-06,0.0003669818686764081,2.5919045540655306e-05,-1.269096657936838e-05,-1.7817686070964088e-06,-1.6925852618672892e-08
EYG,900022,-1.2081598091564287e-06,0.0003669818686764081,-1.0877525076019388e-05,-8.381022488004909e-06,1.1938778218115713e-06,-1.692585261867304e-08
EYG,900023,-1.4815123289886081e-06,0.0003671089818295744,4.011008871717622e-05,-0.00018192439086502592,-2.5524794856432234e-06,-1.692585261867129e-08
EYG,900024,-1.4815123289886083e-06,0.00036681261015022104,6.816097211639155e-05,-1.6355497363282627e-05,-1.7614618461295297e-05,-1.6925852619551398e-08
EYG,900025,-1.2081598091158065e-06,0.00036681261015022104,-6.871149077764824e-05,-1.3294483326754145e-05,1.838979125237735e-05,-1.6925852619551242e-08
EYG,900026,0.00010326895780035463,0.00141033187292067,0.0005203067722054492,-0.00019008870928186793,8.528500550886338e-05,1.02116892088754e-05
EYG,900027,7.814820234652113e-05,0.0014613903189650472,5.963316804098026e-05,-3.978009870592232e-05,3.362162858698694e-06,1.0211689208875398e-05
EYG,900028,0.00010326895780035464,0.0014613903189650472,0.0001769942614955435,-5.1866834989113294e-05,2.4353566276483566e-06,1.0211689208875398e-05
EYG,900029,0.00010326895780035463,0.0015124487650094245,0.0005016518262712666,-0.00018793614907948062,-8.348890920175253e-05,1.02116892088754e-05
EYG,900030,-2.15291642148096e-05,0.002172587368981352,0.000541610298405701,-0.00019365937155993665,0.00016168026079150624,5.566321402114849e-10
EYG,900031,-2.1530533529874525e-05,0.0021725885935720605,6.28010650181401e-05,-3.814063956621084e-05,2.1630262583530362e-07,5.566321402109808e-10
EYG,900032,-2.1529164214809597e-05,0.0021725885935720605,0.00017640598311134638,-5.0663631565092805e-05,0.00016212946240078908,5.566321402122231e-10
EYG,900033,-2.1534569112891058e-05,0.0021725885935720605,-1.986032920679348e-05,-6.503987726287711e-06,-4.971276648922786e-06,5.566321402105907e-10
EYG,900034,-2.1528240207428277e-05,0.0021725929353201092,0.0009436007105541286,-0.00023309627926653686,1.4241553455653242e-06,5.566321416939068e-10
EYG,900035,-2.1528240207402415e-05,0.0021725985016420512,0.0009194179109687481,-0.00023538752411003146,1.3715693385272285e-06,5.566321416938829e-10
EYG,900036,-2.1530533529874508e-05,0.0021726082705182163,0.00023430456954826024,-7.883554893472747e-05,-8.24555978042543e-05,5.566321402108674e-10
EYG,900037,-2.1539523138938973e-05,0.0021726082705182167,-0.0001708700912222418,-6.399445286747626e-05,6.441953499128048e-05,5.566321402109009e-10
EYG,900038,-3.311640245859259e-05,0.003238695435442208,4.9563441971592896e-05,-1.3098211973697734e-05,-2.800396356731515e-06,1.7933852237169767e-08
EYG,900039,-3.3406034172222884e-05,0.003238695435442208,-3.425376943561343e-05,-1.663055556982072e-05,3.538892642872984e-06,1.793385223716976e-08
EYG,900040,-3.311640245859259e-05,0.0032388747739645796,5.3054059857052234e-05,-2.0177055932187155e-05,2.3392528705152676e-06,1.7933852237169757e-08
EYG,900041,-3.340603417222288e-05,0.0032388747739645796,-3.5953699518180935e-05,-1.1126987582819415e-05,-1.1996005741078572e-06,1.7933852237169757e-08
EYG,900042,-3.311640245859259e-05,0.0032390541124869515,0.00010283424131670196,-2.6006760727798197e-05,-1.3393519173793988e-05,1.7933852237169757e-08
EYG,900043,-3.340603417222288e-05,0.003239054112486951,-9.067917888775954e-05,-1.8452085736919167e-05,1.5804502330443063e-05,1.7933852237169764e-08
EYG,900044,-3.311640245859261e-05,0.003239279182332528,0.0002367187587629825,-5.635807381107308e-05,-8.066317659476148e-05,1.7933852237170227e-08
EYG,900045,-3.3406034172222864e-05,0.003239279182332528,-0.00017283794410638648,-3.073088945310585e-05,6.316647040731732e-05,1.7933852237170105e-08
EYG,900046,-3.304251498540402e-05,0.0032387851046860377,0.0009439087638353559,-0.0002282897961751885,1.5177825759973227e-06,1.793385223568783e-08
EYG,900047,-3.3042514985429876e-05,0.00323896444320787,0.0009202574831371025,-0.00022368682158612258,1.4555020749586221e-06,1.793385223568786e-08
EYG,900048,2.782028525745081e-07,0.0011006803815430456,2.1879661413272503e-06,-8.839083898399492e-05,9.388584348778496e-07,-1.8077234336615887e-11
EYG,900049,-1.4815121416422795e-06,0.0003674092490557017,0.00027124825177794867,-0.0001414413802240752,2.4970681956246664e-05,-1.69264702935039e-08
EYG,900050,-1.358799717852662e-06,0.0003674092507166045,-0.0005727228772039451,-0.00013579017016717335,-8.514055305726384e-06,-1.692646862501458e-08
EYG,900051,2.7848949476139725e-07,0.0011006803815406545,-1.6777973523452057e-06,-8.83585478441125e-05,9.796852225922949e-07,-1.807724153169066e-11
EYG,900052,-1.2081597706245268e-06,0.0003674092466773723,-0.00011154311997455682,5.469230683846838e-05,-1.2102293017877112e-05,-1.69264696059441e-08
EYG,900053,2.7841500223556474e-07,0.0011006803885857906,9.664519095373166e-05,1.3972741713355339e-05,5.935834683765302e-05,-1.8076992124464128e-11
EYG,900054,2.784150022355648e-07,0.0011006802530083497,-0.00012095338509175433,9.3801186202234e-07,-2.2452438538664332e-06,-1.807699212446413e-11
EYG,900055,2.7827725555557634e-07,0.0011006803885857904,-6.722327568784139e-05,2.1618177012525743e-05,-5.8597350252576896e-05,-1.8076992124464128e-11
EYG,900056,2.782772555555763e-07,0.0011006802530083497,8.711534149953394e-05,-1.142940795084049e-05,1.8034867923570857e-05,-1.8076992124464128e-11
EYG,900057,2.782001571841655e-07,0.0011006803207970703,2.3631105984577598e-05,2.3103748671469057e-05,-7.774905706064868e-06,-1.8076992124464128e-11
EYG,900058,2.7849210060697555e-07,0.0011006803207970703,-1.4391193094492981e-05,1.2582991818848734e-05,4.8548547639965125e-06,-1.8076992124464124e-11
EYG,900059,2.7820015718416564e-07,0.0011006802530083497,3.7122090003852205e-05,2.0889456870131807e-05,2.0302698539876502e-06,-1.807699212447308e-11
EYG,900060,2.784921006069757e-07,0.0011006802530083497,-2.5668193063047566e-05,3.010479312871627e-05,-8.60407417161292e-07,-1.8076992124466906e-11
EYG,900061,2.782001571841663e-07,0.0011006800948346687,1.5525279978194347e-05,-7.2218163047801486e-06,3.3996437149980874e-07,-1.8076992124465536e-11
EYG,900062,2.784921006069756e-07,0.0011006800948346687,-1.2275428583113674e-05,-7.98927949586103e-06,-2.6645027414813685e-07,-1.8076992124463194e-11
EYG,900063,2.782001115267674e-07,0.0011006799138424048,0.00017077740082092077,-8.328923557468574e-05,-3.998393618475412e-05,-1.8694005743516025e-11
EYG,900064,2.7849206203438924e-07,0.0011006799138424048,-8.856081135833835e-05,4.154335301481883e-05,1.612371974275491e-05,-1.8694005746250784e-11
EYG,900065,3.160512189383345e-07,0.0016841289164040076,2.738282276414499e-06,-8.87659540674125e-05,-2.035808349559361e-06,1.0528206022816683e-11
EYG,900066,7.814820001413904e-05,0.001203545167313613,0.0004070689600882872,-0.0002082837621026146,1.7413744600839663e-05,1.021168877450657e-05
EYG,900067,4.1134554632889174e-06,0.0012035451682365407,-0.0008143274214883493,-0.00019323563428705825,-1.1620653393406374e-05,1.0211688771317165e-05
EYG,900068,3.158842626277207e-07,0.0016841289164083882,-2.1441761447784174e-06,-8.887660606366594e-05,-1.9354284886702298e-06,1.0528197113599312e-11
EYG,900069,-8.677057611727721e-05,0.0012035451665952678,-0.0001790813239762771,7.385803364699209e-05,1.9711080985363514e-06,1.0211688772674377e-05
EYG,900070,3.159277974525829e-07,0.0016841289134884396,9.909780378361492e-05,1.3983573487670072e-05,5.714300036669467e-05,1.0528744484328435e-11
EYG,900071,3.159277974525829e-07,0.0016841289924540233,-0.00011627186545258245,5.019604708114842e-07,-6.097001907957947e-07,1.0528744484329243e-11
EYG,900072,3.1600802648555345e-07,0.0016841289134884394,-7.100800958015978e-05,2.118967650968892e-05,-5.62917111977951e-05,1.0528744484329245e-11
EYG,900073,3.160080264855534e-07,0.001684128992454023,8.259432702094777e-05,-1.1403109486032522e-05,1.5928481540701876e-05,1.0528744484329243e-11
EYG,900074,3.160529315807791e-07,0.0016841289529712315,2.7185766417946107e-05,1.91809675658254e-05,-7.273857937262963e-06,1.0528744484329243e-11
EYG,900075,3.158828923573572e-07,0.0016841289529712315,-1.188479308557885e-05,1.1192445874504224e-05,5.676274589271822e-06,1.0528744484329241e-11
EYG,900076,3.160529315807786e-07,0.001684128992454023,3.884521187172901e-05,1.8811808189535223e-05,2.0565585221874586e-06,1.0528744484368915e-11
EYG,900077,3.1588289235735653e-07,0.001684128992454023,-2.853110596522864e-05,2.7844667527775317e-05,6.70149092685768e-07,1.0528744484375623e-11
EYG,900078,3.1605293158077816e-07,0.0016841290845805374,1.8789133435789947e-05,-7.068730026801516e-06,1.5811507904362827e-06,1.0528744484329151e-11
EYG,900079,3.158828923573562e-07,0.0016841290845805376,-1.745723725726728e-05,-8.490629878150233e-06,1.0831072353545692e-06,1.052874448432945e-11
EYG,900080,3.160549510093478e-07,0.0016841291897136572,0.00023048648617637896,-0.00011497519420119038,-5.4995365106353866e-05,1.0108440627276167e-11
EYG,900081,3.1588063281692305e-07,0.001684129189713657,-0.00010407164313916608,6.224714400592923e-05,2.1819998381452793e-05,1.0108440625863003e-11
EYG,900082,-2.1529535456727182e-05,0.0021725785600183816,2.962811228710933e-06,-5.027522611601877e-05,-6.693036481126347e-06,1.034246494386557e-10
EYG,900083,-2.1530533342725187e-05,0.00217258166395375,0.0004067061861803153,-0.00020299257722859455,-1.0343497843478306e-05,5.566311516268796e-10
EYG,900084,-2.1534569140829142e-05,0.0021725816647557485,-0.0009562160245550763,-0.00022741690162752574,-2.0710203967576383e-05,5.566326685872815e-10
EYG,900085,-2.1531175479937175e-05,0.0021725785599939753,-2.369786421640713e-06,-4.994135172994425e-05,-6.694600101374481e-06,1.0342466246270815e-10
EYG,900086,-2.1539523135247044e-05,0.0021725816635022434,-0.0002499374468922289,4.3504523552642756e-05,-2.240028836501412e-05,5.566320809795372e-10
EYG,900087,-2.1530749482561966e-05,0.0021725785260311905,5.390067228232836e-05,7.886952306405762e-06,3.3148505068419374e-05,1.0342575800746598e-10
EYG,900088,-2.153074948256199e-05,0.002172579301724375,-7.276812318248989e-05,-3.141233374211986e-07,9.305529973743167e-08,1.0342575804574794e-10
EYG,900089,-2.1529961378285682e-05,0.0021725785260311888,-3.927703187157831e-05,1.1661161736869004e-05,-3.262845534975269e-05,1.0342575804574795e-10
EYG,900090,-2.152996137828568e-05,0.0021725793017243747,4.9767033511567476e-05,-7.994534994802394e-06,9.22367771578204e-06,1.0342575804574794e-10
EYG,900091,-2.1529520267427613e-05,0.0021725789138777817,2.6139111353479106e-05,9.14642834538009e-06,-4.333435134657937e-06,1.0342575804574793e-10
EYG,900092,-2.1531190593420055e-05,0.0021725789138777817,-3.672430266480933e-06,8.436633701227906e-06,5.3162565128128755e-06,1.0342575804574793e-10
EYG,900093,-2.1529520267427616e-05,0.0021725793017243747,3.085344413251163e-05,9.3355776056136e-06,1.6060446372808333e-06,1.0342575804548802e-10
EYG,900094,-2.1531190593420052e-05,0.0021725793017243747,-2.4296667458044105e-05,1.5643909907638e-05,3.136983541823321e-06,1.0342575804550449e-10
EYG,900095,-2.1529520267427616e-05,0.0021725802066997575,2.8625953956842852e-05,-6.732282704013604e-06,1.6241971167916766e-06,1.0342575804574503e-10
EYG,900096,-2.153119059342005e-05,0.0021725802066997575,-1.7658806867026232e-05,-5.383306520805873e-06,1.8762622645932403e-06,1.0342575804575011e-10
EYG,900097,-2.15295202674539e-05,0.002172581240957338,0.00019259662787020733,-0.00012068638304686567,-4.73408122908103e-05,1.0342575721328768e-10
EYG,900098,-2.153119059342005e-05,0.002172581240957338,-0.00014990736714629762,6.42723186008089e-05,3.4261849323275917e-05,1.0342575803833194e-10
EYG,900099,-4.368147599903731e-05,0.002341296707644794,3.015905384716051e-06,-1.056598690162154e-05,-2.829793060376428e-06,4.241434035146382e-11
EYG,900100,-3.311640260037818e-05,0.0032384219423816315,0.0004894217789206456,-0.000248952603260075,2.8909384134946447e-05,1.793460438649307e-08
EYG,900101,-4.368213667848341e-05,0.00234129670926565,-2.4354551976914303e-06,-1.1609452343932651e-05,-2.7313529097315374e-06,4.241462713892526e-11
EYG,900102,-3.3406034438846094e-05,0.0032384219439235864,-0.00025035661592589137,9.928896020933192e-05,1.3833423472173507e-06,1.793460710225728e-08
EYG,900103,-4.368196209889958e-05,0.002341296695435893,6.8047004384636925e-06,3.122223785940736e-06,8.225206501563342e-06,4.241516985456737e-11
EYG,900104,-4.368196209889959e-05,0.002341297013549667,-2.7314294450377383e-05,-4.151072570407426e-07,7.604142052759906e-07,4.241516987057825e-11
EYG,900105,-4.368163889530517e-05,0.002341296695435893,-9.927501027140254e-06,-1.5990841579643545e-06,-7.532588468270116e-06,4.241516987057825e-11
EYG,900106,-4.368163889530517e-05,0.0023412970135496666,1.2278900404296942e-05,-4.604440935630934e-06,1.7266992719759468e-06,4.241516987057824e-11
EYG,900107,-4.3681457994606355e-05,0.002341296854492779,9.274523465277223e-06,1.2395150720709955e-06,-3.532567043323744e-06,4.241517010971048e-11
EYG,900108,-4.3682142999598836e-05,0.002341296854492779,-2.340682210651813e-06,3.371832940636524e-06,2.158725521858775e-06,4.241517010385432e-11
EYG,900109,-4.368145799460567e-05,0.0023412970135496666,2.1345251365633355e-05,-1.1543542111342235e-06,-2.5582484085312364e-06,4.2415169870599107e-11
EYG,900110,-4.3682142999599066e-05,0.0023412970135496666,-1.6648825719656567e-05,3.576324501492664e-06,3.7373994476982412e-06,4.241516987060462e-11
EYG,900111,-4.368145799460567e-05,0.002341297384682403,1.0894033659662932e-05,1.3004116747955669e-06,4.019777615589773e-06,4.241516987058566e-11
EYG,900112,-4.368214299959908e-05,0.0023412973846824027,-1.3645313277637922e-05,-5.7340375339221006e-06,2.7841866883039083e-07,4.2415169870575086e-11
EYG,900113,-4.368145772048533e-05,0.0023412978091061306,0.00029605212367001356,-0.0001391399517700181,-6.673890940341332e-05,4.317006292062962e-11
EYG,900114,-4.368214273297574e-05,0.00234129780910613,-0.00014671659244003827,7.66275156781858e-05,3.067343771010032e-05,4.317006292281937e-11
EYG,900115,0.00012022036187558119,0.0013082149808206593,0.0008520753345651115,-0.00020255835756702604,5.200594619968599e-06,1.0211689208003064e-05
EYG,900116,0.00012022036187549147,0.0013847005329853698,0.0008409362675094775,-0.00020996204971147263,5.115505515708304e-06,1.0211689208003064e-05
EYG,900117,7.814820234652114e-05,0.001359273426876293,3.786617919464226e-05,-1.8093392159290316e-05,-3.016607448111084e-07,1.0211689208875397e-05
EYG,900118,-8.67705783768165e-05,0.001359273426876293,-2.9988842338905704e-05,-1.2615936581441768e-05,2.1543427983961966e-06,1.0211689208875397e-05
EYG,900119,-8.67705783768165e-05,0.0014613903189650474,-2.77315269002482e-05,-1.1605449463173638e-05,-1.4492930421310148e-06,1.0211689208875397e-05
EYG,900120,7.814820234652114e-05,0.001384700533006393,4.018248313017602e-05,-0.00018292456563234966,-1.939852775704168e-06,1.0211689208875397e-05
EYG,900121,7.814820234652113e-05,0.0015635072110538014,8.559432409780719e-05,-2.2124202874284795e-05,-1.3253233940149518e-05,1.0211689208875398e-05
EYG,900122,-8.67705783768165e-05,0.0015635072110538014,-7.662864437803961e-05,-1.7021720426304365e-05,1.5936015110784932e-05,1.0211689208875397e-05
EYG,900123,-2.1530533529874525e-05,0.0021725901521420527,5.363877353088552e-05,-1.647623068047482e-05,4.80712621510998e-06,5.56632140212549e-10
EYG,900124,-2.153952313893896e-05,0.0021725901521420527,-4.105915322744683e-05,-1.2092669705156425e-05,-2.632709218138455e-06,5.56632140212289e-10
EYG,900125,-2.1530533529874525e-05,0.0021725957184634552,4.922625845504537e-05,-1.733203323057485e-05,8.052275235083282e-06,5.566321402122918e-10
EYG,900126,-2.153952313893896e-05,0.002172595718463455,-3.3215385397345866e-05,-9.982761593912439e-06,-5.4315315412735675e-06,5.566321402122875e-10
EYG,900127,-2.1530533529874525e-05,0.002172601284784857,9.697431716710441e-05,-2.2634073746245995e-05,-7.730058362643015e-06,5.566321402123241e-10
EYG,900128,-2.153952313893896e-05,0.002172601284784857,-8.477830573937634e-05,-1.4551660146272934e-05,1.1575075463422717e-05,5.566321402123227e-10
EYG,900129,7.216595940087704e-08,0.000478314725135782,1.1244778906885004e-06,-4.2410392038465224e-05,-3.30563591166342e-09,-7.107766451601142e-11
EYG,900130,7.216595940087639e-08,0.0004783141032062176,-2.2679384568858792e-06,-9.823535913665353e-07,1.2113729502976502e-07,-7.107766451604009e-11
EYG,900131,7.216595752843579e-08,0.0004783133922845289,-0.000116830984663381,-5.8166275289001e-06,3.338133945281871e-05,-7.148016024460439e-11
EYG,900132,7.24954043759089e-08,0.0004783149916770241,-8.617228980136792e-05,2.7312472551259294e-05,3.30248660531711e-05,-7.107766451603916e-11
EYG,900133,7.195379257229666e-08,0.00047831499167702406,0.000110266223802745,1.062474537284462e-05,-2.4274166898991523e-05,-7.107766451604051e-11
EYG,900134,-1.358799897503234e-06,0.0003671511272025948,-6.793389719242952e-06,-1.4698372844293236e-06,-3.85907585320054e-07,-1.6925852618672813e-08
EYG,900135,-1.3587998975032345e-06,0.0003669818686764081,-7.197856324758306e-06,-2.0207085073647972e-06,-9.403576272517775e-07,-1.6925852618672912e-08
EYG,900136,-1.3587998975032343e-06,0.0003668126101502214,-5.532858763844191e-06,-9.394779954371815e-06,-3.896290131142768e-07,-1.692585261867283e-08
EYG,900137,-2.153456911289107e-05,0.0021726082705182163,-2.920555475129161e-05,-3.0846715831903e-05,9.939995019029032e-06,5.566321402114191e-10
EYG,900138,-3.324642288731207e-05,0.003238695435442208,1.603691484606956e-05,-3.5395978650699486e-06,4.047207417462367e-06,1.793385223716976e-08
EYG,900139,-3.324642288731207e-05,0.0032388747739645796,-1.8470881848507856e-05,-4.691646621779852e-06,-4.94821082928532e-07,1.793385223716976e-08
EYG,900140,-3.324642288731207e-05,0.003239054112486951,-1.1617649222128237e-05,-1.0953625042431492e-05,4.997639547148473e-07,1.7933852237169787e-08
EYG,900141,-3.324642288731206e-05,0.003239279182332528,-3.1906371594313245e-05,-2.5161254068803917e-05,8.954166216493464e-06,1.7933852237170035e-08
EYG,900142,2.7833121537706825e-07,0.0011006802530083497,-1.794628012165208e-06,-4.004079394705229e-05,-2.6751276623569996e-07,-1.807699212447362e-11
EYG,900143,2.7833121537706745e-07,0.0011006800948346687,1.731719885993745e-06,-1.4020553468466214e-06,-5.296574279070643e-07,-1.8076992124464864e-11
EYG,900144,2.7833117290015927e-07,0.001100679913842405,-0.00028370688653316215,-2.5575456484450258e-05,7.802937878799501e-05,-1.8694005738916658e-11
EYG,900145,2.784150022355648e-07,0.0011006803207970703,-9.02999042783502e-05,2.5482929961002442e-05,2.905913373685875e-05,-1.8076992124455423e-11
EYG,900146,2.782772555555763e-07,0.00110068032079707,0.00010723635889237937,8.858378050980665e-06,-2.0576193071001523e-05,-1.8076992124485117e-11
EYG,900147,3.159765981832666e-07,0.0016841289924540235,-2.579368403031383e-06,-3.802712136148197e-05,6.750548468192287e-07,1.0528744484315819e-11
EYG,900148,3.159765981832665e-07,0.0016841290845805376,3.225830811610961e-06,-1.8158381351375992e-06,3.471569936141626e-07,1.0528744484328931e-11
EYG,900149,3.1597669671244336e-07,0.001684129189713657,-0.00039871437191842693,-3.418764780115768e-05,0.0001115410691334165,1.0108440631622492e-11
EYG,900150,3.159277974525829e-07,0.0016841289529712317,-8.189620907512837e-05,2.4115961494206727e-05,2.8755159092453172e-05,1.052874448430006e-11
EYG,900151,3.160080264855534e-07,0.0016841289529712315,9.744055272327106e-05,7.490696522114411e-06,-2.0490390732395043e-05,1.0528744484399612e-11
EYG,900152,-2.1530270104173442e-05,0.0021725793017243747,-3.2469334004322894e-06,-2.3084793241694062e-05,1.6252465575173854e-06,1.0342575804572031e-10
EYG,900153,-2.1530270104173442e-05,0.0021725802066997575,2.278733307860516e-06,-2.8059324624381027e-06,1.7650843668186026e-06,1.0342575804574656e-10
EYG,900154,-2.1530270104284983e-05,0.0021725812409573377,-0.0004726095157285012,-3.4915752929073595e-05,0.00013382905601263978,1.0342575721399401e-10
EYG,900155,-2.1530749482562e-05,0.002172578913877782,-5.1478527975516196e-05,1.5069556174217857e-05,1.6909302707293568e-05,1.0342575804574953e-10
EYG,900156,-2.1529961378285686e-05,0.0021725789138777817,5.828666689011622e-05,2.3704467475795277e-06,-1.189602974172047e-05,1.0342575804574406e-10
EYG,900157,-4.368176550458722e-05,0.0023412970135496666,-6.808331974814528e-06,-7.095558872907221e-06,1.1142385749356612e-06,4.241516987056276e-11
EYG,900158,-4.3681765504587234e-05,0.002341297384682403,1.9302880626984104e-05,-9.915154677863609e-07,-1.348573166207408e-06,4.2415169870581264e-11
EYG,900159,-4.368176523383242e-05,0.0023412978091061306,-0.00048354608772196105,-4.355444891715001e-05,0.00013024275557440516,4.3170064175286056e-11
EYG,900160,-4.3681962098899596e-05,0.00234129685449278,-1.9792209811654442e-05,4.565401512495854e-06,4.5441013296116115e-06,4.241516987059337e-11
EYG,900161,-4.368163889530517e-05,0.00234129685449278,1.2948371365134304e-05,-7.404156673129123e-07,-2.991665557483682e-06,4.2415169870541786e-11
EYG,900162,4.1134555821745046e-06,0.001359273426876293,-4.802057571049147e-06,-2.81850311652367e-06,1.08989789218262e-06,1.02116892088754e-05
EYG,900163,4.113455582174497e-06,0.0014613903189650474,-1.765083123252318e-05,8.044906685938828e-08,2.97123519268829e-07,1.02116892088754e-05
EYG,900164,4.113455582174496e-06,0.0015635072110538012,-7.286984348406218e-06,-9.574076077984875e-06,8.031955955804196e-07,1.02116892088754e-05
EYG,900165,-2.1534569112891058e-05,0.0021725901521420527,-1.4812827080453893e-05,-4.525487999152879e-06,6.450166950122851e-07,5.566321402126249e-10
EYG,900166,-2.1534569112891058e-05,0.0021725957184634552,-1.2508248966374143e-05,-5.317696340507855e-06,1.480762563933578e-06,5.566321402122932e-10
EYG,900167,-2.1534569112891058e-05,0.002172601284784857,-1.0826545104786826e-05,-1.1728551528244902e-05,1.5372887757713704e-06,5.566321402122814e-10
EYQ,1,-1.7854997440777985e-16,-3.2397620790198004e-14,3.1377708558348895e-13,4.3806285681086436e-14,1.4496623555670233e-14,-7.60538053046335e-17
EYQ,101,2.716633315376746e-15,-1.3925663925578854e-14,6.466660268229473e-14,2.3058437339715526e-14,2.211657325312632e-15,3.394786783018645e-17
EYQ,201,1.833361708234695e-15,-1.805599309040226e-14,1.946871015861538e-13,2.383390490533915e-14,2.4200361260266343e-15,-2.5241020853506534e-22
EYQ,1001,-8.334739832151938e-15,6.537225594272432e-14,-2.2886023355576126e-12,3.0379975810419865e-14,-1.42881431671193e-14,-2.0130961879245954e-17
EYQ,1101,4.913695941454561e-15,-1.82068588523564e-14,-1.43936336245015e-13,2.4033046159404035e-14,6.486078417638729e-15,-2.524102086003538e-22
EYQ,1201,3.2243549958061693e-16,-2.2861720767374274e-14,-5.340566935052288e-14,3.017746540132439e-14,4.2561465145618337e-16,-2.5241020853506534e-22
EYQ,2001,-7.255250336954398e-15,-1.9366028380828868e-14,-2.602253278864937e-13,2.3768197292457782e-14,-2.533664185827865e-14,-2.4785550727032488e-17
EYQ,2101,-8.285369045131582e-16,-1.2853049647339819e-14,-4.893241929120274e-14,2.1306738130234905e-14,-6.352240882094263e-16,1.1169967036188374e-17
EYQ,2201,-1.6295960282094116e-15,-1.735683119974728e-14,-1.383212132183518e-13,2.291101121514741e-14,-2.151065588521894e-15,-2.5241020853506534e-22
EYQ,100001,-1.7177364271305257e-12,1.1679430849715231e-11,1.3857483972530539e-05,-4.124043073294647e-06,6.443076579980447e-08,-1.9986282135236633e-13
EYQ,100101,-1.7553906155944409e-12,9.689763580138192e-12,2.186224849436274e-06,-1.7176169388902542e-06,-3.31976578552293e-07,-1.999297526287635e-13
EYQ,100201,-1.7247683034697567e-12,7.692813227443161e-12,5.2446323190487965e-06,-7.863621784818202e-06,-7.984535440141974e-07,-1.998689116299064e-13
EYQ,100301,-8.616601323791079e-13,2.84021308709387e-12,2.213401061388867e-13,-7.713708255374803e-14,-7.768743335833103e-15,-9.993445600426085e-14
EYQ,100401,-1.0358166373325896e-12,2.4291978513974834e-12,3.8113573699214246e-12,-1.648112767036253e-13,-4.0373550972065464e-14,-1.1989791245945172e-13
EYQ,100451,-8.648864466397665e-13,1.333023647432474e-12,3.492879483260349e-13,-5.538545508883378e-14,-1.628621295951645e-14,-9.99344560042607e-14
EYQ,101001,-2.592866249291872e-13,1.1717133789414483e-11,-8.16092764373016e-05,-8.679696869138816e-06,2.2056695859198236e-06,-1.9986936289018231e-13
EYQ,101101,-2.6347885095501253e-13,9.71924889814819e-12,-3.8774687938020465e-06,-7.9293267936561e-06,-2.1399780985441753e-06,-1.9986891168160456e-13
EYQ,101201,-2.6973941508799745e-13,7.712036138220135e-12,-1.4386833910115917e-06,-9.956578188109486e-06,-1.4042495547407472e-07,-1.998689116299064e-13
EYQ,101301,-1.3487513820958222e-13,2.8504672398504298e-12,-6.332073083683978e-14,-1.042080457542153e-13,-1.7167971144296742e-15,-9.993445600426099e-14
EYQ,101401,-1.3479720209093108e-13,1.8413598416906743e-12,-5.771998087988784e-14,-7.831684348039002e-14,-1.511045762591115e-15,-9.993445600426099e-14
EYQ,101451,-1.3494286599866349e-13,1.3441714035979934e-12,-6.968759772770912e-14,-8.481553128343524e-14,-1.895598477107799e-15,-9.993445600426099e-14
EYQ,102001,1.5192935993026546e-12,1.1722088074718025e-11,-9.531191237427809e-06,-7.132869562685403e-06,2.3699632863175537e-06,-1.9986891765776976e-13
EYQ,102101,1.5402616971670703e-12,9.687879082952815e-12,-1.7420368776517964e-06,-1.9725240219548047e-06,1.5864611776258551e-07,-1.9988616626161027e-13
EYQ,102201,1.5168229363429555e-12,7.690016579871813e-12,-3.726204249509466e-06,-7.559127761364592e-06,7.097108569167294e-07,-1.998689116299064e-13
EYQ,102301,9.144791255465285e-13,3.4073936562132575e-12,-1.8608403589706883e-13,-6.909121713785944e-14,2.1444798737499007e-14,-1.195616096913501e-13
EYQ,102401,9.219613020452527e-13,2.4275402832413056e-12,-3.753067222059591e-12,-1.623274657479139e-13,4.545081655512372e-14,-1.198972962987317e-13
EYQ,102451,9.236686191944182e-13,1.5999082004778428e-12,-2.4791863165921013e-13,-2.814121851821207e-15,1.8968129143971554e-14,-1.2024256111788423e-13
EYQ,200001,-5.201047979053642e-07,0.00010630818337904918,7.836881689374329e-05,-4.322278771298832e-05,8.315558255609121e-06,-4.822939084364823e-09
EYQ,200101,-5.201047718662591e-07,0.00010625995405751414,8.445921633956746e-06,-4.783560791430429e-05,3.6345466584376545e-06,-4.822935042496036e-09
EYQ,200201,-5.20104768125671e-07,0.00010621172471787985,1.048926444341049e-05,-4.900894071481551e-05,2.7997954085162743e-06,-4.822935042495532e-09
EYQ,200301,-5.201047672545815e-07,0.00010616349534759898,5.96263165202032e-06,-5.497674089560277e-05,2.1691545715303265e-06,-4.822935042495763e-09
EYQ,200401,-5.201047731895618e-07,0.00010611502452711457,3.400329016150752e-05,-3.633597859274072e-05,1.6026605281608072e-06,-4.822936462633452e-09
EYQ,200451,-5.201047722575235e-07,0.00010609115131353066,9.409389977662765e-06,-6.20985377375739e-05,4.979357522447795e-06,-4.822935042245391e-09
EYQ,201001,-4.851384673959216e-07,0.00010630818343707033,-0.0001712230641702035,-3.727243794075583e-05,-4.358154247913575e-06,-4.822935042994904e-09
EYQ,201101,-4.851384805146132e-07,0.00010625995408905654,-7.546724856907023e-06,-3.692279021283329e-05,-2.5323857321081445e-06,-4.8229350424959874e-09
EYQ,201201,-4.851384870698048e-07,0.00010621172474028255,-2.8773667286175143e-06,-4.0637115128606387e-05,1.9417066435535054e-07,-4.822935042495892e-09
EYQ,201301,-4.851384855068797e-07,0.00010616349536464505,-1.7057830164764144e-06,-4.6045109316758e-05,1.9890071173412968e-07,-4.822935042729576e-09
EYQ,201401,-4.851384864438534e-07,0.00010611526601207344,-1.5549056650965514e-06,-5.4550961017411684e-05,1.3101634132087795e-07,-4.822935042729362e-09
EYQ,201451,-4.851384856338865e-07,0.00010609115133360255,-1.8772986207197617e-06,-5.238855453788549e-05,2.5789336320037444e-07,-4.822935042729561e-09
EYQ,202001,-4.4221435753295415e-07,0.00010630818343645962,-3.173478794476096e-05,-3.511323471758422e-05,-4.249862872666374e-06,-4.822935042494166e-09
EYQ,202101,-4.422143585048387e-07,0.00010625995405412742,-5.995029115176796e-06,-4.6581317987926565e-05,-3.148511684673731e-06,-4.82293504249595e-09
EYQ,202201,-4.422143596199484e-07,0.0001062117247123384,-7.452408360697718e-06,-5.022691680297932e-05,-3.1738543027812704e-06,-4.822935042495891e-09
EYQ,202301,-4.41812445330589e-07,0.00010616349529903834,-2.942968631399172e-06,-5.466287240042408e-05,-1.1498576430055898e-06,-4.822935730207107e-09
EYQ,202401,-4.4181244509519685e-07,0.0001061150245233332,-3.304682396473164e-05,-3.6637061982099895e-05,-2.3636439921806637e-06,-4.822936476681773e-09
EYQ,202451,-4.418124310621463e-07,0.00010609115125695368,-4.318088198401903e-06,-5.795859930624742e-05,-2.08677094382851e-06,-4.822937185450962e-09
EYQ,300001,2.4109503579519012e-05,0.00035171452222023135,0.00012129939792196612,-8.087363517655026e-05,7.309509658617772e-06,3.1908744532733238e-06
EYQ,300101,2.410950352775867e-05,0.0003836232666953033,1.3343088650558524e-05,-5.79486698935586e-05,1.0295311199334303e-06,3.1908744452080556e-06
EYQ,300201,2.4109503529435943e-05,0.00041553201116335657,1.4640524737859544e-05,-5.795657172697425e-05,-1.0660207291785488e-06,3.1908744452080556e-06
EYQ,300301,2.410950352945908e-05,0.0004474407556451984,1.05231722728838e-05,-5.7301843092361596e-05,-6.469371638276394e-07,3.1908744452080556e-06
EYQ,300401,2.4109503522947427e-05,0.00047934950007961477,3.634628987280102e-05,-6.433199476041509e-05,3.246668353971805e-07,3.190874445208055e-06
EYQ,300451,2.4109503544184155e-05,0.0004953038723716142,1.7177617359057523e-05,-5.881563339239099e-05,1.5319093246395955e-06,3.1908744452080556e-06
EYQ,301001,9.75663796850756e-07,0.0003517145221982164,-0.00024610184053018244,-5.3664053839870726e-05,-6.45717717125975e-06,3.190874445207801e-06
EYQ,301101,9.756637876722105e-07,0.00038362326668488,-1.0543418000618184e-05,-5.042324808093779e-05,-5.089472061592923e-06,3.1908744452080556e-06
EYQ,301201,9.756637857670091e-07,0.0004155320111612507,-3.986844030071302e-06,-5.029286409439567e-05,-2.3504848188189492e-07,3.1908744452080548e-06
EYQ,301301,9.756637853328306e-07,0.0004474407556416289,-2.98148784881506e-06,-4.987806464742023e-05,-7.752746257758173e-07,3.190874445208055e-06
EYQ,301401,9.756637849486582e-07,0.0004793495001252682,-2.78305268112908e-06,-4.9370554170709616e-05,-3.67210452850631e-07,3.1908744452080543e-06
EYQ,301451,9.756637833367797e-07,0.0004953038723563904,-3.2300752265441203e-06,-5.007411301077347e-05,-7.199614835606707e-07,3.1908744452080556e-06
EYQ,302001,-2.7423118782653467e-05,0.0003517145222027327,-5.25673326660143e-05,-5.2381460581916084e-05,2.20283021674211e-07,3.190874445208033e-06
EYQ,302101,-2.7423118797169186e-05,0.00038362326668704884,-9.444369389903403e-06,-5.967853985467303e-05,-1.567774459457373e-06,3.1908744452080556e-06
EYQ,302201,-2.7423118797448395e-05,0.00041553201116656066,-1.0403888327647088e-05,-6.006546006063986e-05,-5.310647019203825e-07,3.1908744452080556e-06
EYQ,302301,-2.742311879428316e-05,0.0004474407556477747,-6.239826988977324e-06,-6.023565628297675e-05,-2.6575733335076977e-07,3.190874445208055e-06
EYQ,302401,-2.7423118791960093e-05,0.0004793495000795338,-3.434463561878273e-05,-6.634433078701123e-05,-1.4053221964599081e-06,3.1908744452080556e-06
EYQ,302451,-2.74231188022766e-05,0.0004953038723620203,-1.0410003688291755e-05,-6.1781981788961e-05,-3.485816718751554e-06,3.190874445208056e-06
EYQ,400001,-6.857454394649326e-06,0.0006444231400037759,0.0001272346214803161,-9.686011333801312e-06,-3.387490996102352e-06,1.5637586191509188e-10
EYQ,400101,-6.857454367412261e-06,0.0006444247038406267,1.678567214205845e-05,-6.45832533162327e-05,-1.9022303571341339e-06,1.5637989990699179e-10
EYQ,400201,-6.85745436501619e-06,0.0006444262676352648,1.744833038103051e-05,-6.167088712992049e-05,-3.467455069821351e-06,1.5637989990756277e-10
EYQ,400301,-6.8574543624537405e-06,0.0006444278314281716,1.356866766422636e-05,-5.754797729958915e-05,-4.108172896077913e-06,1.563798999075569e-10
EYQ,400401,-6.8574543663981765e-06,0.0006444293952297413,3.765955274966575e-05,-4.947070715778533e-05,-1.8387562633864507e-06,1.563798999078703e-10
EYQ,400451,-6.857454343769615e-06,0.0006444301771155832,2.3285581762010766e-05,-4.794271283702612e-05,-7.710932353849752e-06,1.5637989990689154e-10
EYQ,400501,-6.857454345992459e-06,0.0006444309588788715,0.000127458630726992,-6.866612827337402e-05,-1.1477584743759234e-05,1.5637587041795106e-10
EYQ,401001,-6.8585881295538785e-06,0.0006444231400406721,-0.00029291790836787263,-7.075108557533183e-05,-1.0604516971859343e-05,1.5637989971394704e-10
EYQ,401101,-6.858588100728736e-06,0.0006444247038661916,-1.2664362818695375e-05,-5.820995413571289e-05,-4.781364383256072e-06,1.563798999071103e-10
EYQ,401201,-6.858588116380527e-06,0.0006444262676602819,-4.69775764299938e-06,-5.4216225929515125e-05,-1.225068032984295e-06,1.5637989990767155e-10
EYQ,401301,-6.858588115010001e-06,0.0006444278314535234,-3.822141081738275e-06,-5.0170878204055506e-05,-1.0312478845156237e-06,1.5637989990767416e-10
EYQ,401401,-6.858588114433564e-06,0.0006444293952434816,-3.5551223496815876e-06,-4.7803149626083275e-05,-9.318196555292889e-07,1.5637989990789577e-10
EYQ,401451,-6.8585881175094554e-06,0.0006444301771437601,-4.245793068306476e-06,-4.486291451758927e-05,-1.0294914376219035e-07,1.563798999068006e-10
EYQ,401501,-6.8585881273828535e-06,0.0006444309589439292,-1.6127840148661822e-05,-5.441903687494888e-05,1.0395088268157368e-06,1.5637587041825133e-10
EYQ,402001,-6.859979891460715e-06,0.0006444231400754926,-7.151705003593387e-05,-6.662423799046214e-05,-5.580788259918867e-06,1.5637989993711106e-10
EYQ,402101,-6.859979888783495e-06,0.0006444247038405229,-1.1789382281333396e-05,-6.692390582613846e-05,1.8421828253408615e-06,1.5637989990760563e-10
EYQ,402201,-6.859979891786881e-06,0.0006444262676324565,-1.2399284239443935e-05,-6.149348519403853e-05,1.9384419546284166e-06,1.563798999076741e-10
EYQ,402301,-6.859979893087444e-06,0.0006444278314243345,-8.454335351691716e-06,-5.6112078160285956e-05,2.584140460653679e-06,1.5637989990767566e-10
EYQ,402401,-6.859979889108852e-06,0.0006444293952257257,-3.4994007630571126e-05,-4.980705742011331e-05,3.586266307110689e-07,1.5637989990787033e-10
EYQ,402451,-6.859979909681471e-06,0.0006444301771139445,-1.52975935066855e-05,-4.798101885433189e-05,5.12847520157019e-06,1.563798999068899e-10
EYQ,402501,-6.859979905840931e-06,0.0006444309588800926,-9.60923746654436e-05,-6.844037389156272e-05,8.227903472854765e-06,1.5637587041792627e-10
EYQ,500001,-9.94350089507267e-06,0.0009864453141203721,0.0001521420601002314,-0.00010459823393843627,1.1936277289966874e-05,6.88897433023639e-09
EYQ,500101,-9.94350088840218e-06,0.0009865142037643506,1.8347951500551237e-05,-6.493238500076938e-05,3.248705687191574e-06,6.888974321734051e-09
EYQ,500201,-9.94350089920392e-06,0.0009865830935019667,1.8769975916146075e-05,-6.540228682882256e-05,1.0963370474112033e-07,6.888974321733947e-09
EYQ,500301,-9.943500902275273e-06,0.000986651983237013,1.5032233909438206e-05,-6.596356282911603e-05,-5.87262528755115e-07,6.888974321733955e-09
EYQ,500401,-9.943500890888987e-06,0.000986720872971962,3.8567873127366535e-05,-7.043697794700826e-05,2.102195325672193e-06,6.888974321733812e-09
EYQ,500451,-9.943500924228905e-06,0.000986755317839407,2.636554649727539e-05,-7.014999195505496e-05,-6.545594475708952e-06,6.888974321734406e-09
EYQ,500501,-9.943500943729535e-06,0.0009867897627548843,0.0001274514460139906,-6.853042599499402e-05,-1.1271718220287637e-05,6.888974321733532e-09
EYQ,501001,-9.993446012443098e-06,0.0009864447397940957,-0.0003101002875686957,-6.250149718846275e-05,2.3030224505030225e-07,6.889058158559412e-09
EYQ,501101,-9.993445991466081e-06,0.0009865142037068723,-1.3738169166910731e-05,-4.6273103667009244e-05,-1.0955717244556278e-05,6.888974321882869e-09
EYQ,501201,-9.99344595650207e-06,0.0009865830934422356,-4.9858324816679864e-06,-4.684329274977749e-05,7.152642356709513e-07,6.888974321733931e-09
EYQ,501301,-9.993445958667995e-06,0.000986651983177676,-4.231750040560209e-06,-4.749870715009906e-05,-4.218439874279971e-07,6.888974321733927e-09
EYQ,501401,-9.993445958079156e-06,0.0009867208729200392,-3.946383632628815e-06,-4.9491393840948106e-05,-2.6482559618836153e-07,6.888974321733757e-09
EYQ,501451,-9.993445953910024e-06,0.0009867553177840868,-4.802188304375369e-06,-4.9137083373555754e-05,7.220146221477458e-07,6.888974321734613e-09
EYQ,501501,-9.993445951232241e-06,0.0009867897626898265,-1.6137124593210018e-05,-5.444398041186361e-05,7.457659680171075e-07,6.8889743217332315e-09
EYQ,502001,-1.0054757840019463e-05,0.0009864453139824553,-7.351823966059452e-05,-4.60536734738746e-05,-1.7595787488749834e-07,6.8889743217056235e-09
EYQ,502101,-1.0054757829758086e-05,0.000986514203773801,-1.2958434321058663e-05,-6.670742977963415e-05,-3.1299862421925255e-06,6.888974321734025e-09
EYQ,502201,-1.0054757824153239e-05,0.0009865830935092098,-1.3381111597415751e-05,-6.873424224632862e-05,-7.85262077140615e-07,6.8889743217339354e-09
EYQ,502301,-1.0054757820760878e-05,0.0009866519832442892,-9.617272853427435e-06,-7.056851209147738e-05,4.645616892082019e-08,6.888974321733934e-09
EYQ,502401,-1.005475783246617e-05,0.0009867208729813707,-3.552521407722546e-05,-7.419813782518547e-05,-2.825836745525656e-06,6.888974321733819e-09
EYQ,502451,-1.0054757805718408e-05,0.0009867553178479448,-1.776286289362863e-05,-7.383005511859811e-05,4.053311544623599e-06,6.888974321734389e-09
EYQ,502501,-1.0054757789484309e-05,0.000986789762753663,-9.609065710369998e-05,-6.822429464535475e-05,8.024043403867699e-06,6.888974321733555e-09
EYQ,600003,-7.450112570817224e-08,0.00033217898316695755,-1.3222400252195387e-06,-2.510812781532201e-05,-6.489078802786599e-08,-4.722170999464968e-12
EYQ,600004,-2.0629459052452764e-07,0.0005040009330360457,-1.3364282115187583e-05,-1.7205603808826068e-05,-3.0815916073078084e-06,3.809132551654722e-12
EYQ,600005,-6.8571954850843575e-06,0.0006444221810913285,-1.1014647389619241e-05,-5.676033314677468e-06,-4.047659058385831e-06,3.026157682660841e-11
EYQ,600006,-1.3541779179965391e-05,0.0006860183718191413,8.468854636278678e-07,-1.8302321268933025e-06,-8.508371943145756e-07,1.2185445552832588e-11
EYQ,601002,-1.9397305689708187e-08,0.00014555581782445484,5.274847463995679e-07,-2.8478118715290813e-05,-6.865218550206646e-07,-2.0787438091445215e-11
EYQ,601003,-7.450148459303094e-08,0.00033217897967255074,8.869287888142017e-07,-1.9691066197790737e-05,-8.959459529494967e-07,-4.722170909970377e-12
EYQ,601004,-2.0629208030625514e-07,0.0005040009372641829,2.1548505669103223e-06,-1.6613939553713617e-05,-1.7441517497561613e-06,3.809132528913196e-12
EYQ,601005,-6.857157900206372e-06,0.0006444222258784624,3.797172970780322e-06,-7.414527564047903e-06,-1.9271847857035046e-06,3.026157670978102e-11
EYQ,601006,-1.3541759503002116e-05,0.0006860183848275931,8.468872582107728e-07,-1.8302324376087142e-06,-8.508370990473068e-07,1.2185742131271634e-11
EYQ,602002,-1.9087385775349533e-08,0.00014555582551580606,2.8860355766540107e-05,-1.542961534173642e-05,5.724185476645611e-06,-2.0787438000414173e-11
EYQ,602003,-7.442832399809433e-08,0.00033217898316695717,1.406052186853963e-05,-1.8258515695911318e-05,2.93551226156746e-06,-4.722170926919995e-12
EYQ,602004,-2.0635331961027817e-07,0.0005040009330360479,1.2467591421836718e-06,-2.5051862110704143e-05,-3.136492463913562e-07,3.809128174160419e-12
EYQ,603002,-1.9061588565715485e-08,0.0001455558178244472,-2.8302639734372996e-07,-2.8831334364891324e-05,1.0704195847105063e-07,-2.0787436679364842e-11
EYQ,603003,-7.442522153165908e-08,0.00033217897967255074,-8.183449249155811e-07,-2.0304309308053048e-05,6.291463245618357e-07,-4.7221709099453625e-12
EYQ,603004,-2.0635359779681963e-07,0.0005040009372641829,-4.824156543185556e-07,-1.731507284836826e-05,3.3194976511762323e-07,3.809132528902489e-12
EYQ,603005,-6.857646624671259e-06,0.0006444222258784624,8.9013367400996e-07,-7.4166233264600935e-06,-1.8877991147586435e-07,3.02615767098404e-11
EYQ,603006,-1.3541952803238678e-05,0.0006860183850837046,-6.915162412074164e-07,-2.0094029015692388e-06,-8.242248819802826e-07,1.2185776009407384e-11
EYQ,605005,-6.8576466189687835e-06,0.000644423131258911,-7.44178553494018e-05,-2.8721413710818125e-05,-5.563175104637654e-07,3.0261561954092404e-11
EYQ,609002,-5.200524482285933e-13,1.1703549134938848e-11,1.3857483703194656e-05,-4.124042961389116e-06,6.443078446601929e-08,-1.9938426258797853e-13
EYQ,612002,-1.4279353341977211e-12,1.1729396623664715e-11,2.0827114679232665e-06,-1.1477330531062517e-05,5.839537878408347e-07,-1.9986281988139923e-13
EYQ,612003,-5.061182745607054e-07,0.00010630938911382035,-2.4041160232837617e-05,-3.2424389847204946e-05,3.4354874630129417e-06,-4.822939084362942e-09
EYQ,612004,1.0229199707780054e-05,0.0003509168036069131,-0.00010017333454639764,-4.675587633177899e-05,1.410817912877293e-07,3.1908744532733238e-06
EYQ,612005,-6.858361374648434e-06,0.0006444231009098104,-0.000200220306341288,-6.089194017991712e-05,-6.051909148610656e-06,1.5637586191525238e-10
EYQ,612006,-9.993446045734005e-06,0.0009864441655546544,-0.0003101002879226998,-6.250149728600433e-05,2.3030238400361626e-07,6.889142471348814e-09
EYQ,700001,8.468816633525785e-16,6.982630456496133e-14,-9.597909859582235e-14,-2.0357621778455324e-13,1.1032944127821848e-15,-2.6252014528144512e-20
EYQ,700002,1.3599518031289805e-16,6.971690988490736e-14,-1.1059482773419939e-13,-2.0343165770433437e-13,1.6492425617398036e-16,-2.6252014527895228e-20
EYQ,700003,1.6543699177900578e-15,4.293279997126388e-13,-2.3901599120210616e-12,-3.457624272640539e-13,2.8878380823371522e-15,3.4519585512368286e-18
EYQ,700004,4.621034394627758e-16,8.294054546999488e-14,-3.283825268237396e-14,-2.20887135050578e-13,5.952455568673016e-16,-2.625201452802454e-20
EYQ,700005,-2.8343574834560185e-16,8.918731093964449e-14,-2.4182019874247598e-14,-2.2913274611687536e-13,-3.888661675815799e-16,-2.6252014528132454e-20
EYQ,700006,-2.1974498849644763e-15,8.917075946629642e-14,-1.0181677138820679e-13,-2.29110739068896e-13,-2.91536482393556e-15,-2.6252014527883525e-20
EYQ,700007,-1.2523223807299085e-15,7.329771188500018e-14,1.3506124718688177e-13,-2.0815847543216637e-13,-1.6679118683459364e-15,-2.6252014528143002e-20
EYQ,700008,-2.240445544552385e-16,7.294947383087933e-14,1.5523363510159064e-13,-2.0769864209886524e-13,-3.10585138746396e-16,-2.6252014527880374e-20
EYQ,701001,-1.9061587964954905e-08,0.00014555559161544572,-2.5855594867237008e-06,-4.3102668602210206e-05,-3.78454953138765e-07,-2.078743804493873e-11
EYQ,701002,-1.906159107979508e-08,0.0001455553837411293,-2.979289347516117e-06,-4.3150206409454204e-05,-6.885472144882113e-08,-2.078743804474133e-11
EYQ,701003,-1.9061592406312465e-08,0.00014555517431405796,-6.44931730368317e-05,-4.237959950209472e-05,-3.8199056313588253e-07,-2.0787447061929972e-11
EYQ,701004,-1.924659673736434e-08,0.00014555574752978464,-8.846223499960819e-07,-3.7391326268869725e-05,-2.109725120597598e-07,-2.078743804484373e-11
EYQ,701005,-1.9246596861743743e-08,0.00014555559162853513,-6.514340289576694e-07,-3.467070059027085e-05,1.1371942106103365e-07,-2.078743804492918e-11
EYQ,701006,-1.9246603576834972e-08,0.00014555538375399696,-2.7428192494174437e-06,-3.467780398327512e-05,9.47297263505459e-07,-2.0787438044732067e-11
EYQ,701007,-1.9397306929953247e-08,0.00014555559161767622,3.638384753156838e-06,-4.15908259369243e-05,5.356059311750463e-07,-2.078743804493753e-11
EYQ,701008,-1.9397301941674928e-08,0.00014555538374276877,4.1818042028683216e-06,-4.1742383114175266e-05,8.777767634356837e-08,-2.078743804472957e-11
EYQ,702001,-7.442522052960148e-08,0.00033217893004161916,-4.3634169254482455e-06,-3.889463222595188e-05,-2.794576545545705e-07,-4.722171008979874e-12
EYQ,702002,-7.442522246124732e-08,0.0003321788828201889,-5.2539630399086955e-06,-3.8866722501240974e-05,1.0770955036708451e-06,-4.722171008724934e-12
EYQ,702003,-7.442521590369643e-08,0.0003321788351681156,-8.633919876802965e-05,-4.160866732856974e-05,8.521962794760723e-07,-4.722157567537334e-12
EYQ,702004,-7.446724765700388e-08,0.00033217896545438005,-1.5252661365963013e-06,-3.516946346328342e-05,-2.957082037375632e-08,-4.722171008974895e-12
EYQ,702005,-7.446724731117989e-08,0.00033217893003636924,-1.0327427199452963e-06,-3.319402121324742e-05,2.4598017678377026e-08,-4.722171008984338e-12
EYQ,702006,-7.446725476432665e-08,0.0003321788828144387,-5.076864850658404e-06,-3.32626971288499e-05,2.949107030061793e-06,-4.722171008713763e-12
EYQ,702007,-7.450148331413145e-08,0.00033217893004051767,6.116511563361803e-06,-3.792321085664435e-05,5.221089821406288e-07,-4.722171008981307e-12
EYQ,702008,-7.450147776136191e-08,0.0003321788828183956,7.36065443974171e-06,-3.815271669104881e-05,-1.6503506881615175e-06,-4.722171008710866e-12
EYQ,703001,-2.0635360285552338e-07,0.0005040009758961359,-5.4096798497099476e-06,-3.602561837592691e-05,-8.53475457890593e-07,3.809132574293035e-12
EYQ,703002,-2.0635360313794954e-07,0.0005040010139875325,-6.75182837968896e-06,-3.5951295227776045e-05,2.9738137903504435e-07,3.80913257446559e-12
EYQ,703003,-2.063536059014139e-07,0.0005040010522616487,-8.415542164553035e-05,-3.9761335810130416e-05,-1.7128146088518051e-06,3.8090662324658235e-12
EYQ,703004,-2.063197005848892e-07,0.0005040009473236856,-1.9533908502012536e-06,-3.18480239939678e-05,-7.707310138840679e-07,3.809132574293007e-12
EYQ,703005,-2.0631970130312364e-07,0.0005040009758898362,-1.1797052341801476e-06,-2.9880044122004744e-05,-5.966499194052826e-07,3.809132574288929e-12
EYQ,703006,-2.0631970465863185e-07,0.0005040010139810649,-6.837246961352753e-06,-2.9983150491197094e-05,3.4828695340962445e-06,3.809132574467189e-12
EYQ,703007,-2.06292083981437e-07,0.0005040009758949724,7.555180118455118e-06,-3.499349751076557e-05,-6.016162601691714e-08,3.809132574292911e-12
EYQ,703008,-2.062920866233408e-07,0.0005040010139862626,9.429571768306227e-06,-3.532444391051353e-05,-2.926292913905926e-06,3.809132574468819e-12
EYQ,704001,-6.8576466248764385e-06,0.000644422521492809,-5.788372360804993e-06,-1.9835176779222187e-05,-1.3689637977821854e-06,3.0261576770342105e-11
EYQ,704002,-6.857646627714031e-06,0.0006444228241092451,-7.532048390814292e-06,-1.977645262663989e-05,1.1058073338785066e-07,3.026157677037046e-11
EYQ,704003,-6.857646621218316e-06,0.0006444231289989915,-7.44178567236059e-05,-2.872141365580711e-05,-5.563174083846873e-07,3.026156819770644e-11
EYQ,704004,-6.857377296429483e-06,0.000644422294521891,-2.160845443174495e-06,-1.7832874113639172e-05,-1.5505568492455674e-06,3.0261576770466395e-11
EYQ,704005,-6.857377294861531e-06,0.000644422521479005,-1.146024068127036e-06,-1.687816639030836e-05,-1.1835876193000134e-06,3.026157677033015e-11
EYQ,704006,-6.857377306125619e-06,0.0006444228240943451,-7.942625259843e-06,-1.6989086457736003e-05,3.202288957114808e-06,3.026157677038556e-11
EYQ,704007,-6.857157899361988e-06,0.0006444225214899967,8.06547723331666e-06,-1.937050213569441e-05,-1.1697296169324266e-06,3.0261576770337865e-11
EYQ,704008,-6.857157892480004e-06,0.0006444228241048798,1.043453568631598e-05,-1.9615502178504012e-05,-2.1915981196716793e-06,3.026157677038931e-11
EYQ,705001,-1.3541953733657933e-05,0.0006860185089120845,-5.815061757805163e-06,-4.0824853464280475e-06,-7.809786927745834e-07,1.2185445575665377e-11
EYQ,705002,-1.3541953724780558e-05,0.0006860186307655666,-7.784875791171359e-06,-3.7171099298826717e-06,1.6056871939335677e-06,1.2185445575330304e-11
EYQ,705003,-1.3541953735173735e-05,0.0006860187526352298,-7.44178567236059e-05,-1.3952112161260616e-06,-2.2537758086695578e-06,1.2185445575660541e-11
EYQ,705004,-1.354184528383295e-05,0.0006860184175161451,-2.2135848623288e-06,-3.864626244861593e-06,-8.783865777093341e-07,1.2185445575651052e-11
EYQ,705005,-1.3541845284158577e-05,0.0006860185089049879,-1.0592444862840336e-06,-3.948734330230875e-06,-1.3871693695994465e-06,1.2185445575661579e-11
EYQ,705006,-1.3541845253456723e-05,0.0006860186307603625,-8.413487934988316e-06,-4.238082639719257e-06,7.598006648614221e-06,1.2185445575291454e-11
EYQ,705007,-1.354175693748242e-05,0.00068601850891146,8.07233334926773e-06,-4.275136642887239e-06,-4.447505824299434e-07,1.2185445575667358e-11
EYQ,705008,-1.3541756953291807e-05,0.0006860186307681227,1.0847178085870049e-05,-4.991345652848585e-06,-6.308074825233958e-06,1.2185445575279318e-11
EYQ,900000,-1.9394255170475962e-08,0.0001455558180570729,3.72375476959806e-07,-3.2359336608094716e-05,-1.391553492490138e-07,-2.0787067083890422e-11
EYQ,900001,-1.7002061026286136e-12,1.213627609029025e-11,1.3862978317337242e-05,-4.242476656285442e-06,1.6391776472907273e-08,-2.7309764833889347e-13
EYQ,900002,-2.5903576717195806e-13,1.2865393147370772e-11,-8.093054216839345e-05,-8.686541457478042e-06,2.8542018333125445e-06,-3.223030498034134e-13
EYQ,900003,-1.9064631148346476e-08,0.000145555818057659,-2.829527794741577e-07,-3.236376919214183e-05,-1.093025081468759e-07,-2.0787067124281276e-11
EYQ,900004,1.5069765368928451e-12,1.1792688152241163e-11,-8.987252438540056e-06,-1.925732667600313e-06,1.3318527273223514e-06,-2.733083409982637e-13
EYQ,900005,-1.9150246987991358e-08,0.00014555582551580693,3.708708813337555e-05,5.084539134965235e-06,1.9938905594302724e-05,-2.078743809144521e-11
EYQ,900006,-1.915024698799136e-08,0.00014555566961002125,-3.776848736014548e-05,4.165133102100999e-07,-2.9397964504858176e-07,-2.0787438091445212e-11
EYQ,900007,-1.9308647266244545e-08,0.00014555582551580668,-2.6687137302368575e-05,7.816184840978292e-06,-2.0038833678530832e-05,-2.0787438083718886e-11
EYQ,900008,-1.9308647266248172e-08,0.00014555566961002125,2.847535506809335e-05,-3.3098390629622253e-06,5.54093483338508e-06,-2.0787438091445215e-11
EYQ,900009,-1.9397305689708187e-08,0.00014555574756291406,7.1111341579539985e-06,6.97733122437712e-06,-2.1450255874943513e-06,-2.0787438091445212e-11
EYQ,900010,-1.9061588564531342e-08,0.0001455557475629141,-3.1118469811685016e-06,3.437935138099693e-06,1.3449640316909793e-06,-2.07874380914452e-11
EYQ,900011,-1.9397305689708233e-08,0.00014555566961002122,9.787353183259144e-06,7.413955223111723e-06,1.112747415844293e-06,-2.0787438091517933e-11
EYQ,900012,-1.9061588564531326e-08,0.00014555566961002122,-6.283033455765921e-06,9.88713613954988e-06,-3.4669616588421416e-07,-2.0787438091522036e-11
EYQ,900013,-1.9397305689708114e-08,0.00014555548771993796,3.843366937507804e-06,-2.4408046008501925e-06,-2.3656046226868648e-07,-2.0787438091445755e-11
EYQ,900014,-1.9061588564531402e-08,0.00014555548771993796,-2.8656120954527235e-06,-2.3295111678367684e-06,1.706064771087372e-07,-2.078743809144514e-11
EYQ,900015,-1.9397305186470988e-08,0.00014555527980141894,7.955063517903908e-06,-8.625110122819857e-06,-1.3457443574617396e-06,-2.090992134710805e-11
EYQ,900016,-1.9061588069921256e-08,0.00014555527980141892,-5.011714336693973e-06,4.5239720364384725e-06,5.551832823854509e-07,-2.090992134753947e-11
EYQ,900017,-5.399753033810056e-07,0.00010625995399148959,0.00025143223179857296,-6.58487065230515e-05,1.6533464653807828e-06,-4.822938811824307e-09
EYQ,900018,-5.399753033534094e-07,0.00010622383018081285,0.00024799879466923366,-6.208072941398237e-05,1.556864738668334e-06,-4.822938811824221e-09
EYQ,900019,-5.201047979053635e-07,0.00010623583929278372,8.661456795972642e-06,-4.936256033028868e-06,-1.8221431185425888e-06,-4.8229390843649026e-09
EYQ,900020,-4.4221433169287393e-07,0.0001062358392927837,-7.263410043511816e-06,-2.9697515324068273e-06,1.7948296883828293e-06,-4.822939084364786e-09
EYQ,900021,-5.201047979053625e-07,0.00010618760990194007,7.984472991006352e-06,-3.813087947270444e-06,-5.624311310560095e-07,-4.822939084364816e-09
EYQ,900022,-4.4221433168129886e-07,0.00010618760990194006,-3.2958087074678203e-06,-2.442904345109184e-06,4.0296617531736107e-07,-4.822939084364859e-09
EYQ,900023,-5.201047979053626e-07,0.00010622383017446364,1.2304920758317824e-05,-5.350126385450156e-05,-7.954451730095887e-07,-4.822939084364333e-09
EYQ,900024,-5.201047979053626e-07,0.00010613938051109633,1.9812523057505274e-05,-4.788598938572834e-06,-5.134942159243746e-06,-4.822939084615149e-09
EYQ,900025,-4.422143316697237e-07,0.00010613938051109631,-2.0066175103238154e-05,-3.8707664917484645e-06,5.381408163593697e-06,-4.822939084615101e-09
EYQ,900026,3.195905473457138e-05,0.00041553201128569783,0.0001543147539572876,-5.615991726866378e-05,2.5144278731445553e-05,3.1908744532733238e-06
EYQ,900027,2.4109503579519006e-05,0.0004314863835520644,1.8140809041393557e-05,-1.1841012130912911e-05,1.0407601790856163e-06,3.190874453273324e-06
EYQ,900028,3.195905473457138e-05,0.0004314863835520645,5.301968661023932e-05,-1.5404676882681206e-05,7.443787634198273e-07,3.1908744532733238e-06
EYQ,900029,3.195905473457138e-05,0.0004474407558184311,0.0001486346557822218,-5.5534832798903685e-05,-2.4603550278945266e-05,3.1908744532733238e-06
EYQ,900030,-6.857069710029014e-06,0.000644424703762395,0.00016946266348003415,-6.0659115132129826e-05,5.069230654557031e-05,1.563758619148593e-10
EYQ,900031,-6.857454394649323e-06,0.0006444250477892912,1.943409418732063e-05,-1.192411599340669e-05,6.29000333258323e-08,1.5637586191465707e-10
EYQ,900032,-6.857069710029014e-06,0.0006444250477892913,5.49652313510576e-05,-1.584825417750942e-05,5.0828601843773726e-05,1.563758619150919e-10
EYQ,900033,-6.8585881196482085e-06,0.0006444250477892913,-6.271370769398703e-06,-2.0125414129282622e-06,-1.5134311060138902e-06,1.5637586191452015e-10
EYQ,900034,-6.856810126668365e-06,0.0006444262675267026,0.00030054101316516165,-7.484549432734203e-05,4.795600558126071e-07,1.5637586248917516e-10
EYQ,900035,-6.856810126661022e-06,0.0006444278312855113,0.0002928365499782401,-7.551943126693325e-05,4.641495859241426e-07,1.5637586248916823e-10
EYQ,900036,-6.857454394649322e-06,0.00064443057567601,7.445127974617392e-05,-2.5099889547094942e-05,-2.6466354719177568e-05,1.5637586191464293e-10
EYQ,900037,-6.859979864819259e-06,0.0006444305756760099,-5.4927136488446336e-05,-2.0363779761662955e-05,2.0913641972027015e-05,1.5637586191465472e-10
EYQ,900038,-9.94350089507267e-06,0.0009865486487353255,1.5434533675547142e-05,-4.159481865414753e-06,-8.968896647472113e-07,6.8889743302363835e-09
EYQ,900039,-1.0054757830505986e-05,0.0009865486487353255,-1.0874221283755181e-05,-5.352198713495405e-06,1.0426666214843963e-06,6.88897433023638e-09
EYQ,900040,-9.94350089507267e-06,0.0009866175384786282,1.6590330738599707e-05,-6.381111627145691e-06,6.776491496484575e-07,6.888974330236381e-09
EYQ,900041,-1.0054757830505986e-05,0.000986617538478628,-1.1306518378208681e-05,-3.6111952808771645e-06,-3.7942872067150746e-07,6.88897433023638e-09
EYQ,900042,-9.94350089507267e-06,0.0009866864282219306,3.07532259181883e-05,-8.026922312623289e-06,-3.897782651596277e-06,6.888974330236381e-09
EYQ,900043,-1.0054757830505986e-05,0.0009866864282219306,-2.6991043101017428e-05,-5.748496745132261e-06,4.570879445518026e-06,6.888974330236383e-09
EYQ,900044,-9.943500895072676e-06,0.000986772884849775,7.535174969731995e-05,-1.8044894814716615e-05,-2.5868947136233446e-05,6.8889743302365365e-09
EYQ,900045,-1.0054757830505982e-05,0.0009867728848497747,-5.568634294841913e-05,-9.890676163869351e-06,2.0487770982876722e-05,6.888974330236499e-09
EYQ,900046,-9.915118320261965e-06,0.000986583093601288,0.00030068779472123267,-7.269179820721515e-05,5.083977724461794e-07,6.8889743296622226e-09
EYQ,900047,-9.915118320269309e-06,0.0009866519833444012,0.00029314960261278734,-7.12108692016338e-05,4.911873153439323e-07,6.8889743296622325e-09
EYQ,900048,-7.450077923632168e-08,0.0003321789812762674,6.282425083018499e-07,-2.6223587635339463e-05,2.4969627755451347e-07,-4.722258154421849e-12
EYQ,900049,-5.20104739183165e-07,0.00010630938988236882,8.045092890021165e-05,-4.151535424302734e-05,7.261286766987259e-06,-4.8231293586169235e-09
EYQ,900050,-4.851384407594273e-07,0.00010630939039023938,-0.0001721552719969407,-3.989557961561625e-05,-2.3032114929485354e-06,-4.82312884704359e-09
EYQ,900051,-7.442590106878598e-08,0.0003321789812757394,-4.846367280317612e-07,-2.621821914356393e-05,2.6166056794754296e-07,-4.722260163081214e-12
EYQ,900052,-4.422143221502567e-07,0.00010630938918230884,-3.273787534663689e-05,1.6674318042671944e-05,-3.753251652730894e-06,-4.823129136262513e-09
EYQ,900053,-7.444536159083955e-08,0.0003321789831669576,2.8681483316154817e-05,4.145234527523032e-06,1.7619312734293016e-05,-4.722170999464968e-12
EYQ,900054,-7.444536159083956e-08,0.00033217894775067506,-3.5854484841440114e-05,2.81178901802274e-07,-6.807572580216866e-07,-4.722170999464968e-12
EYQ,900055,-7.448134453385548e-08,0.00033217898316695755,-1.992039310732506e-05,6.422645508158333e-06,-1.7404433126509317e-05,-4.722170999464967e-12
EYQ,900056,-7.448134453385548e-08,0.00033217894775067506,2.5865942628577195e-05,-3.3696403918188017e-06,5.371170628979348e-06,-4.722170999464968e-12
EYQ,900057,-7.450148459316818e-08,0.0003321789654588163,6.990853097691729e-06,6.880406136022355e-06,-2.2845413320324375e-06,-4.722170999464968e-12
EYQ,900058,-7.442522153152683e-08,0.0003321789654588163,-4.204580562927011e-06,3.7509185363898887e-06,1.437075107742398e-06,-4.722170999464968e-12
EYQ,900059,-7.450148459316813e-08,0.00033217894775067506,1.0879963123701133e-05,6.2392666490891555e-06,6.32430073718688e-07,-4.722170999468685e-12
EYQ,900060,-7.442522153152681e-08,0.00033217894775067506,-7.544693982083251e-06,8.943372308667815e-06,-2.5914548121908645e-07,-4.722170999466655e-12
EYQ,900061,-7.450148459316797e-08,0.0003321789064316788,4.50253070023442e-06,-2.1270415168668035e-06,9.479134443881954e-08,-4.7221709994653946e-12
EYQ,900062,-7.442522153152682e-08,0.0003321789064316788,-3.5244012424822783e-06,-2.3636022933376865e-06,-6.598759130064698e-08,-4.722170999464677e-12
EYQ,900063,-7.450149615476566e-08,0.0003321788591414803,5.043157178342717e-05,-2.4806430061078572e-05,-1.182522794033898e-05,-4.912230404970598e-12
EYQ,900064,-7.442523107416223e-08,0.00033217885914148027,-2.62527677092837e-05,1.2458914234771897e-05,4.795529611853219e-06,-4.912230405785703e-12
EYQ,900065,-2.0629268947913926e-07,0.0005040009341171226,7.79960208291813e-07,-2.5950949162450175e-05,-6.387819785911935e-07,3.808957714010084e-12
EYQ,900066,2.4109502847662112e-05,0.00035091680392543485,0.0001230424759233443,-6.223735766182021e-05,4.786353500132191e-06,3.1908743150979834e-06
EYQ,900067,9.7566376135914e-07,0.0003509168042100012,-0.00024746337433579415,-5.7652472634872255e-05,-2.9557660146085795e-06,3.1908743141166394e-06
EYQ,900068,-2.0635309142968336e-07,0.0005040009341176324,-6.154711297554144e-07,-2.5970491192056176e-05,-6.095238483594953e-07,3.808955255680966e-12
EYQ,900069,-2.742311813468084e-05,0.00035091680365601906,-5.2479855248335534e-05,2.2849839807468485e-05,5.125130853851401e-07,3.1908743145196005e-06
EYQ,900070,-2.0633735184655253e-07,0.0005040009330360457,2.897100774554692e-05,4.088981908561476e-06,1.6676848444711295e-05,3.809132551654424e-12
EYQ,900071,-2.0633735184655253e-07,0.0005040009616045398,-3.3878001084943235e-05,1.4572780608334717e-07,-1.7955613344776113e-07,3.8091325516547225e-12
EYQ,900072,-2.0630832625650893e-07,0.0005040009330360458,-2.0791614267653525e-05,6.194348113250493e-06,-1.644846796717445e-05,3.809132551654722e-12
EYQ,900073,-2.063083262565089e-07,0.0005040009616045398,2.410663149921621e-05,-3.3069274409834383e-06,4.650283893938396e-06,3.809132551654722e-12
EYQ,900074,-2.062920803061761e-07,0.0005040009473202927,7.932153973664637e-06,5.593002218416566e-06,-2.098906659103759e-06,3.809132551654722e-12
EYQ,900075,-2.063535977968853e-07,0.0005040009473202927,-3.3931349431502717e-06,3.2707869960786465e-06,1.6591228740268532e-06,3.809132551654722e-12
EYQ,900076,-2.0629208030617624e-07,0.0005040009616045398,1.1216441024128987e-05,5.521466797399991e-06,6.295467380167889e-07,3.809132551666123e-12
EYQ,900077,-2.0635359779688552e-07,0.0005040009616045398,-8.279425760490382e-06,8.123841378632573e-06,2.0053727612646587e-07,3.809132551668268e-12
EYQ,900078,-2.062920803061764e-07,0.0005040009949344497,5.360029936974875e-06,-2.033664170409596e-06,4.6451197279647204e-07,3.8091325516546845e-12
EYQ,900079,-2.063535977968856e-07,0.0005040009949344497,-5.0072330864224975e-06,-2.4820939974650097e-06,3.3986263804052684e-07,3.8091325516547944e-12
EYQ,900080,-2.062914494099104e-07,0.0005040010329766688,6.889096687637917e-05,-3.457786276689334e-05,-1.6536442974497346e-05,3.675346257692607e-12
EYQ,900081,-2.0635430396154803e-07,0.0005040010329766688,-3.0586772312720966e-05,1.891951129065459e-05,6.431990834743494e-06,3.6753462572102805e-12
EYQ,900082,-6.857162344097116e-06,0.0006444221909641333,8.367129720513289e-07,-1.3847003166582151e-05,-2.021293474224857e-06,3.026123500943457e-11
EYQ,900083,-6.857454343263741e-06,0.0006444231011632521,0.00012689693416550218,-6.328776192107814e-05,-2.9802089199400746e-06,1.5637557286377636e-10
EYQ,900084,-6.858588123813164e-06,0.0006444231014134457,-0.000295298979071041,-7.09623475418563e-05,-6.819834205778302e-06,1.5637604560599473e-10
EYQ,900085,-6.85764220211021e-06,0.0006444221909591138,-6.758590399494539e-07,-1.378955467117921e-05,-2.022047265842988e-06,3.026123722795645e-11
EYQ,900086,-6.859979863785463e-06,0.0006444231009099023,-7.310110965720796e-05,1.4250761290506813e-05,-6.316274511823892e-06,1.5637584537824002e-10
EYQ,900087,-6.857517559046517e-06,0.0006444221810913289,1.4893318712069105e-05,2.1706879797836926e-06,9.140684486837873e-06,3.026157681540627e-11
EYQ,900088,-6.857517559046524e-06,0.0006444224080531548,-2.013053070075544e-05,-1.0392824962598198e-07,5.048931018899114e-08,3.026157682660841e-11
EYQ,900089,-6.857286965831105e-06,0.0006444221810913285,-1.0811788916302754e-05,3.2111563840713655e-06,-8.979787207273614e-06,3.0261576826608416e-11
EYQ,900090,-6.857286965831105e-06,0.0006444224080531548,1.37190162876595e-05,-2.21930256066108e-06,2.532085557339547e-06,3.026157682660841e-11
EYQ,900091,-6.85715790020594e-06,0.0006444222945722416,7.457279570791577e-06,2.451499204703967e-06,-1.1749118650791573e-06,3.026157682660841e-11
EYQ,900092,-6.8576466246716894e-06,0.0006444222945722416,-8.73319029866362e-07,2.3580754252374865e-06,1.5198879767309097e-06,3.026157682660841e-11
EYQ,900093,-6.8571579002059395e-06,0.0006444224080531547,8.610405975827182e-06,2.5442277468477883e-06,4.718915451163645e-07,3.0261576826527184e-11
EYQ,900094,-6.857646624671687e-06,0.0006444224080531547,-6.868908763081382e-06,4.287404490247675e-06,9.420897637135321e-07,3.026157682653237e-11
EYQ,900095,-6.8571579002059395e-06,0.0006444226728419519,8.186466805874895e-06,-1.8405513453067642e-06,4.850568309600964e-07,3.026157682660749e-11
EYQ,900096,-6.857646624671688e-06,0.0006444226728419519,-5.033202517053241e-06,-1.550123778270979e-06,5.760074149969759e-07,3.02615768266091e-11
EYQ,900097,-6.8571579002136305e-06,0.0006444229754577202,5.997952284328025e-05,-3.744539529806439e-05,-1.494146208761232e-05,3.026157659477646e-11
EYQ,900098,-6.857646624671688e-06,0.0006444229754577203,-4.388662536681582e-05,2.0399526766818027e-05,1.0040379964361216e-05,3.026157682445205e-11
EYQ,900099,-1.3541762112666511e-05,0.0006860183753700183,8.468870948089545e-07,-1.8302322833428867e-06,-8.508371463868081e-07,1.218519442140917e-11
EYQ,900100,-9.943500942707425e-06,0.0009864435912591656,0.00015501918232281345,-7.95156044953007e-05,9.84588157140856e-06,6.8892262409313806e-09
EYQ,900101,-1.3541951918657577e-05,0.0006860183758804821,-6.915164014467491e-07,-2.009402750946802e-06,-8.242249358948075e-07,1.2185278823951506e-11
EYQ,900102,-1.005475792098453e-05,0.0009864435917857036,-7.350518467003403e-05,3.118431439950997e-05,3.148821738210984e-07,6.889227113320074e-09
EYQ,900103,-1.3541901765547649e-05,0.0006860183718191415,7.360491281662053e-07,5.45536729197712e-07,1.7531087270499663e-06,1.2185445548228247e-11
EYQ,900104,-1.3541901765547652e-05,0.000686018463209983,-6.754953075977237e-06,-1.338146612275284e-07,2.224199536595845e-07,1.2185445552832588e-11
EYQ,900105,-1.354180891245254e-05,0.0006860183718191413,-1.4696425086334918e-06,-3.465305672990273e-07,-1.4251772627829875e-06,1.218544555283259e-11
EYQ,900106,-1.354180891245254e-05,0.0006860184632099829,2.6097204484723583e-06,-1.240501528353865e-06,3.574797379592956e-07,1.218544555283259e-11
EYQ,900107,-1.3541756941527454e-05,0.0006860184175145619,2.6310016594647527e-06,1.7711282675341398e-07,-9.770649059390574e-07,1.2185445621290354e-11
EYQ,900108,-1.3541953736472869e-05,0.0006860184175145619,-5.897734328407837e-07,9.190102279039009e-07,5.824955305261252e-07,1.2185445619451305e-11
EYQ,900109,-1.3541756941527258e-05,0.0006860184632099829,5.9626792883530306e-06,-6.064574211048651e-07,-7.289256591179669e-07,1.2185445552843751e-11
EYQ,900110,-1.3541953736472933e-05,0.000686018463209983,-4.640102570697118e-06,7.344758525998361e-07,1.0915689219626746e-06,1.2185445552844903e-11
EYQ,900111,-1.3541756941527261e-05,0.0006860185698326315,2.3301365277622043e-06,6.867775832519029e-07,1.2671789506421577e-06,1.2185445552834872e-11
EYQ,900112,-1.3541953736472937e-05,0.0006860185698326315,-3.7410758082886286e-06,-1.6875895720099508e-06,8.807967947957276e-08,1.2185445552831578e-11
EYQ,900113,-1.3541756848167108e-05,0.0006860186917781821,9.428522219834318e-05,-4.3645142425642135e-05,-2.1438510359937634e-05,1.2438239377222554e-11
EYQ,900114,-1.3541953645994348e-05,0.0006860186917781821,-4.3382580789149886e-05,2.4250181245327967e-05,9.055211570127117e-06,1.2438239377964588e-11
EYQ,900115,3.725590632345316e-05,0.0003836232667496805,0.00025184209605684656,-5.9645749526846156e-05,1.6574822316750281e-06,3.1908744530007837e-06
EYQ,900116,3.7255906323425565e-05,0.0004075229164016325,0.00024800772343508556,-6.18866867209094e-05,1.6313795042177139e-06,3.190874453000783e-06
EYQ,900117,2.410950357951901e-05,0.0003995776390193312,1.1629223400482914e-05,-5.400101414997426e-06,-8.685378450198137e-08,3.1908744532733246e-06
EYQ,900118,-2.7423118840845152e-05,0.0003995776390193312,-9.271382624610689e-06,-3.7604580217134663e-06,6.679044202393361e-07,3.1908744532733238e-06
EYQ,900119,-2.7423118840845152e-05,0.0004314863835520644,-8.60291416617308e-06,-3.445284241820858e-06,-4.241980743858512e-07,3.1908744532733238e-06
EYQ,900120,2.4109503579519006e-05,0.0004075229164079817,1.2350430846859626e-05,-5.3794568711121063e-05,-6.068881329393667e-07,3.190874453273324e-06
EYQ,900121,2.410950357951901e-05,0.0004633951280847978,2.5247503808955133e-05,-6.556050218818758e-06,-3.7815739221668142e-06,3.1908744532733238e-06
EYQ,900122,-2.7423118840845152e-05,0.0004633951280847977,-2.244363732351824e-05,-4.9984835294586314e-06,4.623503844226697e-06,3.190874453273324e-06
EYQ,900123,-6.857454394649327e-06,0.0006444254856417046,1.6629103828014718e-05,-5.147443563422388e-06,1.474578241417786e-06,1.5637586191520335e-10
EYQ,900124,-6.859979864819254e-06,0.0006444254856417046,-1.2719212999686084e-05,-3.7724818316369956e-06,-8.513640724627103e-07,1.5637586191511243e-10
EYQ,900125,-6.857454394649325e-06,0.0006444270494003238,1.5301546801644312e-05,-5.416225585694737e-06,2.4701412445719336e-06,1.5637586191511344e-10
EYQ,900126,-6.859979864819254e-06,0.0006444270494003238,-1.0358118340710195e-05,-3.135401638065394e-06,-1.7174708228209423e-06,1.563758619151124e-10
EYQ,900127,-6.857454394649325e-06,0.000644428613158943,2.8943231993660902e-05,-6.898216245141388e-06,-2.119689713406861e-06,1.5637586191512246e-10
EYQ,900128,-6.859979864819254e-06,0.0006444286131589428,-2.517664381711568e-05,-4.4260305675085815e-06,3.2388835134058447e-06,1.5637586191512226e-10
EYQ,900129,-1.9246596763545215e-08,0.00014555566961002125,3.77765424649262e-07,-1.2824399318692722e-05,4.99014079974352e-09,-2.0787438091436856e-11
EYQ,900130,-1.9246596763545407e-08,0.00014555548771993796,-6.780241462213516e-07,-2.808280228280625e-07,4.7935675516675135e-08,-2.0787438091445377e-11
EYQ,900131,-1.9246596264180918e-08,0.00014555527980141892,-3.492827276078521e-05,-1.7184217567281045e-06,9.990259943572978e-06,-2.0909921345795377e-11
EYQ,900132,-1.915024698799136e-08,0.0001455557475629141,-2.6013245364850772e-05,8.26700789472912e-06,9.995335405123817e-06,-2.078743809144516e-11
EYQ,900133,-1.930864726624817e-08,0.0001455557475629141,3.335729463570572e-05,3.226721055913968e-06,-7.352883554293472e-06,-2.078743809144536e-11
EYQ,900134,-4.851384895437189e-07,0.0001062358392927837,-2.112235254797567e-06,-4.77008360028491e-07,-1.1626830691206747e-07,-4.822939084364794e-09
EYQ,900135,-4.851384895437191e-07,0.00010618760990194006,-2.204372266707898e-06,-6.327592114535839e-07,-2.73270994356078e-07,-4.822939084364822e-09
EYQ,900136,-4.851384895437191e-07,0.00010613938051109642,-1.6988336400523896e-06,-2.7533502284597585e-06,-1.0667571287011159e-07,-4.8229390843647975e-09
EYQ,900137,-6.858588119648209e-06,0.0006444305756760099,-9.625685296678618e-06,-9.833629857740226e-06,3.332404425807427e-06,1.5637586191481152e-10
EYQ,900138,-9.993445958966884e-06,0.0009865486487353255,5.062669611565989e-06,-1.0921353972907289e-06,1.2408109536621842e-06,6.888974330236382e-09
EYQ,900139,-9.993445958966882e-06,0.0009866175384786282,-5.74354869730176e-06,-1.4555179752847902e-06,-1.844936847374753e-07,6.888974330236382e-09
EYQ,900140,-9.993445958966882e-06,0.0009866864282219306,-3.65471043666388e-06,-3.2331903546272086e-06,1.277228865950262e-07,6.8889743302363885e-09
EYQ,900141,-9.993445958966882e-06,0.0009867728848497747,-1.0492475532407594e-05,-8.0412730489274e-06,3.015042459089348e-06,6.888974330236479e-09
EYQ,900142,-7.446724885342197e-08,0.0003321789477506751,-4.885893943465871e-07,-1.1881738435080194e-05,-7.144569823303813e-08,-4.722170999468153e-12
EYQ,900143,-7.446724885342218e-08,0.0003321789064316788,5.327129012026509e-07,-4.0195883191379717e-07,-1.3600024552801396e-07,-4.722170999465197e-12
EYQ,900144,-7.44672595086741e-08,0.0003321788591414803,-8.492540214125225e-05,-7.588446747172598e-06,2.3396320293604265e-05,-4.912230403556533e-12
EYQ,900145,-7.444536159083955e-08,0.00033217896545881633,-2.6800958762199153e-05,7.577075387314783e-06,8.618392549827003e-06,-4.7221709994624025e-12
EYQ,900146,-7.448134453385547e-08,0.0003321789654588163,3.188745439649691e-05,2.6409343201427826e-06,-6.104233307520561e-06,-4.722170999471155e-12
EYQ,900147,-2.0631969651717597e-07,0.0005040009616045399,-7.096446642892903e-07,-1.1090113308457967e-05,2.0853590589054152e-07,3.8091325516504024e-12
EYQ,900148,-2.06319696517176e-07,0.0005040009949344497,1.0056551335350872e-06,-5.140938719401148e-07,1.2850243127993496e-07,3.809132551654621e-12
EYQ,900149,-2.0631966584949843e-07,0.0005040010329766689,-0.00012034707188717493,-1.0226472920490346e-05,3.376650444256106e-05,3.6753462590603136e-12
EYQ,900150,-2.0633735184655247e-07,0.0005040009473202928,-2.3851039482009295e-05,7.04592041091993e-06,8.391231473429825e-06,3.8091325516459975e-12
EYQ,900151,-2.0630832625650888e-07,0.0005040009473202928,2.8430909868897823e-05,2.1923831596959587e-06,-5.9895063775815946e-06,3.809132551675758e-12
EYQ,900152,-6.857377296637932e-06,0.0006444224080531547,-9.204696244045089e-07,-6.368680299659005e-06,4.895673520174937e-07,3.0261576826599724e-11
EYQ,900153,-6.8573772966379314e-06,0.000644422672841952,9.466478872570104e-07,-7.959375544385095e-07,5.148709351477313e-07,3.026157682660797e-11
EYQ,900154,-6.857377296669348e-06,0.0006444229754577202,-0.0001463971847394885,-1.0735191714739376e-05,4.145543881805863e-05,3.026157659499716e-11
EYQ,900155,-6.857517559046525e-06,0.0006444222945722417,-1.4183493969071936e-05,4.178313714466684e-06,4.675192115418266e-06,3.026157682660886e-11
EYQ,900156,-6.857286965831105e-06,0.0006444222945722417,1.6040936037616434e-05,6.01428526117906e-07,-3.2778821022512364e-06,3.026157682660734e-11
EYQ,900157,-1.3541845286007513e-05,0.0006860184632099829,-2.0223355624986823e-06,-1.6440292642818067e-06,3.352629914095297e-07,1.21854455528289e-11
EYQ,900158,-1.3541845286007513e-05,0.0006860185698326315,6.220007090618134e-06,-2.1036716309101586e-07,-4.435568114289703e-07,1.2185445552833541e-11
EYQ,900159,-1.3541845193940944e-05,0.0006860186917781822,-0.00015020412067601866,-1.3611799116726535e-05,4.054665754339246e-05,1.2438239859317068e-11
EYQ,900160,-1.3541901765547654e-05,0.0006860184175145622,-4.970478680801648e-06,1.04708782873313e-06,9.96663696252225e-07,1.2185445552837252e-11
EYQ,900161,-1.3541808912452542e-05,0.000686018417514562,2.8332514156199117e-06,-3.6813053817832753e-07,-5.521362014288732e-07,1.218544555282134e-11
EYQ,900162,9.756637932874121e-07,0.0003995776390193312,-1.4522747325928533e-06,-8.947466729134036e-07,3.471593173757345e-07,3.1908744532733246e-06
EYQ,900163,9.756637932874155e-07,0.00043148638355206453,-5.354380054755013e-06,-4.561127821048381e-08,1.032027190746892e-07,3.190874453273325e-06
EYQ,900164,9.756637932874123e-07,0.0004633951280847977,-2.2435078451454933e-06,-2.816630616296884e-06,2.545171914873434e-07,3.190874453273325e-06
EYQ,900165,-6.858588119648211e-06,0.0006444254856417046,-4.6646619511700505e-06,-1.3955431475425644e-06,1.5776465091715487e-07,1.563758619152293e-10
EYQ,900166,-6.858588119648211e-06,0.0006444270494003238,-3.8731875609456185e-06,-1.6493840301164022e-06,4.3353453544690504e-07,1.5637586191511383e-10
EYQ,900167,-6.858588119648211e-06,0.0006444286131589428,-3.386117386771541e-06,-3.4924638521792556e-06,4.498788712446485e-07,1.5637586191511042e-10
