caso,elemento,tipo,eje,x_m,y_m,z_inferior_m,z_superior_m,nodo_inferior,nodo_superior,elementos_superiores,elementos_inferiores,P_compresion_kN,P_superior_kN,aporte_neto_nudo_kN,continuidad_nodal
G,1,COLUMN,E,0.0,0.0,0.0,3.96,1,100001,18,,524.8176044222275,419.57137627540595,105.24622814682158,OK
G,2,COLUMN,F,10.0,0.0,0.0,3.96,101,100101,19,,963.1946673473792,2678.1124116813735,-1714.9177443339943,OK
G,3,COLUMN,G,20.0,0.0,0.0,3.96,201,100201,20,,3360.9784816158444,3313.406422465844,47.572059150000314,OK
G,4,COLUMN,E,0.0,7.25,0.0,3.96,1001,101001,24,,564.987848456444,413.231171180938,151.75667727550598,OK
G,5,COLUMN,F,10.0,7.25,0.0,3.96,1101,101101,25,,3524.1619848234723,3133.4243559697497,390.7376288537225,OK
G,6,COLUMN,G,20.0,7.25,0.0,3.96,1201,101201,26,,3719.093085057044,3671.5210259070436,47.572059150000314,OK
G,7,COLUMN,E,0.0,16.15,0.0,3.96,2001,102001,30,,745.3998456067213,1170.2700462901507,-424.8702006834294,OK
G,8,COLUMN,F,10.0,16.15,0.0,3.96,2101,102101,31,,954.5023579807585,2261.911717590534,-1307.4093596097755,OK
G,9,COLUMN,G,20.0,16.15,0.0,3.96,2201,102201,32,,2342.7339677759956,2295.1619086259952,47.572059150000314,OK
G,10,COLUMN,1B,-20.8,16.15,0.0,3.96,700001,701001,36,,2976.622499633675,2389.3994899526615,587.2230096810135,OK
G,11,COLUMN,1C,-10.8,16.15,0.0,3.96,700002,701002,37,,2949.3555311739374,2349.5803087793856,599.7752223945517,OK
G,12,COLUMN,1D,-0.8,16.15,0.0,3.96,700003,701003,38,,504.23344912519855,441.20530300958006,63.02814611561848,OK
G,13,COLUMN,2A,-28.3,7.25,0.0,3.96,700004,701004,39,,3588.4963751839514,2875.0237377892017,713.4726373947497,OK
G,14,COLUMN,2B,-20.8,7.25,0.0,3.96,700005,701005,40,,4080.4489055742706,3270.9154320947464,809.5334734795242,OK
G,15,COLUMN,2C,-10.8,7.25,0.0,3.96,700006,701006,41,,4511.837647676215,3566.819275470738,945.0183722054771,OK
G,16,COLUMN,3B,-20.8,0.0,0.0,3.96,700007,701007,42,,2344.3547390761987,1858.7630234373723,485.5917156388264,OK
G,17,COLUMN,3C,-10.8,0.0,0.0,3.96,700008,701008,43,,2290.7985947618645,1830.3002917406347,460.49830302122973,OK
G,18,COLUMN,E,0.0,0.0,3.96,7.92,100001,200001,44,1,419.57137627540595,310.3207553489709,109.25062092643503,OK
G,19,COLUMN,F,10.0,0.0,3.96,7.92,100101,200101,45,2,2678.1124116813735,1946.5474884299956,731.5649232513779,OK
G,20,COLUMN,G,20.0,0.0,3.96,7.92,100201,200201,46,3,3313.406422465844,2633.506769145889,679.8996533199552,OK
G,21,COLUMN,H,30.0,0.0,3.96,7.92,100301,200301,47,,2845.515980941347,2397.275478064642,448.24050287670525,OK
G,22,COLUMN,I,40.0,0.0,3.96,7.92,100401,200401,48,,1114.7870392496493,1305.108617973497,-190.32157872384778,OK
G,23,COLUMN,I_prima,45.0,0.0,3.96,7.92,100451,200451,49,,1475.4671285177778,1307.427886668882,168.03924184889593,OK
G,24,COLUMN,E,0.0,7.25,3.96,7.92,101001,201001,50,4,413.231171180938,330.8201603290248,82.4110108519132,OK
G,25,COLUMN,F,10.0,7.25,3.96,7.92,101101,201101,51,5,3133.4243559697497,2370.9385151568804,762.4858408128694,OK
G,26,COLUMN,G,20.0,7.25,3.96,7.92,101201,201201,52,6,3671.5210259070436,2748.425581363772,923.0954445432717,OK
G,27,COLUMN,H,30.0,7.25,3.96,7.92,101301,201301,53,,3690.462217601682,2750.5092606514745,939.9529569502074,OK
G,28,COLUMN,I,40.0,7.25,3.96,7.92,101401,201401,54,,2679.896506191625,1969.6579550514034,710.2385511402217,OK
G,29,COLUMN,I_prima,45.0,7.25,3.96,7.92,101451,201451,55,,2305.273407449311,2030.1131499565856,275.16025749272535,OK
G,30,COLUMN,E,0.0,16.15,3.96,7.92,102001,202001,56,7,1170.2700462901507,566.7126860971464,603.5573601930043,OK
G,31,COLUMN,F,10.0,16.15,3.96,7.92,102101,202101,57,8,2261.911717590534,1693.2902359865366,568.6214816039974,OK
G,32,COLUMN,G,20.0,16.15,3.96,7.92,102201,202201,58,9,2295.1619086259952,1717.5687305137512,577.593178112244,OK
G,33,COLUMN,H,30.0,16.15,3.96,7.92,102301,202301,59,,1536.9689854845933,1771.4703431802536,-234.50135769566032,OK
G,34,COLUMN,I,40.0,16.15,3.96,7.92,102401,202401,60,,1150.240925016044,1294.2902895437674,-144.04936452772336,OK
G,35,COLUMN,I_prima,45.0,16.15,3.96,7.92,102451,202451,61,,1103.31574799173,1425.704113218948,-322.38836522721795,OK
G,36,COLUMN,1B,-20.8,16.15,3.96,7.92,701001,702001,62,10,2389.3994899526615,1757.8111708222473,631.5883191304142,OK
G,37,COLUMN,1C,-10.8,16.15,3.96,7.92,701002,702002,63,11,2349.5803087793856,1742.7548379810378,606.8254707983479,OK
G,38,COLUMN,1D,-0.8,16.15,3.96,7.92,701003,702003,64,12,441.20530300958006,466.4189279740225,-25.21362496444243,OK
G,39,COLUMN,2A,-28.3,7.25,3.96,7.92,701004,702004,65,13,2875.0237377892017,2112.745438107123,762.2782996820788,OK
G,40,COLUMN,2B,-20.8,7.25,3.96,7.92,701005,702005,66,14,3270.9154320947464,2427.4006817786803,843.514750316066,OK
G,41,COLUMN,2C,-10.8,7.25,3.96,7.92,701006,702006,67,15,3566.819275470738,2643.8702601527584,922.9490153179795,OK
G,42,COLUMN,3B,-20.8,0.0,3.96,7.92,701007,702007,68,16,1858.7630234373723,1374.1022380227996,484.66078541457273,OK
G,43,COLUMN,3C,-10.8,0.0,3.96,7.92,701008,702008,69,17,1830.3002917406347,1363.8623606882893,466.43793105234545,OK
G,44,COLUMN,E,0.0,0.0,7.92,11.88,200001,300001,70,18,310.3207553489709,127.86512893612978,182.45562641284113,OK
G,45,COLUMN,F,10.0,0.0,7.92,11.88,200101,300101,71,19,1946.5474884299956,1234.3786400319514,712.1688483980442,OK
G,46,COLUMN,G,20.0,0.0,7.92,11.88,200201,300201,72,20,2633.506769145889,1804.7716171552197,828.7351519906692,OK
G,47,COLUMN,H,30.0,0.0,7.92,11.88,200301,300301,73,21,2397.275478064642,1792.349420493642,604.926057571,OK
G,48,COLUMN,I,40.0,0.0,7.92,11.88,200401,300401,74,22,1305.108617973497,911.9476355341574,393.1609824393397,OK
G,49,COLUMN,I_prima,45.0,0.0,7.92,11.88,200451,300451,75,23,1307.427886668882,1151.555217321884,155.872669346998,OK
G,50,COLUMN,E,0.0,7.25,7.92,11.88,201001,301001,76,24,330.8201603290248,801.4315692951018,-470.61140896607697,OK
G,51,COLUMN,F,10.0,7.25,7.92,11.88,201101,301101,77,25,2370.9385151568804,1614.3273666516152,756.6111485052652,OK
G,52,COLUMN,G,20.0,7.25,7.92,11.88,201201,301201,78,26,2748.425581363772,1849.1248176360955,899.3007637276764,OK
G,53,COLUMN,H,30.0,7.25,7.92,11.88,201301,301301,79,27,2750.5092606514745,1830.8968348488056,919.6124258026689,OK
G,54,COLUMN,I,40.0,7.25,7.92,11.88,201401,301401,80,28,1969.6579550514034,1239.4600911195953,730.1978639318081,OK
G,55,COLUMN,I_prima,45.0,7.25,7.92,11.88,201451,301451,81,29,2030.1131499565856,1767.9137151121708,262.1994348444148,OK
G,56,COLUMN,E,0.0,16.15,7.92,11.88,202001,302001,82,30,566.7126860971464,-40.52643133590626,607.2391174330527,OK
G,57,COLUMN,F,10.0,16.15,7.92,11.88,202101,302101,83,31,1693.2902359865366,1126.9157003890537,566.3745355974829,OK
G,58,COLUMN,G,20.0,16.15,7.92,11.88,202201,302201,84,32,1717.5687305137512,1136.2294764612484,581.3392540525028,OK
G,59,COLUMN,H,30.0,16.15,7.92,11.88,202301,302301,85,33,1771.4703431802536,1174.5464462036007,596.9238969766529,OK
G,60,COLUMN,I,40.0,16.15,7.92,11.88,202401,302401,86,34,1294.2902895437674,805.4970735321999,488.79321601156744,OK
G,61,COLUMN,I_prima,45.0,16.15,7.92,11.88,202451,302451,87,35,1425.704113218948,1236.0931337718866,189.61097944706125,OK
G,62,COLUMN,1B,-20.8,16.15,7.92,11.88,702001,703001,88,36,1757.8111708222473,1126.6962352115324,631.1149356107148,OK
G,63,COLUMN,1C,-10.8,16.15,7.92,11.88,702002,703002,89,37,1742.7548379810378,1133.9224060675288,608.832431913509,OK
G,64,COLUMN,1D,-0.8,16.15,7.92,11.88,702003,703003,90,38,466.4189279740225,667.5227751530545,-201.10384717903196,OK
G,65,COLUMN,2A,-28.3,7.25,7.92,11.88,702004,703004,91,39,2112.745438107123,1358.324204309904,754.421233797219,OK
G,66,COLUMN,2B,-20.8,7.25,7.92,11.88,702005,703005,92,40,2427.4006817786803,1587.1852193161421,840.2154624625382,OK
G,67,COLUMN,2C,-10.8,7.25,7.92,11.88,702006,703006,93,41,2643.8702601527584,1731.3765443947486,912.4937157580098,OK
G,68,COLUMN,3B,-20.8,0.0,7.92,11.88,702007,703007,94,42,1374.1022380227996,886.6820691092187,487.42016891358094,OK
G,69,COLUMN,3C,-10.8,0.0,7.92,11.88,702008,703008,95,43,1363.8623606882893,895.7379332566647,468.12442743162455,OK
G,70,COLUMN,E,0.0,0.0,11.88,15.84,300001,400001,96,44,127.86512893612978,346.64010900076164,-218.77498006463185,OK
G,71,COLUMN,F,10.0,0.0,11.88,15.84,300101,400101,97,45,1234.3786400319514,622.0617850951198,612.3168549368315,OK
G,72,COLUMN,G,20.0,0.0,11.88,15.84,300201,400201,98,46,1804.7716171552197,1048.880304278433,755.8913128767867,OK
G,73,COLUMN,H,30.0,0.0,11.88,15.84,300301,400301,99,47,1792.349420493642,1060.1565333908143,732.1928871028276,OK
G,74,COLUMN,I,40.0,0.0,11.88,15.84,300401,400401,100,48,911.9476355341574,577.1413764298225,334.8062591043349,OK
G,75,COLUMN,I_prima,45.0,0.0,11.88,15.84,300451,400451,101,49,1151.555217321884,583.1524080101653,568.4028093117186,OK
G,76,COLUMN,E,0.0,7.25,11.88,15.84,301001,401001,103,50,801.4315692951018,472.849065845872,328.58250344922976,OK
G,77,COLUMN,F,10.0,7.25,11.88,15.84,301101,401101,104,51,1614.3273666516152,822.8259335806642,791.501433070951,OK
G,78,COLUMN,G,20.0,7.25,11.88,15.84,301201,401201,105,52,1849.1248176360955,907.3996568270381,941.7251608090573,OK
G,79,COLUMN,H,30.0,7.25,11.88,15.84,301301,401301,106,53,1830.8968348488056,915.1837595312422,915.7130753175634,OK
G,80,COLUMN,I,40.0,7.25,11.88,15.84,301401,401401,107,54,1239.4600911195953,613.2087322209093,626.251358898686,OK
G,81,COLUMN,I_prima,45.0,7.25,11.88,15.84,301451,401451,108,55,1767.9137151121708,874.4287001072928,893.485015004878,OK
G,82,COLUMN,E,0.0,16.15,11.88,15.84,302001,402001,110,56,-40.52643133590626,575.4129389379038,-615.9393702738101,OK
G,83,COLUMN,F,10.0,16.15,11.88,15.84,302101,402101,111,57,1126.9157003890537,539.8930447885912,587.0226556004625,OK
G,84,COLUMN,G,20.0,16.15,11.88,15.84,302201,402201,112,58,1136.2294764612484,553.6111813450816,582.6182951161668,OK
G,85,COLUMN,H,30.0,16.15,11.88,15.84,302301,402301,113,59,1174.5464462036007,574.3903713788441,600.1560748247566,OK
G,86,COLUMN,I,40.0,16.15,11.88,15.84,302401,402401,114,60,805.4970735321999,383.451896482817,422.0451770493829,OK
G,87,COLUMN,I_prima,45.0,16.15,11.88,15.84,302451,402451,115,61,1236.0931337718866,598.4663532590291,637.6267805128575,OK
G,88,COLUMN,1B,-20.8,16.15,11.88,15.84,703001,704001,117,62,1126.6962352115324,499.64693757958145,627.049297631951,OK
G,89,COLUMN,1C,-10.8,16.15,11.88,15.84,703002,704002,118,63,1133.9224060675288,551.8429831043286,582.0794229632002,OK
G,90,COLUMN,1D,-0.8,16.15,11.88,15.84,703003,704003,119,64,667.5227751530545,23.786029575000406,643.7367455780541,OK
G,91,COLUMN,2A,-28.3,7.25,11.88,15.84,703004,704004,120,65,1358.324204309904,608.0094051161518,750.3147991937522,OK
G,92,COLUMN,2B,-20.8,7.25,11.88,15.84,703005,704005,121,66,1587.1852193161421,755.6744684471366,831.5107508690055,OK
G,93,COLUMN,2C,-10.8,7.25,11.88,15.84,703006,704006,122,67,1731.3765443947486,825.2670117946793,906.1095326000693,OK
G,94,COLUMN,3B,-20.8,0.0,11.88,15.84,703007,704007,123,68,886.6820691092187,395.8646226116001,490.81744649761856,OK
G,95,COLUMN,3C,-10.8,0.0,11.88,15.84,703008,704008,124,69,895.7379332566647,421.16999664490015,474.5679366117646,OK
G,96,COLUMN,E,0.0,0.0,15.84,19.8,400001,500001,,70,346.64010900076164,0,346.64010900076164,OK
G,97,COLUMN,F,10.0,0.0,15.84,19.8,400101,500101,,71,622.0617850951198,0,622.0617850951198,OK
G,98,COLUMN,G,20.0,0.0,15.84,19.8,400201,500201,,72,1048.880304278433,0,1048.880304278433,OK
G,99,COLUMN,H,30.0,0.0,15.84,19.8,400301,500301,,73,1060.1565333908143,0,1060.1565333908143,OK
G,100,COLUMN,I,40.0,0.0,15.84,19.8,400401,500401,,74,577.1413764298225,0,577.1413764298225,OK
G,101,COLUMN,I_prima,45.0,0.0,15.84,19.8,400451,500451,,75,583.1524080101653,0,583.1524080101653,OK
G,102,COLUMN,J,50.0,0.0,15.84,19.8,400501,500501,,,16.141955600898655,0,16.141955600898655,OK
G,103,COLUMN,E,0.0,7.25,15.84,19.8,401001,501001,,76,472.849065845872,0,472.849065845872,OK
G,104,COLUMN,F,10.0,7.25,15.84,19.8,401101,501101,,77,822.8259335806642,0,822.8259335806642,OK
G,105,COLUMN,G,20.0,7.25,15.84,19.8,401201,501201,,78,907.3996568270381,0,907.3996568270381,OK
G,106,COLUMN,H,30.0,7.25,15.84,19.8,401301,501301,,79,915.1837595312422,0,915.1837595312422,OK
G,107,COLUMN,I,40.0,7.25,15.84,19.8,401401,501401,,80,613.2087322209093,0,613.2087322209093,OK
G,108,COLUMN,I_prima,45.0,7.25,15.84,19.8,401451,501451,,81,874.4287001072928,0,874.4287001072928,OK
G,109,COLUMN,J,50.0,7.25,15.84,19.8,401501,501501,,,33.78595195223884,0,33.78595195223884,OK
G,110,COLUMN,E,0.0,16.15,15.84,19.8,402001,502001,,82,575.4129389379038,0,575.4129389379038,OK
G,111,COLUMN,F,10.0,16.15,15.84,19.8,402101,502101,,83,539.8930447885912,0,539.8930447885912,OK
G,112,COLUMN,G,20.0,16.15,15.84,19.8,402201,502201,,84,553.6111813450816,0,553.6111813450816,OK
G,113,COLUMN,H,30.0,16.15,15.84,19.8,402301,502301,,85,574.3903713788441,0,574.3903713788441,OK
G,114,COLUMN,I,40.0,16.15,15.84,19.8,402401,502401,,86,383.451896482817,0,383.451896482817,OK
G,115,COLUMN,I_prima,45.0,16.15,15.84,19.8,402451,502451,,87,598.4663532590291,0,598.4663532590291,OK
G,116,COLUMN,J,50.0,16.15,15.84,19.8,402501,502501,,,19.01104322128473,0,19.01104322128473,OK
G,117,COLUMN,1B,-20.8,16.15,15.84,19.8,704001,705001,,88,499.64693757958145,0,499.64693757958145,OK
G,118,COLUMN,1C,-10.8,16.15,15.84,19.8,704002,705002,,89,551.8429831043286,0,551.8429831043286,OK
G,119,COLUMN,1D,-0.8,16.15,15.84,19.8,704003,705003,,90,23.786029575000406,0,23.786029575000406,OK
G,120,COLUMN,2A,-28.3,7.25,15.84,19.8,704004,705004,,91,608.0094051161518,0,608.0094051161518,OK
G,121,COLUMN,2B,-20.8,7.25,15.84,19.8,704005,705005,,92,755.6744684471366,0,755.6744684471366,OK
G,122,COLUMN,2C,-10.8,7.25,15.84,19.8,704006,705006,,93,825.2670117946793,0,825.2670117946793,OK
G,123,COLUMN,3B,-20.8,0.0,15.84,19.8,704007,705007,,94,395.8646226116001,0,395.8646226116001,OK
G,124,COLUMN,3C,-10.8,0.0,15.84,19.8,704008,705008,,95,421.16999664490015,0,421.16999664490015,OK
G,359,STEEL_COLUMN_SHS300x20,BEAM_MANUAL,10.0,-4.12,7.92,11.88,900017,900118,,,4.835069644402365,0,4.835069644402365,OK
G,360,STEEL_COLUMN_SHS300x20,BEAM_MANUAL,17.49,-4.12,7.92,11.88,900018,900119,,,1.7916488168418672,0,1.7916488168418672,OK
G,361,STEEL_COLUMN_SHS300x20,BEAM_MANUAL,20.0,-4.12,15.84,19.8,900037,900049,,,7.003656844380043,0,7.003656844380043,OK
G,362,STEEL_COLUMN_SHS300x20,BEAM_MANUAL,30.0,-4.12,15.84,19.8,900038,900050,,,7.970714057121187,0,7.970714057121187,OK
Q,1,COLUMN,E,0.0,0.0,0.0,3.96,1,100001,18,,109.74031473833327,88.30895178688343,21.43136295144984,OK
Q,2,COLUMN,F,10.0,0.0,0.0,3.96,101,100101,19,,234.84000193293286,683.8323062702063,-448.9923043372735,OK
Q,3,COLUMN,G,20.0,0.0,0.0,3.96,201,100201,20,,890.0274269272952,890.0274269272951,1.1368683772161603e-13,OK
Q,4,COLUMN,E,0.0,7.25,0.0,3.96,1001,101001,24,,126.44882150146593,85.53205641188555,40.91676508958038,OK
Q,5,COLUMN,F,10.0,7.25,0.0,3.96,1101,101101,25,,1198.6726023501199,1088.0288278597277,110.64377449039216,OK
Q,6,COLUMN,G,20.0,7.25,0.0,3.96,1201,101201,26,,1243.4034620993502,1243.4034620993502,0.0,OK
Q,7,COLUMN,E,0.0,16.15,0.0,3.96,2001,102001,30,,208.01480594410788,327.1587172712648,-119.1439113271569,OK
Q,8,COLUMN,F,10.0,16.15,0.0,3.96,2101,102101,31,,286.7051038756776,707.6657387248571,-420.9606348491795,OK
Q,9,COLUMN,G,20.0,16.15,0.0,3.96,2201,102201,32,,685.2371043445271,685.2371043445271,0.0,OK
Q,10,COLUMN,1B,-20.8,16.15,0.0,3.96,700001,701001,36,,946.6447114358632,759.4554385359872,187.18927289987596,OK
Q,11,COLUMN,1C,-10.8,16.15,0.0,3.96,700002,701002,37,,997.4590274750122,774.8459860597901,222.61304141522214,OK
Q,12,COLUMN,1D,-0.8,16.15,0.0,3.96,700003,701003,38,,122.60934679096977,99.02258598720515,23.58676080376462,OK
Q,13,COLUMN,2A,-28.3,7.25,0.0,3.96,700004,701004,39,,1160.8373281063357,925.7415976264392,235.09573047989647,OK
Q,14,COLUMN,2B,-20.8,7.25,0.0,3.96,700005,701005,40,,1597.9531435494462,1251.014595756616,346.93854779283015,OK
Q,15,COLUMN,2C,-10.8,7.25,0.0,3.96,700006,701006,41,,1883.9328158200474,1439.8838204458812,444.0489953741662,OK
Q,16,COLUMN,3B,-20.8,0.0,0.0,3.96,700007,701007,42,,769.8198356206495,592.5577227591236,177.2621128615259,OK
Q,17,COLUMN,3C,-10.8,0.0,0.0,3.96,700008,701008,43,,778.1562764231243,605.3159355012564,172.8403409218679,OK
Q,18,COLUMN,E,0.0,0.0,3.96,7.92,100001,200001,44,1,88.30895178688343,65.56318767500781,22.745764111875616,OK
Q,19,COLUMN,F,10.0,0.0,3.96,7.92,100101,200101,45,2,683.8323062702063,474.21304031461375,209.6192659555926,OK
Q,20,COLUMN,G,20.0,0.0,3.96,7.92,100201,200201,46,3,890.0274269272951,684.4807427953898,205.5466841319053,OK
Q,21,COLUMN,H,30.0,0.0,3.96,7.92,100301,200301,47,,821.7352599335841,686.3182067002308,135.41705323335327,OK
Q,22,COLUMN,I,40.0,0.0,3.96,7.92,100401,200401,48,,276.6077946713998,322.9980576549409,-46.390262983541106,OK
Q,23,COLUMN,I_prima,45.0,0.0,3.96,7.92,100451,200451,49,,396.4787081943661,349.7759316416085,46.7027765527576,OK
Q,24,COLUMN,E,0.0,7.25,3.96,7.92,101001,201001,50,4,85.53205641188555,73.79937393365977,11.732682478225783,OK
Q,25,COLUMN,F,10.0,7.25,3.96,7.92,101101,201101,51,5,1088.0288278597277,822.7771383032447,265.25168955648303,OK
Q,26,COLUMN,G,20.0,7.25,3.96,7.92,101201,201201,52,6,1243.4034620993502,918.1123856529108,325.29107644643943,OK
Q,27,COLUMN,H,30.0,7.25,3.96,7.92,101301,201301,53,,1367.7033952764266,1024.9995860137028,342.7038092627238,OK
Q,28,COLUMN,I,40.0,7.25,3.96,7.92,101401,201401,54,,985.6441732322833,722.0067170186343,263.637456213649,OK
Q,29,COLUMN,I_prima,45.0,7.25,3.96,7.92,101451,201451,55,,725.7808592306397,642.104642182246,83.67621704839371,OK
Q,30,COLUMN,E,0.0,16.15,3.96,7.92,102001,202001,56,7,327.1587172712648,146.49158777314145,180.66712949812333,OK
Q,31,COLUMN,F,10.0,16.15,3.96,7.92,102101,202101,57,8,707.6657387248571,550.7758463460858,156.88989237877126,OK
Q,32,COLUMN,G,20.0,16.15,3.96,7.92,102201,202201,58,9,685.2371043445271,529.2116746103316,156.02542973419554,OK
Q,33,COLUMN,H,30.0,16.15,3.96,7.92,102301,202301,59,,436.62194057040705,543.5421101934561,-106.92016962304905,OK
Q,34,COLUMN,I,40.0,16.15,3.96,7.92,102401,202401,60,,312.585202605264,389.9679471619045,-77.38274455664049,OK
Q,35,COLUMN,I_prima,45.0,16.15,3.96,7.92,102451,202451,61,,276.2676264115476,390.6503795250816,-114.38275311353397,OK
Q,36,COLUMN,1B,-20.8,16.15,3.96,7.92,701001,702001,62,10,759.4554385359872,536.9554678051578,222.49997073082943,OK
Q,37,COLUMN,1C,-10.8,16.15,3.96,7.92,701002,702002,63,11,774.8459860597901,550.2268083494489,224.6191777103412,OK
Q,38,COLUMN,1D,-0.8,16.15,3.96,7.92,701003,702003,64,12,99.02258598720515,123.26487853735632,-24.242292550151177,OK
Q,39,COLUMN,2A,-28.3,7.25,3.96,7.92,701004,702004,65,13,925.7415976264392,648.11162424523,277.6299733812092,OK
Q,40,COLUMN,2B,-20.8,7.25,3.96,7.92,701005,702005,66,14,1251.014595756616,874.6372345604069,376.3773611962091,OK
Q,41,COLUMN,2C,-10.8,7.25,3.96,7.92,701006,702006,67,15,1439.8838204458812,1007.3356817329848,432.5481387128964,OK
Q,42,COLUMN,3B,-20.8,0.0,3.96,7.92,701007,702007,68,16,592.5577227591236,417.77567998524125,174.78204277388238,OK
Q,43,COLUMN,3C,-10.8,0.0,3.96,7.92,701008,702008,69,17,605.3159355012564,429.1936500896395,176.12228541161687,OK
Q,44,COLUMN,E,0.0,0.0,7.92,11.88,200001,300001,70,18,65.56318767500781,15.258078529377535,50.305109145630276,OK
Q,45,COLUMN,F,10.0,0.0,7.92,11.88,200101,300101,71,19,474.21304031461375,259.90038980566567,214.31265050894808,OK
Q,46,COLUMN,G,20.0,0.0,7.92,11.88,200201,300201,72,20,684.4807427953898,404.6855263614278,279.795216433962,OK
Q,47,COLUMN,H,30.0,0.0,7.92,11.88,200301,300301,73,21,686.3182067002308,481.82972163397454,204.48848506625626,OK
Q,48,COLUMN,I,40.0,0.0,7.92,11.88,200401,300401,74,22,322.9980576549409,206.3265127361223,116.6715449188186,OK
Q,49,COLUMN,I_prima,45.0,0.0,7.92,11.88,200451,300451,75,23,349.7759316416085,317.1628577108395,32.61307393076902,OK
Q,50,COLUMN,E,0.0,7.25,7.92,11.88,201001,301001,76,24,73.79937393365977,262.30992337483406,-188.5105494411743,OK
Q,51,COLUMN,F,10.0,7.25,7.92,11.88,201101,301101,77,25,822.7771383032447,560.3613850482536,262.41575325499105,OK
Q,52,COLUMN,G,20.0,7.25,7.92,11.88,201201,301201,78,26,918.1123856529108,603.8158570926616,314.29652856024916,OK
Q,53,COLUMN,H,30.0,7.25,7.92,11.88,201301,301301,79,27,1024.9995860137028,691.9551885155875,333.04439749811536,OK
Q,54,COLUMN,I,40.0,7.25,7.92,11.88,201401,301401,80,28,722.0067170186343,463.06379911937006,258.9429178992642,OK
Q,55,COLUMN,I_prima,45.0,7.25,7.92,11.88,201451,301451,81,29,642.104642182246,571.7605042019069,70.34413798033916,OK
Q,56,COLUMN,E,0.0,16.15,7.92,11.88,202001,302001,82,30,146.49158777314145,-34.984357098857174,181.47594487199862,OK
Q,57,COLUMN,F,10.0,16.15,7.92,11.88,202101,302101,83,31,550.7758463460858,394.63143370044054,156.14441264564528,OK
Q,58,COLUMN,G,20.0,16.15,7.92,11.88,202201,302201,84,32,529.2116746103316,371.7000864231952,157.51158818713634,OK
Q,59,COLUMN,H,30.0,16.15,7.92,11.88,202301,302301,85,33,543.5421101934561,381.6456101425683,161.89650005088782,OK
Q,60,COLUMN,I,40.0,16.15,7.92,11.88,202401,302401,86,34,389.9679471619045,260.7564088321379,129.2115383297666,OK
Q,61,COLUMN,I_prima,45.0,16.15,7.92,11.88,202451,302451,87,35,390.6503795250816,352.48092544472314,38.169454080358435,OK
Q,62,COLUMN,1B,-20.8,16.15,7.92,11.88,702001,703001,88,36,536.9554678051578,314.29335183295404,222.66211597220376,OK
Q,63,COLUMN,1C,-10.8,16.15,7.92,11.88,702002,703002,89,37,550.2268083494489,324.3266161086751,225.90019224077378,OK
Q,64,COLUMN,1D,-0.8,16.15,7.92,11.88,702003,703003,90,38,123.26487853735632,199.0239924366596,-75.75911389930327,OK
Q,65,COLUMN,2A,-28.3,7.25,7.92,11.88,702004,703004,91,39,648.11162424523,372.35628443393114,275.7553398112989,OK
Q,66,COLUMN,2B,-20.8,7.25,7.92,11.88,702005,703005,92,40,874.6372345604069,501.13019979425485,373.50703476615206,OK
Q,67,COLUMN,2C,-10.8,7.25,7.92,11.88,702006,703006,93,41,1007.3356817329848,579.6150704530083,427.7206112799764,OK
Q,68,COLUMN,3B,-20.8,0.0,7.92,11.88,702007,703007,94,42,417.77567998524125,241.43789794916728,176.33778203607397,OK
Q,69,COLUMN,3C,-10.8,0.0,7.92,11.88,702008,703008,95,43,429.1936500896395,251.93911086815615,177.25453922148336,OK
Q,70,COLUMN,E,0.0,0.0,11.88,15.84,300001,400001,96,44,15.258078529377535,122.27794222105207,-107.01986369167454,OK
Q,71,COLUMN,F,10.0,0.0,11.88,15.84,300101,400101,97,45,259.90038980566567,123.25798722832002,136.64240257734565,OK
Q,72,COLUMN,G,20.0,0.0,11.88,15.84,300201,400201,98,46,404.6855263614278,217.93368771331694,186.75183864811083,OK
Q,73,COLUMN,H,30.0,0.0,11.88,15.84,300301,400301,99,47,481.82972163397454,295.2619841236729,186.56773751030164,OK
Q,74,COLUMN,I,40.0,0.0,11.88,15.84,300401,400401,100,48,206.3265127361223,130.06440433201846,76.26210840410386,OK
Q,75,COLUMN,I_prima,45.0,0.0,11.88,15.84,300451,400451,101,49,317.1628577108395,175.32996376177834,141.83289394906114,OK
Q,76,COLUMN,E,0.0,7.25,11.88,15.84,301001,401001,103,50,262.30992337483406,155.1764982016287,107.13342517320535,OK
Q,77,COLUMN,F,10.0,7.25,11.88,15.84,301101,401101,104,51,560.3613850482536,337.5570971898671,222.80428785838654,OK
Q,78,COLUMN,G,20.0,7.25,11.88,15.84,301201,401201,105,52,603.8158570926616,357.643076589574,246.17278050308767,OK
Q,79,COLUMN,H,30.0,7.25,11.88,15.84,301301,401301,106,53,691.9551885155875,442.093731220504,249.86145729508343,OK
Q,80,COLUMN,I,40.0,7.25,11.88,15.84,301401,401401,107,54,463.06379911937006,302.7447337458615,160.31906537350858,OK
Q,81,COLUMN,I_prima,45.0,7.25,11.88,15.84,301451,401451,108,55,571.7605042019069,320.34232416093863,251.41818004096825,OK
Q,82,COLUMN,E,0.0,16.15,11.88,15.84,302001,402001,110,56,-34.984357098857174,172.35487837291296,-207.33923547177014,OK
Q,83,COLUMN,F,10.0,16.15,11.88,15.84,302101,402101,111,57,394.63143370044054,236.25525162171772,158.37618207872282,OK
Q,84,COLUMN,G,20.0,16.15,11.88,15.84,302201,402201,112,58,371.7000864231952,225.84078577364335,145.85930064955187,OK
Q,85,COLUMN,H,30.0,16.15,11.88,15.84,302301,402301,113,59,381.6456101425683,230.8333715346486,150.81223860791968,OK
Q,86,COLUMN,I,40.0,16.15,11.88,15.84,302401,402401,114,60,260.7564088321379,160.25915744944515,100.49725138269272,OK
Q,87,COLUMN,I_prima,45.0,16.15,11.88,15.84,302451,402451,115,61,352.48092544472314,190.08358442443586,162.39734102028729,OK
Q,88,COLUMN,1B,-20.8,16.15,11.88,15.84,703001,704001,117,62,314.29335183295404,90.9034060250924,223.38994580786164,OK
Q,89,COLUMN,1C,-10.8,16.15,11.88,15.84,703002,704002,118,63,324.3266161086751,106.43651536639284,217.8901007422823,OK
Q,90,COLUMN,1D,-0.8,16.15,11.88,15.84,703003,704003,119,64,199.0239924366596,0.0,199.0239924366596,OK
Q,91,COLUMN,2A,-28.3,7.25,11.88,15.84,703004,704004,120,65,372.35628443393114,98.63697516336931,273.71930927056184,OK
Q,92,COLUMN,2B,-20.8,7.25,11.88,15.84,703005,704005,121,66,501.13019979425485,128.59025062649204,372.5399491677628,OK
Q,93,COLUMN,2C,-10.8,7.25,11.88,15.84,703006,704006,122,67,579.6150704530083,151.7865396809789,427.82853077202947,OK
Q,94,COLUMN,3B,-20.8,0.0,11.88,15.84,703007,704007,123,68,241.43789794916728,64.88677301581052,176.55112493335676,OK
Q,95,COLUMN,3C,-10.8,0.0,11.88,15.84,703008,704008,124,69,251.93911086815615,72.34280114493508,179.59630972322105,OK
Q,96,COLUMN,E,0.0,0.0,15.84,19.8,400001,500001,,70,122.27794222105207,0,122.27794222105207,OK
Q,97,COLUMN,F,10.0,0.0,15.84,19.8,400101,500101,,71,123.25798722832002,0,123.25798722832002,OK
Q,98,COLUMN,G,20.0,0.0,15.84,19.8,400201,500201,,72,217.93368771331694,0,217.93368771331694,OK
Q,99,COLUMN,H,30.0,0.0,15.84,19.8,400301,500301,,73,295.2619841236729,0,295.2619841236729,OK
Q,100,COLUMN,I,40.0,0.0,15.84,19.8,400401,500401,,74,130.06440433201846,0,130.06440433201846,OK
Q,101,COLUMN,I_prima,45.0,0.0,15.84,19.8,400451,500451,,75,175.32996376177834,0,175.32996376177834,OK
Q,102,COLUMN,J,50.0,0.0,15.84,19.8,400501,500501,,,19.54831565705362,0,19.54831565705362,OK
Q,103,COLUMN,E,0.0,7.25,15.84,19.8,401001,501001,,76,155.1764982016287,0,155.1764982016287,OK
Q,104,COLUMN,F,10.0,7.25,15.84,19.8,401101,501101,,77,337.5570971898671,0,337.5570971898671,OK
Q,105,COLUMN,G,20.0,7.25,15.84,19.8,401201,501201,,78,357.643076589574,0,357.643076589574,OK
Q,106,COLUMN,H,30.0,7.25,15.84,19.8,401301,501301,,79,442.093731220504,0,442.093731220504,OK
Q,107,COLUMN,I,40.0,7.25,15.84,19.8,401401,501401,,80,302.7447337458615,0,302.7447337458615,OK
Q,108,COLUMN,I_prima,45.0,7.25,15.84,19.8,401451,501451,,81,320.34232416093863,0,320.34232416093863,OK
Q,109,COLUMN,J,50.0,7.25,15.84,19.8,401501,501501,,,42.45228574176689,0,42.45228574176689,OK
Q,110,COLUMN,E,0.0,16.15,15.84,19.8,402001,502001,,82,172.35487837291296,0,172.35487837291296,OK
Q,111,COLUMN,F,10.0,16.15,15.84,19.8,402101,502101,,83,236.25525162171772,0,236.25525162171772,OK
Q,112,COLUMN,G,20.0,16.15,15.84,19.8,402201,502201,,84,225.84078577364335,0,225.84078577364335,OK
Q,113,COLUMN,H,30.0,16.15,15.84,19.8,402301,502301,,85,230.8333715346486,0,230.8333715346486,OK
Q,114,COLUMN,I,40.0,16.15,15.84,19.8,402401,502401,,86,160.25915744944515,0,160.25915744944515,OK
Q,115,COLUMN,I_prima,45.0,16.15,15.84,19.8,402451,502451,,87,190.08358442443586,0,190.08358442443586,OK
Q,116,COLUMN,J,50.0,16.15,15.84,19.8,402501,502501,,,19.16281679509556,0,19.16281679509556,OK
Q,117,COLUMN,1B,-20.8,16.15,15.84,19.8,704001,705001,,88,90.9034060250924,0,90.9034060250924,OK
Q,118,COLUMN,1C,-10.8,16.15,15.84,19.8,704002,705002,,89,106.43651536639284,0,106.43651536639284,OK
Q,119,COLUMN,1D,-0.8,16.15,15.84,19.8,704003,705003,,90,0.0,0,0.0,OK
Q,120,COLUMN,2A,-28.3,7.25,15.84,19.8,704004,705004,,91,98.63697516336931,0,98.63697516336931,OK
Q,121,COLUMN,2B,-20.8,7.25,15.84,19.8,704005,705005,,92,128.59025062649204,0,128.59025062649204,OK
Q,122,COLUMN,2C,-10.8,7.25,15.84,19.8,704006,705006,,93,151.7865396809789,0,151.7865396809789,OK
Q,123,COLUMN,3B,-20.8,0.0,15.84,19.8,704007,705007,,94,64.88677301581052,0,64.88677301581052,OK
Q,124,COLUMN,3C,-10.8,0.0,15.84,19.8,704008,705008,,95,72.34280114493508,0,72.34280114493508,OK
Q,359,STEEL_COLUMN_SHS300x20,BEAM_MANUAL,10.0,-4.12,7.92,11.88,900017,900118,,,5.467938637826537,0,5.467938637826537,OK
Q,360,STEEL_COLUMN_SHS300x20,BEAM_MANUAL,17.49,-4.12,7.92,11.88,900018,900119,,,4.684253208947101,0,4.684253208947101,OK
Q,361,STEEL_COLUMN_SHS300x20,BEAM_MANUAL,20.0,-4.12,15.84,19.8,900037,900049,,,13.116475967977028,0,13.116475967977028,OK
Q,362,STEEL_COLUMN_SHS300x20,BEAM_MANUAL,30.0,-4.12,15.84,19.8,900038,900050,,,12.054320708144635,0,12.054320708144635,OK
EX,1,COLUMN,E,0.0,0.0,0.0,3.96,1,100001,18,,-3.0729145381290746,-4.992508032666068,1.9195934945369935,OK
EX,2,COLUMN,F,10.0,0.0,0.0,3.96,101,100101,19,,2.7282122838253327,-2.029703619041138,4.75791590286647,OK
EX,3,COLUMN,G,20.0,0.0,0.0,3.96,201,100201,20,,3.4172893683481558,3.4172893683481558,0.0,OK
EX,4,COLUMN,E,0.0,7.25,0.0,3.96,1001,101001,24,,31.306903012786666,92.40311332996473,-61.09621031717806,OK
EX,5,COLUMN,F,10.0,7.25,0.0,3.96,1101,101101,25,,7.579363827292664,3.372383178414,4.206980648878663,OK
EX,6,COLUMN,G,20.0,7.25,0.0,3.96,1201,101201,26,,-2.0806873775354546,-2.080687377535454,-4.440892098500626e-16,OK
EX,7,COLUMN,E,0.0,16.15,0.0,3.96,2001,102001,30,,11.377805853584018,9.554006427194729,1.8237994263892894,OK
EX,8,COLUMN,F,10.0,16.15,0.0,3.96,2101,102101,31,,3.3248750226189405,1.028952769147437,2.2959222534715034,OK
EX,9,COLUMN,G,20.0,16.15,0.0,3.96,2201,102201,32,,-4.533117489520885,-4.533117489520888,2.6645352591003757e-15,OK
EX,10,COLUMN,1B,-20.8,16.15,0.0,3.96,700001,701001,36,,-1.0495595880120347,-0.005931370729521896,-1.0436282172825129,OK
EX,11,COLUMN,1C,-10.8,16.15,0.0,3.96,700002,701002,37,,6.734670280479717,5.120464876512025,1.6142054039676923,OK
EX,12,COLUMN,1D,-0.8,16.15,0.0,3.96,700003,701003,38,,-3.4118918005190912,-3.5732255951005634,0.16133379458147212,OK
EX,13,COLUMN,2A,-28.3,7.25,0.0,3.96,700004,701004,39,,-55.5960542408661,-49.464413158916294,-6.131641081949809,OK
EX,14,COLUMN,2B,-20.8,7.25,0.0,3.96,700005,701005,40,,23.557181750635237,21.19944515646372,2.3577365941715165,OK
EX,15,COLUMN,2C,-10.8,7.25,0.0,3.96,700006,701006,41,,0.366200800644383,-0.24376169050192703,0.60996249114631,OK
EX,16,COLUMN,3B,-20.8,0.0,0.0,3.96,700007,701007,42,,-0.778804187366992,0.19773705215614995,-0.9765412395231419,OK
EX,17,COLUMN,3C,-10.8,0.0,0.0,3.96,700008,701008,43,,-1.3376373496045417,-1.9864341382523942,0.6487967886478525,OK
EX,18,COLUMN,E,0.0,0.0,3.96,7.92,100001,200001,44,1,-4.992508032666068,0.63162898205497,-5.624137014721038,OK
EX,19,COLUMN,F,10.0,0.0,3.96,7.92,100101,200101,45,2,-2.029703619041138,-1.1507340152469228,-0.8789696037942152,OK
EX,20,COLUMN,G,20.0,0.0,3.96,7.92,100201,200201,46,3,3.4172893683481558,-0.20055011025311087,3.6178394786012666,OK
EX,21,COLUMN,H,30.0,0.0,3.96,7.92,100301,200301,47,,0.8840137412497059,3.90360279027817,-3.019589049028464,OK
EX,22,COLUMN,I,40.0,0.0,3.96,7.92,100401,200401,48,,-50.35776443180853,-46.36425523268921,-3.9935091991193232,OK
EX,23,COLUMN,I_prima,45.0,0.0,3.96,7.92,100451,200451,49,,113.75267722954712,64.8291336204397,48.92354360910741,OK
EX,24,COLUMN,E,0.0,7.25,3.96,7.92,101001,201001,50,4,92.40311332996473,-19.506603710520146,111.90971704048488,OK
EX,25,COLUMN,F,10.0,7.25,3.96,7.92,101101,201101,51,5,3.372383178414,1.421179294229102,1.9512038841848982,OK
EX,26,COLUMN,G,20.0,7.25,3.96,7.92,101201,201201,52,6,-2.080687377535454,-0.5788822374821734,-1.5018051400532808,OK
EX,27,COLUMN,H,30.0,7.25,3.96,7.92,101301,201301,53,,-4.311341258973225,-3.052440117624263,-1.2589011413489617,OK
EX,28,COLUMN,I,40.0,7.25,3.96,7.92,101401,201401,54,,-72.70417316392276,-45.44322253918427,-27.26095062473849,OK
EX,29,COLUMN,I_prima,45.0,7.25,3.96,7.92,101451,201451,55,,109.64532270509406,71.37368773617601,38.27163496891805,OK
EX,30,COLUMN,E,0.0,16.15,3.96,7.92,102001,202001,56,7,9.554006427194729,11.015732088381696,-1.4617256611869678,OK
EX,31,COLUMN,F,10.0,16.15,3.96,7.92,102101,202101,57,8,1.028952769147437,0.4493933315762294,0.5795594375712075,OK
EX,32,COLUMN,G,20.0,16.15,3.96,7.92,102201,202201,58,9,-4.533117489520888,-3.2661617179371096,-1.266955771583778,OK
EX,33,COLUMN,H,30.0,16.15,3.96,7.92,102301,202301,59,,-558.6346542304752,10.505629590904222,-569.1402838213795,OK
EX,34,COLUMN,I,40.0,16.15,3.96,7.92,102401,202401,60,,-38.751925473054435,-32.57917472636835,-6.172750746686084,OK
EX,35,COLUMN,I_prima,45.0,16.15,3.96,7.92,102451,202451,61,,621.3771375011717,47.6135647454292,573.7635727557424,OK
EX,36,COLUMN,1B,-20.8,16.15,3.96,7.92,701001,702001,62,10,-0.005931370729521896,-0.30891576687440103,0.30298439614487915,OK
EX,37,COLUMN,1C,-10.8,16.15,3.96,7.92,701002,702002,63,11,5.120464876512025,3.94348939781751,1.1769754786945148,OK
EX,38,COLUMN,1D,-0.8,16.15,3.96,7.92,701003,702003,64,12,-3.5732255951005634,-3.9205304077565577,0.34730481265599433,OK
EX,39,COLUMN,2A,-28.3,7.25,3.96,7.92,701004,702004,65,13,-49.464413158916294,-31.454743608188043,-18.00966955072825,OK
EX,40,COLUMN,2B,-20.8,7.25,3.96,7.92,701005,702005,66,14,21.19944515646372,12.823859616868466,8.375585539595255,OK
EX,41,COLUMN,2C,-10.8,7.25,3.96,7.92,701006,702006,67,15,-0.24376169050192703,0.3106702418516381,-0.5544319323535651,OK
EX,42,COLUMN,3B,-20.8,0.0,3.96,7.92,701007,702007,68,16,0.19773705215614995,-0.15508786997174515,0.35282492212789507,OK
EX,43,COLUMN,3C,-10.8,0.0,3.96,7.92,701008,702008,69,17,-1.9864341382523942,-1.5301333385313056,-0.4563007997210886,OK
EX,44,COLUMN,E,0.0,0.0,7.92,11.88,200001,300001,70,18,0.63162898205497,2.887456100861373,-2.255827118806403,OK
EX,45,COLUMN,F,10.0,0.0,7.92,11.88,200101,300101,71,19,-1.1507340152469228,0.9470615939623093,-2.097795609209232,OK
EX,46,COLUMN,G,20.0,0.0,7.92,11.88,200201,300201,72,20,-0.20055011025311087,-3.6835588081925867,3.483008697939476,OK
EX,47,COLUMN,H,30.0,0.0,7.92,11.88,200301,300301,73,21,3.90360279027817,2.663680095340292,1.2399226949378779,OK
EX,48,COLUMN,I,40.0,0.0,7.92,11.88,200401,300401,74,22,-46.36425523268921,-23.876309347451055,-22.487945885238155,OK
EX,49,COLUMN,I_prima,45.0,0.0,7.92,11.88,200451,300451,75,23,64.8291336204397,33.40425691465948,31.42487670578023,OK
EX,50,COLUMN,E,0.0,7.25,7.92,11.88,201001,301001,76,24,-19.506603710520146,8.069017393396017,-27.575621103916163,OK
EX,51,COLUMN,F,10.0,7.25,7.92,11.88,201101,301101,77,25,1.421179294229102,0.611298578794162,0.8098807154349399,OK
EX,52,COLUMN,G,20.0,7.25,7.92,11.88,201201,301201,78,26,-0.5788822374821734,0.44391940373948774,-1.0228016412216612,OK
EX,53,COLUMN,H,30.0,7.25,7.92,11.88,201301,301301,79,27,-3.052440117624263,-2.3998609593421683,-0.6525791582820948,OK
EX,54,COLUMN,I,40.0,7.25,7.92,11.88,201401,301401,80,28,-45.44322253918427,-22.55581187902119,-22.88741066016308,OK
EX,55,COLUMN,I_prima,45.0,7.25,7.92,11.88,201451,301451,81,29,71.37368773617601,37.98275225889061,33.390935477285396,OK
EX,56,COLUMN,E,0.0,16.15,7.92,11.88,202001,302001,82,30,11.015732088381696,12.256100665397941,-1.2403685770162447,OK
EX,57,COLUMN,F,10.0,16.15,7.92,11.88,202101,302101,83,31,0.4493933315762294,0.11547302930437175,0.33392030227185765,OK
EX,58,COLUMN,G,20.0,16.15,7.92,11.88,202201,302201,84,32,-3.2661617179371096,-1.8893894115086975,-1.376772306428412,OK
EX,59,COLUMN,H,30.0,16.15,7.92,11.88,202301,302301,85,33,10.505629590904222,6.325321859166163,4.1803077317380595,OK
EX,60,COLUMN,I,40.0,16.15,7.92,11.88,202401,302401,86,34,-32.57917472636835,-14.804184504685999,-17.77499022168235,OK
EX,61,COLUMN,I_prima,45.0,16.15,7.92,11.88,202451,302451,87,35,47.6135647454292,22.736365348680803,24.8771993967484,OK
EX,62,COLUMN,1B,-20.8,16.15,7.92,11.88,702001,703001,88,36,-0.30891576687440103,0.46906152035288434,-0.7779772872272854,OK
EX,63,COLUMN,1C,-10.8,16.15,7.92,11.88,702002,703002,89,37,3.94348939781751,2.6736525840904175,1.2698368137270926,OK
EX,64,COLUMN,1D,-0.8,16.15,7.92,11.88,702003,703003,90,38,-3.9205304077565577,-7.040463125357193,3.1199327176006353,OK
EX,65,COLUMN,2A,-28.3,7.25,7.92,11.88,702004,703004,91,39,-31.454743608188043,-14.249931105527981,-17.20481250266006,OK
EX,66,COLUMN,2B,-20.8,7.25,7.92,11.88,702005,703005,92,40,12.823859616868466,5.440819450696422,7.383040166172044,OK
EX,67,COLUMN,2C,-10.8,7.25,7.92,11.88,702006,703006,93,41,0.3106702418516381,-0.161132319314985,0.4718025611666231,OK
EX,68,COLUMN,3B,-20.8,0.0,7.92,11.88,702007,703007,94,42,-0.15508786997174515,0.7183235358347151,-0.8734114058064603,OK
EX,69,COLUMN,3C,-10.8,0.0,7.92,11.88,702008,703008,95,43,-1.5301333385313056,-2.1898340909052987,0.6597007523739931,OK
EX,70,COLUMN,E,0.0,0.0,11.88,15.84,300001,400001,96,44,2.887456100861373,-5.33812590274203,8.225582003603403,OK
EX,71,COLUMN,F,10.0,0.0,11.88,15.84,300101,400101,97,45,0.9470615939623093,0.8337013179786372,0.11336027598367204,OK
EX,72,COLUMN,G,20.0,0.0,11.88,15.84,300201,400201,98,46,-3.6835588081925867,-1.871362071992338,-1.8121967362002487,OK
EX,73,COLUMN,H,30.0,0.0,11.88,15.84,300301,400301,99,47,2.663680095340292,1.3328113614544763,1.3308687338858156,OK
EX,74,COLUMN,I,40.0,0.0,11.88,15.84,300401,400401,100,48,-23.876309347451055,-8.560268779322111,-15.316040568128944,OK
EX,75,COLUMN,I_prima,45.0,0.0,11.88,15.84,300451,400451,101,49,33.40425691465948,12.555575322129668,20.848681592529807,OK
EX,76,COLUMN,E,0.0,7.25,11.88,15.84,301001,401001,103,50,8.069017393396017,-33.08673373014175,41.15575112353777,OK
EX,77,COLUMN,F,10.0,7.25,11.88,15.84,301101,401101,104,51,0.611298578794162,-1.700137217528508,2.3114357963226704,OK
EX,78,COLUMN,G,20.0,7.25,11.88,15.84,301201,401201,105,52,0.44391940373948774,0.5057741156187133,-0.06185471187922559,OK
EX,79,COLUMN,H,30.0,7.25,11.88,15.84,301301,401301,106,53,-2.3998609593421683,-1.2599351560833518,-1.1399258032588164,OK
EX,80,COLUMN,I,40.0,7.25,11.88,15.84,301401,401401,107,54,-22.55581187902119,-7.985443518285508,-14.570368360735682,OK
EX,81,COLUMN,I_prima,45.0,7.25,11.88,15.84,301451,401451,108,55,37.98275225889061,15.202746519097015,22.780005739793598,OK
EX,82,COLUMN,E,0.0,16.15,11.88,15.84,302001,402001,110,56,12.256100665397941,-0.5025434974424499,12.75864416284039,OK
EX,83,COLUMN,F,10.0,16.15,11.88,15.84,302101,402101,111,57,0.11547302930437175,0.9410522568013179,-0.8255792274969461,OK
EX,84,COLUMN,G,20.0,16.15,11.88,15.84,302201,402201,112,58,-1.8893894115086975,-0.9600843066720489,-0.9293051048366486,OK
EX,85,COLUMN,H,30.0,16.15,11.88,15.84,302301,402301,113,59,6.325321859166163,2.944156817810465,3.3811650413556977,OK
EX,86,COLUMN,I,40.0,16.15,11.88,15.84,302401,402401,114,60,-14.804184504685999,-4.724635775773322,-10.079548728912677,OK
EX,87,COLUMN,I_prima,45.0,16.15,11.88,15.84,302451,402451,115,61,22.736365348680803,8.22570293382464,14.510662414856162,OK
EX,88,COLUMN,1B,-20.8,16.15,11.88,15.84,703001,704001,117,62,0.46906152035288434,0.9698576057885054,-0.500796085435621,OK
EX,89,COLUMN,1C,-10.8,16.15,11.88,15.84,703002,704002,118,63,2.6736525840904175,-0.30895995461327586,2.9826125387036933,OK
EX,90,COLUMN,1D,-0.8,16.15,11.88,15.84,703003,704003,119,64,-7.040463125357193,0.0,-7.040463125357193,OK
EX,91,COLUMN,2A,-28.3,7.25,11.88,15.84,703004,704004,120,65,-14.249931105527981,-3.764398008025398,-10.485533097502582,OK
EX,92,COLUMN,2B,-20.8,7.25,11.88,15.84,703005,704005,121,66,5.440819450696422,1.071510613450572,4.36930883724585,OK
EX,93,COLUMN,2C,-10.8,7.25,11.88,15.84,703006,704006,122,67,-0.161132319314985,1.5964895127563488,-1.7576218320713337,OK
EX,94,COLUMN,3B,-20.8,0.0,11.88,15.84,703007,704007,123,68,0.7183235358347151,0.9750181118667143,-0.2566945760319992,OK
EX,95,COLUMN,3C,-10.8,0.0,11.88,15.84,703008,704008,124,69,-2.1898340909052987,-1.4006279471353864,-0.7892061437699123,OK
EX,96,COLUMN,E,0.0,0.0,15.84,19.8,400001,500001,,70,-5.33812590274203,0,-5.33812590274203,OK
EX,97,COLUMN,F,10.0,0.0,15.84,19.8,400101,500101,,71,0.8337013179786372,0,0.8337013179786372,OK
EX,98,COLUMN,G,20.0,0.0,15.84,19.8,400201,500201,,72,-1.871362071992338,0,-1.871362071992338,OK
EX,99,COLUMN,H,30.0,0.0,15.84,19.8,400301,500301,,73,1.3328113614544763,0,1.3328113614544763,OK
EX,100,COLUMN,I,40.0,0.0,15.84,19.8,400401,500401,,74,-8.560268779322111,0,-8.560268779322111,OK
EX,101,COLUMN,I_prima,45.0,0.0,15.84,19.8,400451,500451,,75,12.555575322129668,0,12.555575322129668,OK
EX,102,COLUMN,J,50.0,0.0,15.84,19.8,400501,500501,,,-1.028983876169008,0,-1.028983876169008,OK
EX,103,COLUMN,E,0.0,7.25,15.84,19.8,401001,501001,,76,-33.08673373014175,0,-33.08673373014175,OK
EX,104,COLUMN,F,10.0,7.25,15.84,19.8,401101,501101,,77,-1.700137217528508,0,-1.700137217528508,OK
EX,105,COLUMN,G,20.0,7.25,15.84,19.8,401201,501201,,78,0.5057741156187133,0,0.5057741156187133,OK
EX,106,COLUMN,H,30.0,7.25,15.84,19.8,401301,501301,,79,-1.2599351560833518,0,-1.2599351560833518,OK
EX,107,COLUMN,I,40.0,7.25,15.84,19.8,401401,501401,,80,-7.985443518285508,0,-7.985443518285508,OK
EX,108,COLUMN,I_prima,45.0,7.25,15.84,19.8,401451,501451,,81,15.202746519097015,0,15.202746519097015,OK
EX,109,COLUMN,J,50.0,7.25,15.84,19.8,401501,501501,,,-0.9676741289446276,0,-0.9676741289446276,OK
EX,110,COLUMN,E,0.0,16.15,15.84,19.8,402001,502001,,82,-0.5025434974424499,0,-0.5025434974424499,OK
EX,111,COLUMN,F,10.0,16.15,15.84,19.8,402101,502101,,83,0.9410522568013179,0,0.9410522568013179,OK
EX,112,COLUMN,G,20.0,16.15,15.84,19.8,402201,502201,,84,-0.9600843066720489,0,-0.9600843066720489,OK
EX,113,COLUMN,H,30.0,16.15,15.84,19.8,402301,502301,,85,2.944156817810465,0,2.944156817810465,OK
EX,114,COLUMN,I,40.0,16.15,15.84,19.8,402401,502401,,86,-4.724635775773322,0,-4.724635775773322,OK
EX,115,COLUMN,I_prima,45.0,16.15,15.84,19.8,402451,502451,,87,8.22570293382464,0,8.22570293382464,OK
EX,116,COLUMN,J,50.0,16.15,15.84,19.8,402501,502501,,,-0.8514041335558,0,-0.8514041335558,OK
EX,117,COLUMN,1B,-20.8,16.15,15.84,19.8,704001,705001,,88,0.9698576057885054,0,0.9698576057885054,OK
EX,118,COLUMN,1C,-10.8,16.15,15.84,19.8,704002,705002,,89,-0.30895995461327586,0,-0.30895995461327586,OK
EX,119,COLUMN,1D,-0.8,16.15,15.84,19.8,704003,705003,,90,0.0,0,0.0,OK
EX,120,COLUMN,2A,-28.3,7.25,15.84,19.8,704004,705004,,91,-3.764398008025398,0,-3.764398008025398,OK
EX,121,COLUMN,2B,-20.8,7.25,15.84,19.8,704005,705005,,92,1.071510613450572,0,1.071510613450572,OK
EX,122,COLUMN,2C,-10.8,7.25,15.84,19.8,704006,705006,,93,1.5964895127563488,0,1.5964895127563488,OK
EX,123,COLUMN,3B,-20.8,0.0,15.84,19.8,704007,705007,,94,0.9750181118667143,0,0.9750181118667143,OK
EX,124,COLUMN,3C,-10.8,0.0,15.84,19.8,704008,705008,,95,-1.4006279471353864,0,-1.4006279471353864,OK
EX,359,STEEL_COLUMN_SHS300x20,BEAM_MANUAL,10.0,-4.12,7.92,11.88,900017,900118,,,0.005607097323114697,0,0.005607097323114697,OK
EX,360,STEEL_COLUMN_SHS300x20,BEAM_MANUAL,17.49,-4.12,7.92,11.88,900018,900119,,,-0.046159899397493195,0,-0.046159899397493195,OK
EX,361,STEEL_COLUMN_SHS300x20,BEAM_MANUAL,20.0,-4.12,15.84,19.8,900037,900049,,,-0.10565636217862175,0,-0.10565636217862175,OK
EX,362,STEEL_COLUMN_SHS300x20,BEAM_MANUAL,30.0,-4.12,15.84,19.8,900038,900050,,,-0.01841427610106047,0,-0.01841427610106047,OK
EY,1,COLUMN,E,0.0,0.0,0.0,3.96,1,100001,18,,-2.078022518483033,-1.444412035533926,-0.6336104829491072,OK
EY,2,COLUMN,F,10.0,0.0,0.0,3.96,101,100101,19,,-10.340174745194755,-25.304772819993545,14.96459807479879,OK
EY,3,COLUMN,G,20.0,0.0,0.0,3.96,201,100201,20,,-27.40930897760403,-27.409308977604034,3.552713678800501e-15,OK
EY,4,COLUMN,E,0.0,7.25,0.0,3.96,1001,101001,24,,-1.986446164658462,-1.787895991684784,-0.19855017297367783,OK
EY,5,COLUMN,F,10.0,7.25,0.0,3.96,1101,101101,25,,10.942198509053267,10.442331185953304,0.49986732309996285,OK
EY,6,COLUMN,G,20.0,7.25,0.0,3.96,1201,101201,26,,8.529194929572274,8.529194929572272,1.7763568394002505e-15,OK
EY,7,COLUMN,E,0.0,16.15,0.0,3.96,2001,102001,30,,62.46904390451036,142.53383076535965,-80.0647868608493,OK
EY,8,COLUMN,F,10.0,16.15,0.0,3.96,2101,102101,31,,10.286717720492488,21.203953616130786,-10.917235895638298,OK
EY,9,COLUMN,G,20.0,16.15,0.0,3.96,2201,102201,32,,17.611978489700963,17.61197848970097,-7.105427357601002e-15,OK
EY,10,COLUMN,1B,-20.8,16.15,0.0,3.96,700001,701001,36,,15.703961951394184,13.435722756070906,2.268239195323279,OK
EY,11,COLUMN,1C,-10.8,16.15,0.0,3.96,700002,701002,37,,16.984474206225745,15.015229383544165,1.9692448226815795,OK
EY,12,COLUMN,1D,-0.8,16.15,0.0,3.96,700003,701003,38,,302.63069616703257,250.2376556061603,52.393040560872265,OK
EY,13,COLUMN,2A,-28.3,7.25,0.0,3.96,700004,701004,39,,4.383091331001024,3.728110657593312,0.6549806734077124,OK
EY,14,COLUMN,2B,-20.8,7.25,0.0,3.96,700005,701005,40,,5.021997101170067,4.243939883615783,0.7780572175542835,OK
EY,15,COLUMN,2C,-10.8,7.25,0.0,3.96,700006,701006,41,,8.649492847168972,7.807545150724318,0.8419476964446542,OK
EY,16,COLUMN,3B,-20.8,0.0,0.0,3.96,700007,701007,42,,-22.16333794630692,-18.941018476678362,-3.222319469628559,OK
EY,17,COLUMN,3C,-10.8,0.0,0.0,3.96,700008,701008,43,,-21.59417594368553,-18.799890718087763,-2.7942852255977684,OK
EY,18,COLUMN,E,0.0,0.0,3.96,7.92,100001,200001,44,1,-1.444412035533926,-1.6896808565626484,0.24526882102872238,OK
EY,19,COLUMN,F,10.0,0.0,3.96,7.92,100101,200101,45,2,-25.304772819993545,-18.894780845144766,-6.409991974848779,OK
EY,20,COLUMN,G,20.0,0.0,3.96,7.92,100201,200201,46,3,-27.409308977604034,-19.42310866319094,-7.986200314413093,OK
EY,21,COLUMN,H,30.0,0.0,3.96,7.92,100301,200301,47,,-30.49555522746402,-21.694057308422448,-8.801497919041573,OK
EY,22,COLUMN,I,40.0,0.0,3.96,7.92,100401,200401,48,,-353.7266135974537,-2.506839366458433,-351.21977423099526,OK
EY,23,COLUMN,I_prima,45.0,0.0,3.96,7.92,100451,200451,49,,-51.917232331597404,-39.87490927186128,-12.042323059736127,OK
EY,24,COLUMN,E,0.0,7.25,3.96,7.92,101001,201001,50,4,-1.787895991684784,10.010846561638497,-11.798742553323281,OK
EY,25,COLUMN,F,10.0,7.25,3.96,7.92,101101,201101,51,5,10.442331185953304,8.298531933244313,2.143799252708991,OK
EY,26,COLUMN,G,20.0,7.25,3.96,7.92,101201,201201,52,6,8.529194929572272,5.744936756244471,2.7842581733278013,OK
EY,27,COLUMN,H,30.0,7.25,3.96,7.92,101301,201301,53,,7.053390564649076,5.894802127401678,1.1585884372473982,OK
EY,28,COLUMN,I,40.0,7.25,3.96,7.92,101401,201401,54,,5.726952863844747,3.784877957612419,1.9420749062323277,OK
EY,29,COLUMN,I_prima,45.0,7.25,3.96,7.92,101451,201451,55,,9.1509501404928,7.99504258271533,1.1559075577774696,OK
EY,30,COLUMN,E,0.0,16.15,3.96,7.92,102001,202001,56,7,142.53383076535965,136.45102469365418,6.082806071705477,OK
EY,31,COLUMN,F,10.0,16.15,3.96,7.92,102101,202101,57,8,21.203953616130786,15.562964734130285,5.640988882000501,OK
EY,32,COLUMN,G,20.0,16.15,3.96,7.92,102201,202201,58,9,17.61197848970097,12.68874184830212,4.92323664139885,OK
EY,33,COLUMN,H,30.0,16.15,3.96,7.92,102301,202301,59,,15.199642897416357,16.066724935220964,-0.8670820378046074,OK
EY,34,COLUMN,I,40.0,16.15,3.96,7.92,102401,202401,60,,348.0715723274523,-3.7219717648690223,351.7935440923213,OK
EY,35,COLUMN,I_prima,45.0,16.15,3.96,7.92,102451,202451,61,,28.52523070965195,35.049931812045564,-6.524701102393614,OK
EY,36,COLUMN,1B,-20.8,16.15,3.96,7.92,701001,702001,62,10,13.435722756070906,7.648434895838944,5.787287860231961,OK
EY,37,COLUMN,1C,-10.8,16.15,3.96,7.92,701002,702002,63,11,15.015229383544165,9.59485066108989,5.420378722454275,OK
EY,38,COLUMN,1D,-0.8,16.15,3.96,7.92,701003,702003,64,12,250.2376556061603,25.585954928427004,224.6517006777333,OK
EY,39,COLUMN,2A,-28.3,7.25,3.96,7.92,701004,702004,65,13,3.728110657593312,1.987182849223256,1.740927808370056,OK
EY,40,COLUMN,2B,-20.8,7.25,3.96,7.92,701005,702005,66,14,4.243939883615783,2.280554802375578,1.9633850812402054,OK
EY,41,COLUMN,2C,-10.8,7.25,3.96,7.92,701006,702006,67,15,7.807545150724318,5.586637241854498,2.22090790886982,OK
EY,42,COLUMN,3B,-20.8,0.0,3.96,7.92,701007,702007,68,16,-18.941018476678362,-10.648673950814688,-8.292344525863674,OK
EY,43,COLUMN,3C,-10.8,0.0,3.96,7.92,701008,702008,69,17,-18.799890718087763,-11.614630826482713,-7.18525989160505,OK
EY,44,COLUMN,E,0.0,0.0,7.92,11.88,200001,300001,70,18,-1.6896808565626484,-61.32384051575879,59.63415965919614,OK
EY,45,COLUMN,F,10.0,0.0,7.92,11.88,200101,300101,71,19,-18.894780845144766,-12.783452700784123,-6.111328144360643,OK
EY,46,COLUMN,G,20.0,0.0,7.92,11.88,200201,300201,72,20,-19.42310866319094,-12.984794275237808,-6.438314387953133,OK
EY,47,COLUMN,H,30.0,0.0,7.92,11.88,200301,300301,73,21,-21.694057308422448,-15.109746952132316,-6.584310356290132,OK
EY,48,COLUMN,I,40.0,0.0,7.92,11.88,200401,300401,74,22,-2.506839366458433,-2.1763967155138433,-0.3304426509445899,OK
EY,49,COLUMN,I_prima,45.0,0.0,7.92,11.88,200451,300451,75,23,-39.87490927186128,-30.91179963477541,-8.963109637085868,OK
EY,50,COLUMN,E,0.0,7.25,7.92,11.88,201001,301001,76,24,10.010846561638497,548.5443662957615,-538.533519734123,OK
EY,51,COLUMN,F,10.0,7.25,7.92,11.88,201101,301101,77,25,8.298531933244313,5.76157241039977,2.5369595228445423,OK
EY,52,COLUMN,G,20.0,7.25,7.92,11.88,201201,301201,78,26,5.744936756244471,3.5099615231770134,2.2349752330674573,OK
EY,53,COLUMN,H,30.0,7.25,7.92,11.88,201301,301301,79,27,5.894802127401678,3.8880465790453687,2.0067555483563093,OK
EY,54,COLUMN,I,40.0,7.25,7.92,11.88,201401,301401,80,28,3.784877957612419,2.388603833872936,1.3962741237394831,OK
EY,55,COLUMN,I_prima,45.0,7.25,7.92,11.88,201451,301451,81,29,7.99504258271533,6.189446245823341,1.8055963368919894,OK
EY,56,COLUMN,E,0.0,16.15,7.92,11.88,202001,302001,82,30,136.45102469365418,132.91965546553084,3.5313692281233386,OK
EY,57,COLUMN,F,10.0,16.15,7.92,11.88,202101,302101,83,31,15.562964734130285,10.815086047768144,4.7478786863621405,OK
EY,58,COLUMN,G,20.0,16.15,7.92,11.88,202201,302201,84,32,12.68874184830212,8.929879836197962,3.7588620121041583,OK
EY,59,COLUMN,H,30.0,16.15,7.92,11.88,202301,302301,85,33,16.066724935220964,11.458265758439541,4.608459176781423,OK
EY,60,COLUMN,I,40.0,16.15,7.92,11.88,202401,302401,86,34,-3.7219717648690223,-2.559257730920038,-1.1627140339489843,OK
EY,61,COLUMN,I_prima,45.0,16.15,7.92,11.88,202451,302451,87,35,35.049931812045564,27.748810214002756,7.301121598042808,OK
EY,62,COLUMN,1B,-20.8,16.15,7.92,11.88,702001,703001,88,36,7.648434895838944,2.633975567783784,5.01445932805516,OK
EY,63,COLUMN,1C,-10.8,16.15,7.92,11.88,702002,703002,89,37,9.59485066108989,4.724555658778168,4.870295002311722,OK
EY,64,COLUMN,1D,-0.8,16.15,7.92,11.88,702003,703003,90,38,25.585954928427004,-78.54504714767695,104.13100207610395,OK
EY,65,COLUMN,2A,-28.3,7.25,7.92,11.88,702004,703004,91,39,1.987182849223256,0.5469854568155679,1.440197392407688,OK
EY,66,COLUMN,2B,-20.8,7.25,7.92,11.88,702005,703005,92,40,2.280554802375578,0.5411640478966665,1.7393907544789116,OK
EY,67,COLUMN,2C,-10.8,7.25,7.92,11.88,702006,703006,93,41,5.586637241854498,3.7440357489989142,1.8426014928555836,OK
EY,68,COLUMN,3B,-20.8,0.0,7.92,11.88,702007,703007,94,42,-10.648673950814688,-3.4818027280373185,-7.166871222777369,OK
EY,69,COLUMN,3C,-10.8,0.0,7.92,11.88,702008,703008,95,43,-11.614630826482713,-5.419783475160023,-6.19484735132269,OK
EY,70,COLUMN,E,0.0,0.0,11.88,15.84,300001,400001,96,44,-61.32384051575879,-278.118363545691,216.79452302993224,OK
EY,71,COLUMN,F,10.0,0.0,11.88,15.84,300101,400101,97,45,-12.783452700784123,-6.020158491646712,-6.763294209137411,OK
EY,72,COLUMN,G,20.0,0.0,11.88,15.84,300201,400201,98,46,-12.984794275237808,-6.117651193168013,-6.867143082069796,OK
EY,73,COLUMN,H,30.0,0.0,11.88,15.84,300301,400301,99,47,-15.109746952132316,-7.285928087166041,-7.823818864966275,OK
EY,74,COLUMN,I,40.0,0.0,11.88,15.84,300401,400401,100,48,-2.1763967155138433,-1.4809295840532248,-0.6954671314606184,OK
EY,75,COLUMN,I_prima,45.0,0.0,11.88,15.84,300451,400451,101,49,-30.91179963477541,-15.031516164390611,-15.880283470384798,OK
EY,76,COLUMN,E,0.0,7.25,11.88,15.84,301001,401001,103,50,548.5443662957615,203.76620728234457,344.77815901341694,OK
EY,77,COLUMN,F,10.0,7.25,11.88,15.84,301101,401101,104,51,5.76157241039977,3.5398847722707636,2.2216876381290067,OK
EY,78,COLUMN,G,20.0,7.25,11.88,15.84,301201,401201,105,52,3.5099615231770134,1.4353197122368395,2.074641810940174,OK
EY,79,COLUMN,H,30.0,7.25,11.88,15.84,301301,401301,106,53,3.8880465790453687,1.9060483850299856,1.981998194015383,OK
EY,80,COLUMN,I,40.0,7.25,11.88,15.84,301401,401401,107,54,2.388603833872936,1.1306452717920101,1.2579585620809257,OK
EY,81,COLUMN,I_prima,45.0,7.25,11.88,15.84,301451,401451,108,55,6.189446245823341,3.036327367270683,3.1531188785526574,OK
EY,82,COLUMN,E,0.0,16.15,11.88,15.84,302001,402001,110,56,132.91965546553084,6.336746686106125,126.58290877942471,OK
EY,83,COLUMN,F,10.0,16.15,11.88,15.84,302101,402101,111,57,10.815086047768144,5.853286441310147,4.961799606457997,OK
EY,84,COLUMN,G,20.0,16.15,11.88,15.84,302201,402201,112,58,8.929879836197962,4.37490507094085,4.554974765257112,OK
EY,85,COLUMN,H,30.0,16.15,11.88,15.84,302301,402301,113,59,11.458265758439541,5.76635049789121,5.691915260548331,OK
EY,86,COLUMN,I,40.0,16.15,11.88,15.84,302401,402401,114,60,-2.559257730920038,-0.8455695074463977,-1.7136882234736404,OK
EY,87,COLUMN,I_prima,45.0,16.15,11.88,15.84,302451,402451,115,61,27.748810214002756,13.505459379935338,14.243350834067417,OK
EY,88,COLUMN,1B,-20.8,16.15,11.88,15.84,703001,704001,117,62,2.633975567783784,0.26939403768683146,2.3645815300969524,OK
EY,89,COLUMN,1C,-10.8,16.15,11.88,15.84,703002,704002,118,63,4.724555658778168,1.3022579671374395,3.422297691640728,OK
EY,90,COLUMN,1D,-0.8,16.15,11.88,15.84,703003,704003,119,64,-78.54504714767695,0.0,-78.54504714767695,OK
EY,91,COLUMN,2A,-28.3,7.25,11.88,15.84,703004,704004,120,65,0.5469854568155679,-0.02733672373446796,0.5743221805500358,OK
EY,92,COLUMN,2B,-20.8,7.25,11.88,15.84,703005,704005,121,66,0.5411640478966665,-0.10772100701212839,0.6488850549087949,OK
EY,93,COLUMN,2C,-10.8,7.25,11.88,15.84,703006,704006,122,67,3.7440357489989142,1.22880399060742,2.5152317583914945,OK
EY,94,COLUMN,3B,-20.8,0.0,11.88,15.84,703007,704007,123,68,-3.4818027280373185,-0.09107234914986254,-3.390730378887456,OK
EY,95,COLUMN,3C,-10.8,0.0,11.88,15.84,703008,704008,124,69,-5.419783475160023,-1.9431021919148375,-3.4766812832451857,OK
EY,96,COLUMN,E,0.0,0.0,15.84,19.8,400001,500001,,70,-278.118363545691,0,-278.118363545691,OK
EY,97,COLUMN,F,10.0,0.0,15.84,19.8,400101,500101,,71,-6.020158491646712,0,-6.020158491646712,OK
EY,98,COLUMN,G,20.0,0.0,15.84,19.8,400201,500201,,72,-6.117651193168013,0,-6.117651193168013,OK
EY,99,COLUMN,H,30.0,0.0,15.84,19.8,400301,500301,,73,-7.285928087166041,0,-7.285928087166041,OK
EY,100,COLUMN,I,40.0,0.0,15.84,19.8,400401,500401,,74,-1.4809295840532248,0,-1.4809295840532248,OK
EY,101,COLUMN,I_prima,45.0,0.0,15.84,19.8,400451,500451,,75,-15.031516164390611,0,-15.031516164390611,OK
EY,102,COLUMN,J,50.0,0.0,15.84,19.8,400501,500501,,,-0.0659631095113716,0,-0.0659631095113716,OK
EY,103,COLUMN,E,0.0,7.25,15.84,19.8,401001,501001,,76,203.76620728234457,0,203.76620728234457,OK
EY,104,COLUMN,F,10.0,7.25,15.84,19.8,401101,501101,,77,3.5398847722707636,0,3.5398847722707636,OK
EY,105,COLUMN,G,20.0,7.25,15.84,19.8,401201,501201,,78,1.4353197122368395,0,1.4353197122368395,OK
EY,106,COLUMN,H,30.0,7.25,15.84,19.8,401301,501301,,79,1.9060483850299856,0,1.9060483850299856,OK
EY,107,COLUMN,I,40.0,7.25,15.84,19.8,401401,501401,,80,1.1306452717920101,0,1.1306452717920101,OK
EY,108,COLUMN,I_prima,45.0,7.25,15.84,19.8,401451,501451,,81,3.036327367270683,0,3.036327367270683,OK
EY,109,COLUMN,J,50.0,7.25,15.84,19.8,401501,501501,,,0.02327809788788676,0,0.02327809788788676,OK
EY,110,COLUMN,E,0.0,16.15,15.84,19.8,402001,502001,,82,6.336746686106125,0,6.336746686106125,OK
EY,111,COLUMN,F,10.0,16.15,15.84,19.8,402101,502101,,83,5.853286441310147,0,5.853286441310147,OK
EY,112,COLUMN,G,20.0,16.15,15.84,19.8,402201,502201,,84,4.37490507094085,0,4.37490507094085,OK
EY,113,COLUMN,H,30.0,16.15,15.84,19.8,402301,502301,,85,5.76635049789121,0,5.76635049789121,OK
EY,114,COLUMN,I,40.0,16.15,15.84,19.8,402401,502401,,86,-0.8455695074463977,0,-0.8455695074463977,OK
EY,115,COLUMN,I_prima,45.0,16.15,15.84,19.8,402451,502451,,87,13.505459379935338,0,13.505459379935338,OK
EY,116,COLUMN,J,50.0,16.15,15.84,19.8,402501,502501,,,0.08699848342694558,0,0.08699848342694558,OK
EY,117,COLUMN,1B,-20.8,16.15,15.84,19.8,704001,705001,,88,0.26939403768683146,0,0.26939403768683146,OK
EY,118,COLUMN,1C,-10.8,16.15,15.84,19.8,704002,705002,,89,1.3022579671374395,0,1.3022579671374395,OK
EY,119,COLUMN,1D,-0.8,16.15,15.84,19.8,704003,705003,,90,0.0,0,0.0,OK
EY,120,COLUMN,2A,-28.3,7.25,15.84,19.8,704004,705004,,91,-0.02733672373446796,0,-0.02733672373446796,OK
EY,121,COLUMN,2B,-20.8,7.25,15.84,19.8,704005,705005,,92,-0.10772100701212839,0,-0.10772100701212839,OK
EY,122,COLUMN,2C,-10.8,7.25,15.84,19.8,704006,705006,,93,1.22880399060742,0,1.22880399060742,OK
EY,123,COLUMN,3B,-20.8,0.0,15.84,19.8,704007,705007,,94,-0.09107234914986254,0,-0.09107234914986254,OK
EY,124,COLUMN,3C,-10.8,0.0,15.84,19.8,704008,705008,,95,-1.9431021919148375,0,-1.9431021919148375,OK
EY,359,STEEL_COLUMN_SHS300x20,BEAM_MANUAL,10.0,-4.12,7.92,11.88,900017,900118,,,0.7796031598839763,0,0.7796031598839763,OK
EY,360,STEEL_COLUMN_SHS300x20,BEAM_MANUAL,17.49,-4.12,7.92,11.88,900018,900119,,,-0.030661129055950608,0,-0.030661129055950608,OK
EY,361,STEEL_COLUMN_SHS300x20,BEAM_MANUAL,20.0,-4.12,15.84,19.8,900037,900049,,,-0.24731551240064542,0,-0.24731551240064542,OK
EY,362,STEEL_COLUMN_SHS300x20,BEAM_MANUAL,30.0,-4.12,15.84,19.8,900038,900050,,,-0.21709199255507614,0,-0.21709199255507614,OK
R,1,COLUMN,E,0.0,0.0,0.0,3.96,1,100001,18,,781.5826528071183,623.5575059516345,158.02514685548374,OK
R,2,COLUMN,F,10.0,0.0,0.0,3.96,101,100101,19,,1489.89423016079,4177.067788671637,-2687.1735585108468,OK
R,3,COLUMN,G,20.0,0.0,0.0,3.96,201,100201,20,,5290.169203852094,5233.082732872093,57.08647098000074,OK
R,4,COLUMN,E,0.0,7.25,0.0,3.96,1001,101001,24,,880.655254364031,690.0812215437361,190.57403282029486,OK
R,5,COLUMN,F,10.0,7.25,0.0,3.96,1101,101101,25,,5909.91686284637,5282.914797267285,627.002065579085,OK
R,6,COLUMN,G,20.0,7.25,0.0,3.96,1201,101201,26,,6199.4532390750155,6142.366768095017,57.08647097999892,OK
R,7,COLUMN,E,0.0,16.15,0.0,3.96,2001,102001,30,,1176.0620867037205,1827.2293311652957,-651.1672444615751,OK
R,8,COLUMN,F,10.0,16.15,0.0,3.96,2101,102101,31,,1546.3638703248307,3699.488072430888,-2153.1242021060575,OK
R,9,COLUMN,G,20.0,16.15,0.0,3.96,2201,102201,32,,3761.702617696094,3704.6161467160928,57.086470980001195,OK
R,10,COLUMN,1B,-20.8,16.15,0.0,3.96,700001,701001,36,,4891.698758249155,3926.481539613426,965.2172186357288,OK
R,11,COLUMN,1C,-10.8,16.15,0.0,3.96,700002,701002,37,,4935.961676201932,3903.8725596199324,1032.0891165819999,OK
R,12,COLUMN,1D,-0.8,16.15,0.0,3.96,700003,701003,38,,683.2144975231151,590.1481113910077,93.06638613210748,OK
R,13,COLUMN,2A,-28.3,7.25,0.0,3.96,700004,701004,39,,5885.576098112395,4705.376720936034,1180.199377176361,OK
R,14,COLUMN,2B,-20.8,7.25,0.0,3.96,700005,701005,40,,7151.012251332137,5692.205342999412,1458.8069083327246,OK
R,15,COLUMN,2C,-10.8,7.25,0.0,3.96,700006,701006,41,,8049.409233950779,6293.483207662024,1755.9260262887547,OK
R,16,COLUMN,3B,-20.8,0.0,0.0,3.96,700007,701007,42,,3896.999413144606,3065.9369339207337,831.0624792238723,OK
R,17,COLUMN,3C,-10.8,0.0,0.0,3.96,700008,701008,43,,3843.785244729685,3047.8534801920423,795.9317645376427,OK
R,18,COLUMN,E,0.0,0.0,3.96,7.92,100001,200001,44,1,623.5575059516345,465.18557909781214,158.3719268538224,OK
R,19,COLUMN,F,10.0,0.0,3.96,7.92,100101,200101,45,2,4177.067788671637,3004.503087623589,1172.5647010480475,OK
R,20,COLUMN,G,20.0,0.0,3.96,7.92,100201,200201,46,3,5233.082732872093,4124.147656469146,1108.9350764029477,OK
R,21,COLUMN,H,30.0,0.0,3.96,7.92,100301,200301,47,,4574.904417847207,3847.20716305146,727.6972547957466,OK
R,22,COLUMN,I,40.0,0.0,3.96,7.92,100401,200401,48,,1790.8271080157274,1981.9882371371164,-191.16112912138897,OK
R,23,COLUMN,I_prima,45.0,0.0,3.96,7.92,100451,200451,49,,2432.208133741963,2122.425591309895,309.7825424320681,OK
R,24,COLUMN,E,0.0,7.25,3.96,7.92,101001,201001,50,4,690.0812215437361,481.6948005113312,208.38642103240488,OK
R,25,COLUMN,F,10.0,7.25,3.96,7.92,101101,201101,51,5,5282.914797267285,3995.6615983219167,1287.2531989453687,OK
R,26,COLUMN,G,20.0,7.25,3.96,7.92,101201,201201,52,6,6142.366768095017,4581.281450262528,1561.0853178324887,OK
R,27,COLUMN,H,30.0,7.25,3.96,7.92,101301,201301,53,,6337.774321962859,4731.4001388394445,1606.3741831234147,OK
R,28,COLUMN,I,40.0,7.25,3.96,7.92,101401,201401,54,,4535.896175654383,3336.9088779788863,1198.9872976754968,OK
R,29,COLUMN,I_prima,45.0,7.25,3.96,7.92,101451,201451,55,,3867.3923402287296,3389.7827645654697,477.6095756632599,OK
R,30,COLUMN,E,0.0,16.15,3.96,7.92,102001,202001,56,7,1827.2293311652957,853.0207411781663,974.2085899871294,OK
R,31,COLUMN,F,10.0,16.15,3.96,7.92,102101,202101,57,8,3699.488072430888,2798.725094122928,900.7629783079601,OK
R,32,COLUMN,G,20.0,16.15,3.96,7.92,102201,202201,58,9,3704.6161467160928,2795.559267613488,909.0568791026049,OK
R,33,COLUMN,H,30.0,16.15,3.96,7.92,102301,202301,59,,2004.165531130866,2890.307859319604,-886.1423281887382,OK
R,34,COLUMN,I,40.0,16.15,3.96,7.92,102401,202401,60,,1682.4853424427724,2074.156703075651,-391.67136063287853,OK
R,35,COLUMN,I_prima,45.0,16.15,3.96,7.92,102451,202451,61,,2199.298104187477,2285.3313734873914,-86.03326929991454,OK
R,36,COLUMN,1B,-20.8,16.15,3.96,7.92,701001,702001,62,10,3926.481539613426,2858.56939672894,1067.912142884486,OK
R,37,COLUMN,1C,-10.8,16.15,3.96,7.92,701002,702002,63,11,3903.8725596199324,2861.8996783118896,1041.9728813080428,OK
R,38,COLUMN,1D,-0.8,16.15,3.96,7.92,701003,702003,64,12,590.1481113910077,721.4613522360098,-131.31324084500216,OK
R,39,COLUMN,2A,-28.3,7.25,3.96,7.92,701004,702004,65,13,4705.376720936034,3416.890825278147,1288.4858956578869,OK
R,40,COLUMN,2B,-20.8,7.25,3.96,7.92,701005,702005,66,14,5692.205342999412,4146.947878303303,1545.2574646961093,OK
R,41,COLUMN,2C,-10.8,7.25,3.96,7.92,701006,702006,67,15,6293.483207662024,4581.486813214135,1711.9963944478895,OK
R,42,COLUMN,3B,-20.8,0.0,3.96,7.92,701007,702007,68,16,3065.9369339207337,2236.8791680780314,829.0577658427023,OK
R,43,COLUMN,3C,-10.8,0.0,3.96,7.92,701008,702008,69,17,3047.8534801920423,2239.7662259133085,808.0872542787338,OK
R,44,COLUMN,E,0.0,0.0,7.92,11.88,200001,300001,70,18,465.18557909781214,195.50656862037647,269.67901047743567,OK
R,45,COLUMN,F,10.0,0.0,7.92,11.88,200101,300101,71,19,3004.503087623589,1849.7075982705892,1154.795489353,OK
R,46,COLUMN,G,20.0,0.0,7.92,11.88,200201,300201,72,20,4124.147656469146,2733.234267143663,1390.9133893254825,OK
R,47,COLUMN,H,30.0,0.0,7.92,11.88,200301,300301,73,21,3847.20716305146,2832.0447826862264,1015.1623803652337,OK
R,48,COLUMN,I,40.0,0.0,7.92,11.88,200401,300401,74,22,1981.9882371371164,1364.7461427068542,617.2420944302621,OK
R,49,COLUMN,I_prima,45.0,0.0,7.92,11.88,200451,300451,75,23,2122.425591309895,1861.8912188366144,260.53437247328065,OK
R,50,COLUMN,E,0.0,7.25,7.92,11.88,201001,301001,76,24,481.6948005113312,1170.8436989835723,-689.1488984722411,OK
R,51,COLUMN,F,10.0,7.25,7.92,11.88,201101,301101,77,25,3995.6615983219167,2720.4593477478447,1275.202250574072,OK
R,52,COLUMN,G,20.0,7.25,7.92,11.88,201201,301201,78,26,4581.281450262528,3063.5941285207045,1517.6873217418233,OK
R,53,COLUMN,H,30.0,7.25,7.92,11.88,201301,301301,79,27,4731.4001388394445,3162.7271614048373,1568.6729774346072,OK
R,54,COLUMN,I,40.0,7.25,7.92,11.88,201401,301401,80,28,3336.9088779788863,2116.8801900232133,1220.028687955673,OK
R,55,COLUMN,I_prima,45.0,7.25,7.92,11.88,201451,301451,81,29,3389.7827645654697,2950.490547387357,439.2922171781129,OK
R,56,COLUMN,E,0.0,16.15,7.92,11.88,202001,302001,82,30,853.0207411781663,-127.6808158958395,980.7015570740058,OK
R,57,COLUMN,F,10.0,16.15,7.92,11.88,202101,302101,83,31,2798.725094122928,1901.630700631024,897.0943934919042,OK
R,58,COLUMN,G,20.0,16.15,7.92,11.88,202201,302201,84,32,2795.559267613488,1879.6650165150513,915.8942510984366,OK
R,59,COLUMN,H,30.0,16.15,7.92,11.88,202301,302301,85,33,2890.307859319604,1945.38237136528,944.9254879543241,OK
R,60,COLUMN,I,40.0,16.15,7.92,11.88,202401,302401,86,34,2074.156703075651,1320.5798880219431,753.5768150537078,OK
R,61,COLUMN,I_prima,45.0,16.15,7.92,11.88,202451,302451,87,35,2285.3313734873914,1986.6495116920719,298.6818617953195,OK
R,62,COLUMN,1B,-20.8,16.15,7.92,11.88,702001,703001,88,36,2858.56939672894,1791.6312311859679,1066.938165542972,OK
R,63,COLUMN,1C,-10.8,16.15,7.92,11.88,702002,703002,89,37,2861.8996783118896,1815.4857086857805,1046.413969626109,OK
R,64,COLUMN,1D,-0.8,16.15,7.92,11.88,702003,703003,90,38,721.4613522360098,1097.592065726421,-376.13071349041115,OK
R,65,COLUMN,2A,-28.3,7.25,7.92,11.88,702004,703004,91,39,3416.890825278147,2139.723794237572,1277.1670310405752,OK
R,66,COLUMN,2B,-20.8,7.25,7.92,11.88,702005,703005,92,40,4146.947878303303,2610.3948523935874,1536.5530259097154,OK
R,67,COLUMN,2C,-10.8,7.25,7.92,11.88,702006,703006,93,41,4581.486813214135,2887.8608366875683,1693.6259765265663,OK
R,68,COLUMN,3B,-20.8,0.0,7.92,11.88,702007,703007,94,42,2236.8791680780314,1403.650738706855,833.2284293711764,OK
R,69,COLUMN,3C,-10.8,0.0,7.92,11.88,702008,703008,95,43,2239.7662259133085,1427.474343237605,812.2918826757036,OK
R,70,COLUMN,E,0.0,0.0,11.88,15.84,300001,400001,96,44,195.50656862037647,666.3222254666786,-470.8156568463021,OK
R,71,COLUMN,F,10.0,0.0,11.88,15.84,300101,400101,97,45,1849.7075982705892,921.508331545827,928.1992667247622,OK
R,72,COLUMN,G,20.0,0.0,11.88,15.84,300201,400201,98,46,2733.234267143663,1564.1017330295604,1169.1325341141028,OK
R,73,COLUMN,H,30.0,0.0,11.88,15.84,300301,400301,99,47,2832.0447826862264,1688.806645048523,1143.2381376377034,OK
R,74,COLUMN,I,40.0,0.0,11.88,15.84,300401,400401,100,48,1364.7461427068542,868.2558818878614,496.49026081899285,OK
R,75,COLUMN,I_prima,45.0,0.0,11.88,15.84,300451,400451,101,49,1861.8912188366144,959.7987549391843,902.0924638974301,OK
R,76,COLUMN,E,0.0,7.25,11.88,15.84,301001,401001,103,50,1170.8436989835723,697.0667314251966,473.77696755837565,OK
R,77,COLUMN,F,10.0,7.25,11.88,15.84,301101,401101,104,51,2720.4593477478447,1457.5489814315815,1262.9103663162632,OK
R,78,COLUMN,G,20.0,7.25,11.88,15.84,301201,401201,105,52,3063.5941285207045,1589.5539190285936,1474.040209492111,OK
R,79,COLUMN,H,30.0,7.25,11.88,15.84,301301,401301,106,53,3162.7271614048373,1715.571971526998,1447.1551898778393,OK
R,80,COLUMN,I,40.0,7.25,11.88,15.84,301401,401401,107,54,2116.8801900232133,1152.9655584890938,963.9146315341195,OK
R,81,COLUMN,I_prima,45.0,7.25,11.88,15.84,301451,401451,108,55,2950.490547387357,1509.0449958006425,1441.4455515867144,OK
R,82,COLUMN,E,0.0,16.15,11.88,15.84,302001,402001,110,56,-127.6808158958395,929.4892987537896,-1057.170114649629,OK
R,83,COLUMN,F,10.0,16.15,11.88,15.84,302101,402101,111,57,1901.630700631024,977.6258625195487,924.0048381114752,OK
R,84,COLUMN,G,20.0,16.15,11.88,15.84,302201,402201,112,58,1879.6650165150513,978.4299782950845,901.2350382199668,OK
R,85,COLUMN,H,30.0,16.15,11.88,15.84,302301,402301,113,59,1945.38237136528,1013.0605877322672,932.3217836330128,OK
R,86,COLUMN,I,40.0,16.15,11.88,15.84,302401,402401,114,60,1320.5798880219431,680.9790615437588,639.6008264781843,OK
R,87,COLUMN,I_prima,45.0,16.15,11.88,15.84,302451,402451,115,61,1986.6495116920719,986.8055653162038,999.8439463758681,OK
R,88,COLUMN,1B,-20.8,16.15,11.88,15.84,703001,704001,117,62,1791.6312311859679,727.5361612419554,1064.0950699440125,OK
R,89,COLUMN,1C,-10.8,16.15,11.88,15.84,703002,704002,118,63,1815.4857086857805,810.5848565747971,1004.9008521109835,OK
R,90,COLUMN,1D,-0.8,16.15,11.88,15.84,703003,704003,119,64,1097.592065726421,28.543235489999685,1069.0488302364213,OK
R,91,COLUMN,2A,-28.3,7.25,11.88,15.84,703004,704004,120,65,2139.723794237572,864.6997336962033,1275.0240605413685,OK
R,92,COLUMN,2B,-20.8,7.25,11.88,15.84,703005,704005,121,66,2610.3948523935874,1087.725237344941,1522.6696150486464,OK
R,93,COLUMN,2C,-10.8,7.25,11.88,15.84,703006,704006,122,67,2887.8608366875683,1203.7301213223732,1684.130715365195,OK
R,94,COLUMN,3B,-20.8,0.0,11.88,15.84,703007,704007,123,68,1403.650738706855,566.6863649645791,836.9643737422759,OK
R,95,COLUMN,3C,-10.8,0.0,11.88,15.84,703008,704008,124,69,1427.474343237605,606.1463472069184,821.3279960306864,OK
R,96,COLUMN,E,0.0,0.0,15.84,19.8,400001,500001,,70,666.3222254666786,0,666.3222254666786,OK
R,97,COLUMN,F,10.0,0.0,15.84,19.8,400101,500101,,71,921.508331545827,0,921.508331545827,OK
R,98,COLUMN,G,20.0,0.0,15.84,19.8,400201,500201,,72,1564.1017330295604,0,1564.1017330295604,OK
R,99,COLUMN,H,30.0,0.0,15.84,19.8,400301,500301,,73,1688.806645048523,0,1688.806645048523,OK
R,100,COLUMN,I,40.0,0.0,15.84,19.8,400401,500401,,74,868.2558818878614,0,868.2558818878614,OK
R,101,COLUMN,I_prima,45.0,0.0,15.84,19.8,400451,500451,,75,959.7987549391843,0,959.7987549391843,OK
R,102,COLUMN,J,50.0,0.0,15.84,19.8,400501,500501,,,45.934588449560145,0,45.934588449560145,OK
R,103,COLUMN,E,0.0,7.25,15.84,19.8,401001,501001,,76,697.0667314251966,0,697.0667314251966,OK
R,104,COLUMN,F,10.0,7.25,15.84,19.8,401101,501101,,77,1457.5489814315815,0,1457.5489814315815,OK
R,105,COLUMN,G,20.0,7.25,15.84,19.8,401201,501201,,78,1589.5539190285936,0,1589.5539190285936,OK
R,106,COLUMN,H,30.0,7.25,15.84,19.8,401301,501301,,79,1715.571971526998,0,1715.571971526998,OK
R,107,COLUMN,I,40.0,7.25,15.84,19.8,401401,501401,,80,1152.9655584890938,0,1152.9655584890938,OK
R,108,COLUMN,I_prima,45.0,7.25,15.84,19.8,401451,501451,,81,1509.0449958006425,0,1509.0449958006425,OK
R,109,COLUMN,J,50.0,7.25,15.84,19.8,401501,501501,,,99.1952176786462,0,99.1952176786462,OK
R,110,COLUMN,E,0.0,16.15,15.84,19.8,402001,502001,,82,929.4892987537896,0,929.4892987537896,OK
R,111,COLUMN,F,10.0,16.15,15.84,19.8,402101,502101,,83,977.6258625195487,0,977.6258625195487,OK
R,112,COLUMN,G,20.0,16.15,15.84,19.8,402201,502201,,84,978.4299782950845,0,978.4299782950845,OK
R,113,COLUMN,H,30.0,16.15,15.84,19.8,402301,502301,,85,1013.0605877322672,0,1013.0605877322672,OK
R,114,COLUMN,I,40.0,16.15,15.84,19.8,402401,502401,,86,680.9790615437588,0,680.9790615437588,OK
R,115,COLUMN,I_prima,45.0,16.15,15.84,19.8,402451,502451,,87,986.8055653162038,0,986.8055653162038,OK
R,116,COLUMN,J,50.0,16.15,15.84,19.8,402501,502501,,,48.93397064580303,0,48.93397064580303,OK
R,117,COLUMN,1B,-20.8,16.15,15.84,19.8,704001,705001,,88,727.5361612419554,0,727.5361612419554,OK
R,118,COLUMN,1C,-10.8,16.15,15.84,19.8,704002,705002,,89,810.5848565747971,0,810.5848565747971,OK
R,119,COLUMN,1D,-0.8,16.15,15.84,19.8,704003,705003,,90,28.543235489999685,0,28.543235489999685,OK
R,120,COLUMN,2A,-28.3,7.25,15.84,19.8,704004,705004,,91,864.6997336962033,0,864.6997336962033,OK
R,121,COLUMN,2B,-20.8,7.25,15.84,19.8,704005,705005,,92,1087.725237344941,0,1087.725237344941,OK
R,122,COLUMN,2C,-10.8,7.25,15.84,19.8,704006,705006,,93,1203.7301213223732,0,1203.7301213223732,OK
R,123,COLUMN,3B,-20.8,0.0,15.84,19.8,704007,705007,,94,566.6863649645791,0,566.6863649645791,OK
R,124,COLUMN,3C,-10.8,0.0,15.84,19.8,704008,705008,,95,606.1463472069184,0,606.1463472069184,OK
R,359,STEEL_COLUMN_SHS300x20,BEAM_MANUAL,10.0,-4.12,7.92,11.88,900017,900118,,,13.227802230143753,0,13.227802230143753,OK
R,360,STEEL_COLUMN_SHS300x20,BEAM_MANUAL,17.49,-4.12,7.92,11.88,900018,900119,,,8.680203346151886,0,8.680203346151886,OK
R,361,STEEL_COLUMN_SHS300x20,BEAM_MANUAL,20.0,-4.12,15.84,19.8,900037,900049,,,26.757124166512778,0,26.757124166512778,OK
R,362,STEEL_COLUMN_SHS300x20,BEAM_MANUAL,30.0,-4.12,15.84,19.8,900038,900050,,,26.491302035796167,0,26.491302035796167,OK
EXG,1,COLUMN,E,0.0,0.0,0.0,3.96,1,100001,18,,-2.6743978010148086,-4.349780815466562,1.6753830144517532,OK
EXG,2,COLUMN,F,10.0,0.0,0.0,3.96,101,100101,19,,2.375414871908501,-1.7795670340450167,4.154981905953518,OK
EXG,3,COLUMN,G,20.0,0.0,0.0,3.96,201,100201,20,,3.002767264933655,3.0027672649336545,4.440892098500626e-16,OK
EXG,4,COLUMN,E,0.0,7.25,0.0,3.96,1001,101001,24,,27.300264808236115,80.60372048937496,-53.30345568113885,OK
EXG,5,COLUMN,F,10.0,7.25,0.0,3.96,1101,101101,25,,6.616536095659218,2.9486948561438497,3.6678412395153686,OK
EXG,6,COLUMN,G,20.0,7.25,0.0,3.96,1201,101201,26,,-1.8173666791001926,-1.8173666791001926,0.0,OK
EXG,7,COLUMN,E,0.0,16.15,0.0,3.96,2001,102001,30,,9.929869421321932,8.3532517315259,1.5766176897960325,OK
EXG,8,COLUMN,F,10.0,16.15,0.0,3.96,2101,102101,31,,2.8973774824263083,0.8931380780360823,2.0042394043902263,OK
EXG,9,COLUMN,G,20.0,16.15,0.0,3.96,2201,102201,32,,-3.95303215210942,-3.953032152109419,-8.881784197001252e-16,OK
EXG,10,COLUMN,1B,-20.8,16.15,0.0,3.96,700001,701001,36,,-0.906731728732293,0.003663745391763046,-0.9103954741240561,OK
EXG,11,COLUMN,1C,-10.8,16.15,0.0,3.96,700002,701002,37,,5.929538496025772,4.5224050364469655,1.407133459578807,OK
EXG,12,COLUMN,1D,-0.8,16.15,0.0,3.96,700003,701003,38,,-2.9673573785633356,-3.1070602783691927,0.13970289980585715,OK
EXG,13,COLUMN,2A,-28.3,7.25,0.0,3.96,700004,701004,39,,-48.64554603732222,-43.30213432082475,-5.343411716497471,OK
EXG,14,COLUMN,2B,-20.8,7.25,0.0,3.96,700005,701005,40,,20.61060753164915,18.557127603564723,2.0534799280844283,OK
EXG,15,COLUMN,2C,-10.8,7.25,0.0,3.96,700006,701006,41,,0.37058953586094395,-0.1612997774961128,0.5318893133570568,OK
EXG,16,COLUMN,3B,-20.8,0.0,0.0,3.96,700007,701007,42,,-0.6725242482735762,0.17927283718002596,-0.8517970854536021,OK
EXG,17,COLUMN,3C,-10.8,0.0,0.0,3.96,700008,701008,43,,-1.1004174534757611,-1.6658123258148503,0.5653948723390891,OK
EXG,18,COLUMN,E,0.0,0.0,3.96,7.92,100001,200001,44,1,-4.349780815466562,0.5437268795115756,-4.893507694978138,OK
EXG,19,COLUMN,F,10.0,0.0,3.96,7.92,100101,200101,45,2,-1.7795670340450167,-1.0093970209066867,-0.77017001313833,OK
EXG,20,COLUMN,G,20.0,0.0,3.96,7.92,100201,200201,46,3,3.0027672649336545,-0.15375310842364323,3.156520373357298,OK
EXG,21,COLUMN,H,30.0,0.0,3.96,7.92,100301,200301,47,,0.7588327425078757,3.3909524204142527,-2.632119677906377,OK
EXG,22,COLUMN,I,40.0,0.0,3.96,7.92,100401,200401,48,,-43.91044504338843,-40.42018447546092,-3.490260567927507,OK
EXG,23,COLUMN,I_prima,45.0,0.0,3.96,7.92,100451,200451,49,,99.19205192148075,56.52137258853244,42.67067933294832,OK
EXG,24,COLUMN,E,0.0,7.25,3.96,7.92,101001,201001,50,4,80.60372048937496,-16.763042311688242,97.3667628010632,OK
EXG,25,COLUMN,F,10.0,7.25,3.96,7.92,101101,201101,51,5,2.9486948561438497,1.2476010343402886,1.7010938218035612,OK
EXG,26,COLUMN,G,20.0,7.25,3.96,7.92,101201,201201,52,6,-1.8173666791001926,-0.5077306341208231,-1.3096360449793694,OK
EXG,27,COLUMN,H,30.0,7.25,3.96,7.92,101301,201301,53,,-3.759481419755561,-2.6617141464412897,-1.0977672733142714,OK
EXG,28,COLUMN,I,40.0,7.25,3.96,7.92,101401,201401,54,,-63.39878330491306,-39.61827868894426,-23.780504615968802,OK
EXG,29,COLUMN,I_prima,45.0,7.25,3.96,7.92,101451,201451,55,,95.60860521512302,62.22358452182166,33.385020693301364,OK
EXG,30,COLUMN,E,0.0,16.15,3.96,7.92,102001,202001,56,7,8.3532517315259,9.62764165918943,-1.274389927663531,OK
EXG,31,COLUMN,F,10.0,16.15,3.96,7.92,102101,202101,57,8,0.8931380780360823,0.38790132796131405,0.5052367500747682,OK
EXG,32,COLUMN,G,20.0,16.15,3.96,7.92,102201,202201,58,9,-3.953032152109419,-2.8491328618906664,-1.1038992902187528,OK
EXG,33,COLUMN,H,30.0,16.15,3.96,7.92,102301,202301,59,,-487.1264808436854,9.159008722524275,-496.28548956620966,OK
EXG,34,COLUMN,I,40.0,16.15,3.96,7.92,102401,202401,60,,-33.79029669665381,-28.40208038524993,-5.38821631140388,OK
EXG,35,COLUMN,I_prima,45.0,16.15,3.96,7.92,102451,202451,61,,541.8315061279111,41.503844191205935,500.32766193670517,OK
EXG,36,COLUMN,1B,-20.8,16.15,3.96,7.92,701001,702001,62,10,0.003663745391763046,-0.26044424755615536,0.2641079929479184,OK
EXG,37,COLUMN,1C,-10.8,16.15,3.96,7.92,701002,702002,63,11,4.5224050364469655,3.495375741460613,1.0270292949863524,OK
EXG,38,COLUMN,1D,-0.8,16.15,3.96,7.92,701003,702003,64,12,-3.1070602783691927,-3.407878618712003,0.3008183403428104,OK
EXG,39,COLUMN,2A,-28.3,7.25,3.96,7.92,701004,702004,65,13,-43.30213432082475,-27.594403558879193,-15.707730761945555,OK
EXG,40,COLUMN,2B,-20.8,7.25,3.96,7.92,701005,702005,66,14,18.557127603564723,11.253845247773448,7.303282355791275,OK
EXG,41,COLUMN,2C,-10.8,7.25,3.96,7.92,701006,702006,67,15,-0.1612997774961128,0.3203678760634772,-0.48166765355959,OK
EXG,42,COLUMN,3B,-20.8,0.0,3.96,7.92,701007,702007,68,16,0.17927283718002596,-0.12839063857446226,0.3076634757544882,OK
EXG,43,COLUMN,3C,-10.8,0.0,3.96,7.92,701008,702008,69,17,-1.6658123258148503,-1.269049159644977,-0.39676316616987317,OK
EXG,44,COLUMN,E,0.0,0.0,7.92,11.88,200001,300001,70,18,0.5437268795115756,2.53446707849269,-1.9907401989811144,OK
EXG,45,COLUMN,F,10.0,0.0,7.92,11.88,200101,300101,71,19,-1.0093970209066867,0.8211546771974948,-1.8305516981041814,OK
EXG,46,COLUMN,G,20.0,0.0,7.92,11.88,200201,300201,72,20,-0.15375310842364323,-3.194539070679261,3.0407859622556175,OK
EXG,47,COLUMN,H,30.0,0.0,7.92,11.88,200301,300301,73,21,3.3909524204142527,2.306359650221041,1.0845927701932117,OK
EXG,48,COLUMN,I,40.0,0.0,7.92,11.88,200401,300401,74,22,-40.42018447546092,-20.73820841807579,-19.681976057385132,OK
EXG,49,COLUMN,I_prima,45.0,0.0,7.92,11.88,200451,300451,75,23,56.52137258853244,29.023918691596467,27.49745389693597,OK
EXG,50,COLUMN,E,0.0,7.25,7.92,11.88,201001,301001,76,24,-16.763042311688242,6.795958026452323,-23.559000338140564,OK
EXG,51,COLUMN,F,10.0,7.25,7.92,11.88,201101,301101,77,25,1.2476010343402886,0.539588801099192,0.7080122332410965,OK
EXG,52,COLUMN,G,20.0,7.25,7.92,11.88,201201,301201,78,26,-0.5077306341208231,0.3855117377139871,-0.8932423718348101,OK
EXG,53,COLUMN,H,30.0,7.25,7.92,11.88,201301,301301,79,27,-2.6617141464412897,-2.0955227423224305,-0.5661914041188592,OK
EXG,54,COLUMN,I,40.0,7.25,7.92,11.88,201401,301401,80,28,-39.61827868894426,-19.588467125241856,-20.029811563702403,OK
EXG,55,COLUMN,I_prima,45.0,7.25,7.92,11.88,201451,301451,81,29,62.22358452182166,33.01178409629275,29.211800425528907,OK
EXG,56,COLUMN,E,0.0,16.15,7.92,11.88,202001,302001,82,30,9.62764165918943,10.715301302247669,-1.0876596430582381,OK
EXG,57,COLUMN,F,10.0,16.15,7.92,11.88,202101,302101,83,31,0.38790132796131405,0.09606789079047715,0.2918334371708369,OK
EXG,58,COLUMN,G,20.0,16.15,7.92,11.88,202201,302201,84,32,-2.8491328618906664,-1.648213673489412,-1.2009191884012544,OK
EXG,59,COLUMN,H,30.0,16.15,7.92,11.88,202301,302301,85,33,9.159008722524275,5.510759267921739,3.648249454602536,OK
EXG,60,COLUMN,I,40.0,16.15,7.92,11.88,202401,302401,86,34,-28.40208038524993,-12.829657707450489,-15.572422677799443,OK
EXG,61,COLUMN,I_prima,45.0,16.15,7.92,11.88,202451,302451,87,35,41.503844191205935,19.715028883427593,21.788815307778343,OK
EXG,62,COLUMN,1B,-20.8,16.15,7.92,11.88,702001,703001,88,36,-0.26044424755615536,0.4206720541564849,-0.6811163017126403,OK
EXG,63,COLUMN,1C,-10.8,16.15,7.92,11.88,702002,703002,89,37,3.495375741460613,2.388870196716641,1.106505544743972,OK
EXG,64,COLUMN,1D,-0.8,16.15,7.92,11.88,702003,703003,90,38,-3.407878618712003,-6.12305489931468,2.715176280602677,OK
EXG,65,COLUMN,2A,-28.3,7.25,7.92,11.88,702004,703004,91,39,-27.594403558879193,-12.56249689244218,-15.031906666437013,OK
EXG,66,COLUMN,2B,-20.8,7.25,7.92,11.88,702005,703005,92,40,11.253845247773448,4.8040564371386925,6.449788810634756,OK
EXG,67,COLUMN,2C,-10.8,7.25,7.92,11.88,702006,703006,93,41,0.3203678760634772,-0.08915165671868254,0.40951953278215975,OK
EXG,68,COLUMN,3B,-20.8,0.0,7.92,11.88,702007,703007,94,42,-0.12839063857446226,0.6358650585682615,-0.7642556971427237,OK
EXG,69,COLUMN,3C,-10.8,0.0,7.92,11.88,702008,703008,95,43,-1.269049159644977,-1.8419087425240814,0.5728595828791043,OK
EXG,70,COLUMN,E,0.0,0.0,11.88,15.84,300001,400001,96,44,2.53446707849269,-4.903125796961822,7.437592875454512,OK
EXG,71,COLUMN,F,10.0,0.0,11.88,15.84,300101,400101,97,45,0.8211546771974948,0.7057289908628491,0.11542568633464567,OK
EXG,72,COLUMN,G,20.0,0.0,11.88,15.84,300201,400201,98,46,-3.194539070679261,-1.6205002835063316,-1.5740387871729293,OK
EXG,73,COLUMN,H,30.0,0.0,11.88,15.84,300301,400301,99,47,2.306359650221041,1.152203519972209,1.1541561302488321,OK
EXG,74,COLUMN,I,40.0,0.0,11.88,15.84,300401,400401,100,48,-20.73820841807579,-7.395045802666105,-13.343162615409685,OK
EXG,75,COLUMN,I_prima,45.0,0.0,11.88,15.84,300451,400451,101,49,29.023918691596467,10.870731563645114,18.153187127951355,OK
EXG,76,COLUMN,E,0.0,7.25,11.88,15.84,301001,401001,103,50,6.795958026452323,-28.865631368232545,35.66158939468487,OK
EXG,77,COLUMN,F,10.0,7.25,11.88,15.84,301101,401101,104,51,0.539588801099192,-1.4705393540756153,2.010128155174807,OK
EXG,78,COLUMN,G,20.0,7.25,11.88,15.84,301201,401201,105,52,0.3855117377139871,0.43920896419388866,-0.05369722647990155,OK
EXG,79,COLUMN,H,30.0,7.25,11.88,15.84,301301,401301,106,53,-2.0955227423224305,-1.1015426730219031,-0.9939800693005274,OK
EXG,80,COLUMN,I,40.0,7.25,11.88,15.84,301401,401401,107,54,-19.588467125241856,-6.895014593565198,-12.693452531676659,OK
EXG,81,COLUMN,I_prima,45.0,7.25,11.88,15.84,301451,401451,108,55,33.01178409629275,13.176440732113814,19.835343364178936,OK
EXG,82,COLUMN,E,0.0,16.15,11.88,15.84,302001,402001,110,56,10.715301302247669,-0.40345281667575494,11.118754118923423,OK
EXG,83,COLUMN,F,10.0,16.15,11.88,15.84,302101,402101,111,57,0.09606789079047715,0.8147405209293209,-0.7186726301388437,OK
EXG,84,COLUMN,G,20.0,16.15,11.88,15.84,302201,402201,112,58,-1.648213673489412,-0.8371371003894151,-0.8110765730999968,OK
EXG,85,COLUMN,H,30.0,16.15,11.88,15.84,302301,402301,113,59,5.510759267921739,2.5628759065579256,2.9478833613638136,OK
EXG,86,COLUMN,I,40.0,16.15,11.88,15.84,302401,402401,114,60,-12.829657707450489,-4.051986021678406,-8.777671685772082,OK
EXG,87,COLUMN,I_prima,45.0,16.15,11.88,15.84,302451,402451,115,61,19.715028883427593,7.091400118263368,12.623628765164224,OK
EXG,88,COLUMN,1B,-20.8,16.15,11.88,15.84,703001,704001,117,62,0.4206720541564849,0.8586756100928762,-0.4380035559363913,OK
EXG,89,COLUMN,1C,-10.8,16.15,11.88,15.84,703002,704002,118,63,2.388870196716641,-0.23398140632197534,2.622851603038616,OK
EXG,90,COLUMN,1D,-0.8,16.15,11.88,15.84,703003,704003,119,64,-6.12305489931468,0.0,-6.12305489931468,OK
EXG,91,COLUMN,2A,-28.3,7.25,11.88,15.84,703004,704004,120,65,-12.56249689244218,-3.343888251897038,-9.218608640545142,OK
EXG,92,COLUMN,2B,-20.8,7.25,11.88,15.84,703005,704005,121,66,4.8040564371386925,0.9626229229752272,3.841433514163465,OK
EXG,93,COLUMN,2C,-10.8,7.25,11.88,15.84,703006,704006,122,67,-0.08915165671868254,1.4149210320766026,-1.504072688795285,OK
EXG,94,COLUMN,3B,-20.8,0.0,11.88,15.84,703007,704007,123,68,0.6358650585682615,0.8599896130380679,-0.2241245544698064,OK
EXG,95,COLUMN,3C,-10.8,0.0,11.88,15.84,703008,704008,124,69,-1.8419087425240814,-1.1671588612279615,-0.6747498812961199,OK
EXG,96,COLUMN,E,0.0,0.0,15.84,19.8,400001,500001,,70,-4.903125796961822,0,-4.903125796961822,OK
EXG,97,COLUMN,F,10.0,0.0,15.84,19.8,400101,500101,,71,0.7057289908628491,0,0.7057289908628491,OK
EXG,98,COLUMN,G,20.0,0.0,15.84,19.8,400201,500201,,72,-1.6205002835063316,0,-1.6205002835063316,OK
EXG,99,COLUMN,H,30.0,0.0,15.84,19.8,400301,500301,,73,1.152203519972209,0,1.152203519972209,OK
EXG,100,COLUMN,I,40.0,0.0,15.84,19.8,400401,500401,,74,-7.395045802666105,0,-7.395045802666105,OK
EXG,101,COLUMN,I_prima,45.0,0.0,15.84,19.8,400451,500451,,75,10.870731563645114,0,10.870731563645114,OK
EXG,102,COLUMN,J,50.0,0.0,15.84,19.8,400501,500501,,,-0.9120774984151366,0,-0.9120774984151366,OK
EXG,103,COLUMN,E,0.0,7.25,15.84,19.8,401001,501001,,76,-28.865631368232545,0,-28.865631368232545,OK
EXG,104,COLUMN,F,10.0,7.25,15.84,19.8,401101,501101,,77,-1.4705393540756153,0,-1.4705393540756153,OK
EXG,105,COLUMN,G,20.0,7.25,15.84,19.8,401201,501201,,78,0.43920896419388866,0,0.43920896419388866,OK
EXG,106,COLUMN,H,30.0,7.25,15.84,19.8,401301,501301,,79,-1.1015426730219031,0,-1.1015426730219031,OK
EXG,107,COLUMN,I,40.0,7.25,15.84,19.8,401401,501401,,80,-6.895014593565198,0,-6.895014593565198,OK
EXG,108,COLUMN,I_prima,45.0,7.25,15.84,19.8,401451,501451,,81,13.176440732113814,0,13.176440732113814,OK
EXG,109,COLUMN,J,50.0,7.25,15.84,19.8,401501,501501,,,-0.8586431066638839,0,-0.8586431066638839,OK
EXG,110,COLUMN,E,0.0,16.15,15.84,19.8,402001,502001,,82,-0.40345281667575494,0,-0.40345281667575494,OK
EXG,111,COLUMN,F,10.0,16.15,15.84,19.8,402101,502101,,83,0.8147405209293209,0,0.8147405209293209,OK
EXG,112,COLUMN,G,20.0,16.15,15.84,19.8,402201,502201,,84,-0.8371371003894151,0,-0.8371371003894151,OK
EXG,113,COLUMN,H,30.0,16.15,15.84,19.8,402301,502301,,85,2.5628759065579256,0,2.5628759065579256,OK
EXG,114,COLUMN,I,40.0,16.15,15.84,19.8,402401,502401,,86,-4.051986021678406,0,-4.051986021678406,OK
EXG,115,COLUMN,I_prima,45.0,16.15,15.84,19.8,402451,502451,,87,7.091400118263368,0,7.091400118263368,OK
EXG,116,COLUMN,J,50.0,16.15,15.84,19.8,402501,502501,,,-0.7572714229019781,0,-0.7572714229019781,OK
EXG,117,COLUMN,1B,-20.8,16.15,15.84,19.8,704001,705001,,88,0.8586756100928762,0,0.8586756100928762,OK
EXG,118,COLUMN,1C,-10.8,16.15,15.84,19.8,704002,705002,,89,-0.23398140632197534,0,-0.23398140632197534,OK
EXG,119,COLUMN,1D,-0.8,16.15,15.84,19.8,704003,705003,,90,0.0,0,0.0,OK
EXG,120,COLUMN,2A,-28.3,7.25,15.84,19.8,704004,705004,,91,-3.343888251897038,0,-3.343888251897038,OK
EXG,121,COLUMN,2B,-20.8,7.25,15.84,19.8,704005,705005,,92,0.9626229229752272,0,0.9626229229752272,OK
EXG,122,COLUMN,2C,-10.8,7.25,15.84,19.8,704006,705006,,93,1.4149210320766026,0,1.4149210320766026,OK
EXG,123,COLUMN,3B,-20.8,0.0,15.84,19.8,704007,705007,,94,0.8599896130380679,0,0.8599896130380679,OK
EXG,124,COLUMN,3C,-10.8,0.0,15.84,19.8,704008,705008,,95,-1.1671588612279615,0,-1.1671588612279615,OK
EXG,359,STEEL_COLUMN_SHS300x20,BEAM_MANUAL,10.0,-4.12,7.92,11.88,900017,900118,,,0.004743663915445772,0,0.004743663915445772,OK
EXG,360,STEEL_COLUMN_SHS300x20,BEAM_MANUAL,17.49,-4.12,7.92,11.88,900018,900119,,,-0.04132110405637275,0,-0.04132110405637275,OK
EXG,361,STEEL_COLUMN_SHS300x20,BEAM_MANUAL,20.0,-4.12,15.84,19.8,900037,900049,,,-0.09138154265804105,0,-0.09138154265804105,OK
EXG,362,STEEL_COLUMN_SHS300x20,BEAM_MANUAL,30.0,-4.12,15.84,19.8,900038,900050,,,-0.016368995759097952,0,-0.016368995759097952,OK
EXQ,1,COLUMN,E,0.0,0.0,0.0,3.96,1,100001,18,,-0.7970379941840195,-1.2854657659885078,0.48842777180448826,OK
EXQ,2,COLUMN,F,10.0,0.0,0.0,3.96,101,100101,19,,0.705598540532773,-0.5002806476706126,1.2058791882033857,OK
EXQ,3,COLUMN,G,20.0,0.0,0.0,3.96,201,100201,20,,0.8290614974618008,0.829061497461801,-2.220446049250313e-16,OK
EXQ,4,COLUMN,E,0.0,7.25,0.0,3.96,1001,101001,24,,8.013328529831924,23.59901088417496,-15.585682354343035,OK
EXQ,5,COLUMN,F,10.0,7.25,0.0,3.96,1101,101101,25,,1.925672008943134,0.8473857707622041,1.07828623818093,OK
EXQ,6,COLUMN,G,20.0,7.25,0.0,3.96,1201,101201,26,,-0.5266471597795002,-0.5266471597795002,0.0,OK
EXQ,7,COLUMN,E,0.0,16.15,0.0,3.96,2001,102001,30,,2.895891121992913,2.401521028688576,0.4943700933043367,OK
EXQ,8,COLUMN,F,10.0,16.15,0.0,3.96,2101,102101,31,,0.8550008546070976,0.271630392446219,0.5833704621608786,OK
EXQ,9,COLUMN,G,20.0,16.15,0.0,3.96,2201,102201,32,,-1.160179721226837,-1.1601797212268372,2.220446049250313e-16,OK
EXQ,10,COLUMN,1B,-20.8,16.15,0.0,3.96,700001,701001,36,,-0.2856617807109899,-0.0191941791922128,-0.26646760151877713,OK
EXQ,11,COLUMN,1C,-10.8,16.15,0.0,3.96,700002,701002,37,,1.6102789403815265,1.1961321355648373,0.4141468048166892,OK
EXQ,12,COLUMN,1D,-0.8,16.15,0.0,3.96,700003,701003,38,,-0.8890756482367547,-0.9323375758426072,0.04326192760585257,OK
EXQ,13,COLUMN,2A,-28.3,7.25,0.0,3.96,700004,701004,39,,-13.901132463846576,-12.324662794810841,-1.5764696690357347,OK
EXQ,14,COLUMN,2B,-20.8,7.25,0.0,3.96,700005,701005,40,,5.893196744339401,5.284679455505002,0.608517288834399,OK
EXQ,15,COLUMN,2C,-10.8,7.25,0.0,3.96,700006,701006,41,,-0.008774408592205414,-0.1649222776662483,0.1561478690740429,OK
EXQ,16,COLUMN,3B,-20.8,0.0,0.0,3.96,700007,701007,42,,-0.21256543827595176,0.03692483960096889,-0.24949027787692063,OK
EXQ,17,COLUMN,3C,-10.8,0.0,0.0,3.96,700008,701008,43,,-0.47443472703120254,-0.6412400852103481,0.1668053581791456,OK
EXQ,18,COLUMN,E,0.0,0.0,3.96,7.92,100001,200001,44,1,-1.2854657659885078,0.17580282866694427,-1.461268594655452,OK
EXQ,19,COLUMN,F,10.0,0.0,3.96,7.92,100101,200101,45,2,-0.5002806476706126,-0.282678320081752,-0.21760232758886067,OK
EXQ,20,COLUMN,G,20.0,0.0,3.96,7.92,100201,200201,46,3,0.829061497461801,-0.09358547673126026,0.9226469741930613,OK
EXQ,21,COLUMN,H,30.0,0.0,3.96,7.92,100301,200301,47,,0.25036038827396095,1.0253038356401456,-0.7749434473661847,OK
EXQ,22,COLUMN,I,40.0,0.0,3.96,7.92,100401,200401,48,,-12.894730276940656,-11.888218122675559,-1.0065121542650974,OK
EXQ,23,COLUMN,I_prima,45.0,0.0,3.96,7.92,100451,200451,49,,29.121465602734077,16.615632212093335,12.505833390640742,OK
EXQ,24,COLUMN,E,0.0,7.25,3.96,7.92,101001,201001,50,4,23.59901088417496,-5.4870978117925695,29.08610869596753,OK
EXQ,25,COLUMN,F,10.0,7.25,3.96,7.92,101101,201101,51,5,0.8473857707622041,0.34716160199657004,0.5002241687656341,OK
EXQ,26,COLUMN,G,20.0,7.25,3.96,7.92,101201,201201,52,6,-0.5266471597795002,-0.14230569892128464,-0.3843414608582155,OK
EXQ,27,COLUMN,H,30.0,7.25,3.96,7.92,101301,201301,53,,-1.1037280895083896,-0.7814582257042305,-0.3222698638041591,OK
EXQ,28,COLUMN,I,40.0,7.25,3.96,7.92,101401,201401,54,,-18.610917726197826,-11.649963477041624,-6.960954249156202,OK
EXQ,29,COLUMN,I_prima,45.0,7.25,3.96,7.92,101451,201451,55,,28.073641242031538,18.300326022435467,9.773315219596071,OK
EXQ,30,COLUMN,E,0.0,16.15,3.96,7.92,102001,202001,56,7,2.401521028688576,2.776195624772766,-0.37467459608418974,OK
EXQ,31,COLUMN,F,10.0,16.15,3.96,7.92,102101,202101,57,8,0.271630392446219,0.12298405307995064,0.14864633936626837,OK
EXQ,32,COLUMN,G,20.0,16.15,3.96,7.92,102201,202201,58,9,-1.1601797212268372,-0.8340650764867074,-0.32611464474012986,OK
EXQ,33,COLUMN,H,30.0,16.15,3.96,7.92,102301,202301,59,,-143.0174390790982,2.6932609573814403,-145.71070003647964,OK
EXQ,34,COLUMN,I,40.0,16.15,3.96,7.92,102401,202401,60,,-9.923331386987261,-8.354240139328565,-1.5690912476586956,OK
EXQ,35,COLUMN,I_prima,45.0,16.15,3.96,7.92,102451,202451,61,,159.09246617444134,12.219513636868744,146.8729525375726,OK
EXQ,36,COLUMN,1B,-20.8,16.15,3.96,7.92,701001,702001,62,10,-0.0191941791922128,-0.09694665826358477,0.07775247907137198,OK
EXQ,37,COLUMN,1C,-10.8,16.15,3.96,7.92,701002,702002,63,11,1.1961321355648373,0.8962369959135859,0.2998951396512515,OK
EXQ,38,COLUMN,1D,-0.8,16.15,3.96,7.92,701003,702003,64,12,-0.9323375758426072,-1.0253096510924111,0.09297207524980389,OK
EXQ,39,COLUMN,2A,-28.3,7.25,3.96,7.92,701004,702004,65,13,-12.324662794810841,-7.72074394841884,-4.603918846392001,OK
EXQ,40,COLUMN,2B,-20.8,7.25,3.96,7.92,701005,702005,66,14,5.284679455505002,3.1400541547343352,2.144625300770667,OK
EXQ,41,COLUMN,2C,-10.8,7.25,3.96,7.92,701006,702006,67,15,-0.1649222776662483,-0.01939284252923402,-0.1455294351370143,OK
EXQ,42,COLUMN,3B,-20.8,0.0,3.96,7.92,701007,702007,68,16,0.03692483960096889,-0.05339799725037543,0.09032283685134432,OK
EXQ,43,COLUMN,3C,-10.8,0.0,3.96,7.92,701008,702008,69,17,-0.6412400852103481,-0.5221642159346931,-0.11907586927565506,OK
EXQ,44,COLUMN,E,0.0,0.0,7.92,11.88,200001,300001,70,18,0.17580282866694427,0.7059868986769902,-0.5301840700100459,OK
EXQ,45,COLUMN,F,10.0,0.0,7.92,11.88,200101,300101,71,19,-0.282678320081752,0.2518138317899305,-0.5344921518716825,OK
EXQ,46,COLUMN,G,20.0,0.0,7.92,11.88,200201,300201,72,20,-0.09358547673126026,-0.9780396475189211,0.8844541707876609,OK
EXQ,47,COLUMN,H,30.0,0.0,7.92,11.88,200301,300301,73,21,1.0253038356401456,0.7146404518651682,0.3106633837749774,OK
EXQ,48,COLUMN,I,40.0,0.0,7.92,11.88,200401,300401,74,22,-11.888218122675559,-6.276211010602609,-5.612007112072949,OK
EXQ,49,COLUMN,I_prima,45.0,0.0,7.92,11.88,200451,300451,75,23,16.615632212093335,8.760694492496322,7.854937719597013,OK
EXQ,50,COLUMN,E,0.0,7.25,7.92,11.88,201001,301001,76,24,-5.4870978117925695,2.545998226411057,-8.033096038203627,OK
EXQ,51,COLUMN,F,10.0,7.25,7.92,11.88,201101,301101,77,25,0.34716160199657004,0.1434218330191029,0.20373976897746712,OK
EXQ,52,COLUMN,G,20.0,7.25,7.92,11.88,201201,301201,78,26,-0.14230569892128464,0.11681554466434582,-0.2591212435856305,OK
EXQ,53,COLUMN,H,30.0,7.25,7.92,11.88,201301,301301,79,27,-0.7814582257042305,-0.6086823943973206,-0.17277583130690988,OK
EXQ,54,COLUMN,I,40.0,7.25,7.92,11.88,201401,301401,80,28,-11.649963477041624,-5.934697312928303,-5.715266164113321,OK
EXQ,55,COLUMN,I_prima,45.0,7.25,7.92,11.88,201451,301451,81,29,18.300326022435467,9.941960262763438,8.35836575967203,OK
EXQ,56,COLUMN,E,0.0,16.15,7.92,11.88,202001,302001,82,30,2.776195624772766,3.0816168694138506,-0.30542124464108467,OK
EXQ,57,COLUMN,F,10.0,16.15,7.92,11.88,202101,302101,83,31,0.12298405307995064,0.038809692050362464,0.08417436102958817,OK
EXQ,58,COLUMN,G,20.0,16.15,7.92,11.88,202201,302201,84,32,-0.8340650764867074,-0.48235591050052185,-0.3517091659861855,OK
EXQ,59,COLUMN,H,30.0,16.15,7.92,11.88,202301,302301,85,33,2.6932609573814403,1.6291352949419022,1.064125662439538,OK
EXQ,60,COLUMN,I,40.0,16.15,7.92,11.88,202401,302401,86,34,-8.354240139328565,-3.9490465207289285,-4.405193618599637,OK
EXQ,61,COLUMN,I_prima,45.0,16.15,7.92,11.88,202451,302451,87,35,12.219513636868744,6.042665658536804,6.176847978331939,OK
EXQ,62,COLUMN,1B,-20.8,16.15,7.92,11.88,702001,703001,88,36,-0.09694665826358477,0.09677565504537768,-0.19372231330896245,OK
EXQ,63,COLUMN,1C,-10.8,16.15,7.92,11.88,702002,703002,89,37,0.8962369959135859,0.5695713910455239,0.32666560486806195,OK
EXQ,64,COLUMN,1D,-0.8,16.15,7.92,11.88,702003,703003,90,38,-1.0253096510924111,-1.834825317046619,0.809515665954208,OK
EXQ,65,COLUMN,2A,-28.3,7.25,7.92,11.88,702004,703004,91,39,-7.72074394841884,-3.3748844849381423,-4.345859463480698,OK
EXQ,66,COLUMN,2B,-20.8,7.25,7.92,11.88,702005,703005,92,40,3.1400541547343352,1.2735297789199371,1.8665243758143981,OK
EXQ,67,COLUMN,2C,-10.8,7.25,7.92,11.88,702006,703006,93,41,-0.01939284252923402,-0.1439590964964008,0.12456625396716677,OK
EXQ,68,COLUMN,3B,-20.8,0.0,7.92,11.88,702007,703007,94,42,-0.05339799725037543,0.16491377321572623,-0.21831177046610167,OK
EXQ,69,COLUMN,3C,-10.8,0.0,7.92,11.88,702008,703008,95,43,-0.5221642159346931,-0.6958471246215457,0.17368290868685266,OK
EXQ,70,COLUMN,E,0.0,0.0,11.88,15.84,300001,400001,96,44,0.7059868986769902,-0.8700558896493168,1.576042788326307,OK
EXQ,71,COLUMN,F,10.0,0.0,11.88,15.84,300101,400101,97,45,0.2518138317899305,0.25594143058953406,-0.00412759879960356,OK
EXQ,72,COLUMN,G,20.0,0.0,11.88,15.84,300201,400201,98,46,-0.9780396475189211,-0.5017231978858242,-0.47631644963309694,OK
EXQ,73,COLUMN,H,30.0,0.0,11.88,15.84,300301,400301,99,47,0.7146404518651682,0.36121503613405154,0.3534254157311167,OK
EXQ,74,COLUMN,I,40.0,0.0,11.88,15.84,300401,400401,100,48,-6.276211010602609,-2.3304374223467996,-3.94577358825581,OK
EXQ,75,COLUMN,I_prima,45.0,0.0,11.88,15.84,300451,400451,101,49,8.760694492496322,3.369683057723946,5.391011434772376,OK
EXQ,76,COLUMN,E,0.0,7.25,11.88,15.84,301001,401001,103,50,2.545998226411057,-8.442273633009291,10.988271859420347,OK
EXQ,77,COLUMN,F,10.0,7.25,11.88,15.84,301101,401101,104,51,0.1434218330191029,-0.4591949108840478,0.6026167439031507,OK
EXQ,78,COLUMN,G,20.0,7.25,11.88,15.84,301201,401201,105,52,0.11681554466434582,0.13313049473941538,-0.016314950075069556,OK
EXQ,79,COLUMN,H,30.0,7.25,11.88,15.84,301301,401301,106,53,-0.6086823943973206,-0.316788385538069,-0.29189400885925165,OK
EXQ,80,COLUMN,I,40.0,7.25,11.88,15.84,301401,401401,107,54,-5.934697312928303,-2.180848961210711,-3.7538483517175916,OK
EXQ,81,COLUMN,I_prima,45.0,7.25,11.88,15.84,301451,401451,108,55,9.941960262763438,4.0526105667877115,5.889349695975726,OK
EXQ,82,COLUMN,E,0.0,16.15,11.88,15.84,302001,402001,110,56,3.0816168694138506,-0.1981798435715717,3.2797967129854224,OK
EXQ,83,COLUMN,F,10.0,16.15,11.88,15.84,302101,402101,111,57,0.038809692050362464,0.2526241331928867,-0.2138144411425242,OK
EXQ,84,COLUMN,G,20.0,16.15,11.88,15.84,302201,402201,112,58,-0.48235591050052185,-0.24589665611721864,-0.2364592543833032,OK
EXQ,85,COLUMN,H,30.0,16.15,11.88,15.84,302301,402301,113,59,1.6291352949419022,0.7625659062317794,0.8665693887101228,OK
EXQ,86,COLUMN,I,40.0,16.15,11.88,15.84,302401,402401,114,60,-3.9490465207289285,-1.3452844531597472,-2.603762067569181,OK
EXQ,87,COLUMN,I_prima,45.0,16.15,11.88,15.84,302451,402451,115,61,6.042665658536804,2.2685902401515428,3.7740754183852614,OK
EXQ,88,COLUMN,1B,-20.8,16.15,11.88,15.84,703001,704001,117,62,0.09677565504537768,0.22236197009025527,-0.1255863150448776,OK
EXQ,89,COLUMN,1C,-10.8,16.15,11.88,15.84,703002,704002,118,63,0.5695713910455239,-0.14995599291514566,0.7195273839606695,OK
EXQ,90,COLUMN,1D,-0.8,16.15,11.88,15.84,703003,704003,119,64,-1.834825317046619,0.0,-1.834825317046619,OK
EXQ,91,COLUMN,2A,-28.3,7.25,11.88,15.84,703004,704004,120,65,-3.3748844849381423,-0.8410166248869777,-2.5338678600511644,OK
EXQ,92,COLUMN,2B,-20.8,7.25,11.88,15.84,703005,704005,121,66,1.2735297789199371,0.2177719161959223,1.0557578627240147,OK
EXQ,93,COLUMN,2C,-10.8,7.25,11.88,15.84,703006,704006,122,67,-0.1439590964964008,0.36313852289420395,-0.5070976193906047,OK
EXQ,94,COLUMN,3B,-20.8,0.0,11.88,15.84,703007,704007,123,68,0.16491377321572623,0.23005433528491093,-0.0651405620691847,OK
EXQ,95,COLUMN,3C,-10.8,0.0,11.88,15.84,703008,704008,124,69,-0.6958471246215457,-0.46693325756012477,-0.22891386706142097,OK
EXQ,96,COLUMN,E,0.0,0.0,15.84,19.8,400001,500001,,70,-0.8700558896493168,0,-0.8700558896493168,OK
EXQ,97,COLUMN,F,10.0,0.0,15.84,19.8,400101,500101,,71,0.25594143058953406,0,0.25594143058953406,OK
EXQ,98,COLUMN,G,20.0,0.0,15.84,19.8,400201,500201,,72,-0.5017231978858242,0,-0.5017231978858242,OK
EXQ,99,COLUMN,H,30.0,0.0,15.84,19.8,400301,500301,,73,0.36121503613405154,0,0.36121503613405154,OK
EXQ,100,COLUMN,I,40.0,0.0,15.84,19.8,400401,500401,,74,-2.3304374223467996,0,-2.3304374223467996,OK
EXQ,101,COLUMN,I_prima,45.0,0.0,15.84,19.8,400451,500451,,75,3.369683057723946,0,3.369683057723946,OK
EXQ,102,COLUMN,J,50.0,0.0,15.84,19.8,400501,500501,,,-0.2338183985865018,0,-0.2338183985865018,OK
EXQ,103,COLUMN,E,0.0,7.25,15.84,19.8,401001,501001,,76,-8.442273633009291,0,-8.442273633009291,OK
EXQ,104,COLUMN,F,10.0,7.25,15.84,19.8,401101,501101,,77,-0.4591949108840478,0,-0.4591949108840478,OK
EXQ,105,COLUMN,G,20.0,7.25,15.84,19.8,401201,501201,,78,0.13313049473941538,0,0.13313049473941538,OK
EXQ,106,COLUMN,H,30.0,7.25,15.84,19.8,401301,501301,,79,-0.316788385538069,0,-0.316788385538069,OK
EXQ,107,COLUMN,I,40.0,7.25,15.84,19.8,401401,501401,,80,-2.180848961210711,0,-2.180848961210711,OK
EXQ,108,COLUMN,I_prima,45.0,7.25,15.84,19.8,401451,501451,,81,4.0526105667877115,0,4.0526105667877115,OK
EXQ,109,COLUMN,J,50.0,7.25,15.84,19.8,401501,501501,,,-0.21806757798253987,0,-0.21806757798253987,OK
EXQ,110,COLUMN,E,0.0,16.15,15.84,19.8,402001,502001,,82,-0.1981798435715717,0,-0.1981798435715717,OK
EXQ,111,COLUMN,F,10.0,16.15,15.84,19.8,402101,502101,,83,0.2526241331928867,0,0.2526241331928867,OK
EXQ,112,COLUMN,G,20.0,16.15,15.84,19.8,402201,502201,,84,-0.24589665611721864,0,-0.24589665611721864,OK
EXQ,113,COLUMN,H,30.0,16.15,15.84,19.8,402301,502301,,85,0.7625659062317794,0,0.7625659062317794,OK
EXQ,114,COLUMN,I,40.0,16.15,15.84,19.8,402401,502401,,86,-1.3452844531597472,0,-1.3452844531597472,OK
EXQ,115,COLUMN,I_prima,45.0,16.15,15.84,19.8,402451,502451,,87,2.2685902401515428,0,2.2685902401515428,OK
EXQ,116,COLUMN,J,50.0,16.15,15.84,19.8,402501,502501,,,-0.18827072516139162,0,-0.18827072516139162,OK
EXQ,117,COLUMN,1B,-20.8,16.15,15.84,19.8,704001,705001,,88,0.22236197009025527,0,0.22236197009025527,OK
EXQ,118,COLUMN,1C,-10.8,16.15,15.84,19.8,704002,705002,,89,-0.14995599291514566,0,-0.14995599291514566,OK
EXQ,119,COLUMN,1D,-0.8,16.15,15.84,19.8,704003,705003,,90,0.0,0,0.0,OK
EXQ,120,COLUMN,2A,-28.3,7.25,15.84,19.8,704004,705004,,91,-0.8410166248869777,0,-0.8410166248869777,OK
EXQ,121,COLUMN,2B,-20.8,7.25,15.84,19.8,704005,705005,,92,0.2177719161959223,0,0.2177719161959223,OK
EXQ,122,COLUMN,2C,-10.8,7.25,15.84,19.8,704006,705006,,93,0.36313852289420395,0,0.36313852289420395,OK
EXQ,123,COLUMN,3B,-20.8,0.0,15.84,19.8,704007,705007,,94,0.23005433528491093,0,0.23005433528491093,OK
EXQ,124,COLUMN,3C,-10.8,0.0,15.84,19.8,704008,705008,,95,-0.46693325756012477,0,-0.46693325756012477,OK
EXQ,359,STEEL_COLUMN_SHS300x20,BEAM_MANUAL,10.0,-4.12,7.92,11.88,900017,900118,,,0.0017268240481398878,0,0.0017268240481398878,OK
EXQ,360,STEEL_COLUMN_SHS300x20,BEAM_MANUAL,17.49,-4.12,7.92,11.88,900018,900119,,,-0.009677903820879902,0,-0.009677903820879902,OK
EXQ,361,STEEL_COLUMN_SHS300x20,BEAM_MANUAL,20.0,-4.12,15.84,19.8,900037,900049,,,-0.02854955411068359,0,-0.02854955411068359,OK
EXQ,362,STEEL_COLUMN_SHS300x20,BEAM_MANUAL,30.0,-4.12,15.84,19.8,900038,900050,,,-0.004090655532852404,0,-0.004090655532852404,OK
EYG,1,COLUMN,E,0.0,0.0,0.0,3.96,1,100001,18,,-1.798420287927522,-1.246163144582225,-0.552257143345297,OK
EYG,2,COLUMN,F,10.0,0.0,0.0,3.96,101,100101,19,,-8.964095588988512,-21.905780430608402,12.94168484161989,OK
EYG,3,COLUMN,G,20.0,0.0,0.0,3.96,201,100201,20,,-23.734599332659418,-23.734599332659414,-3.552713678800501e-15,OK
EYG,4,COLUMN,E,0.0,7.25,0.0,3.96,1001,101001,24,,-1.719335407564235,-1.5409282282382344,-0.1784071793260007,OK
EYG,5,COLUMN,F,10.0,7.25,0.0,3.96,1101,101101,25,,9.455113364721987,9.018584456602747,0.4365289081192394,OK
EYG,6,COLUMN,G,20.0,7.25,0.0,3.96,1201,101201,26,,7.396746882273486,7.396746882273486,0.0,OK
EYG,7,COLUMN,E,0.0,16.15,0.0,3.96,2001,102001,30,,54.561715922201955,124.49894877212124,-69.93723284991928,OK
EYG,8,COLUMN,F,10.0,16.15,0.0,3.96,2101,102101,31,,8.927092794233154,18.373384234589988,-9.446291440356834,OK
EYG,9,COLUMN,G,20.0,16.15,0.0,3.96,2201,102201,32,,15.235804929574297,15.235804929574297,0.0,OK
EYG,10,COLUMN,1B,-20.8,16.15,0.0,3.96,700001,701001,36,,13.767390554759046,11.790202282012194,1.9771882727468526,OK
EYG,11,COLUMN,1C,-10.8,16.15,0.0,3.96,700002,701002,37,,14.873415036692633,13.156863257552015,1.7165517791406177,OK
EYG,12,COLUMN,1D,-0.8,16.15,0.0,3.96,700003,701003,38,,263.95908601246805,218.47083092789723,45.488255084570824,OK
EYG,13,COLUMN,2A,-28.3,7.25,0.0,3.96,700004,701004,39,,3.8500358992688937,3.2793152956277467,0.570720603641147,OK
EYG,14,COLUMN,2B,-20.8,7.25,0.0,3.96,700005,701005,40,,4.402138843867974,3.724235568230671,0.6779032756373025,OK
EYG,15,COLUMN,2C,-10.8,7.25,0.0,3.96,700006,701006,41,,7.538006707498082,6.80397888112828,0.7340278263698012,OK
EYG,16,COLUMN,3B,-20.8,0.0,0.0,3.96,700007,701007,42,,-19.43138667265787,-16.623053343445637,-2.808333329212232,OK
EYG,17,COLUMN,3C,-10.8,0.0,0.0,3.96,700008,701008,43,,-18.887150138304303,-16.451415856650446,-2.4357342816538576,OK
EYG,18,COLUMN,E,0.0,0.0,3.96,7.92,100001,200001,44,1,-1.246163144582225,-1.4532519998544544,0.20708885527222942,OK
EYG,19,COLUMN,F,10.0,0.0,3.96,7.92,100101,200101,45,2,-21.905780430608402,-16.30500626041713,-5.600774170191272,OK
EYG,20,COLUMN,G,20.0,0.0,3.96,7.92,100201,200201,46,3,-23.734599332659414,-16.767829509604308,-6.966769823055106,OK
EYG,21,COLUMN,H,30.0,0.0,3.96,7.92,100301,200301,47,,-26.421767073820416,-18.74698594194065,-7.674781131879765,OK
EYG,22,COLUMN,I,40.0,0.0,3.96,7.92,100401,200401,48,,-308.3383787201156,-2.018025581048833,-306.32035313906675,OK
EYG,23,COLUMN,I_prima,45.0,0.0,3.96,7.92,100451,200451,49,,-44.9222067528614,-34.417233784336965,-10.504972968524434,OK
EYG,24,COLUMN,E,0.0,7.25,3.96,7.92,101001,201001,50,4,-1.5409282282382344,8.608687459847888,-10.149615688086122,OK
EYG,25,COLUMN,F,10.0,7.25,3.96,7.92,101101,201101,51,5,9.018584456602747,7.144966116154877,1.8736183404478703,OK
EYG,26,COLUMN,G,20.0,7.25,3.96,7.92,101201,201201,52,6,7.396746882273486,4.967385407421067,2.429361474852419,OK
EYG,27,COLUMN,H,30.0,7.25,3.96,7.92,101301,201301,53,,6.10238902788287,5.091777800974034,1.0106112269088356,OK
EYG,28,COLUMN,I,40.0,7.25,3.96,7.92,101401,201401,54,,4.956805044451228,3.263382469691076,1.693422574760152,OK
EYG,29,COLUMN,I_prima,45.0,7.25,3.96,7.92,101451,201451,55,,7.887466882624409,6.878097300391505,1.009369582232904,OK
EYG,30,COLUMN,E,0.0,16.15,3.96,7.92,102001,202001,56,7,124.49894877212124,119.19727197978004,5.301676792341198,OK
EYG,31,COLUMN,F,10.0,16.15,3.96,7.92,102101,202101,57,8,18.373384234589988,13.454348915247635,4.919035319342353,OK
EYG,32,COLUMN,G,20.0,16.15,3.96,7.92,102201,202201,58,9,15.235804929574297,10.942585198389883,4.293219731184413,OK
EYG,33,COLUMN,H,30.0,16.15,3.96,7.92,102301,202301,59,,13.172476148170988,13.885365587920944,-0.7128894397499561,OK
EYG,34,COLUMN,I,40.0,16.15,3.96,7.92,102401,202401,60,,303.4537018128442,-3.3394249917537597,306.793126804598,OK
EYG,35,COLUMN,I_prima,45.0,16.15,3.96,7.92,102451,202451,61,,24.683440719687088,30.25300830491298,-5.569567585225894,OK
EYG,36,COLUMN,1B,-20.8,16.15,3.96,7.92,701001,702001,62,10,11.790202282012194,6.741583285727808,5.048618996284386,OK
EYG,37,COLUMN,1C,-10.8,16.15,3.96,7.92,701002,702002,63,11,13.156863257552015,8.42778904147091,4.729074216081106,OK
EYG,38,COLUMN,1D,-0.8,16.15,3.96,7.92,701003,702003,64,12,218.47083092789723,22.72556093741221,195.745269990485,OK
EYG,39,COLUMN,2A,-28.3,7.25,3.96,7.92,701004,702004,65,13,3.2793152956277467,1.7607853768972517,1.518529918730495,OK
EYG,40,COLUMN,2B,-20.8,7.25,3.96,7.92,701005,702005,66,14,3.724235568230671,2.012044075124828,1.712191493105843,OK
EYG,41,COLUMN,2C,-10.8,7.25,3.96,7.92,701006,702006,67,15,6.80397888112828,4.8662648453105515,1.937714035817729,OK
EYG,42,COLUMN,3B,-20.8,0.0,3.96,7.92,701007,702007,68,16,-16.623053343445637,-9.38987574396753,-7.233177599478108,OK
EYG,43,COLUMN,3C,-10.8,0.0,3.96,7.92,701008,702008,69,17,-16.451415856650446,-10.1829701097845,-6.268445746865945,OK
EYG,44,COLUMN,E,0.0,0.0,7.92,11.88,200001,300001,70,18,-1.4532519998544544,-52.72188061769983,51.26862861784538,OK
EYG,45,COLUMN,F,10.0,0.0,7.92,11.88,200101,300101,71,19,-16.30500626041713,-10.957964386082665,-5.347041874334465,OK
EYG,46,COLUMN,G,20.0,0.0,7.92,11.88,200201,300201,72,20,-16.767829509604308,-11.119150819995182,-5.648678689609126,OK
EYG,47,COLUMN,H,30.0,0.0,7.92,11.88,200301,300301,73,21,-18.74698594194065,-12.974327624243259,-5.772658317697392,OK
EYG,48,COLUMN,I,40.0,0.0,7.92,11.88,200401,300401,74,22,-2.018025581048833,-1.7109114920915462,-0.30711408895728654,OK
EYG,49,COLUMN,I_prima,45.0,0.0,7.92,11.88,200451,300451,75,23,-34.417233784336965,-26.562281415609927,-7.854952368727037,OK
EYG,50,COLUMN,E,0.0,7.25,7.92,11.88,201001,301001,76,24,8.608687459847888,471.5805884079125,-462.9719009480646,OK
EYG,51,COLUMN,F,10.0,7.25,7.92,11.88,201101,301101,77,25,7.144966116154877,4.93211308462245,2.2128530315324273,OK
EYG,52,COLUMN,G,20.0,7.25,7.92,11.88,201201,301201,78,26,4.967385407421067,3.0042819426901564,1.9631034647309105,OK
EYG,53,COLUMN,H,30.0,7.25,7.92,11.88,201301,301301,79,27,5.091777800974034,3.3298297364043563,1.761948064569678,OK
EYG,54,COLUMN,I,40.0,7.25,7.92,11.88,201401,301401,80,28,3.263382469691076,2.037981373201938,1.2254010964891378,OK
EYG,55,COLUMN,I_prima,45.0,7.25,7.92,11.88,201451,301451,81,29,6.878097300391505,5.2910457153812676,1.5870515850102374,OK
EYG,56,COLUMN,E,0.0,16.15,7.92,11.88,202001,302001,82,30,119.19727197978004,116.0967316510602,3.1005403287198448,OK
EYG,57,COLUMN,F,10.0,16.15,7.92,11.88,202101,302101,83,31,13.454348915247635,9.29348348572658,4.160865429521056,OK
EYG,58,COLUMN,G,20.0,16.15,7.92,11.88,202201,302201,84,32,10.942585198389883,7.645549330827609,3.2970358675622746,OK
EYG,59,COLUMN,H,30.0,16.15,7.92,11.88,202301,302301,85,33,13.885365587920944,9.847704998706545,4.037660589214399,OK
EYG,60,COLUMN,I,40.0,16.15,7.92,11.88,202401,302401,86,34,-3.3394249917537597,-2.3371369320858615,-1.0022880596678982,OK
EYG,61,COLUMN,I_prima,45.0,16.15,7.92,11.88,202451,302451,87,35,30.25300830491298,23.86070214416907,6.39230616074391,OK
EYG,62,COLUMN,1B,-20.8,16.15,7.92,11.88,702001,703001,88,36,6.741583285727808,2.363404625972422,4.3781786597553864,OK
EYG,63,COLUMN,1C,-10.8,16.15,7.92,11.88,702002,703002,89,37,8.42778904147091,4.175502178144025,4.252286863326884,OK
EYG,64,COLUMN,1D,-0.8,16.15,7.92,11.88,702003,703003,90,38,22.72556093741221,-68.42181706060934,91.14737799802155,OK
EYG,65,COLUMN,2A,-28.3,7.25,7.92,11.88,702004,703004,91,39,1.7607853768972517,0.5034322965336973,1.2573530803635544,OK
EYG,66,COLUMN,2B,-20.8,7.25,7.92,11.88,702005,703005,92,40,2.012044075124828,0.4946437851551649,1.5174002899696633,OK
EYG,67,COLUMN,2C,-10.8,7.25,7.92,11.88,702006,703006,93,41,4.8662648453105515,3.2565917610959834,1.6096730842145681,OK
EYG,68,COLUMN,3B,-20.8,0.0,7.92,11.88,702007,703007,94,42,-9.38987574396753,-3.133694377915398,-6.2561813660521315,OK
EYG,69,COLUMN,3C,-10.8,0.0,7.92,11.88,702008,703008,95,43,-10.1829701097845,-4.773862474216492,-5.4091076355680086,OK
EYG,70,COLUMN,E,0.0,0.0,11.88,15.84,300001,400001,96,44,-52.72188061769983,-237.3853774079647,184.66349679026487,OK
EYG,71,COLUMN,F,10.0,0.0,11.88,15.84,300101,400101,97,45,-10.957964386082665,-5.12991727384987,-5.828047112232795,OK
EYG,72,COLUMN,G,20.0,0.0,11.88,15.84,300201,400201,98,46,-11.119150819995182,-5.231040607369963,-5.888110212625219,OK
EYG,73,COLUMN,H,30.0,0.0,11.88,15.84,300301,400301,99,47,-12.974327624243259,-6.25085205952719,-6.723475564716068,OK
EYG,74,COLUMN,I,40.0,0.0,11.88,15.84,300401,400401,100,48,-1.7109114920915462,-1.168142831023106,-0.5427686610684404,OK
EYG,75,COLUMN,I_prima,45.0,0.0,11.88,15.84,300451,400451,101,49,-26.562281415609927,-12.880249056736488,-13.682032358873439,OK
EYG,76,COLUMN,E,0.0,7.25,11.88,15.84,301001,401001,103,50,471.5805884079125,173.46546881111072,298.1151195968018,OK
EYG,77,COLUMN,F,10.0,7.25,11.88,15.84,301101,401101,104,51,4.93211308462245,3.0234124151226225,1.9087006694998272,OK
EYG,78,COLUMN,G,20.0,7.25,11.88,15.84,301201,401201,105,52,3.0042819426901564,1.2228375754300476,1.7814443672601088,OK
EYG,79,COLUMN,H,30.0,7.25,11.88,15.84,301301,401301,106,53,3.3298297364043563,1.6282342183803484,1.7015955180240079,OK
EYG,80,COLUMN,I,40.0,7.25,11.88,15.84,301401,401401,107,54,2.037981373201938,0.9552869896091544,1.0826943835927838,OK
EYG,81,COLUMN,I_prima,45.0,7.25,11.88,15.84,301451,401451,108,55,5.2910457153812676,2.5860877838522778,2.70495793152899,OK
EYG,82,COLUMN,E,0.0,16.15,11.88,15.84,302001,402001,110,56,116.0967316510602,5.356355393258627,110.74037625780157,OK
EYG,83,COLUMN,F,10.0,16.15,11.88,15.84,302101,402101,111,57,9.29348348572658,5.013447655080043,4.280035830646536,OK
EYG,84,COLUMN,G,20.0,16.15,11.88,15.84,302201,402201,112,58,7.645549330827609,3.719878508049397,3.925670822778212,OK
EYG,85,COLUMN,H,30.0,16.15,11.88,15.84,302301,402301,113,59,9.847704998706545,4.932024449895721,4.915680548810824,OK
EYG,86,COLUMN,I,40.0,16.15,11.88,15.84,302401,402401,114,60,-2.3371369320858615,-0.8104673247958071,-1.5266696072900543,OK
EYG,87,COLUMN,I_prima,45.0,16.15,11.88,15.84,302451,402451,115,61,23.86070214416907,11.58582680432802,12.274875339841051,OK
EYG,88,COLUMN,1B,-20.8,16.15,11.88,15.84,703001,704001,117,62,2.363404625972422,0.2719591121951129,2.091445513777309,OK
EYG,89,COLUMN,1C,-10.8,16.15,11.88,15.84,703002,704002,118,63,4.175502178144025,1.166023444774951,3.0094787333690736,OK
EYG,90,COLUMN,1D,-0.8,16.15,11.88,15.84,703003,704003,119,64,-68.42181706060934,0.0,-68.42181706060934,OK
EYG,91,COLUMN,2A,-28.3,7.25,11.88,15.84,703004,704004,120,65,0.5034322965336973,-0.008050926281767724,0.511483222815465,OK
EYG,92,COLUMN,2B,-20.8,7.25,11.88,15.84,703005,704005,121,66,0.4946437851551649,-0.08123924576419032,0.5758830309193552,OK
EYG,93,COLUMN,2C,-10.8,7.25,11.88,15.84,703006,704006,122,67,3.2565917610959834,1.0678906296824966,2.1887011314134868,OK
EYG,94,COLUMN,3B,-20.8,0.0,11.88,15.84,703007,704007,123,68,-3.133694377915398,-0.13621970218348792,-2.99747467573191,OK
EYG,95,COLUMN,3C,-10.8,0.0,11.88,15.84,703008,704008,124,69,-4.773862474216492,-1.7085993386323672,-3.065263135584125,OK
EYG,96,COLUMN,E,0.0,0.0,15.84,19.8,400001,500001,,70,-237.3853774079647,0,-237.3853774079647,OK
EYG,97,COLUMN,F,10.0,0.0,15.84,19.8,400101,500101,,71,-5.12991727384987,0,-5.12991727384987,OK
EYG,98,COLUMN,G,20.0,0.0,15.84,19.8,400201,500201,,72,-5.231040607369963,0,-5.231040607369963,OK
EYG,99,COLUMN,H,30.0,0.0,15.84,19.8,400301,500301,,73,-6.25085205952719,0,-6.25085205952719,OK
EYG,100,COLUMN,I,40.0,0.0,15.84,19.8,400401,500401,,74,-1.168142831023106,0,-1.168142831023106,OK
EYG,101,COLUMN,I_prima,45.0,0.0,15.84,19.8,400451,500451,,75,-12.880249056736488,0,-12.880249056736488,OK
EYG,102,COLUMN,J,50.0,0.0,15.84,19.8,400501,500501,,,-0.0535317198466744,0,-0.0535317198466744,OK
EYG,103,COLUMN,E,0.0,7.25,15.84,19.8,401001,501001,,76,173.46546881111072,0,173.46546881111072,OK
EYG,104,COLUMN,F,10.0,7.25,15.84,19.8,401101,501101,,77,3.0234124151226225,0,3.0234124151226225,OK
EYG,105,COLUMN,G,20.0,7.25,15.84,19.8,401201,501201,,78,1.2228375754300476,0,1.2228375754300476,OK
EYG,106,COLUMN,H,30.0,7.25,15.84,19.8,401301,501301,,79,1.6282342183803484,0,1.6282342183803484,OK
EYG,107,COLUMN,I,40.0,7.25,15.84,19.8,401401,501401,,80,0.9552869896091544,0,0.9552869896091544,OK
EYG,108,COLUMN,I_prima,45.0,7.25,15.84,19.8,401451,501451,,81,2.5860877838522778,0,2.5860877838522778,OK
EYG,109,COLUMN,J,50.0,7.25,15.84,19.8,401501,501501,,,0.01970818991027815,0,0.01970818991027815,OK
EYG,110,COLUMN,E,0.0,16.15,15.84,19.8,402001,502001,,82,5.356355393258627,0,5.356355393258627,OK
EYG,111,COLUMN,F,10.0,16.15,15.84,19.8,402101,502101,,83,5.013447655080043,0,5.013447655080043,OK
EYG,112,COLUMN,G,20.0,16.15,15.84,19.8,402201,502201,,84,3.719878508049397,0,3.719878508049397,OK
EYG,113,COLUMN,H,30.0,16.15,15.84,19.8,402301,502301,,85,4.932024449895721,0,4.932024449895721,OK
EYG,114,COLUMN,I,40.0,16.15,15.84,19.8,402401,502401,,86,-0.8104673247958071,0,-0.8104673247958071,OK
EYG,115,COLUMN,I_prima,45.0,16.15,15.84,19.8,402451,502451,,87,11.58582680432802,0,11.58582680432802,OK
EYG,116,COLUMN,J,50.0,16.15,15.84,19.8,402501,502501,,,0.07126464510482489,0,0.07126464510482489,OK
EYG,117,COLUMN,1B,-20.8,16.15,15.84,19.8,704001,705001,,88,0.2719591121951129,0,0.2719591121951129,OK
EYG,118,COLUMN,1C,-10.8,16.15,15.84,19.8,704002,705002,,89,1.166023444774951,0,1.166023444774951,OK
EYG,119,COLUMN,1D,-0.8,16.15,15.84,19.8,704003,705003,,90,0.0,0,0.0,OK
EYG,120,COLUMN,2A,-28.3,7.25,15.84,19.8,704004,705004,,91,-0.008050926281767724,0,-0.008050926281767724,OK
EYG,121,COLUMN,2B,-20.8,7.25,15.84,19.8,704005,705005,,92,-0.08123924576419032,0,-0.08123924576419032,OK
EYG,122,COLUMN,2C,-10.8,7.25,15.84,19.8,704006,705006,,93,1.0678906296824966,0,1.0678906296824966,OK
EYG,123,COLUMN,3B,-20.8,0.0,15.84,19.8,704007,705007,,94,-0.13621970218348792,0,-0.13621970218348792,OK
EYG,124,COLUMN,3C,-10.8,0.0,15.84,19.8,704008,705008,,95,-1.7085993386323672,0,-1.7085993386323672,OK
EYG,359,STEEL_COLUMN_SHS300x20,BEAM_MANUAL,10.0,-4.12,7.92,11.88,900017,900118,,,0.670151549322735,0,0.670151549322735,OK
EYG,360,STEEL_COLUMN_SHS300x20,BEAM_MANUAL,17.49,-4.12,7.92,11.88,900018,900119,,,-0.02644708973241891,0,-0.02644708973241891,OK
EYG,361,STEEL_COLUMN_SHS300x20,BEAM_MANUAL,20.0,-4.12,15.84,19.8,900037,900049,,,-0.1899497321525887,0,-0.1899497321525887,OK
EYG,362,STEEL_COLUMN_SHS300x20,BEAM_MANUAL,30.0,-4.12,15.84,19.8,900038,900050,,,-0.1637981578231035,0,-0.1637981578231035,OK
EYQ,1,COLUMN,E,0.0,0.0,0.0,3.96,1,100001,18,,-0.5592023474661231,-0.3964960336248179,-0.16270631384130518,OK
EYQ,2,COLUMN,F,10.0,0.0,0.0,3.96,101,100101,19,,-2.7521512504531507,-6.797966798207195,4.045815547754044,OK
EYQ,3,COLUMN,G,20.0,0.0,0.0,3.96,201,100201,20,,-7.349399586567674,-7.349399586567672,-1.7763568394002505e-15,OK
EYQ,4,COLUMN,E,0.0,7.25,0.0,3.96,1001,101001,24,,-0.5342194981439211,-0.49393379291605993,-0.04028570522786118,OK
EYQ,5,COLUMN,F,10.0,7.25,0.0,3.96,1101,101101,25,,2.9741635195753457,2.8474870081927053,0.12667651138264047,OK
EYQ,6,COLUMN,G,20.0,7.25,0.0,3.96,1201,101201,26,,2.2648894633297463,2.2648894633297463,0.0,OK
EYQ,7,COLUMN,E,0.0,16.15,0.0,3.96,2001,102001,30,,15.814580244544992,36.06958689194794,-20.25500664740295,OK
EYQ,8,COLUMN,F,10.0,16.15,0.0,3.96,2101,102101,31,,2.719242144856574,5.66112253198941,-2.941880387132836,OK
EYQ,9,COLUMN,G,20.0,16.15,0.0,3.96,2201,102201,32,,4.752335152072614,4.752335152072614,0.0,OK
EYQ,10,COLUMN,1B,-20.8,16.15,0.0,3.96,700001,701001,36,,3.8731258527057646,3.2910253882111826,0.582100464494582,OK
EYQ,11,COLUMN,1C,-10.8,16.15,0.0,3.96,700002,701002,37,,4.2220997408958505,3.71671486023788,0.5053848806579704,OK
EYQ,12,COLUMN,1D,-0.8,16.15,0.0,3.96,700003,701003,38,,77.34297876579042,63.53338147944607,13.80959728634435,OK
EYQ,13,COLUMN,2A,-28.3,7.25,0.0,3.96,700004,701004,39,,1.0661059853794859,0.8975862193941153,0.16851976598537055,OK
EYQ,14,COLUMN,2B,-20.8,7.25,0.0,3.96,700005,701005,40,,1.2397110656543002,1.0394036323926592,0.20030743326164102,OK
EYQ,15,COLUMN,2C,-10.8,7.25,0.0,3.96,700006,701006,41,,2.222964335111269,2.007125080978792,0.21583925413247718,OK
EYQ,16,COLUMN,3B,-20.8,0.0,0.0,3.96,700007,701007,42,,-5.46387844352379,-4.635908079653903,-0.8279703638698876,OK
EYQ,17,COLUMN,3C,-10.8,0.0,0.0,3.96,700008,701008,43,,-5.414029991033941,-4.696929779080583,-0.7171002119533583,OK
EYQ,18,COLUMN,E,0.0,0.0,3.96,7.92,100001,200001,44,1,-0.3964960336248179,-0.4728560051204042,0.07635997149558632,OK
EYQ,19,COLUMN,F,10.0,0.0,3.96,7.92,100101,200101,45,2,-6.797966798207195,-5.1795376195149725,-1.6184291786922227,OK
EYQ,20,COLUMN,G,20.0,0.0,3.96,7.92,100201,200201,46,3,-7.349399586567672,-5.310545037077982,-2.03885454948969,OK
EYQ,21,COLUMN,H,30.0,0.0,3.96,7.92,100301,200301,47,,-8.147555034368958,-5.894128063377858,-2.2534269709911,OK
EYQ,22,COLUMN,I,40.0,0.0,3.96,7.92,100401,200401,48,,-90.77623611903661,-0.9776255555453043,-89.79861056349131,OK
EYQ,23,COLUMN,I_prima,45.0,0.0,3.96,7.92,100451,200451,49,,-13.990021270972424,-10.91532983380647,-3.074691437165953,OK
EYQ,24,COLUMN,E,0.0,7.25,3.96,7.92,101001,201001,50,4,-0.49393379291605993,2.804313681541527,-3.298247474457587,OK
EYQ,25,COLUMN,F,10.0,7.25,3.96,7.92,101101,201101,51,5,2.8474870081927053,2.3071271316647444,0.5403598765279609,OK
EYQ,26,COLUMN,G,20.0,7.25,3.96,7.92,101201,201201,52,6,2.2648894633297463,1.5550983561916534,0.7097911071380929,OK
EYQ,27,COLUMN,H,30.0,7.25,3.96,7.92,101301,201301,53,,1.901997870371857,1.606044481346097,0.29595338902575996,OK
EYQ,28,COLUMN,I,40.0,7.25,3.96,7.92,101401,201401,54,,1.5402911561328616,1.0429879165646352,0.4973032395682264,OK
EYQ,29,COLUMN,I_prima,45.0,7.25,3.96,7.92,101451,201451,55,,2.526961298226153,2.233886528923152,0.29307476930300114,OK
EYQ,30,COLUMN,E,0.0,16.15,3.96,7.92,102001,202001,56,7,36.06958689194794,34.50733231812188,1.5622545738260598,OK
EYQ,31,COLUMN,F,10.0,16.15,3.96,7.92,102101,202101,57,8,5.66112253198941,4.217219900885135,1.4439026311042742,OK
EYQ,32,COLUMN,G,20.0,16.15,3.96,7.92,102201,202201,58,9,4.752335152072614,3.4923051333097628,1.2600300187628508,OK
EYQ,33,COLUMN,H,30.0,16.15,3.96,7.92,102301,202301,59,,4.0543241127870475,4.362708078277904,-0.3083839654908562,OK
EYQ,34,COLUMN,I,40.0,16.15,3.96,7.92,102401,202401,60,,89.23551012479349,-0.7650919924368142,90.0006021172303,OK
EYQ,35,COLUMN,I_prima,45.0,16.15,3.96,7.92,102451,202451,61,,7.683563258418301,9.593829386635107,-1.910266128216806,OK
EYQ,36,COLUMN,1B,-20.8,16.15,3.96,7.92,701001,702001,62,10,3.2910253882111826,1.8136921603883387,1.477333227822844,OK
EYQ,37,COLUMN,1C,-10.8,16.15,3.96,7.92,701002,702002,63,11,3.71671486023788,2.3341102745716795,1.3826045856662006,OK
EYQ,38,COLUMN,1D,-0.8,16.15,3.96,7.92,701003,702003,64,12,63.53338147944607,5.720642120263268,57.8127393591828,OK
EYQ,39,COLUMN,2A,-28.3,7.25,3.96,7.92,701004,702004,65,13,0.8975862193941153,0.4527917364763688,0.44479448291774654,OK
EYQ,40,COLUMN,2B,-20.8,7.25,3.96,7.92,701005,702005,66,14,1.0394036323926592,0.537017979956289,0.5023856524363702,OK
EYQ,41,COLUMN,2C,-10.8,7.25,3.96,7.92,701006,702006,67,15,2.007125080978792,1.440739061731297,0.566386019247495,OK
EYQ,42,COLUMN,3B,-20.8,0.0,3.96,7.92,701007,702007,68,16,-4.635908079653903,-2.51758065393538,-2.1183274257185225,OK
EYQ,43,COLUMN,3C,-10.8,0.0,3.96,7.92,701008,702008,69,17,-4.696929779080583,-2.863307104471853,-1.8336226746087299,OK
EYQ,44,COLUMN,E,0.0,0.0,7.92,11.88,200001,300001,70,18,-0.4728560051204042,-17.20388782116217,16.731031816041764,OK
EYQ,45,COLUMN,F,10.0,0.0,7.92,11.88,200101,300101,71,19,-5.1795376195149725,-3.650971920641481,-1.5285656988734915,OK
EYQ,46,COLUMN,G,20.0,0.0,7.92,11.88,200201,300201,72,20,-5.310545037077982,-3.731282784264877,-1.579262252813105,OK
EYQ,47,COLUMN,H,30.0,0.0,7.92,11.88,200301,300301,73,21,-5.894128063377858,-4.2708328932124235,-1.6232951701654343,OK
EYQ,48,COLUMN,I,40.0,0.0,7.92,11.88,200401,300401,74,22,-0.9776255555453043,-0.930972904555379,-0.046652650989925326,OK
EYQ,49,COLUMN,I_prima,45.0,0.0,7.92,11.88,200451,300451,75,23,-10.91532983380647,-8.699025720031003,-2.216304113775468,OK
EYQ,50,COLUMN,E,0.0,7.25,7.92,11.88,201001,301001,76,24,2.804313681541527,153.9272796087504,-151.1229659272089,OK
EYQ,51,COLUMN,F,10.0,7.25,7.92,11.88,201101,301101,77,25,2.3071271316647444,1.658916944750173,0.6482101869145713,OK
EYQ,52,COLUMN,G,20.0,7.25,7.92,11.88,201201,301201,78,26,1.5550983561916534,1.0113580608482138,0.5437402953434396,OK
EYQ,53,COLUMN,H,30.0,7.25,7.92,11.88,201301,301301,79,27,1.606044481346097,1.1164323855401972,0.4896120958058998,OK
EYQ,54,COLUMN,I,40.0,7.25,7.92,11.88,201401,301401,80,28,1.0429879165646352,0.7012440423216264,0.3417438742430088,OK
EYQ,55,COLUMN,I_prima,45.0,7.25,7.92,11.88,201451,301451,81,29,2.233886528923152,1.7967997927857018,0.4370867361374502,OK
EYQ,56,COLUMN,E,0.0,16.15,7.92,11.88,202001,302001,82,30,34.50733231812188,33.64567978666274,0.8616525314591428,OK
EYQ,57,COLUMN,F,10.0,16.15,7.92,11.88,202101,302101,83,31,4.217219900885135,3.0432000531170496,1.1740198477680859,OK
EYQ,58,COLUMN,G,20.0,16.15,7.92,11.88,202201,302201,84,32,3.4923051333097628,2.568658270623612,0.9236468626861507,OK
EYQ,59,COLUMN,H,30.0,16.15,7.92,11.88,202301,302301,85,33,4.362708078277904,3.221116986424251,1.1415910918536527,OK
EYQ,60,COLUMN,I,40.0,16.15,7.92,11.88,202401,302401,86,34,-0.7650919924368142,-0.4442380885200134,-0.32085390391680085,OK
EYQ,61,COLUMN,I_prima,45.0,16.15,7.92,11.88,202451,302451,87,35,9.593829386635107,7.776206603224309,1.8176227834107985,OK
EYQ,62,COLUMN,1B,-20.8,16.15,7.92,11.88,702001,703001,88,36,1.8136921603883387,0.5411370955363554,1.2725550648519834,OK
EYQ,63,COLUMN,1C,-10.8,16.15,7.92,11.88,702002,703002,89,37,2.3341102745716795,1.0981000615700305,1.236010213001649,OK
EYQ,64,COLUMN,1D,-0.8,16.15,7.92,11.88,702003,703003,90,38,5.720642120263268,-20.246435302717867,25.967077422981134,OK
EYQ,65,COLUMN,2A,-28.3,7.25,7.92,11.88,702004,703004,91,39,0.4527917364763688,0.08710491519226038,0.3656868212841084,OK
EYQ,66,COLUMN,2B,-20.8,7.25,7.92,11.88,702005,703005,92,40,0.537017979956289,0.09303919312566002,0.44397878683062897,OK
EYQ,67,COLUMN,2C,-10.8,7.25,7.92,11.88,702006,703006,93,41,1.440739061731297,0.9748846373985928,0.4658544243327042,OK
EYQ,68,COLUMN,3B,-20.8,0.0,7.92,11.88,702007,703007,94,42,-2.51758065393538,-0.6962098743273042,-1.821370779608076,OK
EYQ,69,COLUMN,3C,-10.8,0.0,7.92,11.88,702008,703008,95,43,-2.863307104471853,-1.2918354724727885,-1.5714716319990647,OK
EYQ,70,COLUMN,E,0.0,0.0,11.88,15.84,300001,400001,96,44,-17.20388782116217,-81.46594451485815,64.26205669369598,OK
EYQ,71,COLUMN,F,10.0,0.0,11.88,15.84,300101,400101,97,45,-3.650971920641481,-1.7804823924924928,-1.8704895281489882,OK
EYQ,72,COLUMN,G,20.0,0.0,11.88,15.84,300201,400201,98,46,-3.731282784264877,-1.773219723731513,-1.9580630605333638,OK
EYQ,73,COLUMN,H,30.0,0.0,11.88,15.84,300301,400301,99,47,-4.2708328932124235,-2.0701496891109383,-2.200683204101485,OK
EYQ,74,COLUMN,I,40.0,0.0,11.88,15.84,300401,400401,100,48,-0.930972904555379,-0.6255767312503177,-0.3053961733050613,OK
EYQ,75,COLUMN,I_prima,45.0,0.0,11.88,15.84,300451,400451,101,49,-8.699025720031003,-4.302531362486396,-4.396494357544607,OK
EYQ,76,COLUMN,E,0.0,7.25,11.88,15.84,301001,401001,103,50,153.9272796087504,60.60148710313275,93.32579250561767,OK
EYQ,77,COLUMN,F,10.0,7.25,11.88,15.84,301101,401101,104,51,1.658916944750173,1.0329442062166228,0.6259727385335503,OK
EYQ,78,COLUMN,G,20.0,7.25,11.88,15.84,301201,401201,105,52,1.0113580608482138,0.4249642088297594,0.5863938520184544,OK
EYQ,79,COLUMN,H,30.0,7.25,11.88,15.84,301301,401301,106,53,1.1164323855401972,0.5556280205358404,0.5608043650043568,OK
EYQ,80,COLUMN,I,40.0,7.25,11.88,15.84,301401,401401,107,54,0.7012440423216264,0.35071680249740744,0.35052723982421896,OK
EYQ,81,COLUMN,I_prima,45.0,7.25,11.88,15.84,301451,401451,108,55,1.7967997927857018,0.9004792677750268,0.8963205250106749,OK
EYQ,82,COLUMN,E,0.0,16.15,11.88,15.84,302001,402001,110,56,33.64567978666274,1.9607849860788518,31.684894800583887,OK
EYQ,83,COLUMN,F,10.0,16.15,11.88,15.84,302101,402101,111,57,3.0432000531170496,1.6796760733588578,1.3635239797581917,OK
EYQ,84,COLUMN,G,20.0,16.15,11.88,15.84,302201,402201,112,58,2.568658270623612,1.3100535471641577,1.2586047234594544,OK
EYQ,85,COLUMN,H,30.0,16.15,11.88,15.84,302301,402301,113,59,3.221116986424251,1.6686514722950556,1.5524655141291954,OK
EYQ,86,COLUMN,I,40.0,16.15,11.88,15.84,302401,402401,114,60,-0.4442380885200134,-0.07020139076800765,-0.37403669775200576,OK
EYQ,87,COLUMN,I_prima,45.0,16.15,11.88,15.84,302451,402451,115,61,7.776206603224309,3.8392622405131287,3.93694436271118,OK
EYQ,88,COLUMN,1B,-20.8,16.15,11.88,15.84,703001,704001,117,62,0.5411370955363554,-0.005130854580171575,0.546267950116527,OK
EYQ,89,COLUMN,1C,-10.8,16.15,11.88,15.84,703002,704002,118,63,1.0981000615700305,0.27246728114632324,0.8256327804237072,OK
EYQ,90,COLUMN,1D,-0.8,16.15,11.88,15.84,703003,704003,119,64,-20.246435302717867,0.0,-20.246435302717867,OK
EYQ,91,COLUMN,2A,-28.3,7.25,11.88,15.84,703004,704004,120,65,0.08710491519226038,-0.03857182572458303,0.12567674091684342,OK
EYQ,92,COLUMN,2B,-20.8,7.25,11.88,15.84,703005,704005,121,66,0.09303919312566002,-0.05296362717501394,0.14600282030067396,OK
EYQ,93,COLUMN,2C,-10.8,7.25,11.88,15.84,703006,704006,122,67,0.9748846373985928,0.32182607766495486,0.6530585597336379,OK
EYQ,94,COLUMN,3B,-20.8,0.0,11.88,15.84,703007,704007,123,68,-0.6962098743273042,0.09029572677721888,-0.7865056011045231,OK
EYQ,95,COLUMN,3C,-10.8,0.0,11.88,15.84,703008,704008,124,69,-1.2918354724727885,-0.4690047963449785,-0.82283067612781,OK
EYQ,96,COLUMN,E,0.0,0.0,15.84,19.8,400001,500001,,70,-81.46594451485815,0,-81.46594451485815,OK
EYQ,97,COLUMN,F,10.0,0.0,15.84,19.8,400101,500101,,71,-1.7804823924924928,0,-1.7804823924924928,OK
EYQ,98,COLUMN,G,20.0,0.0,15.84,19.8,400201,500201,,72,-1.773219723731513,0,-1.773219723731513,OK
EYQ,99,COLUMN,H,30.0,0.0,15.84,19.8,400301,500301,,73,-2.0701496891109383,0,-2.0701496891109383,OK
EYQ,100,COLUMN,I,40.0,0.0,15.84,19.8,400401,500401,,74,-0.6255767312503177,0,-0.6255767312503177,OK
EYQ,101,COLUMN,I_prima,45.0,0.0,15.84,19.8,400451,500451,,75,-4.302531362486396,0,-4.302531362486396,OK
EYQ,102,COLUMN,J,50.0,0.0,15.84,19.8,400501,500501,,,-0.024862851479179833,0,-0.024862851479179833,OK
EYQ,103,COLUMN,E,0.0,7.25,15.84,19.8,401001,501001,,76,60.60148710313275,0,60.60148710313275,OK
EYQ,104,COLUMN,F,10.0,7.25,15.84,19.8,401101,501101,,77,1.0329442062166228,0,1.0329442062166228,OK
EYQ,105,COLUMN,G,20.0,7.25,15.84,19.8,401201,501201,,78,0.4249642088297594,0,0.4249642088297594,OK
EYQ,106,COLUMN,H,30.0,7.25,15.84,19.8,401301,501301,,79,0.5556280205358404,0,0.5556280205358404,OK
EYQ,107,COLUMN,I,40.0,7.25,15.84,19.8,401401,501401,,80,0.35071680249740744,0,0.35071680249740744,OK
EYQ,108,COLUMN,I_prima,45.0,7.25,15.84,19.8,401451,501451,,81,0.9004792677750268,0,0.9004792677750268,OK
EYQ,109,COLUMN,J,50.0,7.25,15.84,19.8,401501,501501,,,0.007139836948024809,0,0.007139836948024809,OK
EYQ,110,COLUMN,E,0.0,16.15,15.84,19.8,402001,502001,,82,1.9607849860788518,0,1.9607849860788518,OK
EYQ,111,COLUMN,F,10.0,16.15,15.84,19.8,402101,502101,,83,1.6796760733588578,0,1.6796760733588578,OK
EYQ,112,COLUMN,G,20.0,16.15,15.84,19.8,402201,502201,,84,1.3100535471641577,0,1.3100535471641577,OK
EYQ,113,COLUMN,H,30.0,16.15,15.84,19.8,402301,502301,,85,1.6686514722950556,0,1.6686514722950556,OK
EYQ,114,COLUMN,I,40.0,16.15,15.84,19.8,402401,502401,,86,-0.07020139076800765,0,-0.07020139076800765,OK
EYQ,115,COLUMN,I_prima,45.0,16.15,15.84,19.8,402451,502451,,87,3.8392622405131287,0,3.8392622405131287,OK
EYQ,116,COLUMN,J,50.0,16.15,15.84,19.8,402501,502501,,,0.03146777798847321,0,0.03146777798847321,OK
EYQ,117,COLUMN,1B,-20.8,16.15,15.84,19.8,704001,705001,,88,-0.005130854580171575,0,-0.005130854580171575,OK
EYQ,118,COLUMN,1C,-10.8,16.15,15.84,19.8,704002,705002,,89,0.27246728114632324,0,0.27246728114632324,OK
EYQ,119,COLUMN,1D,-0.8,16.15,15.84,19.8,704003,705003,,90,0.0,0,0.0,OK
EYQ,120,COLUMN,2A,-28.3,7.25,15.84,19.8,704004,705004,,91,-0.03857182572458303,0,-0.03857182572458303,OK
EYQ,121,COLUMN,2B,-20.8,7.25,15.84,19.8,704005,705005,,92,-0.05296362717501394,0,-0.05296362717501394,OK
EYQ,122,COLUMN,2C,-10.8,7.25,15.84,19.8,704006,705006,,93,0.32182607766495486,0,0.32182607766495486,OK
EYQ,123,COLUMN,3B,-20.8,0.0,15.84,19.8,704007,705007,,94,0.09029572677721888,0,0.09029572677721888,OK
EYQ,124,COLUMN,3C,-10.8,0.0,15.84,19.8,704008,705008,,95,-0.4690047963449785,0,-0.4690047963449785,OK
EYQ,359,STEEL_COLUMN_SHS300x20,BEAM_MANUAL,10.0,-4.12,7.92,11.88,900017,900118,,,0.2189039761614341,0,0.2189039761614341,OK
EYQ,360,STEEL_COLUMN_SHS300x20,BEAM_MANUAL,17.49,-4.12,7.92,11.88,900018,900119,,,-0.008428048977923508,0,-0.008428048977923508,OK
EYQ,361,STEEL_COLUMN_SHS300x20,BEAM_MANUAL,20.0,-4.12,15.84,19.8,900037,900049,,,-0.11473303568467737,0,-0.11473303568467737,OK
EYQ,362,STEEL_COLUMN_SHS300x20,BEAM_MANUAL,30.0,-4.12,15.84,19.8,900038,900050,,,-0.10658915824427784,0,-0.10658915824427784,OK
