wall_id,source_wall_id,piso,segmento,z_min_m,z_max_m,identificacion_plano,confianza,length_m,thickness_m,vertical_diameter_mm,vertical_spacing_mm,horizontal_diameter_mm,horizontal_spacing_mm,boundary_bars_each_end,boundary_diameter_mm,boundary_bars_left,boundary_diameter_left_mm,boundary_bars_right,boundary_diameter_right_mm,As_m2,punto,ramal,P_kN,M_kNm,c_m
101,1,1,1,0.0,3.96,M-LT2-1-A'-retorno,alta,2.915,0.6,12,200,12,200,3,28,3,28,3,28,0.007313627697557039,A,+principal,43909.51456717731,0.0,
101,1,1,1,0.0,3.96,M-LT2-1-A'-retorno,alta,2.915,0.6,12,200,12,200,3,28,3,28,3,28,0.007313627697557039,A,-principal,43909.51456717731,-0.0,
101,1,1,1,0.0,3.96,M-LT2-1-A'-retorno,alta,2.915,0.6,12,200,12,200,3,28,3,28,3,28,0.007313627697557039,B,+principal,43428.49042817797,13628.273529630078,2.915
101,1,1,1,0.0,3.96,M-LT2-1-A'-retorno,alta,2.915,0.6,12,200,12,200,3,28,3,28,3,28,0.007313627697557039,B,-principal,43428.49042817797,-13628.273529630078,2.915
101,1,1,1,0.0,3.96,M-LT2-1-A'-retorno,alta,2.915,0.6,12,200,12,200,3,28,3,28,3,28,0.007313627697557039,C,+principal,24810.77165719197,21968.084011329513,1.719
101,1,1,1,0.0,3.96,M-LT2-1-A'-retorno,alta,2.915,0.6,12,200,12,200,3,28,3,28,3,28,0.007313627697557039,C,-principal,24810.77165719197,-21968.084011329513,1.719
101,1,1,1,0.0,3.96,M-LT2-1-A'-retorno,alta,2.915,0.6,12,200,12,200,3,28,3,28,3,28,0.007313627697557039,D,+principal,20431.2304288365,21261.78872868957,1.4325
101,1,1,1,0.0,3.96,M-LT2-1-A'-retorno,alta,2.915,0.6,12,200,12,200,3,28,3,28,3,28,0.007313627697557039,D,-principal,20431.2304288365,-21261.78872868957,1.4325
101,1,1,1,0.0,3.96,M-LT2-1-A'-retorno,alta,2.915,0.6,12,200,12,200,3,28,3,28,3,28,0.007313627697557039,E,+principal,14953.800201852759,18929.38317192341,1.074375
101,1,1,1,0.0,3.96,M-LT2-1-A'-retorno,alta,2.915,0.6,12,200,12,200,3,28,3,28,3,28,0.007313627697557039,E,-principal,14953.800201852759,-18929.38317192341,1.074375
101,1,1,1,0.0,3.96,M-LT2-1-A'-retorno,alta,2.915,0.6,12,200,12,200,3,28,3,28,3,28,0.007313627697557039,F,+principal,0.0,4335.026877898143,0.10585508136256533
101,1,1,1,0.0,3.96,M-LT2-1-A'-retorno,alta,2.915,0.6,12,200,12,200,3,28,3,28,3,28,0.007313627697557039,F,-principal,0.0,-4335.026877898143,0.10585508136256533
101,1,1,1,0.0,3.96,M-LT2-1-A'-retorno,alta,2.915,0.6,12,200,12,200,3,28,3,28,3,28,0.007313627697557039,G,+principal,-3071.7236329739562,0.0,0.0
101,1,1,1,0.0,3.96,M-LT2-1-A'-retorno,alta,2.915,0.6,12,200,12,200,3,28,3,28,3,28,0.007313627697557039,G,-principal,-3071.7236329739562,-0.0,0.0
102,1,2,1,3.96,7.92,M-LT2-1-A'-retorno,alta,2.915,0.6,12,200,12,200,3,28,3,28,3,28,0.007313627697557039,A,+principal,43909.51456717731,0.0,
102,1,2,1,3.96,7.92,M-LT2-1-A'-retorno,alta,2.915,0.6,12,200,12,200,3,28,3,28,3,28,0.007313627697557039,A,-principal,43909.51456717731,-0.0,
102,1,2,1,3.96,7.92,M-LT2-1-A'-retorno,alta,2.915,0.6,12,200,12,200,3,28,3,28,3,28,0.007313627697557039,B,+principal,43428.49042817797,13628.273529630078,2.915
102,1,2,1,3.96,7.92,M-LT2-1-A'-retorno,alta,2.915,0.6,12,200,12,200,3,28,3,28,3,28,0.007313627697557039,B,-principal,43428.49042817797,-13628.273529630078,2.915
102,1,2,1,3.96,7.92,M-LT2-1-A'-retorno,alta,2.915,0.6,12,200,12,200,3,28,3,28,3,28,0.007313627697557039,C,+principal,24810.77165719197,21968.084011329513,1.719
102,1,2,1,3.96,7.92,M-LT2-1-A'-retorno,alta,2.915,0.6,12,200,12,200,3,28,3,28,3,28,0.007313627697557039,C,-principal,24810.77165719197,-21968.084011329513,1.719
102,1,2,1,3.96,7.92,M-LT2-1-A'-retorno,alta,2.915,0.6,12,200,12,200,3,28,3,28,3,28,0.007313627697557039,D,+principal,20431.2304288365,21261.78872868957,1.4325
102,1,2,1,3.96,7.92,M-LT2-1-A'-retorno,alta,2.915,0.6,12,200,12,200,3,28,3,28,3,28,0.007313627697557039,D,-principal,20431.2304288365,-21261.78872868957,1.4325
102,1,2,1,3.96,7.92,M-LT2-1-A'-retorno,alta,2.915,0.6,12,200,12,200,3,28,3,28,3,28,0.007313627697557039,E,+principal,14953.800201852759,18929.38317192341,1.074375
102,1,2,1,3.96,7.92,M-LT2-1-A'-retorno,alta,2.915,0.6,12,200,12,200,3,28,3,28,3,28,0.007313627697557039,E,-principal,14953.800201852759,-18929.38317192341,1.074375
102,1,2,1,3.96,7.92,M-LT2-1-A'-retorno,alta,2.915,0.6,12,200,12,200,3,28,3,28,3,28,0.007313627697557039,F,+principal,0.0,4335.026877898143,0.10585508136256533
102,1,2,1,3.96,7.92,M-LT2-1-A'-retorno,alta,2.915,0.6,12,200,12,200,3,28,3,28,3,28,0.007313627697557039,F,-principal,0.0,-4335.026877898143,0.10585508136256533
102,1,2,1,3.96,7.92,M-LT2-1-A'-retorno,alta,2.915,0.6,12,200,12,200,3,28,3,28,3,28,0.007313627697557039,G,+principal,-3071.7236329739562,0.0,0.0
102,1,2,1,3.96,7.92,M-LT2-1-A'-retorno,alta,2.915,0.6,12,200,12,200,3,28,3,28,3,28,0.007313627697557039,G,-principal,-3071.7236329739562,-0.0,0.0
103,1,3,1,7.92,11.88,M-LT2-1-A'-retorno,alta,2.915,0.6,10,200,10,200,20,22,20,22,20,22,0.017718582566246432,A,+principal,47157.94147718213,0.0,
103,1,3,1,7.92,11.88,M-LT2-1-A'-retorno,alta,2.915,0.6,10,200,10,200,20,22,20,22,20,22,0.017718582566246432,A,-principal,47157.94147718213,-0.0,
103,1,3,1,7.92,11.88,M-LT2-1-A'-retorno,alta,2.915,0.6,10,200,10,200,20,22,20,22,20,22,0.017718582566246432,B,+principal,45600.415474857335,16811.550348924688,2.915
103,1,3,1,7.92,11.88,M-LT2-1-A'-retorno,alta,2.915,0.6,10,200,10,200,20,22,20,22,20,22,0.017718582566246432,B,-principal,45600.415474857335,-16811.550348924688,2.915
103,1,3,1,7.92,11.88,M-LT2-1-A'-retorno,alta,2.915,0.6,10,200,10,200,20,22,20,22,20,22,0.017718582566246432,C,+principal,24730.272539716643,28502.24628670232,1.719
103,1,3,1,7.92,11.88,M-LT2-1-A'-retorno,alta,2.915,0.6,10,200,10,200,20,22,20,22,20,22,0.017718582566246432,C,-principal,24730.272539716643,-28502.24628670232,1.719
103,1,3,1,7.92,11.88,M-LT2-1-A'-retorno,alta,2.915,0.6,10,200,10,200,20,22,20,22,20,22,0.017718582566246432,D,+principal,20438.829464469793,27765.619746035693,1.4325
103,1,3,1,7.92,11.88,M-LT2-1-A'-retorno,alta,2.915,0.6,10,200,10,200,20,22,20,22,20,22,0.017718582566246432,D,-principal,20438.829464469793,-27765.619746035693,1.4325
103,1,3,1,7.92,11.88,M-LT2-1-A'-retorno,alta,2.915,0.6,10,200,10,200,20,22,20,22,20,22,0.017718582566246432,E,+principal,15072.439723508862,25435.292788385585,1.074375
103,1,3,1,7.92,11.88,M-LT2-1-A'-retorno,alta,2.915,0.6,10,200,10,200,20,22,20,22,20,22,0.017718582566246432,E,-principal,15072.439723508862,-25435.292788385585,1.074375
103,1,3,1,7.92,11.88,M-LT2-1-A'-retorno,alta,2.915,0.6,10,200,10,200,20,22,20,22,20,22,0.017718582566246432,F,+principal,0.0,10484.6029877702,0.10842954556577286
103,1,3,1,7.92,11.88,M-LT2-1-A'-retorno,alta,2.915,0.6,10,200,10,200,20,22,20,22,20,22,0.017718582566246432,F,-principal,0.0,-10484.6029877702,0.10842954556577286
103,1,3,1,7.92,11.88,M-LT2-1-A'-retorno,alta,2.915,0.6,10,200,10,200,20,22,20,22,20,22,0.017718582566246432,G,+principal,-7441.804677823502,0.0,0.0
103,1,3,1,7.92,11.88,M-LT2-1-A'-retorno,alta,2.915,0.6,10,200,10,200,20,22,20,22,20,22,0.017718582566246432,G,-principal,-7441.804677823502,-0.0,0.0
104,1,4,1,11.88,15.84,M-LT2-1-A'-retorno,alta,2.915,0.6,10,200,10,200,20,22,20,22,20,22,0.017718582566246432,A,+principal,47157.94147718213,0.0,
104,1,4,1,11.88,15.84,M-LT2-1-A'-retorno,alta,2.915,0.6,10,200,10,200,20,22,20,22,20,22,0.017718582566246432,A,-principal,47157.94147718213,-0.0,
104,1,4,1,11.88,15.84,M-LT2-1-A'-retorno,alta,2.915,0.6,10,200,10,200,20,22,20,22,20,22,0.017718582566246432,B,+principal,45600.415474857335,16811.550348924688,2.915
104,1,4,1,11.88,15.84,M-LT2-1-A'-retorno,alta,2.915,0.6,10,200,10,200,20,22,20,22,20,22,0.017718582566246432,B,-principal,45600.415474857335,-16811.550348924688,2.915
104,1,4,1,11.88,15.84,M-LT2-1-A'-retorno,alta,2.915,0.6,10,200,10,200,20,22,20,22,20,22,0.017718582566246432,C,+principal,24730.272539716643,28502.24628670232,1.719
104,1,4,1,11.88,15.84,M-LT2-1-A'-retorno,alta,2.915,0.6,10,200,10,200,20,22,20,22,20,22,0.017718582566246432,C,-principal,24730.272539716643,-28502.24628670232,1.719
104,1,4,1,11.88,15.84,M-LT2-1-A'-retorno,alta,2.915,0.6,10,200,10,200,20,22,20,22,20,22,0.017718582566246432,D,+principal,20438.829464469793,27765.619746035693,1.4325
104,1,4,1,11.88,15.84,M-LT2-1-A'-retorno,alta,2.915,0.6,10,200,10,200,20,22,20,22,20,22,0.017718582566246432,D,-principal,20438.829464469793,-27765.619746035693,1.4325
104,1,4,1,11.88,15.84,M-LT2-1-A'-retorno,alta,2.915,0.6,10,200,10,200,20,22,20,22,20,22,0.017718582566246432,E,+principal,15072.439723508862,25435.292788385585,1.074375
104,1,4,1,11.88,15.84,M-LT2-1-A'-retorno,alta,2.915,0.6,10,200,10,200,20,22,20,22,20,22,0.017718582566246432,E,-principal,15072.439723508862,-25435.292788385585,1.074375
104,1,4,1,11.88,15.84,M-LT2-1-A'-retorno,alta,2.915,0.6,10,200,10,200,20,22,20,22,20,22,0.017718582566246432,F,+principal,0.0,10484.6029877702,0.10842954556577286
104,1,4,1,11.88,15.84,M-LT2-1-A'-retorno,alta,2.915,0.6,10,200,10,200,20,22,20,22,20,22,0.017718582566246432,F,-principal,0.0,-10484.6029877702,0.10842954556577286
104,1,4,1,11.88,15.84,M-LT2-1-A'-retorno,alta,2.915,0.6,10,200,10,200,20,22,20,22,20,22,0.017718582566246432,G,+principal,-7441.804677823502,0.0,0.0
104,1,4,1,11.88,15.84,M-LT2-1-A'-retorno,alta,2.915,0.6,10,200,10,200,20,22,20,22,20,22,0.017718582566246432,G,-principal,-7441.804677823502,-0.0,0.0
105,1,5,1,15.84,19.8,M-LT2-1-A'-retorno,alta,2.915,0.6,10,200,10,200,20,22,20,22,20,22,0.017718582566246432,A,+principal,47157.94147718213,0.0,
105,1,5,1,15.84,19.8,M-LT2-1-A'-retorno,alta,2.915,0.6,10,200,10,200,20,22,20,22,20,22,0.017718582566246432,A,-principal,47157.94147718213,-0.0,
105,1,5,1,15.84,19.8,M-LT2-1-A'-retorno,alta,2.915,0.6,10,200,10,200,20,22,20,22,20,22,0.017718582566246432,B,+principal,45600.415474857335,16811.550348924688,2.915
105,1,5,1,15.84,19.8,M-LT2-1-A'-retorno,alta,2.915,0.6,10,200,10,200,20,22,20,22,20,22,0.017718582566246432,B,-principal,45600.415474857335,-16811.550348924688,2.915
105,1,5,1,15.84,19.8,M-LT2-1-A'-retorno,alta,2.915,0.6,10,200,10,200,20,22,20,22,20,22,0.017718582566246432,C,+principal,24730.272539716643,28502.24628670232,1.719
105,1,5,1,15.84,19.8,M-LT2-1-A'-retorno,alta,2.915,0.6,10,200,10,200,20,22,20,22,20,22,0.017718582566246432,C,-principal,24730.272539716643,-28502.24628670232,1.719
105,1,5,1,15.84,19.8,M-LT2-1-A'-retorno,alta,2.915,0.6,10,200,10,200,20,22,20,22,20,22,0.017718582566246432,D,+principal,20438.829464469793,27765.619746035693,1.4325
105,1,5,1,15.84,19.8,M-LT2-1-A'-retorno,alta,2.915,0.6,10,200,10,200,20,22,20,22,20,22,0.017718582566246432,D,-principal,20438.829464469793,-27765.619746035693,1.4325
105,1,5,1,15.84,19.8,M-LT2-1-A'-retorno,alta,2.915,0.6,10,200,10,200,20,22,20,22,20,22,0.017718582566246432,E,+principal,15072.439723508862,25435.292788385585,1.074375
105,1,5,1,15.84,19.8,M-LT2-1-A'-retorno,alta,2.915,0.6,10,200,10,200,20,22,20,22,20,22,0.017718582566246432,E,-principal,15072.439723508862,-25435.292788385585,1.074375
105,1,5,1,15.84,19.8,M-LT2-1-A'-retorno,alta,2.915,0.6,10,200,10,200,20,22,20,22,20,22,0.017718582566246432,F,+principal,0.0,10484.6029877702,0.10842954556577286
105,1,5,1,15.84,19.8,M-LT2-1-A'-retorno,alta,2.915,0.6,10,200,10,200,20,22,20,22,20,22,0.017718582566246432,F,-principal,0.0,-10484.6029877702,0.10842954556577286
105,1,5,1,15.84,19.8,M-LT2-1-A'-retorno,alta,2.915,0.6,10,200,10,200,20,22,20,22,20,22,0.017718582566246432,G,+principal,-7441.804677823502,0.0,0.0
105,1,5,1,15.84,19.8,M-LT2-1-A'-retorno,alta,2.915,0.6,10,200,10,200,20,22,20,22,20,22,0.017718582566246432,G,-principal,-7441.804677823502,-0.0,0.0
201,2,1,1,0.0,3.96,M-LT2-1-A',alta,1.8499999999999979,0.3,12,200,12,100,20,22,20,22,20,22,0.01746725515395925,A,+principal,18662.27705906606,0.0,
201,2,1,1,0.0,3.96,M-LT2-1-A',alta,1.8499999999999979,0.3,12,200,12,100,20,22,20,22,20,22,0.01746725515395925,A,-principal,18662.27705906606,-0.0,
201,2,1,1,0.0,3.96,M-LT2-1-A',alta,1.8499999999999979,0.3,12,200,12,100,20,22,20,22,20,22,0.01746725515395925,B,+principal,17158.063477155527,5300.27656681034,1.8499999999999979
201,2,1,1,0.0,3.96,M-LT2-1-A',alta,1.8499999999999979,0.3,12,200,12,100,20,22,20,22,20,22,0.01746725515395925,B,-principal,17158.063477155527,-5300.27656681034,1.8499999999999979
201,2,1,1,0.0,3.96,M-LT2-1-A',alta,1.8499999999999979,0.3,12,200,12,100,20,22,20,22,20,22,0.01746725515395925,C,+principal,7859.566949053524,9754.975748690516,1.0799999999999987
201,2,1,1,0.0,3.96,M-LT2-1-A',alta,1.8499999999999979,0.3,12,200,12,100,20,22,20,22,20,22,0.01746725515395925,C,-principal,7859.566949053524,-9754.975748690516,1.0799999999999987
201,2,1,1,0.0,3.96,M-LT2-1-A',alta,1.8499999999999979,0.3,12,200,12,100,20,22,20,22,20,22,0.01746725515395925,D,+principal,6402.249559538853,9618.965278140835,0.8999999999999989
201,2,1,1,0.0,3.96,M-LT2-1-A',alta,1.8499999999999979,0.3,12,200,12,100,20,22,20,22,20,22,0.01746725515395925,D,-principal,6402.249559538853,-9618.965278140835,0.8999999999999989
201,2,1,1,0.0,3.96,M-LT2-1-A',alta,1.8499999999999979,0.3,12,200,12,100,20,22,20,22,20,22,0.01746725515395925,E,+principal,4578.477011616585,9142.168566651464,0.6749999999999992
201,2,1,1,0.0,3.96,M-LT2-1-A',alta,1.8499999999999979,0.3,12,200,12,100,20,22,20,22,20,22,0.01746725515395925,E,-principal,4578.477011616585,-9142.168566651464,0.6749999999999992
201,2,1,1,0.0,3.96,M-LT2-1-A',alta,1.8499999999999979,0.3,12,200,12,100,20,22,20,22,20,22,0.01746725515395925,F,+principal,0.0,6415.780548282828,0.13397890228874954
201,2,1,1,0.0,3.96,M-LT2-1-A',alta,1.8499999999999979,0.3,12,200,12,100,20,22,20,22,20,22,0.01746725515395925,F,-principal,0.0,-6415.780548282828,0.13397890228874954
201,2,1,1,0.0,3.96,M-LT2-1-A',alta,1.8499999999999979,0.3,12,200,12,100,20,22,20,22,20,22,0.01746725515395925,G,+principal,-7336.247164662885,0.0,0.0
201,2,1,1,0.0,3.96,M-LT2-1-A',alta,1.8499999999999979,0.3,12,200,12,100,20,22,20,22,20,22,0.01746725515395925,G,-principal,-7336.247164662885,-0.0,0.0
202,2,2,1,3.96,7.92,M-LT2-1-A',alta,1.8499999999999979,0.3,12,200,12,200,20,22,20,22,20,22,0.01746725515395925,A,+principal,18662.27705906606,0.0,
202,2,2,1,3.96,7.92,M-LT2-1-A',alta,1.8499999999999979,0.3,12,200,12,200,20,22,20,22,20,22,0.01746725515395925,A,-principal,18662.27705906606,-0.0,
202,2,2,1,3.96,7.92,M-LT2-1-A',alta,1.8499999999999979,0.3,12,200,12,200,20,22,20,22,20,22,0.01746725515395925,B,+principal,17158.063477155527,5300.27656681034,1.8499999999999979
202,2,2,1,3.96,7.92,M-LT2-1-A',alta,1.8499999999999979,0.3,12,200,12,200,20,22,20,22,20,22,0.01746725515395925,B,-principal,17158.063477155527,-5300.27656681034,1.8499999999999979
202,2,2,1,3.96,7.92,M-LT2-1-A',alta,1.8499999999999979,0.3,12,200,12,200,20,22,20,22,20,22,0.01746725515395925,C,+principal,7859.566949053524,9754.975748690516,1.0799999999999987
202,2,2,1,3.96,7.92,M-LT2-1-A',alta,1.8499999999999979,0.3,12,200,12,200,20,22,20,22,20,22,0.01746725515395925,C,-principal,7859.566949053524,-9754.975748690516,1.0799999999999987
202,2,2,1,3.96,7.92,M-LT2-1-A',alta,1.8499999999999979,0.3,12,200,12,200,20,22,20,22,20,22,0.01746725515395925,D,+principal,6402.249559538853,9618.965278140835,0.8999999999999989
202,2,2,1,3.96,7.92,M-LT2-1-A',alta,1.8499999999999979,0.3,12,200,12,200,20,22,20,22,20,22,0.01746725515395925,D,-principal,6402.249559538853,-9618.965278140835,0.8999999999999989
202,2,2,1,3.96,7.92,M-LT2-1-A',alta,1.8499999999999979,0.3,12,200,12,200,20,22,20,22,20,22,0.01746725515395925,E,+principal,4578.477011616585,9142.168566651464,0.6749999999999992
202,2,2,1,3.96,7.92,M-LT2-1-A',alta,1.8499999999999979,0.3,12,200,12,200,20,22,20,22,20,22,0.01746725515395925,E,-principal,4578.477011616585,-9142.168566651464,0.6749999999999992
202,2,2,1,3.96,7.92,M-LT2-1-A',alta,1.8499999999999979,0.3,12,200,12,200,20,22,20,22,20,22,0.01746725515395925,F,+principal,0.0,6415.780548282828,0.13397890228874954
202,2,2,1,3.96,7.92,M-LT2-1-A',alta,1.8499999999999979,0.3,12,200,12,200,20,22,20,22,20,22,0.01746725515395925,F,-principal,0.0,-6415.780548282828,0.13397890228874954
202,2,2,1,3.96,7.92,M-LT2-1-A',alta,1.8499999999999979,0.3,12,200,12,200,20,22,20,22,20,22,0.01746725515395925,G,+principal,-7336.247164662885,0.0,0.0
202,2,2,1,3.96,7.92,M-LT2-1-A',alta,1.8499999999999979,0.3,12,200,12,200,20,22,20,22,20,22,0.01746725515395925,G,-principal,-7336.247164662885,-0.0,0.0
203,2,3,1,7.92,11.88,M-LT2-1-A',alta,1.8499999999999979,0.3,10,200,10,200,20,22,20,22,20,22,0.016776104770169494,A,+principal,18446.499909246904,0.0,
203,2,3,1,7.92,11.88,M-LT2-1-A',alta,1.8499999999999979,0.3,10,200,10,200,20,22,20,22,20,22,0.016776104770169494,A,-principal,18446.499909246904,-0.0,
203,2,3,1,7.92,11.88,M-LT2-1-A',alta,1.8499999999999979,0.3,10,200,10,200,20,22,20,22,20,22,0.016776104770169494,B,+principal,16966.633500585867,5246.527690192288,1.8499999999999979
203,2,3,1,7.92,11.88,M-LT2-1-A',alta,1.8499999999999979,0.3,10,200,10,200,20,22,20,22,20,22,0.016776104770169494,B,-principal,16966.633500585867,-5246.527690192288,1.8499999999999979
203,2,3,1,7.92,11.88,M-LT2-1-A',alta,1.8499999999999979,0.3,10,200,10,200,20,22,20,22,20,22,0.016776104770169494,C,+principal,7814.232603509388,9643.32474165568,1.0799999999999987
203,2,3,1,7.92,11.88,M-LT2-1-A',alta,1.8499999999999979,0.3,10,200,10,200,20,22,20,22,20,22,0.016776104770169494,C,-principal,7814.232603509388,-9643.32474165568,1.0799999999999987
203,2,3,1,7.92,11.88,M-LT2-1-A',alta,1.8499999999999979,0.3,10,200,10,200,20,22,20,22,20,22,0.016776104770169494,D,+principal,6409.506638568646,9496.64392599618,0.8999999999999989
203,2,3,1,7.92,11.88,M-LT2-1-A',alta,1.8499999999999979,0.3,10,200,10,200,20,22,20,22,20,22,0.016776104770169494,D,-principal,6409.506638568646,-9496.64392599618,0.8999999999999989
203,2,3,1,7.92,11.88,M-LT2-1-A',alta,1.8499999999999979,0.3,10,200,10,200,20,22,20,22,20,22,0.016776104770169494,E,+principal,4652.122924733738,9020.726973573006,0.6749999999999992
203,2,3,1,7.92,11.88,M-LT2-1-A',alta,1.8499999999999979,0.3,10,200,10,200,20,22,20,22,20,22,0.016776104770169494,E,-principal,4652.122924733738,-9020.726973573006,0.6749999999999992
203,2,3,1,7.92,11.88,M-LT2-1-A',alta,1.8499999999999979,0.3,10,200,10,200,20,22,20,22,20,22,0.016776104770169494,F,+principal,0.0,6165.812732658214,0.1233127158350655
203,2,3,1,7.92,11.88,M-LT2-1-A',alta,1.8499999999999979,0.3,10,200,10,200,20,22,20,22,20,22,0.016776104770169494,F,-principal,0.0,-6165.812732658214,0.1233127158350655
203,2,3,1,7.92,11.88,M-LT2-1-A',alta,1.8499999999999979,0.3,10,200,10,200,20,22,20,22,20,22,0.016776104770169494,G,+principal,-7045.964003471187,0.0,0.0
203,2,3,1,7.92,11.88,M-LT2-1-A',alta,1.8499999999999979,0.3,10,200,10,200,20,22,20,22,20,22,0.016776104770169494,G,-principal,-7045.964003471187,-0.0,0.0
204,2,4,1,11.88,15.84,M-LT2-1-A',alta,1.8499999999999979,0.3,10,200,10,200,20,22,20,22,20,22,0.016776104770169494,A,+principal,18446.499909246904,0.0,
204,2,4,1,11.88,15.84,M-LT2-1-A',alta,1.8499999999999979,0.3,10,200,10,200,20,22,20,22,20,22,0.016776104770169494,A,-principal,18446.499909246904,-0.0,
204,2,4,1,11.88,15.84,M-LT2-1-A',alta,1.8499999999999979,0.3,10,200,10,200,20,22,20,22,20,22,0.016776104770169494,B,+principal,16966.633500585867,5246.527690192288,1.8499999999999979
204,2,4,1,11.88,15.84,M-LT2-1-A',alta,1.8499999999999979,0.3,10,200,10,200,20,22,20,22,20,22,0.016776104770169494,B,-principal,16966.633500585867,-5246.527690192288,1.8499999999999979
204,2,4,1,11.88,15.84,M-LT2-1-A',alta,1.8499999999999979,0.3,10,200,10,200,20,22,20,22,20,22,0.016776104770169494,C,+principal,7814.232603509388,9643.32474165568,1.0799999999999987
204,2,4,1,11.88,15.84,M-LT2-1-A',alta,1.8499999999999979,0.3,10,200,10,200,20,22,20,22,20,22,0.016776104770169494,C,-principal,7814.232603509388,-9643.32474165568,1.0799999999999987
204,2,4,1,11.88,15.84,M-LT2-1-A',alta,1.8499999999999979,0.3,10,200,10,200,20,22,20,22,20,22,0.016776104770169494,D,+principal,6409.506638568646,9496.64392599618,0.8999999999999989
204,2,4,1,11.88,15.84,M-LT2-1-A',alta,1.8499999999999979,0.3,10,200,10,200,20,22,20,22,20,22,0.016776104770169494,D,-principal,6409.506638568646,-9496.64392599618,0.8999999999999989
204,2,4,1,11.88,15.84,M-LT2-1-A',alta,1.8499999999999979,0.3,10,200,10,200,20,22,20,22,20,22,0.016776104770169494,E,+principal,4652.122924733738,9020.726973573006,0.6749999999999992
204,2,4,1,11.88,15.84,M-LT2-1-A',alta,1.8499999999999979,0.3,10,200,10,200,20,22,20,22,20,22,0.016776104770169494,E,-principal,4652.122924733738,-9020.726973573006,0.6749999999999992
204,2,4,1,11.88,15.84,M-LT2-1-A',alta,1.8499999999999979,0.3,10,200,10,200,20,22,20,22,20,22,0.016776104770169494,F,+principal,0.0,6165.812732658214,0.1233127158350655
204,2,4,1,11.88,15.84,M-LT2-1-A',alta,1.8499999999999979,0.3,10,200,10,200,20,22,20,22,20,22,0.016776104770169494,F,-principal,0.0,-6165.812732658214,0.1233127158350655
204,2,4,1,11.88,15.84,M-LT2-1-A',alta,1.8499999999999979,0.3,10,200,10,200,20,22,20,22,20,22,0.016776104770169494,G,+principal,-7045.964003471187,0.0,0.0
204,2,4,1,11.88,15.84,M-LT2-1-A',alta,1.8499999999999979,0.3,10,200,10,200,20,22,20,22,20,22,0.016776104770169494,G,-principal,-7045.964003471187,-0.0,0.0
205,2,5,1,15.84,19.8,M-LT2-1-A',alta,1.8499999999999979,0.3,10,200,10,200,20,22,20,22,20,22,0.016776104770169494,A,+principal,18446.499909246904,0.0,
205,2,5,1,15.84,19.8,M-LT2-1-A',alta,1.8499999999999979,0.3,10,200,10,200,20,22,20,22,20,22,0.016776104770169494,A,-principal,18446.499909246904,-0.0,
205,2,5,1,15.84,19.8,M-LT2-1-A',alta,1.8499999999999979,0.3,10,200,10,200,20,22,20,22,20,22,0.016776104770169494,B,+principal,16966.633500585867,5246.527690192288,1.8499999999999979
205,2,5,1,15.84,19.8,M-LT2-1-A',alta,1.8499999999999979,0.3,10,200,10,200,20,22,20,22,20,22,0.016776104770169494,B,-principal,16966.633500585867,-5246.527690192288,1.8499999999999979
205,2,5,1,15.84,19.8,M-LT2-1-A',alta,1.8499999999999979,0.3,10,200,10,200,20,22,20,22,20,22,0.016776104770169494,C,+principal,7814.232603509388,9643.32474165568,1.0799999999999987
205,2,5,1,15.84,19.8,M-LT2-1-A',alta,1.8499999999999979,0.3,10,200,10,200,20,22,20,22,20,22,0.016776104770169494,C,-principal,7814.232603509388,-9643.32474165568,1.0799999999999987
205,2,5,1,15.84,19.8,M-LT2-1-A',alta,1.8499999999999979,0.3,10,200,10,200,20,22,20,22,20,22,0.016776104770169494,D,+principal,6409.506638568646,9496.64392599618,0.8999999999999989
205,2,5,1,15.84,19.8,M-LT2-1-A',alta,1.8499999999999979,0.3,10,200,10,200,20,22,20,22,20,22,0.016776104770169494,D,-principal,6409.506638568646,-9496.64392599618,0.8999999999999989
205,2,5,1,15.84,19.8,M-LT2-1-A',alta,1.8499999999999979,0.3,10,200,10,200,20,22,20,22,20,22,0.016776104770169494,E,+principal,4652.122924733738,9020.726973573006,0.6749999999999992
205,2,5,1,15.84,19.8,M-LT2-1-A',alta,1.8499999999999979,0.3,10,200,10,200,20,22,20,22,20,22,0.016776104770169494,E,-principal,4652.122924733738,-9020.726973573006,0.6749999999999992
205,2,5,1,15.84,19.8,M-LT2-1-A',alta,1.8499999999999979,0.3,10,200,10,200,20,22,20,22,20,22,0.016776104770169494,F,+principal,0.0,6165.812732658214,0.1233127158350655
205,2,5,1,15.84,19.8,M-LT2-1-A',alta,1.8499999999999979,0.3,10,200,10,200,20,22,20,22,20,22,0.016776104770169494,F,-principal,0.0,-6165.812732658214,0.1233127158350655
205,2,5,1,15.84,19.8,M-LT2-1-A',alta,1.8499999999999979,0.3,10,200,10,200,20,22,20,22,20,22,0.016776104770169494,G,+principal,-7045.964003471187,0.0,0.0
205,2,5,1,15.84,19.8,M-LT2-1-A',alta,1.8499999999999979,0.3,10,200,10,200,20,22,20,22,20,22,0.016776104770169494,G,-principal,-7045.964003471187,-0.0,0.0
301,3,1,1,0.0,3.96,M-LT2-3-A'-retorno,alta,2.9200000000000017,0.6,12,200,12,200,3,28,3,28,3,28,0.007313627697557039,A,+principal,43980.91456717734,0.0,
301,3,1,1,0.0,3.96,M-LT2-3-A'-retorno,alta,2.9200000000000017,0.6,12,200,12,200,3,28,3,28,3,28,0.007313627697557039,A,-principal,43980.91456717734,-0.0,
301,3,1,1,0.0,3.96,M-LT2-3-A'-retorno,alta,2.9200000000000017,0.6,12,200,12,200,3,28,3,28,3,28,0.007313627697557039,B,+principal,43499.84090042614,13672.656439392893,2.9200000000000017
301,3,1,1,0.0,3.96,M-LT2-3-A'-retorno,alta,2.9200000000000017,0.6,12,200,12,200,3,28,3,28,3,28,0.007313627697557039,B,-principal,43499.84090042614,-13672.656439392893,2.9200000000000017
301,3,1,1,0.0,3.96,M-LT2-3-A'-retorno,alta,2.9200000000000017,0.6,12,200,12,200,3,28,3,28,3,28,0.007313627697557039,C,+principal,24853.649207067145,22038.490954454734,1.7220000000000013
301,3,1,1,0.0,3.96,M-LT2-3-A'-retorno,alta,2.9200000000000017,0.6,12,200,12,200,3,28,3,28,3,28,0.007313627697557039,C,-principal,24853.649207067145,-22038.490954454734,1.7220000000000013
301,3,1,1,0.0,3.96,M-LT2-3-A'-retorno,alta,2.9200000000000017,0.6,12,200,12,200,3,28,3,28,3,28,0.007313627697557039,D,+principal,20466.97375561555,21329.739691027513,1.4350000000000012
301,3,1,1,0.0,3.96,M-LT2-3-A'-retorno,alta,2.9200000000000017,0.6,12,200,12,200,3,28,3,28,3,28,0.007313627697557039,D,-principal,20466.97375561555,-21329.739691027513,1.4350000000000012
301,3,1,1,0.0,3.96,M-LT2-3-A'-retorno,alta,2.9200000000000017,0.6,12,200,12,200,3,28,3,28,3,28,0.007313627697557039,E,+principal,14980.633741145324,18989.44032780464,1.0762500000000008
301,3,1,1,0.0,3.96,M-LT2-3-A'-retorno,alta,2.9200000000000017,0.6,12,200,12,200,3,28,3,28,3,28,0.007313627697557039,E,-principal,14980.633741145324,-18989.44032780464,1.0762500000000008
301,3,1,1,0.0,3.96,M-LT2-3-A'-retorno,alta,2.9200000000000017,0.6,12,200,12,200,3,28,3,28,3,28,0.007313627697557039,F,+principal,0.0,4342.70618698058,0.10585508136256533
301,3,1,1,0.0,3.96,M-LT2-3-A'-retorno,alta,2.9200000000000017,0.6,12,200,12,200,3,28,3,28,3,28,0.007313627697557039,F,-principal,0.0,-4342.70618698058,0.10585508136256533
301,3,1,1,0.0,3.96,M-LT2-3-A'-retorno,alta,2.9200000000000017,0.6,12,200,12,200,3,28,3,28,3,28,0.007313627697557039,G,+principal,-3071.7236329739562,0.0,0.0
301,3,1,1,0.0,3.96,M-LT2-3-A'-retorno,alta,2.9200000000000017,0.6,12,200,12,200,3,28,3,28,3,28,0.007313627697557039,G,-principal,-3071.7236329739562,-0.0,0.0
302,3,2,1,3.96,7.92,M-LT2-3-A'-retorno,alta,2.9200000000000017,0.6,12,200,12,200,3,28,3,28,3,28,0.007313627697557039,A,+principal,43980.91456717734,0.0,
302,3,2,1,3.96,7.92,M-LT2-3-A'-retorno,alta,2.9200000000000017,0.6,12,200,12,200,3,28,3,28,3,28,0.007313627697557039,A,-principal,43980.91456717734,-0.0,
302,3,2,1,3.96,7.92,M-LT2-3-A'-retorno,alta,2.9200000000000017,0.6,12,200,12,200,3,28,3,28,3,28,0.007313627697557039,B,+principal,43499.84090042614,13672.656439392893,2.9200000000000017
302,3,2,1,3.96,7.92,M-LT2-3-A'-retorno,alta,2.9200000000000017,0.6,12,200,12,200,3,28,3,28,3,28,0.007313627697557039,B,-principal,43499.84090042614,-13672.656439392893,2.9200000000000017
302,3,2,1,3.96,7.92,M-LT2-3-A'-retorno,alta,2.9200000000000017,0.6,12,200,12,200,3,28,3,28,3,28,0.007313627697557039,C,+principal,24853.649207067145,22038.490954454734,1.7220000000000013
302,3,2,1,3.96,7.92,M-LT2-3-A'-retorno,alta,2.9200000000000017,0.6,12,200,12,200,3,28,3,28,3,28,0.007313627697557039,C,-principal,24853.649207067145,-22038.490954454734,1.7220000000000013
302,3,2,1,3.96,7.92,M-LT2-3-A'-retorno,alta,2.9200000000000017,0.6,12,200,12,200,3,28,3,28,3,28,0.007313627697557039,D,+principal,20466.97375561555,21329.739691027513,1.4350000000000012
302,3,2,1,3.96,7.92,M-LT2-3-A'-retorno,alta,2.9200000000000017,0.6,12,200,12,200,3,28,3,28,3,28,0.007313627697557039,D,-principal,20466.97375561555,-21329.739691027513,1.4350000000000012
302,3,2,1,3.96,7.92,M-LT2-3-A'-retorno,alta,2.9200000000000017,0.6,12,200,12,200,3,28,3,28,3,28,0.007313627697557039,E,+principal,14980.633741145324,18989.44032780464,1.0762500000000008
302,3,2,1,3.96,7.92,M-LT2-3-A'-retorno,alta,2.9200000000000017,0.6,12,200,12,200,3,28,3,28,3,28,0.007313627697557039,E,-principal,14980.633741145324,-18989.44032780464,1.0762500000000008
302,3,2,1,3.96,7.92,M-LT2-3-A'-retorno,alta,2.9200000000000017,0.6,12,200,12,200,3,28,3,28,3,28,0.007313627697557039,F,+principal,0.0,4342.70618698058,0.10585508136256533
302,3,2,1,3.96,7.92,M-LT2-3-A'-retorno,alta,2.9200000000000017,0.6,12,200,12,200,3,28,3,28,3,28,0.007313627697557039,F,-principal,0.0,-4342.70618698058,0.10585508136256533
302,3,2,1,3.96,7.92,M-LT2-3-A'-retorno,alta,2.9200000000000017,0.6,12,200,12,200,3,28,3,28,3,28,0.007313627697557039,G,+principal,-3071.7236329739562,0.0,0.0
302,3,2,1,3.96,7.92,M-LT2-3-A'-retorno,alta,2.9200000000000017,0.6,12,200,12,200,3,28,3,28,3,28,0.007313627697557039,G,-principal,-3071.7236329739562,-0.0,0.0
303,3,3,1,7.92,11.88,M-LT2-3-A'-retorno,alta,2.9200000000000017,0.6,10,200,10,200,20,22,20,22,20,22,0.017718582566246432,A,+principal,47229.341477182155,0.0,
303,3,3,1,7.92,11.88,M-LT2-3-A'-retorno,alta,2.9200000000000017,0.6,10,200,10,200,20,22,20,22,20,22,0.017718582566246432,A,-principal,47229.341477182155,-0.0,
303,3,3,1,7.92,11.88,M-LT2-3-A'-retorno,alta,2.9200000000000017,0.6,10,200,10,200,20,22,20,22,20,22,0.017718582566246432,B,+principal,45671.66414006004,16861.731821094047,2.9200000000000017
303,3,3,1,7.92,11.88,M-LT2-3-A'-retorno,alta,2.9200000000000017,0.6,10,200,10,200,20,22,20,22,20,22,0.017718582566246432,B,-principal,45671.66414006004,-16861.731821094047,2.9200000000000017
303,3,3,1,7.92,11.88,M-LT2-3-A'-retorno,alta,2.9200000000000017,0.6,10,200,10,200,20,22,20,22,20,22,0.017718582566246432,C,+principal,24773.138616018852,28584.25740437105,1.7220000000000013
303,3,3,1,7.92,11.88,M-LT2-3-A'-retorno,alta,2.9200000000000017,0.6,10,200,10,200,20,22,20,22,20,22,0.017718582566246432,C,-principal,24773.138616018852,-28584.25740437105,1.7220000000000013
303,3,3,1,7.92,11.88,M-LT2-3-A'-retorno,alta,2.9200000000000017,0.6,10,200,10,200,20,22,20,22,20,22,0.017718582566246432,D,+principal,20474.5595525108,27845.12006832437,1.4350000000000012
303,3,3,1,7.92,11.88,M-LT2-3-A'-retorno,alta,2.9200000000000017,0.6,10,200,10,200,20,22,20,22,20,22,0.017718582566246432,D,-principal,20474.5595525108,-27845.12006832437,1.4350000000000012
303,3,3,1,7.92,11.88,M-LT2-3-A'-retorno,alta,2.9200000000000017,0.6,10,200,10,200,20,22,20,22,20,22,0.017718582566246432,E,+principal,15099.255375795368,25506.89715011404,1.0762500000000008
303,3,3,1,7.92,11.88,M-LT2-3-A'-retorno,alta,2.9200000000000017,0.6,10,200,10,200,20,22,20,22,20,22,0.017718582566246432,E,-principal,15099.255375795368,-25506.89715011404,1.0762500000000008
303,3,3,1,7.92,11.88,M-LT2-3-A'-retorno,alta,2.9200000000000017,0.6,10,200,10,200,20,22,20,22,20,22,0.017718582566246432,F,+principal,0.0,10503.207499464766,0.10842954556577286
303,3,3,1,7.92,11.88,M-LT2-3-A'-retorno,alta,2.9200000000000017,0.6,10,200,10,200,20,22,20,22,20,22,0.017718582566246432,F,-principal,0.0,-10503.207499464766,0.10842954556577286
303,3,3,1,7.92,11.88,M-LT2-3-A'-retorno,alta,2.9200000000000017,0.6,10,200,10,200,20,22,20,22,20,22,0.017718582566246432,G,+principal,-7441.804677823502,0.0,0.0
303,3,3,1,7.92,11.88,M-LT2-3-A'-retorno,alta,2.9200000000000017,0.6,10,200,10,200,20,22,20,22,20,22,0.017718582566246432,G,-principal,-7441.804677823502,-0.0,0.0
304,3,4,1,11.88,15.84,M-LT2-3-A'-retorno,alta,2.9200000000000017,0.6,10,200,10,200,20,22,20,22,20,22,0.017718582566246432,A,+principal,47229.341477182155,0.0,
304,3,4,1,11.88,15.84,M-LT2-3-A'-retorno,alta,2.9200000000000017,0.6,10,200,10,200,20,22,20,22,20,22,0.017718582566246432,A,-principal,47229.341477182155,-0.0,
304,3,4,1,11.88,15.84,M-LT2-3-A'-retorno,alta,2.9200000000000017,0.6,10,200,10,200,20,22,20,22,20,22,0.017718582566246432,B,+principal,45671.66414006004,16861.731821094047,2.9200000000000017
304,3,4,1,11.88,15.84,M-LT2-3-A'-retorno,alta,2.9200000000000017,0.6,10,200,10,200,20,22,20,22,20,22,0.017718582566246432,B,-principal,45671.66414006004,-16861.731821094047,2.9200000000000017
304,3,4,1,11.88,15.84,M-LT2-3-A'-retorno,alta,2.9200000000000017,0.6,10,200,10,200,20,22,20,22,20,22,0.017718582566246432,C,+principal,24773.138616018852,28584.25740437105,1.7220000000000013
304,3,4,1,11.88,15.84,M-LT2-3-A'-retorno,alta,2.9200000000000017,0.6,10,200,10,200,20,22,20,22,20,22,0.017718582566246432,C,-principal,24773.138616018852,-28584.25740437105,1.7220000000000013
304,3,4,1,11.88,15.84,M-LT2-3-A'-retorno,alta,2.9200000000000017,0.6,10,200,10,200,20,22,20,22,20,22,0.017718582566246432,D,+principal,20474.5595525108,27845.12006832437,1.4350000000000012
304,3,4,1,11.88,15.84,M-LT2-3-A'-retorno,alta,2.9200000000000017,0.6,10,200,10,200,20,22,20,22,20,22,0.017718582566246432,D,-principal,20474.5595525108,-27845.12006832437,1.4350000000000012
304,3,4,1,11.88,15.84,M-LT2-3-A'-retorno,alta,2.9200000000000017,0.6,10,200,10,200,20,22,20,22,20,22,0.017718582566246432,E,+principal,15099.255375795368,25506.89715011404,1.0762500000000008
304,3,4,1,11.88,15.84,M-LT2-3-A'-retorno,alta,2.9200000000000017,0.6,10,200,10,200,20,22,20,22,20,22,0.017718582566246432,E,-principal,15099.255375795368,-25506.89715011404,1.0762500000000008
304,3,4,1,11.88,15.84,M-LT2-3-A'-retorno,alta,2.9200000000000017,0.6,10,200,10,200,20,22,20,22,20,22,0.017718582566246432,F,+principal,0.0,10503.207499464766,0.10842954556577286
304,3,4,1,11.88,15.84,M-LT2-3-A'-retorno,alta,2.9200000000000017,0.6,10,200,10,200,20,22,20,22,20,22,0.017718582566246432,F,-principal,0.0,-10503.207499464766,0.10842954556577286
304,3,4,1,11.88,15.84,M-LT2-3-A'-retorno,alta,2.9200000000000017,0.6,10,200,10,200,20,22,20,22,20,22,0.017718582566246432,G,+principal,-7441.804677823502,0.0,0.0
304,3,4,1,11.88,15.84,M-LT2-3-A'-retorno,alta,2.9200000000000017,0.6,10,200,10,200,20,22,20,22,20,22,0.017718582566246432,G,-principal,-7441.804677823502,-0.0,0.0
305,3,5,1,15.84,19.8,M-LT2-3-A'-retorno,alta,2.9200000000000017,0.6,10,200,10,200,20,22,20,22,20,22,0.017718582566246432,A,+principal,47229.341477182155,0.0,
305,3,5,1,15.84,19.8,M-LT2-3-A'-retorno,alta,2.9200000000000017,0.6,10,200,10,200,20,22,20,22,20,22,0.017718582566246432,A,-principal,47229.341477182155,-0.0,
305,3,5,1,15.84,19.8,M-LT2-3-A'-retorno,alta,2.9200000000000017,0.6,10,200,10,200,20,22,20,22,20,22,0.017718582566246432,B,+principal,45671.66414006004,16861.731821094047,2.9200000000000017
305,3,5,1,15.84,19.8,M-LT2-3-A'-retorno,alta,2.9200000000000017,0.6,10,200,10,200,20,22,20,22,20,22,0.017718582566246432,B,-principal,45671.66414006004,-16861.731821094047,2.9200000000000017
305,3,5,1,15.84,19.8,M-LT2-3-A'-retorno,alta,2.9200000000000017,0.6,10,200,10,200,20,22,20,22,20,22,0.017718582566246432,C,+principal,24773.138616018852,28584.25740437105,1.7220000000000013
305,3,5,1,15.84,19.8,M-LT2-3-A'-retorno,alta,2.9200000000000017,0.6,10,200,10,200,20,22,20,22,20,22,0.017718582566246432,C,-principal,24773.138616018852,-28584.25740437105,1.7220000000000013
305,3,5,1,15.84,19.8,M-LT2-3-A'-retorno,alta,2.9200000000000017,0.6,10,200,10,200,20,22,20,22,20,22,0.017718582566246432,D,+principal,20474.5595525108,27845.12006832437,1.4350000000000012
305,3,5,1,15.84,19.8,M-LT2-3-A'-retorno,alta,2.9200000000000017,0.6,10,200,10,200,20,22,20,22,20,22,0.017718582566246432,D,-principal,20474.5595525108,-27845.12006832437,1.4350000000000012
305,3,5,1,15.84,19.8,M-LT2-3-A'-retorno,alta,2.9200000000000017,0.6,10,200,10,200,20,22,20,22,20,22,0.017718582566246432,E,+principal,15099.255375795368,25506.89715011404,1.0762500000000008
305,3,5,1,15.84,19.8,M-LT2-3-A'-retorno,alta,2.9200000000000017,0.6,10,200,10,200,20,22,20,22,20,22,0.017718582566246432,E,-principal,15099.255375795368,-25506.89715011404,1.0762500000000008
305,3,5,1,15.84,19.8,M-LT2-3-A'-retorno,alta,2.9200000000000017,0.6,10,200,10,200,20,22,20,22,20,22,0.017718582566246432,F,+principal,0.0,10503.207499464766,0.10842954556577286
305,3,5,1,15.84,19.8,M-LT2-3-A'-retorno,alta,2.9200000000000017,0.6,10,200,10,200,20,22,20,22,20,22,0.017718582566246432,F,-principal,0.0,-10503.207499464766,0.10842954556577286
305,3,5,1,15.84,19.8,M-LT2-3-A'-retorno,alta,2.9200000000000017,0.6,10,200,10,200,20,22,20,22,20,22,0.017718582566246432,G,+principal,-7441.804677823502,0.0,0.0
305,3,5,1,15.84,19.8,M-LT2-3-A'-retorno,alta,2.9200000000000017,0.6,10,200,10,200,20,22,20,22,20,22,0.017718582566246432,G,-principal,-7441.804677823502,-0.0,0.0
401,4,1,1,0.0,3.96,M-LT2-3-A',alta,1.8499999999999979,0.3,12,200,12,100,20,22,20,22,20,22,0.01746725515395925,A,+principal,18662.27705906606,0.0,
401,4,1,1,0.0,3.96,M-LT2-3-A',alta,1.8499999999999979,0.3,12,200,12,100,20,22,20,22,20,22,0.01746725515395925,A,-principal,18662.27705906606,-0.0,
401,4,1,1,0.0,3.96,M-LT2-3-A',alta,1.8499999999999979,0.3,12,200,12,100,20,22,20,22,20,22,0.01746725515395925,B,+principal,17158.063477155527,5300.27656681034,1.8499999999999979
401,4,1,1,0.0,3.96,M-LT2-3-A',alta,1.8499999999999979,0.3,12,200,12,100,20,22,20,22,20,22,0.01746725515395925,B,-principal,17158.063477155527,-5300.27656681034,1.8499999999999979
401,4,1,1,0.0,3.96,M-LT2-3-A',alta,1.8499999999999979,0.3,12,200,12,100,20,22,20,22,20,22,0.01746725515395925,C,+principal,7859.566949053524,9754.975748690516,1.0799999999999987
401,4,1,1,0.0,3.96,M-LT2-3-A',alta,1.8499999999999979,0.3,12,200,12,100,20,22,20,22,20,22,0.01746725515395925,C,-principal,7859.566949053524,-9754.975748690516,1.0799999999999987
401,4,1,1,0.0,3.96,M-LT2-3-A',alta,1.8499999999999979,0.3,12,200,12,100,20,22,20,22,20,22,0.01746725515395925,D,+principal,6402.249559538853,9618.965278140835,0.8999999999999989
401,4,1,1,0.0,3.96,M-LT2-3-A',alta,1.8499999999999979,0.3,12,200,12,100,20,22,20,22,20,22,0.01746725515395925,D,-principal,6402.249559538853,-9618.965278140835,0.8999999999999989
401,4,1,1,0.0,3.96,M-LT2-3-A',alta,1.8499999999999979,0.3,12,200,12,100,20,22,20,22,20,22,0.01746725515395925,E,+principal,4578.477011616585,9142.168566651464,0.6749999999999992
401,4,1,1,0.0,3.96,M-LT2-3-A',alta,1.8499999999999979,0.3,12,200,12,100,20,22,20,22,20,22,0.01746725515395925,E,-principal,4578.477011616585,-9142.168566651464,0.6749999999999992
401,4,1,1,0.0,3.96,M-LT2-3-A',alta,1.8499999999999979,0.3,12,200,12,100,20,22,20,22,20,22,0.01746725515395925,F,+principal,0.0,6415.780548282828,0.13397890228874954
401,4,1,1,0.0,3.96,M-LT2-3-A',alta,1.8499999999999979,0.3,12,200,12,100,20,22,20,22,20,22,0.01746725515395925,F,-principal,0.0,-6415.780548282828,0.13397890228874954
401,4,1,1,0.0,3.96,M-LT2-3-A',alta,1.8499999999999979,0.3,12,200,12,100,20,22,20,22,20,22,0.01746725515395925,G,+principal,-7336.247164662885,0.0,0.0
401,4,1,1,0.0,3.96,M-LT2-3-A',alta,1.8499999999999979,0.3,12,200,12,100,20,22,20,22,20,22,0.01746725515395925,G,-principal,-7336.247164662885,-0.0,0.0
402,4,2,1,3.96,7.92,M-LT2-3-A',alta,1.8499999999999979,0.3,12,200,12,200,20,22,20,22,20,22,0.01746725515395925,A,+principal,18662.27705906606,0.0,
402,4,2,1,3.96,7.92,M-LT2-3-A',alta,1.8499999999999979,0.3,12,200,12,200,20,22,20,22,20,22,0.01746725515395925,A,-principal,18662.27705906606,-0.0,
402,4,2,1,3.96,7.92,M-LT2-3-A',alta,1.8499999999999979,0.3,12,200,12,200,20,22,20,22,20,22,0.01746725515395925,B,+principal,17158.063477155527,5300.27656681034,1.8499999999999979
402,4,2,1,3.96,7.92,M-LT2-3-A',alta,1.8499999999999979,0.3,12,200,12,200,20,22,20,22,20,22,0.01746725515395925,B,-principal,17158.063477155527,-5300.27656681034,1.8499999999999979
402,4,2,1,3.96,7.92,M-LT2-3-A',alta,1.8499999999999979,0.3,12,200,12,200,20,22,20,22,20,22,0.01746725515395925,C,+principal,7859.566949053524,9754.975748690516,1.0799999999999987
402,4,2,1,3.96,7.92,M-LT2-3-A',alta,1.8499999999999979,0.3,12,200,12,200,20,22,20,22,20,22,0.01746725515395925,C,-principal,7859.566949053524,-9754.975748690516,1.0799999999999987
402,4,2,1,3.96,7.92,M-LT2-3-A',alta,1.8499999999999979,0.3,12,200,12,200,20,22,20,22,20,22,0.01746725515395925,D,+principal,6402.249559538853,9618.965278140835,0.8999999999999989
402,4,2,1,3.96,7.92,M-LT2-3-A',alta,1.8499999999999979,0.3,12,200,12,200,20,22,20,22,20,22,0.01746725515395925,D,-principal,6402.249559538853,-9618.965278140835,0.8999999999999989
402,4,2,1,3.96,7.92,M-LT2-3-A',alta,1.8499999999999979,0.3,12,200,12,200,20,22,20,22,20,22,0.01746725515395925,E,+principal,4578.477011616585,9142.168566651464,0.6749999999999992
402,4,2,1,3.96,7.92,M-LT2-3-A',alta,1.8499999999999979,0.3,12,200,12,200,20,22,20,22,20,22,0.01746725515395925,E,-principal,4578.477011616585,-9142.168566651464,0.6749999999999992
402,4,2,1,3.96,7.92,M-LT2-3-A',alta,1.8499999999999979,0.3,12,200,12,200,20,22,20,22,20,22,0.01746725515395925,F,+principal,0.0,6415.780548282828,0.13397890228874954
402,4,2,1,3.96,7.92,M-LT2-3-A',alta,1.8499999999999979,0.3,12,200,12,200,20,22,20,22,20,22,0.01746725515395925,F,-principal,0.0,-6415.780548282828,0.13397890228874954
402,4,2,1,3.96,7.92,M-LT2-3-A',alta,1.8499999999999979,0.3,12,200,12,200,20,22,20,22,20,22,0.01746725515395925,G,+principal,-7336.247164662885,0.0,0.0
402,4,2,1,3.96,7.92,M-LT2-3-A',alta,1.8499999999999979,0.3,12,200,12,200,20,22,20,22,20,22,0.01746725515395925,G,-principal,-7336.247164662885,-0.0,0.0
403,4,3,1,7.92,11.88,M-LT2-3-A',alta,1.8499999999999979,0.3,10,200,10,200,20,22,20,22,20,22,0.016776104770169494,A,+principal,18446.499909246904,0.0,
403,4,3,1,7.92,11.88,M-LT2-3-A',alta,1.8499999999999979,0.3,10,200,10,200,20,22,20,22,20,22,0.016776104770169494,A,-principal,18446.499909246904,-0.0,
403,4,3,1,7.92,11.88,M-LT2-3-A',alta,1.8499999999999979,0.3,10,200,10,200,20,22,20,22,20,22,0.016776104770169494,B,+principal,16966.633500585867,5246.527690192288,1.8499999999999979
403,4,3,1,7.92,11.88,M-LT2-3-A',alta,1.8499999999999979,0.3,10,200,10,200,20,22,20,22,20,22,0.016776104770169494,B,-principal,16966.633500585867,-5246.527690192288,1.8499999999999979
403,4,3,1,7.92,11.88,M-LT2-3-A',alta,1.8499999999999979,0.3,10,200,10,200,20,22,20,22,20,22,0.016776104770169494,C,+principal,7814.232603509388,9643.32474165568,1.0799999999999987
403,4,3,1,7.92,11.88,M-LT2-3-A',alta,1.8499999999999979,0.3,10,200,10,200,20,22,20,22,20,22,0.016776104770169494,C,-principal,7814.232603509388,-9643.32474165568,1.0799999999999987
403,4,3,1,7.92,11.88,M-LT2-3-A',alta,1.8499999999999979,0.3,10,200,10,200,20,22,20,22,20,22,0.016776104770169494,D,+principal,6409.506638568646,9496.64392599618,0.8999999999999989
403,4,3,1,7.92,11.88,M-LT2-3-A',alta,1.8499999999999979,0.3,10,200,10,200,20,22,20,22,20,22,0.016776104770169494,D,-principal,6409.506638568646,-9496.64392599618,0.8999999999999989
403,4,3,1,7.92,11.88,M-LT2-3-A',alta,1.8499999999999979,0.3,10,200,10,200,20,22,20,22,20,22,0.016776104770169494,E,+principal,4652.122924733738,9020.726973573006,0.6749999999999992
403,4,3,1,7.92,11.88,M-LT2-3-A',alta,1.8499999999999979,0.3,10,200,10,200,20,22,20,22,20,22,0.016776104770169494,E,-principal,4652.122924733738,-9020.726973573006,0.6749999999999992
403,4,3,1,7.92,11.88,M-LT2-3-A',alta,1.8499999999999979,0.3,10,200,10,200,20,22,20,22,20,22,0.016776104770169494,F,+principal,0.0,6165.812732658214,0.1233127158350655
403,4,3,1,7.92,11.88,M-LT2-3-A',alta,1.8499999999999979,0.3,10,200,10,200,20,22,20,22,20,22,0.016776104770169494,F,-principal,0.0,-6165.812732658214,0.1233127158350655
403,4,3,1,7.92,11.88,M-LT2-3-A',alta,1.8499999999999979,0.3,10,200,10,200,20,22,20,22,20,22,0.016776104770169494,G,+principal,-7045.964003471187,0.0,0.0
403,4,3,1,7.92,11.88,M-LT2-3-A',alta,1.8499999999999979,0.3,10,200,10,200,20,22,20,22,20,22,0.016776104770169494,G,-principal,-7045.964003471187,-0.0,0.0
404,4,4,1,11.88,15.84,M-LT2-3-A',alta,1.8499999999999979,0.3,10,200,10,200,20,22,20,22,20,22,0.016776104770169494,A,+principal,18446.499909246904,0.0,
404,4,4,1,11.88,15.84,M-LT2-3-A',alta,1.8499999999999979,0.3,10,200,10,200,20,22,20,22,20,22,0.016776104770169494,A,-principal,18446.499909246904,-0.0,
404,4,4,1,11.88,15.84,M-LT2-3-A',alta,1.8499999999999979,0.3,10,200,10,200,20,22,20,22,20,22,0.016776104770169494,B,+principal,16966.633500585867,5246.527690192288,1.8499999999999979
404,4,4,1,11.88,15.84,M-LT2-3-A',alta,1.8499999999999979,0.3,10,200,10,200,20,22,20,22,20,22,0.016776104770169494,B,-principal,16966.633500585867,-5246.527690192288,1.8499999999999979
404,4,4,1,11.88,15.84,M-LT2-3-A',alta,1.8499999999999979,0.3,10,200,10,200,20,22,20,22,20,22,0.016776104770169494,C,+principal,7814.232603509388,9643.32474165568,1.0799999999999987
404,4,4,1,11.88,15.84,M-LT2-3-A',alta,1.8499999999999979,0.3,10,200,10,200,20,22,20,22,20,22,0.016776104770169494,C,-principal,7814.232603509388,-9643.32474165568,1.0799999999999987
404,4,4,1,11.88,15.84,M-LT2-3-A',alta,1.8499999999999979,0.3,10,200,10,200,20,22,20,22,20,22,0.016776104770169494,D,+principal,6409.506638568646,9496.64392599618,0.8999999999999989
404,4,4,1,11.88,15.84,M-LT2-3-A',alta,1.8499999999999979,0.3,10,200,10,200,20,22,20,22,20,22,0.016776104770169494,D,-principal,6409.506638568646,-9496.64392599618,0.8999999999999989
404,4,4,1,11.88,15.84,M-LT2-3-A',alta,1.8499999999999979,0.3,10,200,10,200,20,22,20,22,20,22,0.016776104770169494,E,+principal,4652.122924733738,9020.726973573006,0.6749999999999992
404,4,4,1,11.88,15.84,M-LT2-3-A',alta,1.8499999999999979,0.3,10,200,10,200,20,22,20,22,20,22,0.016776104770169494,E,-principal,4652.122924733738,-9020.726973573006,0.6749999999999992
404,4,4,1,11.88,15.84,M-LT2-3-A',alta,1.8499999999999979,0.3,10,200,10,200,20,22,20,22,20,22,0.016776104770169494,F,+principal,0.0,6165.812732658214,0.1233127158350655
404,4,4,1,11.88,15.84,M-LT2-3-A',alta,1.8499999999999979,0.3,10,200,10,200,20,22,20,22,20,22,0.016776104770169494,F,-principal,0.0,-6165.812732658214,0.1233127158350655
404,4,4,1,11.88,15.84,M-LT2-3-A',alta,1.8499999999999979,0.3,10,200,10,200,20,22,20,22,20,22,0.016776104770169494,G,+principal,-7045.964003471187,0.0,0.0
404,4,4,1,11.88,15.84,M-LT2-3-A',alta,1.8499999999999979,0.3,10,200,10,200,20,22,20,22,20,22,0.016776104770169494,G,-principal,-7045.964003471187,-0.0,0.0
405,4,5,1,15.84,19.8,M-LT2-3-A',alta,1.8499999999999979,0.3,10,200,10,200,20,22,20,22,20,22,0.016776104770169494,A,+principal,18446.499909246904,0.0,
405,4,5,1,15.84,19.8,M-LT2-3-A',alta,1.8499999999999979,0.3,10,200,10,200,20,22,20,22,20,22,0.016776104770169494,A,-principal,18446.499909246904,-0.0,
405,4,5,1,15.84,19.8,M-LT2-3-A',alta,1.8499999999999979,0.3,10,200,10,200,20,22,20,22,20,22,0.016776104770169494,B,+principal,16966.633500585867,5246.527690192288,1.8499999999999979
405,4,5,1,15.84,19.8,M-LT2-3-A',alta,1.8499999999999979,0.3,10,200,10,200,20,22,20,22,20,22,0.016776104770169494,B,-principal,16966.633500585867,-5246.527690192288,1.8499999999999979
405,4,5,1,15.84,19.8,M-LT2-3-A',alta,1.8499999999999979,0.3,10,200,10,200,20,22,20,22,20,22,0.016776104770169494,C,+principal,7814.232603509388,9643.32474165568,1.0799999999999987
405,4,5,1,15.84,19.8,M-LT2-3-A',alta,1.8499999999999979,0.3,10,200,10,200,20,22,20,22,20,22,0.016776104770169494,C,-principal,7814.232603509388,-9643.32474165568,1.0799999999999987
405,4,5,1,15.84,19.8,M-LT2-3-A',alta,1.8499999999999979,0.3,10,200,10,200,20,22,20,22,20,22,0.016776104770169494,D,+principal,6409.506638568646,9496.64392599618,0.8999999999999989
405,4,5,1,15.84,19.8,M-LT2-3-A',alta,1.8499999999999979,0.3,10,200,10,200,20,22,20,22,20,22,0.016776104770169494,D,-principal,6409.506638568646,-9496.64392599618,0.8999999999999989
405,4,5,1,15.84,19.8,M-LT2-3-A',alta,1.8499999999999979,0.3,10,200,10,200,20,22,20,22,20,22,0.016776104770169494,E,+principal,4652.122924733738,9020.726973573006,0.6749999999999992
405,4,5,1,15.84,19.8,M-LT2-3-A',alta,1.8499999999999979,0.3,10,200,10,200,20,22,20,22,20,22,0.016776104770169494,E,-principal,4652.122924733738,-9020.726973573006,0.6749999999999992
405,4,5,1,15.84,19.8,M-LT2-3-A',alta,1.8499999999999979,0.3,10,200,10,200,20,22,20,22,20,22,0.016776104770169494,F,+principal,0.0,6165.812732658214,0.1233127158350655
405,4,5,1,15.84,19.8,M-LT2-3-A',alta,1.8499999999999979,0.3,10,200,10,200,20,22,20,22,20,22,0.016776104770169494,F,-principal,0.0,-6165.812732658214,0.1233127158350655
405,4,5,1,15.84,19.8,M-LT2-3-A',alta,1.8499999999999979,0.3,10,200,10,200,20,22,20,22,20,22,0.016776104770169494,G,+principal,-7045.964003471187,0.0,0.0
405,4,5,1,15.84,19.8,M-LT2-3-A',alta,1.8499999999999979,0.3,10,200,10,200,20,22,20,22,20,22,0.016776104770169494,G,-principal,-7045.964003471187,-0.0,0.0
501,5,1,1,0.0,3.96,M-LT2-D-D'-1'/2,media,7.949999999999999,0.25,10,200,10,200,0,10,0,10,0,10,0.006440264939859075,A,+principal,49313.150714224,0.0,
501,5,1,1,0.0,3.96,M-LT2-D-D'-1'/2,media,7.949999999999999,0.25,10,200,10,200,0,10,0,10,0,10,0.006440264939859075,A,-principal,49313.150714224,-0.0,
501,5,1,1,0.0,3.96,M-LT2-D-D'-1'/2,media,7.949999999999999,0.25,10,200,10,200,0,10,0,10,0,10,0.006440264939859075,B,+principal,49100.3853144413,39636.798010106504,7.949999999999999
501,5,1,1,0.0,3.96,M-LT2-D-D'-1'/2,media,7.949999999999999,0.25,10,200,10,200,0,10,0,10,0,10,0.006440264939859075,B,-principal,49100.3853144413,-39636.798010106504,7.949999999999999
501,5,1,1,0.0,3.96,M-LT2-D-D'-1'/2,media,7.949999999999999,0.25,10,200,10,200,0,10,0,10,0,10,0.006440264939859075,C,+principal,28717.008301822465,62759.71513523694,4.739999999999999
501,5,1,1,0.0,3.96,M-LT2-D-D'-1'/2,media,7.949999999999999,0.25,10,200,10,200,0,10,0,10,0,10,0.006440264939859075,C,-principal,28717.008301822465,-62759.71513523694,4.739999999999999
501,5,1,1,0.0,3.96,M-LT2-D-D'-1'/2,media,7.949999999999999,0.25,10,200,10,200,0,10,0,10,0,10,0.006440264939859075,D,+principal,23485.589085114694,60950.449709206616,3.9499999999999997
501,5,1,1,0.0,3.96,M-LT2-D-D'-1'/2,media,7.949999999999999,0.25,10,200,10,200,0,10,0,10,0,10,0.006440264939859075,D,-principal,23485.589085114694,-60950.449709206616,3.9499999999999997
501,5,1,1,0.0,3.96,M-LT2-D-D'-1'/2,media,7.949999999999999,0.25,10,200,10,200,0,10,0,10,0,10,0.006440264939859075,E,+principal,16945.84531659428,53837.46489967298,2.9625
501,5,1,1,0.0,3.96,M-LT2-D-D'-1'/2,media,7.949999999999999,0.25,10,200,10,200,0,10,0,10,0,10,0.006440264939859075,E,-principal,16945.84531659428,-53837.46489967298,2.9625
501,5,1,1,0.0,3.96,M-LT2-D-D'-1'/2,media,7.949999999999999,0.25,10,200,10,200,0,10,0,10,0,10,0.006440264939859075,F,+principal,0.0,10300.938189297387,0.40393129204892786
501,5,1,1,0.0,3.96,M-LT2-D-D'-1'/2,media,7.949999999999999,0.25,10,200,10,200,0,10,0,10,0,10,0.006440264939859075,F,-principal,0.0,-10300.938189297387,0.40393129204892786
501,5,1,1,0.0,3.96,M-LT2-D-D'-1'/2,media,7.949999999999999,0.25,10,200,10,200,0,10,0,10,0,10,0.006440264939859075,G,+principal,-2704.9112747408117,0.0,0.0
501,5,1,1,0.0,3.96,M-LT2-D-D'-1'/2,media,7.949999999999999,0.25,10,200,10,200,0,10,0,10,0,10,0.006440264939859075,G,-principal,-2704.9112747408117,-0.0,0.0
502,5,2,1,3.96,7.92,M-LT2-D-D'-1'/2,media,7.949999999999999,0.25,10,200,10,200,0,10,0,10,0,10,0.006440264939859075,A,+principal,49313.150714224,0.0,
502,5,2,1,3.96,7.92,M-LT2-D-D'-1'/2,media,7.949999999999999,0.25,10,200,10,200,0,10,0,10,0,10,0.006440264939859075,A,-principal,49313.150714224,-0.0,
502,5,2,1,3.96,7.92,M-LT2-D-D'-1'/2,media,7.949999999999999,0.25,10,200,10,200,0,10,0,10,0,10,0.006440264939859075,B,+principal,49100.3853144413,39636.798010106504,7.949999999999999
502,5,2,1,3.96,7.92,M-LT2-D-D'-1'/2,media,7.949999999999999,0.25,10,200,10,200,0,10,0,10,0,10,0.006440264939859075,B,-principal,49100.3853144413,-39636.798010106504,7.949999999999999
502,5,2,1,3.96,7.92,M-LT2-D-D'-1'/2,media,7.949999999999999,0.25,10,200,10,200,0,10,0,10,0,10,0.006440264939859075,C,+principal,28717.008301822465,62759.71513523694,4.739999999999999
502,5,2,1,3.96,7.92,M-LT2-D-D'-1'/2,media,7.949999999999999,0.25,10,200,10,200,0,10,0,10,0,10,0.006440264939859075,C,-principal,28717.008301822465,-62759.71513523694,4.739999999999999
502,5,2,1,3.96,7.92,M-LT2-D-D'-1'/2,media,7.949999999999999,0.25,10,200,10,200,0,10,0,10,0,10,0.006440264939859075,D,+principal,23485.589085114694,60950.449709206616,3.9499999999999997
502,5,2,1,3.96,7.92,M-LT2-D-D'-1'/2,media,7.949999999999999,0.25,10,200,10,200,0,10,0,10,0,10,0.006440264939859075,D,-principal,23485.589085114694,-60950.449709206616,3.9499999999999997
502,5,2,1,3.96,7.92,M-LT2-D-D'-1'/2,media,7.949999999999999,0.25,10,200,10,200,0,10,0,10,0,10,0.006440264939859075,E,+principal,16945.84531659428,53837.46489967298,2.9625
502,5,2,1,3.96,7.92,M-LT2-D-D'-1'/2,media,7.949999999999999,0.25,10,200,10,200,0,10,0,10,0,10,0.006440264939859075,E,-principal,16945.84531659428,-53837.46489967298,2.9625
502,5,2,1,3.96,7.92,M-LT2-D-D'-1'/2,media,7.949999999999999,0.25,10,200,10,200,0,10,0,10,0,10,0.006440264939859075,F,+principal,0.0,10300.938189297387,0.40393129204892786
502,5,2,1,3.96,7.92,M-LT2-D-D'-1'/2,media,7.949999999999999,0.25,10,200,10,200,0,10,0,10,0,10,0.006440264939859075,F,-principal,0.0,-10300.938189297387,0.40393129204892786
502,5,2,1,3.96,7.92,M-LT2-D-D'-1'/2,media,7.949999999999999,0.25,10,200,10,200,0,10,0,10,0,10,0.006440264939859075,G,+principal,-2704.9112747408117,0.0,0.0
502,5,2,1,3.96,7.92,M-LT2-D-D'-1'/2,media,7.949999999999999,0.25,10,200,10,200,0,10,0,10,0,10,0.006440264939859075,G,-principal,-2704.9112747408117,-0.0,0.0
503,5,3,1,7.92,11.88,M-LT2-D-D'-1'/2,media,7.949999999999999,0.25,10,200,8,160,0,10,0,10,0,10,0.006440264939859075,A,+principal,49313.150714224,0.0,
503,5,3,1,7.92,11.88,M-LT2-D-D'-1'/2,media,7.949999999999999,0.25,10,200,8,160,0,10,0,10,0,10,0.006440264939859075,A,-principal,49313.150714224,-0.0,
503,5,3,1,7.92,11.88,M-LT2-D-D'-1'/2,media,7.949999999999999,0.25,10,200,8,160,0,10,0,10,0,10,0.006440264939859075,B,+principal,49100.3853144413,39636.798010106504,7.949999999999999
503,5,3,1,7.92,11.88,M-LT2-D-D'-1'/2,media,7.949999999999999,0.25,10,200,8,160,0,10,0,10,0,10,0.006440264939859075,B,-principal,49100.3853144413,-39636.798010106504,7.949999999999999
503,5,3,1,7.92,11.88,M-LT2-D-D'-1'/2,media,7.949999999999999,0.25,10,200,8,160,0,10,0,10,0,10,0.006440264939859075,C,+principal,28717.008301822465,62759.71513523694,4.739999999999999
503,5,3,1,7.92,11.88,M-LT2-D-D'-1'/2,media,7.949999999999999,0.25,10,200,8,160,0,10,0,10,0,10,0.006440264939859075,C,-principal,28717.008301822465,-62759.71513523694,4.739999999999999
503,5,3,1,7.92,11.88,M-LT2-D-D'-1'/2,media,7.949999999999999,0.25,10,200,8,160,0,10,0,10,0,10,0.006440264939859075,D,+principal,23485.589085114694,60950.449709206616,3.9499999999999997
503,5,3,1,7.92,11.88,M-LT2-D-D'-1'/2,media,7.949999999999999,0.25,10,200,8,160,0,10,0,10,0,10,0.006440264939859075,D,-principal,23485.589085114694,-60950.449709206616,3.9499999999999997
503,5,3,1,7.92,11.88,M-LT2-D-D'-1'/2,media,7.949999999999999,0.25,10,200,8,160,0,10,0,10,0,10,0.006440264939859075,E,+principal,16945.84531659428,53837.46489967298,2.9625
503,5,3,1,7.92,11.88,M-LT2-D-D'-1'/2,media,7.949999999999999,0.25,10,200,8,160,0,10,0,10,0,10,0.006440264939859075,E,-principal,16945.84531659428,-53837.46489967298,2.9625
503,5,3,1,7.92,11.88,M-LT2-D-D'-1'/2,media,7.949999999999999,0.25,10,200,8,160,0,10,0,10,0,10,0.006440264939859075,F,+principal,0.0,10300.938189297387,0.40393129204892786
503,5,3,1,7.92,11.88,M-LT2-D-D'-1'/2,media,7.949999999999999,0.25,10,200,8,160,0,10,0,10,0,10,0.006440264939859075,F,-principal,0.0,-10300.938189297387,0.40393129204892786
503,5,3,1,7.92,11.88,M-LT2-D-D'-1'/2,media,7.949999999999999,0.25,10,200,8,160,0,10,0,10,0,10,0.006440264939859075,G,+principal,-2704.9112747408117,0.0,0.0
503,5,3,1,7.92,11.88,M-LT2-D-D'-1'/2,media,7.949999999999999,0.25,10,200,8,160,0,10,0,10,0,10,0.006440264939859075,G,-principal,-2704.9112747408117,-0.0,0.0
504,5,4,1,11.88,15.84,M-LT2-D-D'-1'/2,media,7.949999999999999,0.25,10,200,8,160,0,10,0,10,0,10,0.006440264939859075,A,+principal,49313.150714224,0.0,
504,5,4,1,11.88,15.84,M-LT2-D-D'-1'/2,media,7.949999999999999,0.25,10,200,8,160,0,10,0,10,0,10,0.006440264939859075,A,-principal,49313.150714224,-0.0,
504,5,4,1,11.88,15.84,M-LT2-D-D'-1'/2,media,7.949999999999999,0.25,10,200,8,160,0,10,0,10,0,10,0.006440264939859075,B,+principal,49100.3853144413,39636.798010106504,7.949999999999999
504,5,4,1,11.88,15.84,M-LT2-D-D'-1'/2,media,7.949999999999999,0.25,10,200,8,160,0,10,0,10,0,10,0.006440264939859075,B,-principal,49100.3853144413,-39636.798010106504,7.949999999999999
504,5,4,1,11.88,15.84,M-LT2-D-D'-1'/2,media,7.949999999999999,0.25,10,200,8,160,0,10,0,10,0,10,0.006440264939859075,C,+principal,28717.008301822465,62759.71513523694,4.739999999999999
504,5,4,1,11.88,15.84,M-LT2-D-D'-1'/2,media,7.949999999999999,0.25,10,200,8,160,0,10,0,10,0,10,0.006440264939859075,C,-principal,28717.008301822465,-62759.71513523694,4.739999999999999
504,5,4,1,11.88,15.84,M-LT2-D-D'-1'/2,media,7.949999999999999,0.25,10,200,8,160,0,10,0,10,0,10,0.006440264939859075,D,+principal,23485.589085114694,60950.449709206616,3.9499999999999997
504,5,4,1,11.88,15.84,M-LT2-D-D'-1'/2,media,7.949999999999999,0.25,10,200,8,160,0,10,0,10,0,10,0.006440264939859075,D,-principal,23485.589085114694,-60950.449709206616,3.9499999999999997
504,5,4,1,11.88,15.84,M-LT2-D-D'-1'/2,media,7.949999999999999,0.25,10,200,8,160,0,10,0,10,0,10,0.006440264939859075,E,+principal,16945.84531659428,53837.46489967298,2.9625
504,5,4,1,11.88,15.84,M-LT2-D-D'-1'/2,media,7.949999999999999,0.25,10,200,8,160,0,10,0,10,0,10,0.006440264939859075,E,-principal,16945.84531659428,-53837.46489967298,2.9625
504,5,4,1,11.88,15.84,M-LT2-D-D'-1'/2,media,7.949999999999999,0.25,10,200,8,160,0,10,0,10,0,10,0.006440264939859075,F,+principal,0.0,10300.938189297387,0.40393129204892786
504,5,4,1,11.88,15.84,M-LT2-D-D'-1'/2,media,7.949999999999999,0.25,10,200,8,160,0,10,0,10,0,10,0.006440264939859075,F,-principal,0.0,-10300.938189297387,0.40393129204892786
504,5,4,1,11.88,15.84,M-LT2-D-D'-1'/2,media,7.949999999999999,0.25,10,200,8,160,0,10,0,10,0,10,0.006440264939859075,G,+principal,-2704.9112747408117,0.0,0.0
504,5,4,1,11.88,15.84,M-LT2-D-D'-1'/2,media,7.949999999999999,0.25,10,200,8,160,0,10,0,10,0,10,0.006440264939859075,G,-principal,-2704.9112747408117,-0.0,0.0
505,5,5,1,15.84,19.8,M-LT2-D-D'-1'/2,media,7.949999999999999,0.25,10,200,8,160,0,10,0,10,0,10,0.006440264939859075,A,+principal,49313.150714224,0.0,
505,5,5,1,15.84,19.8,M-LT2-D-D'-1'/2,media,7.949999999999999,0.25,10,200,8,160,0,10,0,10,0,10,0.006440264939859075,A,-principal,49313.150714224,-0.0,
505,5,5,1,15.84,19.8,M-LT2-D-D'-1'/2,media,7.949999999999999,0.25,10,200,8,160,0,10,0,10,0,10,0.006440264939859075,B,+principal,49100.3853144413,39636.798010106504,7.949999999999999
505,5,5,1,15.84,19.8,M-LT2-D-D'-1'/2,media,7.949999999999999,0.25,10,200,8,160,0,10,0,10,0,10,0.006440264939859075,B,-principal,49100.3853144413,-39636.798010106504,7.949999999999999
505,5,5,1,15.84,19.8,M-LT2-D-D'-1'/2,media,7.949999999999999,0.25,10,200,8,160,0,10,0,10,0,10,0.006440264939859075,C,+principal,28717.008301822465,62759.71513523694,4.739999999999999
505,5,5,1,15.84,19.8,M-LT2-D-D'-1'/2,media,7.949999999999999,0.25,10,200,8,160,0,10,0,10,0,10,0.006440264939859075,C,-principal,28717.008301822465,-62759.71513523694,4.739999999999999
505,5,5,1,15.84,19.8,M-LT2-D-D'-1'/2,media,7.949999999999999,0.25,10,200,8,160,0,10,0,10,0,10,0.006440264939859075,D,+principal,23485.589085114694,60950.449709206616,3.9499999999999997
505,5,5,1,15.84,19.8,M-LT2-D-D'-1'/2,media,7.949999999999999,0.25,10,200,8,160,0,10,0,10,0,10,0.006440264939859075,D,-principal,23485.589085114694,-60950.449709206616,3.9499999999999997
505,5,5,1,15.84,19.8,M-LT2-D-D'-1'/2,media,7.949999999999999,0.25,10,200,8,160,0,10,0,10,0,10,0.006440264939859075,E,+principal,16945.84531659428,53837.46489967298,2.9625
505,5,5,1,15.84,19.8,M-LT2-D-D'-1'/2,media,7.949999999999999,0.25,10,200,8,160,0,10,0,10,0,10,0.006440264939859075,E,-principal,16945.84531659428,-53837.46489967298,2.9625
505,5,5,1,15.84,19.8,M-LT2-D-D'-1'/2,media,7.949999999999999,0.25,10,200,8,160,0,10,0,10,0,10,0.006440264939859075,F,+principal,0.0,10300.938189297387,0.40393129204892786
505,5,5,1,15.84,19.8,M-LT2-D-D'-1'/2,media,7.949999999999999,0.25,10,200,8,160,0,10,0,10,0,10,0.006440264939859075,F,-principal,0.0,-10300.938189297387,0.40393129204892786
505,5,5,1,15.84,19.8,M-LT2-D-D'-1'/2,media,7.949999999999999,0.25,10,200,8,160,0,10,0,10,0,10,0.006440264939859075,G,+principal,-2704.9112747408117,0.0,0.0
505,5,5,1,15.84,19.8,M-LT2-D-D'-1'/2,media,7.949999999999999,0.25,10,200,8,160,0,10,0,10,0,10,0.006440264939859075,G,-principal,-2704.9112747408117,-0.0,0.0
601,6,1,1,0.0,3.96,M-LT2-D-D'-2/3,media,6.499999999999998,0.25,10,200,10,200,0,10,0,10,0,10,0.0051836278784231585,A,+principal,40293.328623643705,0.0,
601,6,1,1,0.0,3.96,M-LT2-D-D'-2/3,media,6.499999999999998,0.25,10,200,10,200,0,10,0,10,0,10,0.0051836278784231585,A,-principal,40293.328623643705,-0.0,
601,6,1,1,0.0,3.96,M-LT2-D-D'-2/3,media,6.499999999999998,0.25,10,200,10,200,0,10,0,10,0,10,0.0051836278784231585,B,+principal,40120.83343747403,26482.426094208466,6.499999999999998
601,6,1,1,0.0,3.96,M-LT2-D-D'-2/3,media,6.499999999999998,0.25,10,200,10,200,0,10,0,10,0,10,0.0051836278784231585,B,-principal,40120.83343747403,-26482.426094208466,6.499999999999998
601,6,1,1,0.0,3.96,M-LT2-D-D'-2/3,media,6.499999999999998,0.25,10,200,10,200,0,10,0,10,0,10,0.0051836278784231585,C,+principal,23435.126225849483,41924.96076333038,3.869999999999999
601,6,1,1,0.0,3.96,M-LT2-D-D'-2/3,media,6.499999999999998,0.25,10,200,10,200,0,10,0,10,0,10,0.0051836278784231585,C,-principal,23435.126225849483,-41924.96076333038,3.869999999999999
601,6,1,1,0.0,3.96,M-LT2-D-D'-2/3,media,6.499999999999998,0.25,10,200,10,200,0,10,0,10,0,10,0.0051836278784231585,D,+principal,19172.64020511357,40692.59760817313,3.224999999999999
601,6,1,1,0.0,3.96,M-LT2-D-D'-2/3,media,6.499999999999998,0.25,10,200,10,200,0,10,0,10,0,10,0.0051836278784231585,D,-principal,19172.64020511357,-40692.59760817313,3.224999999999999
601,6,1,1,0.0,3.96,M-LT2-D-D'-2/3,media,6.499999999999998,0.25,10,200,10,200,0,10,0,10,0,10,0.0051836278784231585,E,+principal,13842.806629741557,35926.274793824254,2.4187499999999993
601,6,1,1,0.0,3.96,M-LT2-D-D'-2/3,media,6.499999999999998,0.25,10,200,10,200,0,10,0,10,0,10,0.0051836278784231585,E,-principal,13842.806629741557,-35926.274793824254,2.4187499999999993
601,6,1,1,0.0,3.96,M-LT2-D-D'-2/3,media,6.499999999999998,0.25,10,200,10,200,0,10,0,10,0,10,0.0051836278784231585,F,+principal,0.0,6784.342038035505,0.32419856660542223
601,6,1,1,0.0,3.96,M-LT2-D-D'-2/3,media,6.499999999999998,0.25,10,200,10,200,0,10,0,10,0,10,0.0051836278784231585,F,-principal,0.0,-6784.342038035505,0.32419856660542223
601,6,1,1,0.0,3.96,M-LT2-D-D'-2/3,media,6.499999999999998,0.25,10,200,10,200,0,10,0,10,0,10,0.0051836278784231585,G,+principal,-2177.123708937727,0.0,0.0
601,6,1,1,0.0,3.96,M-LT2-D-D'-2/3,media,6.499999999999998,0.25,10,200,10,200,0,10,0,10,0,10,0.0051836278784231585,G,-principal,-2177.123708937727,-0.0,0.0
602,6,2,1,3.96,7.92,M-LT2-D-D'-2/3,media,6.499999999999998,0.25,10,200,10,200,0,10,0,10,0,10,0.0051836278784231585,A,+principal,40293.328623643705,0.0,
602,6,2,1,3.96,7.92,M-LT2-D-D'-2/3,media,6.499999999999998,0.25,10,200,10,200,0,10,0,10,0,10,0.0051836278784231585,A,-principal,40293.328623643705,-0.0,
602,6,2,1,3.96,7.92,M-LT2-D-D'-2/3,media,6.499999999999998,0.25,10,200,10,200,0,10,0,10,0,10,0.0051836278784231585,B,+principal,40120.83343747403,26482.426094208466,6.499999999999998
602,6,2,1,3.96,7.92,M-LT2-D-D'-2/3,media,6.499999999999998,0.25,10,200,10,200,0,10,0,10,0,10,0.0051836278784231585,B,-principal,40120.83343747403,-26482.426094208466,6.499999999999998
602,6,2,1,3.96,7.92,M-LT2-D-D'-2/3,media,6.499999999999998,0.25,10,200,10,200,0,10,0,10,0,10,0.0051836278784231585,C,+principal,23435.126225849483,41924.96076333038,3.869999999999999
602,6,2,1,3.96,7.92,M-LT2-D-D'-2/3,media,6.499999999999998,0.25,10,200,10,200,0,10,0,10,0,10,0.0051836278784231585,C,-principal,23435.126225849483,-41924.96076333038,3.869999999999999
602,6,2,1,3.96,7.92,M-LT2-D-D'-2/3,media,6.499999999999998,0.25,10,200,10,200,0,10,0,10,0,10,0.0051836278784231585,D,+principal,19172.64020511357,40692.59760817313,3.224999999999999
602,6,2,1,3.96,7.92,M-LT2-D-D'-2/3,media,6.499999999999998,0.25,10,200,10,200,0,10,0,10,0,10,0.0051836278784231585,D,-principal,19172.64020511357,-40692.59760817313,3.224999999999999
602,6,2,1,3.96,7.92,M-LT2-D-D'-2/3,media,6.499999999999998,0.25,10,200,10,200,0,10,0,10,0,10,0.0051836278784231585,E,+principal,13842.806629741557,35926.274793824254,2.4187499999999993
602,6,2,1,3.96,7.92,M-LT2-D-D'-2/3,media,6.499999999999998,0.25,10,200,10,200,0,10,0,10,0,10,0.0051836278784231585,E,-principal,13842.806629741557,-35926.274793824254,2.4187499999999993
602,6,2,1,3.96,7.92,M-LT2-D-D'-2/3,media,6.499999999999998,0.25,10,200,10,200,0,10,0,10,0,10,0.0051836278784231585,F,+principal,0.0,6784.342038035505,0.32419856660542223
602,6,2,1,3.96,7.92,M-LT2-D-D'-2/3,media,6.499999999999998,0.25,10,200,10,200,0,10,0,10,0,10,0.0051836278784231585,F,-principal,0.0,-6784.342038035505,0.32419856660542223
602,6,2,1,3.96,7.92,M-LT2-D-D'-2/3,media,6.499999999999998,0.25,10,200,10,200,0,10,0,10,0,10,0.0051836278784231585,G,+principal,-2177.123708937727,0.0,0.0
602,6,2,1,3.96,7.92,M-LT2-D-D'-2/3,media,6.499999999999998,0.25,10,200,10,200,0,10,0,10,0,10,0.0051836278784231585,G,-principal,-2177.123708937727,-0.0,0.0
603,6,3,1,7.92,11.88,M-LT2-D-D'-2/3,media,6.499999999999998,0.25,10,200,8,160,0,10,0,10,0,10,0.0051836278784231585,A,+principal,40293.328623643705,0.0,
603,6,3,1,7.92,11.88,M-LT2-D-D'-2/3,media,6.499999999999998,0.25,10,200,8,160,0,10,0,10,0,10,0.0051836278784231585,A,-principal,40293.328623643705,-0.0,
603,6,3,1,7.92,11.88,M-LT2-D-D'-2/3,media,6.499999999999998,0.25,10,200,8,160,0,10,0,10,0,10,0.0051836278784231585,B,+principal,40120.83343747403,26482.426094208466,6.499999999999998
603,6,3,1,7.92,11.88,M-LT2-D-D'-2/3,media,6.499999999999998,0.25,10,200,8,160,0,10,0,10,0,10,0.0051836278784231585,B,-principal,40120.83343747403,-26482.426094208466,6.499999999999998
603,6,3,1,7.92,11.88,M-LT2-D-D'-2/3,media,6.499999999999998,0.25,10,200,8,160,0,10,0,10,0,10,0.0051836278784231585,C,+principal,23435.126225849483,41924.96076333038,3.869999999999999
603,6,3,1,7.92,11.88,M-LT2-D-D'-2/3,media,6.499999999999998,0.25,10,200,8,160,0,10,0,10,0,10,0.0051836278784231585,C,-principal,23435.126225849483,-41924.96076333038,3.869999999999999
603,6,3,1,7.92,11.88,M-LT2-D-D'-2/3,media,6.499999999999998,0.25,10,200,8,160,0,10,0,10,0,10,0.0051836278784231585,D,+principal,19172.64020511357,40692.59760817313,3.224999999999999
603,6,3,1,7.92,11.88,M-LT2-D-D'-2/3,media,6.499999999999998,0.25,10,200,8,160,0,10,0,10,0,10,0.0051836278784231585,D,-principal,19172.64020511357,-40692.59760817313,3.224999999999999
603,6,3,1,7.92,11.88,M-LT2-D-D'-2/3,media,6.499999999999998,0.25,10,200,8,160,0,10,0,10,0,10,0.0051836278784231585,E,+principal,13842.806629741557,35926.274793824254,2.4187499999999993
603,6,3,1,7.92,11.88,M-LT2-D-D'-2/3,media,6.499999999999998,0.25,10,200,8,160,0,10,0,10,0,10,0.0051836278784231585,E,-principal,13842.806629741557,-35926.274793824254,2.4187499999999993
603,6,3,1,7.92,11.88,M-LT2-D-D'-2/3,media,6.499999999999998,0.25,10,200,8,160,0,10,0,10,0,10,0.0051836278784231585,F,+principal,0.0,6784.342038035505,0.32419856660542223
603,6,3,1,7.92,11.88,M-LT2-D-D'-2/3,media,6.499999999999998,0.25,10,200,8,160,0,10,0,10,0,10,0.0051836278784231585,F,-principal,0.0,-6784.342038035505,0.32419856660542223
603,6,3,1,7.92,11.88,M-LT2-D-D'-2/3,media,6.499999999999998,0.25,10,200,8,160,0,10,0,10,0,10,0.0051836278784231585,G,+principal,-2177.123708937727,0.0,0.0
603,6,3,1,7.92,11.88,M-LT2-D-D'-2/3,media,6.499999999999998,0.25,10,200,8,160,0,10,0,10,0,10,0.0051836278784231585,G,-principal,-2177.123708937727,-0.0,0.0
604,6,4,1,11.88,15.84,M-LT2-D-D'-2/3,media,6.499999999999998,0.25,10,200,8,160,0,10,0,10,0,10,0.0051836278784231585,A,+principal,40293.328623643705,0.0,
604,6,4,1,11.88,15.84,M-LT2-D-D'-2/3,media,6.499999999999998,0.25,10,200,8,160,0,10,0,10,0,10,0.0051836278784231585,A,-principal,40293.328623643705,-0.0,
604,6,4,1,11.88,15.84,M-LT2-D-D'-2/3,media,6.499999999999998,0.25,10,200,8,160,0,10,0,10,0,10,0.0051836278784231585,B,+principal,40120.83343747403,26482.426094208466,6.499999999999998
604,6,4,1,11.88,15.84,M-LT2-D-D'-2/3,media,6.499999999999998,0.25,10,200,8,160,0,10,0,10,0,10,0.0051836278784231585,B,-principal,40120.83343747403,-26482.426094208466,6.499999999999998
604,6,4,1,11.88,15.84,M-LT2-D-D'-2/3,media,6.499999999999998,0.25,10,200,8,160,0,10,0,10,0,10,0.0051836278784231585,C,+principal,23435.126225849483,41924.96076333038,3.869999999999999
604,6,4,1,11.88,15.84,M-LT2-D-D'-2/3,media,6.499999999999998,0.25,10,200,8,160,0,10,0,10,0,10,0.0051836278784231585,C,-principal,23435.126225849483,-41924.96076333038,3.869999999999999
604,6,4,1,11.88,15.84,M-LT2-D-D'-2/3,media,6.499999999999998,0.25,10,200,8,160,0,10,0,10,0,10,0.0051836278784231585,D,+principal,19172.64020511357,40692.59760817313,3.224999999999999
604,6,4,1,11.88,15.84,M-LT2-D-D'-2/3,media,6.499999999999998,0.25,10,200,8,160,0,10,0,10,0,10,0.0051836278784231585,D,-principal,19172.64020511357,-40692.59760817313,3.224999999999999
604,6,4,1,11.88,15.84,M-LT2-D-D'-2/3,media,6.499999999999998,0.25,10,200,8,160,0,10,0,10,0,10,0.0051836278784231585,E,+principal,13842.806629741557,35926.274793824254,2.4187499999999993
604,6,4,1,11.88,15.84,M-LT2-D-D'-2/3,media,6.499999999999998,0.25,10,200,8,160,0,10,0,10,0,10,0.0051836278784231585,E,-principal,13842.806629741557,-35926.274793824254,2.4187499999999993
604,6,4,1,11.88,15.84,M-LT2-D-D'-2/3,media,6.499999999999998,0.25,10,200,8,160,0,10,0,10,0,10,0.0051836278784231585,F,+principal,0.0,6784.342038035505,0.32419856660542223
604,6,4,1,11.88,15.84,M-LT2-D-D'-2/3,media,6.499999999999998,0.25,10,200,8,160,0,10,0,10,0,10,0.0051836278784231585,F,-principal,0.0,-6784.342038035505,0.32419856660542223
604,6,4,1,11.88,15.84,M-LT2-D-D'-2/3,media,6.499999999999998,0.25,10,200,8,160,0,10,0,10,0,10,0.0051836278784231585,G,+principal,-2177.123708937727,0.0,0.0
604,6,4,1,11.88,15.84,M-LT2-D-D'-2/3,media,6.499999999999998,0.25,10,200,8,160,0,10,0,10,0,10,0.0051836278784231585,G,-principal,-2177.123708937727,-0.0,0.0
705,7,5,1,15.84,19.8,M-LT2-D-D'-2/3 (piso 4),media,6.5,0.25,10,200,8,160,0,10,0,10,0,10,0.0051836278784231585,A,+principal,40293.32862364371,0.0,
705,7,5,1,15.84,19.8,M-LT2-D-D'-2/3 (piso 4),media,6.5,0.25,10,200,8,160,0,10,0,10,0,10,0.0051836278784231585,A,-principal,40293.32862364371,-0.0,
705,7,5,1,15.84,19.8,M-LT2-D-D'-2/3 (piso 4),media,6.5,0.25,10,200,8,160,0,10,0,10,0,10,0.0051836278784231585,B,+principal,40120.83343747404,26482.426094208487,6.5
705,7,5,1,15.84,19.8,M-LT2-D-D'-2/3 (piso 4),media,6.5,0.25,10,200,8,160,0,10,0,10,0,10,0.0051836278784231585,B,-principal,40120.83343747404,-26482.426094208487,6.5
705,7,5,1,15.84,19.8,M-LT2-D-D'-2/3 (piso 4),media,6.5,0.25,10,200,8,160,0,10,0,10,0,10,0.0051836278784231585,C,+principal,23435.126225849486,41924.960763330404,3.8700000000000006
705,7,5,1,15.84,19.8,M-LT2-D-D'-2/3 (piso 4),media,6.5,0.25,10,200,8,160,0,10,0,10,0,10,0.0051836278784231585,C,-principal,23435.126225849486,-41924.960763330404,3.8700000000000006
705,7,5,1,15.84,19.8,M-LT2-D-D'-2/3 (piso 4),media,6.5,0.25,10,200,8,160,0,10,0,10,0,10,0.0051836278784231585,D,+principal,19172.640205113574,40692.59760817314,3.2250000000000005
705,7,5,1,15.84,19.8,M-LT2-D-D'-2/3 (piso 4),media,6.5,0.25,10,200,8,160,0,10,0,10,0,10,0.0051836278784231585,D,-principal,19172.640205113574,-40692.59760817314,3.2250000000000005
705,7,5,1,15.84,19.8,M-LT2-D-D'-2/3 (piso 4),media,6.5,0.25,10,200,8,160,0,10,0,10,0,10,0.0051836278784231585,E,+principal,13842.80662974156,35926.27479382427,2.41875
705,7,5,1,15.84,19.8,M-LT2-D-D'-2/3 (piso 4),media,6.5,0.25,10,200,8,160,0,10,0,10,0,10,0.0051836278784231585,E,-principal,13842.80662974156,-35926.27479382427,2.41875
705,7,5,1,15.84,19.8,M-LT2-D-D'-2/3 (piso 4),media,6.5,0.25,10,200,8,160,0,10,0,10,0,10,0.0051836278784231585,F,+principal,0.0,6784.342038035507,0.32419856660542223
705,7,5,1,15.84,19.8,M-LT2-D-D'-2/3 (piso 4),media,6.5,0.25,10,200,8,160,0,10,0,10,0,10,0.0051836278784231585,F,-principal,0.0,-6784.342038035507,0.32419856660542223
705,7,5,1,15.84,19.8,M-LT2-D-D'-2/3 (piso 4),media,6.5,0.25,10,200,8,160,0,10,0,10,0,10,0.0051836278784231585,G,+principal,-2177.123708937727,0.0,0.0
705,7,5,1,15.84,19.8,M-LT2-D-D'-2/3 (piso 4),media,6.5,0.25,10,200,8,160,0,10,0,10,0,10,0.0051836278784231585,G,-principal,-2177.123708937727,-0.0,0.0
801,8,1,1,0.0,3.96,M-LT2-1'-C'/D',media,2.6450000000000005,0.3,12,200,12,100,3,22,3,22,3,22,0.005447521661324701,A,+principal,20586.016262665577,0.0,
801,8,1,1,0.0,3.96,M-LT2-1'-C'/D',media,2.6450000000000005,0.3,12,200,12,100,3,22,3,22,3,22,0.005447521661324701,A,-principal,20586.016262665577,-0.0,
801,8,1,1,0.0,3.96,M-LT2-1'-C'/D',media,2.6450000000000005,0.3,12,200,12,100,3,22,3,22,3,22,0.005447521661324701,B,+principal,20256.804762314285,5932.019037215579,2.6450000000000005
801,8,1,1,0.0,3.96,M-LT2-1'-C'/D',media,2.6450000000000005,0.3,12,200,12,100,3,22,3,22,3,22,0.005447521661324701,B,-principal,20256.804762314285,-5932.019037215579,2.6450000000000005
801,8,1,1,0.0,3.96,M-LT2-1'-C'/D',media,2.6450000000000005,0.3,12,200,12,100,3,22,3,22,3,22,0.005447521661324701,C,+principal,11342.431416892563,9707.7323038718,1.5570000000000004
801,8,1,1,0.0,3.96,M-LT2-1'-C'/D',media,2.6450000000000005,0.3,12,200,12,100,3,22,3,22,3,22,0.005447521661324701,C,-principal,11342.431416892563,-9707.7323038718,1.5570000000000004
801,8,1,1,0.0,3.96,M-LT2-1'-C'/D',media,2.6450000000000005,0.3,12,200,12,100,3,22,3,22,3,22,0.005447521661324701,D,+principal,9241.191592902394,9452.377873759238,1.2975000000000003
801,8,1,1,0.0,3.96,M-LT2-1'-C'/D',media,2.6450000000000005,0.3,12,200,12,100,3,22,3,22,3,22,0.005447521661324701,D,-principal,9241.191592902394,-9452.377873759238,1.2975000000000003
801,8,1,1,0.0,3.96,M-LT2-1'-C'/D',media,2.6450000000000005,0.3,12,200,12,100,3,22,3,22,3,22,0.005447521661324701,E,+principal,6605.989288436626,8485.315434870103,0.9731250000000002
801,8,1,1,0.0,3.96,M-LT2-1'-C'/D',media,2.6450000000000005,0.3,12,200,12,100,3,22,3,22,3,22,0.005447521661324701,E,-principal,6605.989288436626,-8485.315434870103,0.9731250000000002
801,8,1,1,0.0,3.96,M-LT2-1'-C'/D',media,2.6450000000000005,0.3,12,200,12,100,3,22,3,22,3,22,0.005447521661324701,F,+principal,0.0,2893.8133739113273,0.15753899884802364
801,8,1,1,0.0,3.96,M-LT2-1'-C'/D',media,2.6450000000000005,0.3,12,200,12,100,3,22,3,22,3,22,0.005447521661324701,F,-principal,0.0,-2893.8133739113273,0.15753899884802364
801,8,1,1,0.0,3.96,M-LT2-1'-C'/D',media,2.6450000000000005,0.3,12,200,12,100,3,22,3,22,3,22,0.005447521661324701,G,+principal,-2287.9590977563744,0.0,0.0
801,8,1,1,0.0,3.96,M-LT2-1'-C'/D',media,2.6450000000000005,0.3,12,200,12,100,3,22,3,22,3,22,0.005447521661324701,G,-principal,-2287.9590977563744,-0.0,0.0
802,8,2,1,3.96,7.92,M-LT2-1'-C'/D',media,2.6450000000000005,0.3,12,200,12,100,3,22,3,22,3,22,0.005447521661324701,A,+principal,20586.016262665577,0.0,
802,8,2,1,3.96,7.92,M-LT2-1'-C'/D',media,2.6450000000000005,0.3,12,200,12,100,3,22,3,22,3,22,0.005447521661324701,A,-principal,20586.016262665577,-0.0,
802,8,2,1,3.96,7.92,M-LT2-1'-C'/D',media,2.6450000000000005,0.3,12,200,12,100,3,22,3,22,3,22,0.005447521661324701,B,+principal,20256.804762314285,5932.019037215579,2.6450000000000005
802,8,2,1,3.96,7.92,M-LT2-1'-C'/D',media,2.6450000000000005,0.3,12,200,12,100,3,22,3,22,3,22,0.005447521661324701,B,-principal,20256.804762314285,-5932.019037215579,2.6450000000000005
802,8,2,1,3.96,7.92,M-LT2-1'-C'/D',media,2.6450000000000005,0.3,12,200,12,100,3,22,3,22,3,22,0.005447521661324701,C,+principal,11342.431416892563,9707.7323038718,1.5570000000000004
802,8,2,1,3.96,7.92,M-LT2-1'-C'/D',media,2.6450000000000005,0.3,12,200,12,100,3,22,3,22,3,22,0.005447521661324701,C,-principal,11342.431416892563,-9707.7323038718,1.5570000000000004
802,8,2,1,3.96,7.92,M-LT2-1'-C'/D',media,2.6450000000000005,0.3,12,200,12,100,3,22,3,22,3,22,0.005447521661324701,D,+principal,9241.191592902394,9452.377873759238,1.2975000000000003
802,8,2,1,3.96,7.92,M-LT2-1'-C'/D',media,2.6450000000000005,0.3,12,200,12,100,3,22,3,22,3,22,0.005447521661324701,D,-principal,9241.191592902394,-9452.377873759238,1.2975000000000003
802,8,2,1,3.96,7.92,M-LT2-1'-C'/D',media,2.6450000000000005,0.3,12,200,12,100,3,22,3,22,3,22,0.005447521661324701,E,+principal,6605.989288436626,8485.315434870103,0.9731250000000002
802,8,2,1,3.96,7.92,M-LT2-1'-C'/D',media,2.6450000000000005,0.3,12,200,12,100,3,22,3,22,3,22,0.005447521661324701,E,-principal,6605.989288436626,-8485.315434870103,0.9731250000000002
802,8,2,1,3.96,7.92,M-LT2-1'-C'/D',media,2.6450000000000005,0.3,12,200,12,100,3,22,3,22,3,22,0.005447521661324701,F,+principal,0.0,2893.8133739113273,0.15753899884802364
802,8,2,1,3.96,7.92,M-LT2-1'-C'/D',media,2.6450000000000005,0.3,12,200,12,100,3,22,3,22,3,22,0.005447521661324701,F,-principal,0.0,-2893.8133739113273,0.15753899884802364
802,8,2,1,3.96,7.92,M-LT2-1'-C'/D',media,2.6450000000000005,0.3,12,200,12,100,3,22,3,22,3,22,0.005447521661324701,G,+principal,-2287.9590977563744,0.0,0.0
802,8,2,1,3.96,7.92,M-LT2-1'-C'/D',media,2.6450000000000005,0.3,12,200,12,100,3,22,3,22,3,22,0.005447521661324701,G,-principal,-2287.9590977563744,-0.0,0.0
803,8,3,1,7.92,11.88,M-LT2-1'-C'/D',media,2.6450000000000005,0.3,12,200,12,200,20,22,20,22,20,22,0.018372033838193108,A,+principal,24621.048964283895,0.0,
803,8,3,1,7.92,11.88,M-LT2-1'-C'/D',media,2.6450000000000005,0.3,12,200,12,200,20,22,20,22,20,22,0.018372033838193108,A,-principal,24621.048964283895,-0.0,
803,8,3,1,7.92,11.88,M-LT2-1'-C'/D',media,2.6450000000000005,0.3,12,200,12,200,20,22,20,22,20,22,0.018372033838193108,B,+principal,23047.913025235735,9287.839305575355,2.6450000000000005
803,8,3,1,7.92,11.88,M-LT2-1'-C'/D',media,2.6450000000000005,0.3,12,200,12,200,20,22,20,22,20,22,0.018372033838193108,B,-principal,23047.913025235735,-9287.839305575355,2.6450000000000005
803,8,3,1,7.92,11.88,M-LT2-1'-C'/D',media,2.6450000000000005,0.3,12,200,12,200,20,22,20,22,20,22,0.018372033838193108,C,+principal,11342.431416892563,16615.23783679912,1.5570000000000004
803,8,3,1,7.92,11.88,M-LT2-1'-C'/D',media,2.6450000000000005,0.3,12,200,12,200,20,22,20,22,20,22,0.018372033838193108,C,-principal,11342.431416892563,-16615.23783679912,1.5570000000000004
803,8,3,1,7.92,11.88,M-LT2-1'-C'/D',media,2.6450000000000005,0.3,12,200,12,200,20,22,20,22,20,22,0.018372033838193108,D,+principal,9241.191592902394,16359.883406686558,1.2975000000000003
803,8,3,1,7.92,11.88,M-LT2-1'-C'/D',media,2.6450000000000005,0.3,12,200,12,200,20,22,20,22,20,22,0.018372033838193108,D,-principal,9241.191592902394,-16359.883406686558,1.2975000000000003
803,8,3,1,7.92,11.88,M-LT2-1'-C'/D',media,2.6450000000000005,0.3,12,200,12,200,20,22,20,22,20,22,0.018372033838193108,E,+principal,6605.989288436626,15392.820967797426,0.9731250000000002
803,8,3,1,7.92,11.88,M-LT2-1'-C'/D',media,2.6450000000000005,0.3,12,200,12,200,20,22,20,22,20,22,0.018372033838193108,E,-principal,6605.989288436626,-15392.820967797426,0.9731250000000002
803,8,3,1,7.92,11.88,M-LT2-1'-C'/D',media,2.6450000000000005,0.3,12,200,12,200,20,22,20,22,20,22,0.018372033838193108,F,+principal,0.0,9801.318906838651,0.15753899884802375
803,8,3,1,7.92,11.88,M-LT2-1'-C'/D',media,2.6450000000000005,0.3,12,200,12,200,20,22,20,22,20,22,0.018372033838193108,F,-principal,0.0,-9801.318906838651,0.15753899884802375
803,8,3,1,7.92,11.88,M-LT2-1'-C'/D',media,2.6450000000000005,0.3,12,200,12,200,20,22,20,22,20,22,0.018372033838193108,G,+principal,-7716.254212041105,0.0,0.0
803,8,3,1,7.92,11.88,M-LT2-1'-C'/D',media,2.6450000000000005,0.3,12,200,12,200,20,22,20,22,20,22,0.018372033838193108,G,-principal,-7716.254212041105,-0.0,0.0
804,8,4,1,11.88,15.84,M-LT2-1'-C'/D',media,2.6450000000000005,0.3,10,200,10,200,20,22,20,22,20,22,0.017404423300887453,A,+principal,24318.96095453707,0.0,
804,8,4,1,11.88,15.84,M-LT2-1'-C'/D',media,2.6450000000000005,0.3,10,200,10,200,20,22,20,22,20,22,0.017404423300887453,A,-principal,24318.96095453707,-0.0,
804,8,4,1,11.88,15.84,M-LT2-1'-C'/D',media,2.6450000000000005,0.3,10,200,10,200,20,22,20,22,20,22,0.017404423300887453,B,+principal,22779.34306138547,9182.528480161236,2.6450000000000005
804,8,4,1,11.88,15.84,M-LT2-1'-C'/D',media,2.6450000000000005,0.3,10,200,10,200,20,22,20,22,20,22,0.017404423300887453,B,-principal,22779.34306138547,-9182.528480161236,2.6450000000000005
804,8,4,1,11.88,15.84,M-LT2-1'-C'/D',media,2.6450000000000005,0.3,10,200,10,200,20,22,20,22,20,22,0.017404423300887453,C,+principal,11273.54348395317,16398.2292766432,1.5570000000000004
804,8,4,1,11.88,15.84,M-LT2-1'-C'/D',media,2.6450000000000005,0.3,10,200,10,200,20,22,20,22,20,22,0.017404423300887453,C,-principal,11273.54348395317,-16398.2292766432,1.5570000000000004
804,8,4,1,11.88,15.84,M-LT2-1'-C'/D',media,2.6450000000000005,0.3,10,200,10,200,20,22,20,22,20,22,0.017404423300887453,D,+principal,9248.206661737775,16118.597861537251,1.2975000000000003
804,8,4,1,11.88,15.84,M-LT2-1'-C'/D',media,2.6450000000000005,0.3,10,200,10,200,20,22,20,22,20,22,0.017404423300887453,D,-principal,9248.206661737775,-16118.597861537251,1.2975000000000003
804,8,4,1,11.88,15.84,M-LT2-1'-C'/D',media,2.6450000000000005,0.3,10,200,10,200,20,22,20,22,20,22,0.017404423300887453,E,+principal,6710.526936414323,15153.87106013855,0.9731250000000002
804,8,4,1,11.88,15.84,M-LT2-1'-C'/D',media,2.6450000000000005,0.3,10,200,10,200,20,22,20,22,20,22,0.017404423300887453,E,-principal,6710.526936414323,-15153.87106013855,0.9731250000000002
804,8,4,1,11.88,15.84,M-LT2-1'-C'/D',media,2.6450000000000005,0.3,10,200,10,200,20,22,20,22,20,22,0.017404423300887453,F,+principal,0.0,9297.759369303443,0.13543111426902626
804,8,4,1,11.88,15.84,M-LT2-1'-C'/D',media,2.6450000000000005,0.3,10,200,10,200,20,22,20,22,20,22,0.017404423300887453,F,-principal,0.0,-9297.759369303443,0.13543111426902626
804,8,4,1,11.88,15.84,M-LT2-1'-C'/D',media,2.6450000000000005,0.3,10,200,10,200,20,22,20,22,20,22,0.017404423300887453,G,+principal,-7309.85778637273,0.0,0.0
804,8,4,1,11.88,15.84,M-LT2-1'-C'/D',media,2.6450000000000005,0.3,10,200,10,200,20,22,20,22,20,22,0.017404423300887453,G,-principal,-7309.85778637273,-0.0,0.0
805,8,5,1,15.84,19.8,M-LT2-1'-C'/D',media,2.6450000000000005,0.3,10,200,10,200,20,22,20,22,20,22,0.017404423300887453,A,+principal,24318.96095453707,0.0,
805,8,5,1,15.84,19.8,M-LT2-1'-C'/D',media,2.6450000000000005,0.3,10,200,10,200,20,22,20,22,20,22,0.017404423300887453,A,-principal,24318.96095453707,-0.0,
805,8,5,1,15.84,19.8,M-LT2-1'-C'/D',media,2.6450000000000005,0.3,10,200,10,200,20,22,20,22,20,22,0.017404423300887453,B,+principal,22779.34306138547,9182.528480161236,2.6450000000000005
805,8,5,1,15.84,19.8,M-LT2-1'-C'/D',media,2.6450000000000005,0.3,10,200,10,200,20,22,20,22,20,22,0.017404423300887453,B,-principal,22779.34306138547,-9182.528480161236,2.6450000000000005
805,8,5,1,15.84,19.8,M-LT2-1'-C'/D',media,2.6450000000000005,0.3,10,200,10,200,20,22,20,22,20,22,0.017404423300887453,C,+principal,11273.54348395317,16398.2292766432,1.5570000000000004
805,8,5,1,15.84,19.8,M-LT2-1'-C'/D',media,2.6450000000000005,0.3,10,200,10,200,20,22,20,22,20,22,0.017404423300887453,C,-principal,11273.54348395317,-16398.2292766432,1.5570000000000004
805,8,5,1,15.84,19.8,M-LT2-1'-C'/D',media,2.6450000000000005,0.3,10,200,10,200,20,22,20,22,20,22,0.017404423300887453,D,+principal,9248.206661737775,16118.597861537251,1.2975000000000003
805,8,5,1,15.84,19.8,M-LT2-1'-C'/D',media,2.6450000000000005,0.3,10,200,10,200,20,22,20,22,20,22,0.017404423300887453,D,-principal,9248.206661737775,-16118.597861537251,1.2975000000000003
805,8,5,1,15.84,19.8,M-LT2-1'-C'/D',media,2.6450000000000005,0.3,10,200,10,200,20,22,20,22,20,22,0.017404423300887453,E,+principal,6710.526936414323,15153.87106013855,0.9731250000000002
805,8,5,1,15.84,19.8,M-LT2-1'-C'/D',media,2.6450000000000005,0.3,10,200,10,200,20,22,20,22,20,22,0.017404423300887453,E,-principal,6710.526936414323,-15153.87106013855,0.9731250000000002
805,8,5,1,15.84,19.8,M-LT2-1'-C'/D',media,2.6450000000000005,0.3,10,200,10,200,20,22,20,22,20,22,0.017404423300887453,F,+principal,0.0,9297.759369303443,0.13543111426902626
805,8,5,1,15.84,19.8,M-LT2-1'-C'/D',media,2.6450000000000005,0.3,10,200,10,200,20,22,20,22,20,22,0.017404423300887453,F,-principal,0.0,-9297.759369303443,0.13543111426902626
805,8,5,1,15.84,19.8,M-LT2-1'-C'/D',media,2.6450000000000005,0.3,10,200,10,200,20,22,20,22,20,22,0.017404423300887453,G,+principal,-7309.85778637273,0.0,0.0
805,8,5,1,15.84,19.8,M-LT2-1'-C'/D',media,2.6450000000000005,0.3,10,200,10,200,20,22,20,22,20,22,0.017404423300887453,G,-principal,-7309.85778637273,-0.0,0.0
901,9,1,1,0.0,3.96,M-LT2-C'-1'/2,alta,2.9450000000000003,0.25,10,200,10,150,2,25,2,25,2,25,0.004476769531365455,A,+principal,18920.3974476923,0.0,
901,9,1,1,0.0,3.96,M-LT2-C'-1'/2,alta,2.9450000000000003,0.25,10,200,10,150,2,25,2,25,2,25,0.004476769531365455,A,-principal,18920.3974476923,-0.0,
901,9,1,1,0.0,3.96,M-LT2-C'-1'/2,alta,2.9450000000000003,0.25,10,200,10,150,2,25,2,25,2,25,0.004476769531365455,B,+principal,18644.46659120013,6034.158525249388,2.9450000000000003
901,9,1,1,0.0,3.96,M-LT2-C'-1'/2,alta,2.9450000000000003,0.25,10,200,10,150,2,25,2,25,2,25,0.004476769531365455,B,-principal,18644.46659120013,-6034.158525249388,2.9450000000000003
901,9,1,1,0.0,3.96,M-LT2-C'-1'/2,alta,2.9450000000000003,0.25,10,200,10,150,2,25,2,25,2,25,0.004476769531365455,C,+principal,10518.257646426071,9831.957941777935,1.7370000000000003
901,9,1,1,0.0,3.96,M-LT2-C'-1'/2,alta,2.9450000000000003,0.25,10,200,10,150,2,25,2,25,2,25,0.004476769531365455,C,-principal,10518.257646426071,-9831.957941777935,1.7370000000000003
901,9,1,1,0.0,3.96,M-LT2-C'-1'/2,alta,2.9450000000000003,0.25,10,200,10,150,2,25,2,25,2,25,0.004476769531365455,D,+principal,8595.533433749903,9559.374375294143,1.4475000000000002
901,9,1,1,0.0,3.96,M-LT2-C'-1'/2,alta,2.9450000000000003,0.25,10,200,10,150,2,25,2,25,2,25,0.004476769531365455,D,-principal,8595.533433749903,-9559.374375294143,1.4475000000000002
901,9,1,1,0.0,3.96,M-LT2-C'-1'/2,alta,2.9450000000000003,0.25,10,200,10,150,2,25,2,25,2,25,0.004476769531365455,E,+principal,6190.0752808917605,8565.84266492636,1.0856250000000003
901,9,1,1,0.0,3.96,M-LT2-C'-1'/2,alta,2.9450000000000003,0.25,10,200,10,150,2,25,2,25,2,25,0.004476769531365455,E,-principal,6190.0752808917605,-8565.84266492636,1.0856250000000003
901,9,1,1,0.0,3.96,M-LT2-C'-1'/2,alta,2.9450000000000003,0.25,10,200,10,150,2,25,2,25,2,25,0.004476769531365455,F,+principal,0.0,2662.267947481121,0.15348285467304607
901,9,1,1,0.0,3.96,M-LT2-C'-1'/2,alta,2.9450000000000003,0.25,10,200,10,150,2,25,2,25,2,25,0.004476769531365455,F,-principal,0.0,-2662.267947481121,0.15348285467304607
901,9,1,1,0.0,3.96,M-LT2-C'-1'/2,alta,2.9450000000000003,0.25,10,200,10,150,2,25,2,25,2,25,0.004476769531365455,G,+principal,-1880.2432031734913,0.0,0.0
901,9,1,1,0.0,3.96,M-LT2-C'-1'/2,alta,2.9450000000000003,0.25,10,200,10,150,2,25,2,25,2,25,0.004476769531365455,G,-principal,-1880.2432031734913,-0.0,0.0
902,9,2,1,3.96,7.92,M-LT2-C'-1'/2,alta,2.9450000000000003,0.25,10,200,10,200,20,22,20,22,20,22,0.017718582566246432,A,+principal,23054.49147718214,0.0,
902,9,2,1,3.96,7.92,M-LT2-C'-1'/2,alta,2.9450000000000003,0.25,10,200,10,200,20,22,20,22,20,22,0.017718582566246432,A,-principal,23054.49147718214,-0.0,
902,9,2,1,3.96,7.92,M-LT2-C'-1'/2,alta,2.9450000000000003,0.25,10,200,10,200,20,22,20,22,20,22,0.017718582566246432,B,+principal,21496.065174127638,9889.080738724646,2.9450000000000003
902,9,2,1,3.96,7.92,M-LT2-C'-1'/2,alta,2.9450000000000003,0.25,10,200,10,200,20,22,20,22,20,22,0.017718582566246432,B,-principal,21496.065174127638,-9889.080738724646,2.9450000000000003
902,9,2,1,3.96,7.92,M-LT2-C'-1'/2,alta,2.9450000000000003,0.25,10,200,10,200,20,22,20,22,20,22,0.017718582566246432,C,+principal,10518.257646426071,17743.279139467573,1.7370000000000003
902,9,2,1,3.96,7.92,M-LT2-C'-1'/2,alta,2.9450000000000003,0.25,10,200,10,200,20,22,20,22,20,22,0.017718582566246432,C,-principal,10518.257646426071,-17743.279139467573,1.7370000000000003
902,9,2,1,3.96,7.92,M-LT2-C'-1'/2,alta,2.9450000000000003,0.25,10,200,10,200,20,22,20,22,20,22,0.017718582566246432,D,+principal,8595.5334337499,17470.695572983783,1.4475000000000002
902,9,2,1,3.96,7.92,M-LT2-C'-1'/2,alta,2.9450000000000003,0.25,10,200,10,200,20,22,20,22,20,22,0.017718582566246432,D,-principal,8595.5334337499,-17470.695572983783,1.4475000000000002
902,9,2,1,3.96,7.92,M-LT2-C'-1'/2,alta,2.9450000000000003,0.25,10,200,10,200,20,22,20,22,20,22,0.017718582566246432,E,+principal,6190.0752808917605,16477.163862616002,1.0856250000000003
902,9,2,1,3.96,7.92,M-LT2-C'-1'/2,alta,2.9450000000000003,0.25,10,200,10,200,20,22,20,22,20,22,0.017718582566246432,E,-principal,6190.0752808917605,-16477.163862616002,1.0856250000000003
902,9,2,1,3.96,7.92,M-LT2-C'-1'/2,alta,2.9450000000000003,0.25,10,200,10,200,20,22,20,22,20,22,0.017718582566246432,F,+principal,0.0,10573.589145170761,0.15348285467304607
902,9,2,1,3.96,7.92,M-LT2-C'-1'/2,alta,2.9450000000000003,0.25,10,200,10,200,20,22,20,22,20,22,0.017718582566246432,F,-principal,0.0,-10573.589145170761,0.15348285467304607
902,9,2,1,3.96,7.92,M-LT2-C'-1'/2,alta,2.9450000000000003,0.25,10,200,10,200,20,22,20,22,20,22,0.017718582566246432,G,+principal,-7441.804677823502,0.0,0.0
902,9,2,1,3.96,7.92,M-LT2-C'-1'/2,alta,2.9450000000000003,0.25,10,200,10,200,20,22,20,22,20,22,0.017718582566246432,G,-principal,-7441.804677823502,-0.0,0.0
903,9,3,1,7.92,11.88,M-LT2-C'-1'/2,alta,2.9450000000000003,0.25,10,200,8,160,20,22,20,22,20,22,0.017718582566246432,A,+principal,23054.49147718214,0.0,
903,9,3,1,7.92,11.88,M-LT2-C'-1'/2,alta,2.9450000000000003,0.25,10,200,8,160,20,22,20,22,20,22,0.017718582566246432,A,-principal,23054.49147718214,-0.0,
903,9,3,1,7.92,11.88,M-LT2-C'-1'/2,alta,2.9450000000000003,0.25,10,200,8,160,20,22,20,22,20,22,0.017718582566246432,B,+principal,21496.065174127638,9889.080738724646,2.9450000000000003
903,9,3,1,7.92,11.88,M-LT2-C'-1'/2,alta,2.9450000000000003,0.25,10,200,8,160,20,22,20,22,20,22,0.017718582566246432,B,-principal,21496.065174127638,-9889.080738724646,2.9450000000000003
903,9,3,1,7.92,11.88,M-LT2-C'-1'/2,alta,2.9450000000000003,0.25,10,200,8,160,20,22,20,22,20,22,0.017718582566246432,C,+principal,10518.257646426071,17743.279139467573,1.7370000000000003
903,9,3,1,7.92,11.88,M-LT2-C'-1'/2,alta,2.9450000000000003,0.25,10,200,8,160,20,22,20,22,20,22,0.017718582566246432,C,-principal,10518.257646426071,-17743.279139467573,1.7370000000000003
903,9,3,1,7.92,11.88,M-LT2-C'-1'/2,alta,2.9450000000000003,0.25,10,200,8,160,20,22,20,22,20,22,0.017718582566246432,D,+principal,8595.5334337499,17470.695572983783,1.4475000000000002
903,9,3,1,7.92,11.88,M-LT2-C'-1'/2,alta,2.9450000000000003,0.25,10,200,8,160,20,22,20,22,20,22,0.017718582566246432,D,-principal,8595.5334337499,-17470.695572983783,1.4475000000000002
903,9,3,1,7.92,11.88,M-LT2-C'-1'/2,alta,2.9450000000000003,0.25,10,200,8,160,20,22,20,22,20,22,0.017718582566246432,E,+principal,6190.0752808917605,16477.163862616002,1.0856250000000003
903,9,3,1,7.92,11.88,M-LT2-C'-1'/2,alta,2.9450000000000003,0.25,10,200,8,160,20,22,20,22,20,22,0.017718582566246432,E,-principal,6190.0752808917605,-16477.163862616002,1.0856250000000003
903,9,3,1,7.92,11.88,M-LT2-C'-1'/2,alta,2.9450000000000003,0.25,10,200,8,160,20,22,20,22,20,22,0.017718582566246432,F,+principal,0.0,10573.589145170761,0.15348285467304607
903,9,3,1,7.92,11.88,M-LT2-C'-1'/2,alta,2.9450000000000003,0.25,10,200,8,160,20,22,20,22,20,22,0.017718582566246432,F,-principal,0.0,-10573.589145170761,0.15348285467304607
903,9,3,1,7.92,11.88,M-LT2-C'-1'/2,alta,2.9450000000000003,0.25,10,200,8,160,20,22,20,22,20,22,0.017718582566246432,G,+principal,-7441.804677823502,0.0,0.0
903,9,3,1,7.92,11.88,M-LT2-C'-1'/2,alta,2.9450000000000003,0.25,10,200,8,160,20,22,20,22,20,22,0.017718582566246432,G,-principal,-7441.804677823502,-0.0,0.0
904,9,4,1,11.88,15.84,M-LT2-C'-1'/2,alta,2.9450000000000003,0.25,10,200,8,160,20,22,20,22,20,22,0.017718582566246432,A,+principal,23054.49147718214,0.0,
904,9,4,1,11.88,15.84,M-LT2-C'-1'/2,alta,2.9450000000000003,0.25,10,200,8,160,20,22,20,22,20,22,0.017718582566246432,A,-principal,23054.49147718214,-0.0,
904,9,4,1,11.88,15.84,M-LT2-C'-1'/2,alta,2.9450000000000003,0.25,10,200,8,160,20,22,20,22,20,22,0.017718582566246432,B,+principal,21496.065174127638,9889.080738724646,2.9450000000000003
904,9,4,1,11.88,15.84,M-LT2-C'-1'/2,alta,2.9450000000000003,0.25,10,200,8,160,20,22,20,22,20,22,0.017718582566246432,B,-principal,21496.065174127638,-9889.080738724646,2.9450000000000003
904,9,4,1,11.88,15.84,M-LT2-C'-1'/2,alta,2.9450000000000003,0.25,10,200,8,160,20,22,20,22,20,22,0.017718582566246432,C,+principal,10518.257646426071,17743.279139467573,1.7370000000000003
904,9,4,1,11.88,15.84,M-LT2-C'-1'/2,alta,2.9450000000000003,0.25,10,200,8,160,20,22,20,22,20,22,0.017718582566246432,C,-principal,10518.257646426071,-17743.279139467573,1.7370000000000003
904,9,4,1,11.88,15.84,M-LT2-C'-1'/2,alta,2.9450000000000003,0.25,10,200,8,160,20,22,20,22,20,22,0.017718582566246432,D,+principal,8595.5334337499,17470.695572983783,1.4475000000000002
904,9,4,1,11.88,15.84,M-LT2-C'-1'/2,alta,2.9450000000000003,0.25,10,200,8,160,20,22,20,22,20,22,0.017718582566246432,D,-principal,8595.5334337499,-17470.695572983783,1.4475000000000002
904,9,4,1,11.88,15.84,M-LT2-C'-1'/2,alta,2.9450000000000003,0.25,10,200,8,160,20,22,20,22,20,22,0.017718582566246432,E,+principal,6190.0752808917605,16477.163862616002,1.0856250000000003
904,9,4,1,11.88,15.84,M-LT2-C'-1'/2,alta,2.9450000000000003,0.25,10,200,8,160,20,22,20,22,20,22,0.017718582566246432,E,-principal,6190.0752808917605,-16477.163862616002,1.0856250000000003
904,9,4,1,11.88,15.84,M-LT2-C'-1'/2,alta,2.9450000000000003,0.25,10,200,8,160,20,22,20,22,20,22,0.017718582566246432,F,+principal,0.0,10573.589145170761,0.15348285467304607
904,9,4,1,11.88,15.84,M-LT2-C'-1'/2,alta,2.9450000000000003,0.25,10,200,8,160,20,22,20,22,20,22,0.017718582566246432,F,-principal,0.0,-10573.589145170761,0.15348285467304607
904,9,4,1,11.88,15.84,M-LT2-C'-1'/2,alta,2.9450000000000003,0.25,10,200,8,160,20,22,20,22,20,22,0.017718582566246432,G,+principal,-7441.804677823502,0.0,0.0
904,9,4,1,11.88,15.84,M-LT2-C'-1'/2,alta,2.9450000000000003,0.25,10,200,8,160,20,22,20,22,20,22,0.017718582566246432,G,-principal,-7441.804677823502,-0.0,0.0
905,9,5,1,15.84,19.8,M-LT2-C'-1'/2,alta,2.9450000000000003,0.25,10,200,8,160,20,22,20,22,20,22,0.017718582566246432,A,+principal,23054.49147718214,0.0,
905,9,5,1,15.84,19.8,M-LT2-C'-1'/2,alta,2.9450000000000003,0.25,10,200,8,160,20,22,20,22,20,22,0.017718582566246432,A,-principal,23054.49147718214,-0.0,
905,9,5,1,15.84,19.8,M-LT2-C'-1'/2,alta,2.9450000000000003,0.25,10,200,8,160,20,22,20,22,20,22,0.017718582566246432,B,+principal,21496.065174127638,9889.080738724646,2.9450000000000003
905,9,5,1,15.84,19.8,M-LT2-C'-1'/2,alta,2.9450000000000003,0.25,10,200,8,160,20,22,20,22,20,22,0.017718582566246432,B,-principal,21496.065174127638,-9889.080738724646,2.9450000000000003
905,9,5,1,15.84,19.8,M-LT2-C'-1'/2,alta,2.9450000000000003,0.25,10,200,8,160,20,22,20,22,20,22,0.017718582566246432,C,+principal,10518.257646426071,17743.279139467573,1.7370000000000003
905,9,5,1,15.84,19.8,M-LT2-C'-1'/2,alta,2.9450000000000003,0.25,10,200,8,160,20,22,20,22,20,22,0.017718582566246432,C,-principal,10518.257646426071,-17743.279139467573,1.7370000000000003
905,9,5,1,15.84,19.8,M-LT2-C'-1'/2,alta,2.9450000000000003,0.25,10,200,8,160,20,22,20,22,20,22,0.017718582566246432,D,+principal,8595.5334337499,17470.695572983783,1.4475000000000002
905,9,5,1,15.84,19.8,M-LT2-C'-1'/2,alta,2.9450000000000003,0.25,10,200,8,160,20,22,20,22,20,22,0.017718582566246432,D,-principal,8595.5334337499,-17470.695572983783,1.4475000000000002
905,9,5,1,15.84,19.8,M-LT2-C'-1'/2,alta,2.9450000000000003,0.25,10,200,8,160,20,22,20,22,20,22,0.017718582566246432,E,+principal,6190.0752808917605,16477.163862616002,1.0856250000000003
905,9,5,1,15.84,19.8,M-LT2-C'-1'/2,alta,2.9450000000000003,0.25,10,200,8,160,20,22,20,22,20,22,0.017718582566246432,E,-principal,6190.0752808917605,-16477.163862616002,1.0856250000000003
905,9,5,1,15.84,19.8,M-LT2-C'-1'/2,alta,2.9450000000000003,0.25,10,200,8,160,20,22,20,22,20,22,0.017718582566246432,F,+principal,0.0,10573.589145170761,0.15348285467304607
905,9,5,1,15.84,19.8,M-LT2-C'-1'/2,alta,2.9450000000000003,0.25,10,200,8,160,20,22,20,22,20,22,0.017718582566246432,F,-principal,0.0,-10573.589145170761,0.15348285467304607
905,9,5,1,15.84,19.8,M-LT2-C'-1'/2,alta,2.9450000000000003,0.25,10,200,8,160,20,22,20,22,20,22,0.017718582566246432,G,+principal,-7441.804677823502,0.0,0.0
905,9,5,1,15.84,19.8,M-LT2-C'-1'/2,alta,2.9450000000000003,0.25,10,200,8,160,20,22,20,22,20,22,0.017718582566246432,G,-principal,-7441.804677823502,-0.0,0.0
1002,10,2,1,3.96,7.92,M-1''-E/Ec,media,6.65,0.2,10,200,10,120,0,8,2,22,3,28,0.007948229413582177,A,+principal,34135.43722292036,0.0,
1002,10,2,1,3.96,7.92,M-1''-E/Ec,media,6.65,0.2,10,200,10,120,0,8,2,22,3,28,0.007948229413582177,A,-principal,34135.43722292036,-0.0,
1002,10,2,1,3.96,7.92,M-1''-E/Ec,media,6.65,0.2,10,200,10,120,0,8,2,22,3,28,0.007948229413582177,B,+principal,33472.16863927819,23482.3121023858,6.65
1002,10,2,1,3.96,7.92,M-1''-E/Ec,media,6.65,0.2,10,200,10,120,0,8,2,22,3,28,0.007948229413582177,B,-principal,33472.16863927819,-23482.3121023858,6.65
1002,10,2,1,3.96,7.92,M-1''-E/Ec,media,6.65,0.2,10,200,10,120,0,8,2,22,3,28,0.007948229413582177,C,+principal,18814.598633484788,39281.860515732034,3.9600000000000004
1002,10,2,1,3.96,7.92,M-1''-E/Ec,media,6.65,0.2,10,200,10,120,0,8,2,22,3,28,0.007948229413582177,C,-principal,18814.598633484788,-39281.860515732034,3.9600000000000004
1002,10,2,1,3.96,7.92,M-1''-E/Ec,media,6.65,0.2,10,200,10,120,0,8,2,22,3,28,0.007948229413582177,D,+principal,15234.970394148988,38327.240826627814,3.3000000000000003
1002,10,2,1,3.96,7.92,M-1''-E/Ec,media,6.65,0.2,10,200,10,120,0,8,2,22,3,28,0.007948229413582177,D,-principal,15234.970394148988,-38327.240826627814,3.3000000000000003
1002,10,2,1,3.96,7.92,M-1''-E/Ec,media,6.65,0.2,10,200,10,120,0,8,2,22,3,28,0.007948229413582177,E,+principal,10760.054566323624,34337.30008875107,2.475
1002,10,2,1,3.96,7.92,M-1''-E/Ec,media,6.65,0.2,10,200,10,120,0,8,2,22,3,28,0.007948229413582177,E,-principal,10760.054566323624,-34337.30008875107,2.475
1002,10,2,1,3.96,7.92,M-1''-E/Ec,media,6.65,0.2,10,200,10,120,0,8,2,22,3,28,0.007948229413582177,F,+principal,0.0,12010.40578918632,0.4921270110067012
1002,10,2,1,3.96,7.92,M-1''-E/Ec,media,6.65,0.2,10,200,10,120,0,8,2,22,3,28,0.007948229413582177,F,-principal,0.0,-12010.40578918632,0.4921270110067012
1002,10,2,1,3.96,7.92,M-1''-E/Ec,media,6.65,0.2,10,200,10,120,0,8,2,22,3,28,0.007948229413582177,G,+principal,-3338.256353704514,0.0,0.0
1002,10,2,1,3.96,7.92,M-1''-E/Ec,media,6.65,0.2,10,200,10,120,0,8,2,22,3,28,0.007948229413582177,G,-principal,-3338.256353704514,-0.0,0.0
1003,10,3,1,7.92,11.88,M-1''-E/Ec,media,6.65,0.2,10,200,10,120,0,8,2,22,3,25,0.007573594489641594,A,+principal,34018.476199666104,0.0,
1003,10,3,1,7.92,11.88,M-1''-E/Ec,media,6.65,0.2,10,200,10,120,0,8,2,22,3,25,0.007573594489641594,A,-principal,34018.476199666104,-0.0,
1003,10,3,1,7.92,11.88,M-1''-E/Ec,media,6.65,0.2,10,200,10,120,0,8,2,22,3,25,0.007573594489641594,B,+principal,33470.39405279637,23488.123873113775,6.65
1003,10,3,1,7.92,11.88,M-1''-E/Ec,media,6.65,0.2,10,200,10,120,0,8,2,22,3,25,0.007573594489641594,B,-principal,33470.39405279637,-23488.123873113775,6.65
1003,10,3,1,7.92,11.88,M-1''-E/Ec,media,6.65,0.2,10,200,10,120,0,8,2,22,3,25,0.007573594489641594,C,+principal,18971.945301539832,38766.550177851765,3.9600000000000004
1003,10,3,1,7.92,11.88,M-1''-E/Ec,media,6.65,0.2,10,200,10,120,0,8,2,22,3,25,0.007573594489641594,C,-principal,18971.945301539832,-38766.550177851765,3.9600000000000004
1003,10,3,1,7.92,11.88,M-1''-E/Ec,media,6.65,0.2,10,200,10,120,0,8,2,22,3,25,0.007573594489641594,D,+principal,15392.317062204032,37811.930488747545,3.3000000000000003
1003,10,3,1,7.92,11.88,M-1''-E/Ec,media,6.65,0.2,10,200,10,120,0,8,2,22,3,25,0.007573594489641594,D,-principal,15392.317062204032,-37811.930488747545,3.3000000000000003
1003,10,3,1,7.92,11.88,M-1''-E/Ec,media,6.65,0.2,10,200,10,120,0,8,2,22,3,25,0.007573594489641594,E,+principal,10917.401234378669,33821.9897508708,2.475
1003,10,3,1,7.92,11.88,M-1''-E/Ec,media,6.65,0.2,10,200,10,120,0,8,2,22,3,25,0.007573594489641594,E,-principal,10917.401234378669,-33821.9897508708,2.475
1003,10,3,1,7.92,11.88,M-1''-E/Ec,media,6.65,0.2,10,200,10,120,0,8,2,22,3,25,0.007573594489641594,F,+principal,0.0,11034.136790116943,0.46267667696468895
1003,10,3,1,7.92,11.88,M-1''-E/Ec,media,6.65,0.2,10,200,10,120,0,8,2,22,3,25,0.007573594489641594,F,-principal,0.0,-11034.136790116943,0.46267667696468895
1003,10,3,1,7.92,11.88,M-1''-E/Ec,media,6.65,0.2,10,200,10,120,0,8,2,22,3,25,0.007573594489641594,G,+principal,-3180.9096856494693,0.0,0.0
1003,10,3,1,7.92,11.88,M-1''-E/Ec,media,6.65,0.2,10,200,10,120,0,8,2,22,3,25,0.007573594489641594,G,-principal,-3180.9096856494693,-0.0,0.0
1004,10,4,1,11.88,15.84,M-1''-E/Ec,media,6.65,0.2,10,200,10,120,0,8,2,18,3,18,0.006613052535806514,A,+principal,33718.59500167879,0.0,
1004,10,4,1,11.88,15.84,M-1''-E/Ec,media,6.65,0.2,10,200,10,120,0,8,2,18,3,18,0.006613052535806514,A,-principal,33718.59500167879,-0.0,
1004,10,4,1,11.88,15.84,M-1''-E/Ec,media,6.65,0.2,10,200,10,120,0,8,2,18,3,18,0.006613052535806514,B,+principal,33361.47710233369,23153.425174677028,6.65
1004,10,4,1,11.88,15.84,M-1''-E/Ec,media,6.65,0.2,10,200,10,120,0,8,2,18,3,18,0.006613052535806514,B,-principal,33361.47710233369,-23153.425174677028,6.65
1004,10,4,1,11.88,15.84,M-1''-E/Ec,media,6.65,0.2,10,200,10,120,0,8,2,18,3,18,0.006613052535806514,C,+principal,19164.25789582933,37445.32472035161,3.9600000000000004
1004,10,4,1,11.88,15.84,M-1''-E/Ec,media,6.65,0.2,10,200,10,120,0,8,2,18,3,18,0.006613052535806514,C,-principal,19164.25789582933,-37445.32472035161,3.9600000000000004
1004,10,4,1,11.88,15.84,M-1''-E/Ec,media,6.65,0.2,10,200,10,120,0,8,2,18,3,18,0.006613052535806514,D,+principal,15584.629656493533,36490.70503124739,3.3000000000000003
1004,10,4,1,11.88,15.84,M-1''-E/Ec,media,6.65,0.2,10,200,10,120,0,8,2,18,3,18,0.006613052535806514,D,-principal,15584.629656493533,-36490.70503124739,3.3000000000000003
1004,10,4,1,11.88,15.84,M-1''-E/Ec,media,6.65,0.2,10,200,10,120,0,8,2,18,3,18,0.006613052535806514,E,+principal,11109.71382866817,32500.764293370652,2.475
1004,10,4,1,11.88,15.84,M-1''-E/Ec,media,6.65,0.2,10,200,10,120,0,8,2,18,3,18,0.006613052535806514,E,-principal,11109.71382866817,-32500.764293370652,2.475
1004,10,4,1,11.88,15.84,M-1''-E/Ec,media,6.65,0.2,10,200,10,120,0,8,2,18,3,18,0.006613052535806514,F,+principal,0.0,9145.490283086721,0.4272681175471308
1004,10,4,1,11.88,15.84,M-1''-E/Ec,media,6.65,0.2,10,200,10,120,0,8,2,18,3,18,0.006613052535806514,F,-principal,0.0,-9145.490283086721,0.4272681175471308
1004,10,4,1,11.88,15.84,M-1''-E/Ec,media,6.65,0.2,10,200,10,120,0,8,2,18,3,18,0.006613052535806514,G,+principal,-2777.4820650387355,0.0,0.0
1004,10,4,1,11.88,15.84,M-1''-E/Ec,media,6.65,0.2,10,200,10,120,0,8,2,18,3,18,0.006613052535806514,G,-principal,-2777.4820650387355,-0.0,0.0
1005,10,5,1,15.84,19.8,M-1''-E/Ec,media,6.65,0.2,10,200,10,120,0,8,2,18,3,18,0.006613052535806514,A,+principal,33718.59500167879,0.0,
1005,10,5,1,15.84,19.8,M-1''-E/Ec,media,6.65,0.2,10,200,10,120,0,8,2,18,3,18,0.006613052535806514,A,-principal,33718.59500167879,-0.0,
1005,10,5,1,15.84,19.8,M-1''-E/Ec,media,6.65,0.2,10,200,10,120,0,8,2,18,3,18,0.006613052535806514,B,+principal,33361.47710233369,23153.425174677028,6.65
1005,10,5,1,15.84,19.8,M-1''-E/Ec,media,6.65,0.2,10,200,10,120,0,8,2,18,3,18,0.006613052535806514,B,-principal,33361.47710233369,-23153.425174677028,6.65
1005,10,5,1,15.84,19.8,M-1''-E/Ec,media,6.65,0.2,10,200,10,120,0,8,2,18,3,18,0.006613052535806514,C,+principal,19164.25789582933,37445.32472035161,3.9600000000000004
1005,10,5,1,15.84,19.8,M-1''-E/Ec,media,6.65,0.2,10,200,10,120,0,8,2,18,3,18,0.006613052535806514,C,-principal,19164.25789582933,-37445.32472035161,3.9600000000000004
1005,10,5,1,15.84,19.8,M-1''-E/Ec,media,6.65,0.2,10,200,10,120,0,8,2,18,3,18,0.006613052535806514,D,+principal,15584.629656493533,36490.70503124739,3.3000000000000003
1005,10,5,1,15.84,19.8,M-1''-E/Ec,media,6.65,0.2,10,200,10,120,0,8,2,18,3,18,0.006613052535806514,D,-principal,15584.629656493533,-36490.70503124739,3.3000000000000003
1005,10,5,1,15.84,19.8,M-1''-E/Ec,media,6.65,0.2,10,200,10,120,0,8,2,18,3,18,0.006613052535806514,E,+principal,11109.71382866817,32500.764293370652,2.475
1005,10,5,1,15.84,19.8,M-1''-E/Ec,media,6.65,0.2,10,200,10,120,0,8,2,18,3,18,0.006613052535806514,E,-principal,11109.71382866817,-32500.764293370652,2.475
1005,10,5,1,15.84,19.8,M-1''-E/Ec,media,6.65,0.2,10,200,10,120,0,8,2,18,3,18,0.006613052535806514,F,+principal,0.0,9145.490283086721,0.4272681175471308
1005,10,5,1,15.84,19.8,M-1''-E/Ec,media,6.65,0.2,10,200,10,120,0,8,2,18,3,18,0.006613052535806514,F,-principal,0.0,-9145.490283086721,0.4272681175471308
1005,10,5,1,15.84,19.8,M-1''-E/Ec,media,6.65,0.2,10,200,10,120,0,8,2,18,3,18,0.006613052535806514,G,+principal,-2777.4820650387355,0.0,0.0
1005,10,5,1,15.84,19.8,M-1''-E/Ec,media,6.65,0.2,10,200,10,120,0,8,2,18,3,18,0.006613052535806514,G,-principal,-2777.4820650387355,-0.0,0.0
1101,11,1,1,0.0,3.96,M-Ec-1''/2 (borde izquierdo),media,2.25,0.3,10,160,10,160,20,22,20,22,20,22,0.017561502933566942,A,+principal,21547.701215859597,0.0,
1101,11,1,1,0.0,3.96,M-Ec-1''/2 (borde izquierdo),media,2.25,0.3,10,160,10,160,20,22,20,22,20,22,0.017561502933566942,A,-principal,21547.701215859597,-0.0,
1101,11,1,1,0.0,3.96,M-Ec-1''/2 (borde izquierdo),media,2.25,0.3,10,160,10,160,20,22,20,22,20,22,0.017561502933566942,B,+principal,20020.359398649154,7146.532715263392,2.25
1101,11,1,1,0.0,3.96,M-Ec-1''/2 (borde izquierdo),media,2.25,0.3,10,160,10,160,20,22,20,22,20,22,0.017561502933566942,B,-principal,20020.359398649154,-7146.532715263392,2.25
1101,11,1,1,0.0,3.96,M-Ec-1''/2 (borde izquierdo),media,2.25,0.3,10,160,10,160,20,22,20,22,20,22,0.017561502933566942,C,+principal,9590.91171155856,12934.337762343363,1.32
1101,11,1,1,0.0,3.96,M-Ec-1''/2 (borde izquierdo),media,2.25,0.3,10,160,10,160,20,22,20,22,20,22,0.017561502933566942,C,-principal,9590.91171155856,-12934.337762343363,1.32
1101,11,1,1,0.0,3.96,M-Ec-1''/2 (borde izquierdo),media,2.25,0.3,10,160,10,160,20,22,20,22,20,22,0.017561502933566942,D,+principal,7833.758147334256,12737.229021574793,1.1
1101,11,1,1,0.0,3.96,M-Ec-1''/2 (borde izquierdo),media,2.25,0.3,10,160,10,160,20,22,20,22,20,22,0.017561502933566942,D,-principal,7833.758147334256,-12737.229021574793,1.1
1101,11,1,1,0.0,3.96,M-Ec-1''/2 (borde izquierdo),media,2.25,0.3,10,160,10,160,20,22,20,22,20,22,0.017561502933566942,E,+principal,5632.603803073493,12034.46280495933,0.8250000000000001
1101,11,1,1,0.0,3.96,M-Ec-1''/2 (borde izquierdo),media,2.25,0.3,10,160,10,160,20,22,20,22,20,22,0.017561502933566942,E,-principal,5632.603803073493,-12034.46280495933,0.8250000000000001
1101,11,1,1,0.0,3.96,M-Ec-1''/2 (borde izquierdo),media,2.25,0.3,10,160,10,160,20,22,20,22,20,22,0.017561502933566942,F,+principal,0.0,7921.122993619907,0.1377664512298939
1101,11,1,1,0.0,3.96,M-Ec-1''/2 (borde izquierdo),media,2.25,0.3,10,160,10,160,20,22,20,22,20,22,0.017561502933566942,F,-principal,0.0,-7921.122993619907,0.1377664512298939
1101,11,1,1,0.0,3.96,M-Ec-1''/2 (borde izquierdo),media,2.25,0.3,10,160,10,160,20,22,20,22,20,22,0.017561502933566942,G,+principal,-7375.831232098116,0.0,0.0
1101,11,1,1,0.0,3.96,M-Ec-1''/2 (borde izquierdo),media,2.25,0.3,10,160,10,160,20,22,20,22,20,22,0.017561502933566942,G,-principal,-7375.831232098116,-0.0,0.0
1102,11,2,1,3.96,7.92,M-Ec-1''/2 (borde izquierdo),media,2.25,0.3,10,160,10,160,20,22,20,22,20,22,0.017561502933566942,A,+principal,21547.701215859597,0.0,
1102,11,2,1,3.96,7.92,M-Ec-1''/2 (borde izquierdo),media,2.25,0.3,10,160,10,160,20,22,20,22,20,22,0.017561502933566942,A,-principal,21547.701215859597,-0.0,
1102,11,2,1,3.96,7.92,M-Ec-1''/2 (borde izquierdo),media,2.25,0.3,10,160,10,160,20,22,20,22,20,22,0.017561502933566942,B,+principal,20020.359398649154,7146.532715263392,2.25
1102,11,2,1,3.96,7.92,M-Ec-1''/2 (borde izquierdo),media,2.25,0.3,10,160,10,160,20,22,20,22,20,22,0.017561502933566942,B,-principal,20020.359398649154,-7146.532715263392,2.25
1102,11,2,1,3.96,7.92,M-Ec-1''/2 (borde izquierdo),media,2.25,0.3,10,160,10,160,20,22,20,22,20,22,0.017561502933566942,C,+principal,9590.91171155856,12934.337762343363,1.32
1102,11,2,1,3.96,7.92,M-Ec-1''/2 (borde izquierdo),media,2.25,0.3,10,160,10,160,20,22,20,22,20,22,0.017561502933566942,C,-principal,9590.91171155856,-12934.337762343363,1.32
1102,11,2,1,3.96,7.92,M-Ec-1''/2 (borde izquierdo),media,2.25,0.3,10,160,10,160,20,22,20,22,20,22,0.017561502933566942,D,+principal,7833.758147334256,12737.229021574793,1.1
1102,11,2,1,3.96,7.92,M-Ec-1''/2 (borde izquierdo),media,2.25,0.3,10,160,10,160,20,22,20,22,20,22,0.017561502933566942,D,-principal,7833.758147334256,-12737.229021574793,1.1
1102,11,2,1,3.96,7.92,M-Ec-1''/2 (borde izquierdo),media,2.25,0.3,10,160,10,160,20,22,20,22,20,22,0.017561502933566942,E,+principal,5632.603803073493,12034.46280495933,0.8250000000000001
1102,11,2,1,3.96,7.92,M-Ec-1''/2 (borde izquierdo),media,2.25,0.3,10,160,10,160,20,22,20,22,20,22,0.017561502933566942,E,-principal,5632.603803073493,-12034.46280495933,0.8250000000000001
1102,11,2,1,3.96,7.92,M-Ec-1''/2 (borde izquierdo),media,2.25,0.3,10,160,10,160,20,22,20,22,20,22,0.017561502933566942,F,+principal,0.0,7921.122993619907,0.1377664512298939
1102,11,2,1,3.96,7.92,M-Ec-1''/2 (borde izquierdo),media,2.25,0.3,10,160,10,160,20,22,20,22,20,22,0.017561502933566942,F,-principal,0.0,-7921.122993619907,0.1377664512298939
1102,11,2,1,3.96,7.92,M-Ec-1''/2 (borde izquierdo),media,2.25,0.3,10,160,10,160,20,22,20,22,20,22,0.017561502933566942,G,+principal,-7375.831232098116,0.0,0.0
1102,11,2,1,3.96,7.92,M-Ec-1''/2 (borde izquierdo),media,2.25,0.3,10,160,10,160,20,22,20,22,20,22,0.017561502933566942,G,-principal,-7375.831232098116,-0.0,0.0
1103,11,3,1,7.92,11.88,M-Ec-1''/2 (borde izquierdo),media,2.25,0.3,10,200,10,200,20,22,20,22,20,22,0.017090264035528473,A,+principal,21400.580431891987,0.0,
1103,11,3,1,7.92,11.88,M-Ec-1''/2 (borde izquierdo),media,2.25,0.3,10,200,10,200,20,22,20,22,20,22,0.017090264035528473,A,-principal,21400.580431891987,-0.0,
1103,11,3,1,7.92,11.88,M-Ec-1''/2 (borde izquierdo),media,2.25,0.3,10,200,10,200,20,22,20,22,20,22,0.017090264035528473,B,+principal,19886.741751105335,7108.719901504381,2.25
1103,11,3,1,7.92,11.88,M-Ec-1''/2 (borde izquierdo),media,2.25,0.3,10,200,10,200,20,22,20,22,20,22,0.017090264035528473,B,-principal,19886.741751105335,-7108.719901504381,2.25
1103,11,3,1,7.92,11.88,M-Ec-1''/2 (borde izquierdo),media,2.25,0.3,10,200,10,200,20,22,20,22,20,22,0.017090264035528473,C,+principal,9556.40611952037,12857.09980331055,1.32
1103,11,3,1,7.92,11.88,M-Ec-1''/2 (borde izquierdo),media,2.25,0.3,10,200,10,200,20,22,20,22,20,22,0.017090264035528473,C,-principal,9556.40611952037,-12857.09980331055,1.32
1103,11,3,1,7.92,11.88,M-Ec-1''/2 (borde izquierdo),media,2.25,0.3,10,200,10,200,20,22,20,22,20,22,0.017090264035528473,D,+principal,7836.007242074895,12647.430231315491,1.1
1103,11,3,1,7.92,11.88,M-Ec-1''/2 (borde izquierdo),media,2.25,0.3,10,200,10,200,20,22,20,22,20,22,0.017090264035528473,D,-principal,7836.007242074895,-12647.430231315491,1.1
1103,11,3,1,7.92,11.88,M-Ec-1''/2 (borde izquierdo),media,2.25,0.3,10,200,10,200,20,22,20,22,20,22,0.017090264035528473,E,+principal,5688.490399659046,11947.377166206741,0.8250000000000001
1103,11,3,1,7.92,11.88,M-Ec-1''/2 (borde izquierdo),media,2.25,0.3,10,200,10,200,20,22,20,22,20,22,0.017090264035528473,E,-principal,5688.490399659046,-11947.377166206741,0.8250000000000001
1103,11,3,1,7.92,11.88,M-Ec-1''/2 (borde izquierdo),media,2.25,0.3,10,200,10,200,20,22,20,22,20,22,0.017090264035528473,F,+principal,0.0,7714.711637765746,0.12918108459820926
1103,11,3,1,7.92,11.88,M-Ec-1''/2 (borde izquierdo),media,2.25,0.3,10,200,10,200,20,22,20,22,20,22,0.017090264035528473,F,-principal,0.0,-7714.711637765746,0.12918108459820926
1103,11,3,1,7.92,11.88,M-Ec-1''/2 (borde izquierdo),media,2.25,0.3,10,200,10,200,20,22,20,22,20,22,0.017090264035528473,G,+principal,-7177.910894921959,0.0,0.0
1103,11,3,1,7.92,11.88,M-Ec-1''/2 (borde izquierdo),media,2.25,0.3,10,200,10,200,20,22,20,22,20,22,0.017090264035528473,G,-principal,-7177.910894921959,-0.0,0.0
1104,11,4,1,11.88,15.84,M-Ec-1''/2 (borde izquierdo),media,2.25,0.3,10,200,10,200,20,22,20,22,20,22,0.017090264035528473,A,+principal,21400.580431891987,0.0,
1104,11,4,1,11.88,15.84,M-Ec-1''/2 (borde izquierdo),media,2.25,0.3,10,200,10,200,20,22,20,22,20,22,0.017090264035528473,A,-principal,21400.580431891987,-0.0,
1104,11,4,1,11.88,15.84,M-Ec-1''/2 (borde izquierdo),media,2.25,0.3,10,200,10,200,20,22,20,22,20,22,0.017090264035528473,B,+principal,19886.741751105335,7108.719901504381,2.25
1104,11,4,1,11.88,15.84,M-Ec-1''/2 (borde izquierdo),media,2.25,0.3,10,200,10,200,20,22,20,22,20,22,0.017090264035528473,B,-principal,19886.741751105335,-7108.719901504381,2.25
1104,11,4,1,11.88,15.84,M-Ec-1''/2 (borde izquierdo),media,2.25,0.3,10,200,10,200,20,22,20,22,20,22,0.017090264035528473,C,+principal,9556.40611952037,12857.09980331055,1.32
1104,11,4,1,11.88,15.84,M-Ec-1''/2 (borde izquierdo),media,2.25,0.3,10,200,10,200,20,22,20,22,20,22,0.017090264035528473,C,-principal,9556.40611952037,-12857.09980331055,1.32
1104,11,4,1,11.88,15.84,M-Ec-1''/2 (borde izquierdo),media,2.25,0.3,10,200,10,200,20,22,20,22,20,22,0.017090264035528473,D,+principal,7836.007242074895,12647.430231315491,1.1
1104,11,4,1,11.88,15.84,M-Ec-1''/2 (borde izquierdo),media,2.25,0.3,10,200,10,200,20,22,20,22,20,22,0.017090264035528473,D,-principal,7836.007242074895,-12647.430231315491,1.1
1104,11,4,1,11.88,15.84,M-Ec-1''/2 (borde izquierdo),media,2.25,0.3,10,200,10,200,20,22,20,22,20,22,0.017090264035528473,E,+principal,5688.490399659046,11947.377166206741,0.8250000000000001
1104,11,4,1,11.88,15.84,M-Ec-1''/2 (borde izquierdo),media,2.25,0.3,10,200,10,200,20,22,20,22,20,22,0.017090264035528473,E,-principal,5688.490399659046,-11947.377166206741,0.8250000000000001
1104,11,4,1,11.88,15.84,M-Ec-1''/2 (borde izquierdo),media,2.25,0.3,10,200,10,200,20,22,20,22,20,22,0.017090264035528473,F,+principal,0.0,7714.711637765746,0.12918108459820926
1104,11,4,1,11.88,15.84,M-Ec-1''/2 (borde izquierdo),media,2.25,0.3,10,200,10,200,20,22,20,22,20,22,0.017090264035528473,F,-principal,0.0,-7714.711637765746,0.12918108459820926
1104,11,4,1,11.88,15.84,M-Ec-1''/2 (borde izquierdo),media,2.25,0.3,10,200,10,200,20,22,20,22,20,22,0.017090264035528473,G,+principal,-7177.910894921959,0.0,0.0
1104,11,4,1,11.88,15.84,M-Ec-1''/2 (borde izquierdo),media,2.25,0.3,10,200,10,200,20,22,20,22,20,22,0.017090264035528473,G,-principal,-7177.910894921959,-0.0,0.0
1105,11,5,1,15.84,19.8,M-Ec-1''/2 (borde izquierdo),media,2.25,0.3,10,200,10,200,20,22,20,22,20,22,0.017090264035528473,A,+principal,21400.580431891987,0.0,
1105,11,5,1,15.84,19.8,M-Ec-1''/2 (borde izquierdo),media,2.25,0.3,10,200,10,200,20,22,20,22,20,22,0.017090264035528473,A,-principal,21400.580431891987,-0.0,
1105,11,5,1,15.84,19.8,M-Ec-1''/2 (borde izquierdo),media,2.25,0.3,10,200,10,200,20,22,20,22,20,22,0.017090264035528473,B,+principal,19886.741751105335,7108.719901504381,2.25
1105,11,5,1,15.84,19.8,M-Ec-1''/2 (borde izquierdo),media,2.25,0.3,10,200,10,200,20,22,20,22,20,22,0.017090264035528473,B,-principal,19886.741751105335,-7108.719901504381,2.25
1105,11,5,1,15.84,19.8,M-Ec-1''/2 (borde izquierdo),media,2.25,0.3,10,200,10,200,20,22,20,22,20,22,0.017090264035528473,C,+principal,9556.40611952037,12857.09980331055,1.32
1105,11,5,1,15.84,19.8,M-Ec-1''/2 (borde izquierdo),media,2.25,0.3,10,200,10,200,20,22,20,22,20,22,0.017090264035528473,C,-principal,9556.40611952037,-12857.09980331055,1.32
1105,11,5,1,15.84,19.8,M-Ec-1''/2 (borde izquierdo),media,2.25,0.3,10,200,10,200,20,22,20,22,20,22,0.017090264035528473,D,+principal,7836.007242074895,12647.430231315491,1.1
1105,11,5,1,15.84,19.8,M-Ec-1''/2 (borde izquierdo),media,2.25,0.3,10,200,10,200,20,22,20,22,20,22,0.017090264035528473,D,-principal,7836.007242074895,-12647.430231315491,1.1
1105,11,5,1,15.84,19.8,M-Ec-1''/2 (borde izquierdo),media,2.25,0.3,10,200,10,200,20,22,20,22,20,22,0.017090264035528473,E,+principal,5688.490399659046,11947.377166206741,0.8250000000000001
1105,11,5,1,15.84,19.8,M-Ec-1''/2 (borde izquierdo),media,2.25,0.3,10,200,10,200,20,22,20,22,20,22,0.017090264035528473,E,-principal,5688.490399659046,-11947.377166206741,0.8250000000000001
1105,11,5,1,15.84,19.8,M-Ec-1''/2 (borde izquierdo),media,2.25,0.3,10,200,10,200,20,22,20,22,20,22,0.017090264035528473,F,+principal,0.0,7714.711637765746,0.12918108459820926
1105,11,5,1,15.84,19.8,M-Ec-1''/2 (borde izquierdo),media,2.25,0.3,10,200,10,200,20,22,20,22,20,22,0.017090264035528473,F,-principal,0.0,-7714.711637765746,0.12918108459820926
1105,11,5,1,15.84,19.8,M-Ec-1''/2 (borde izquierdo),media,2.25,0.3,10,200,10,200,20,22,20,22,20,22,0.017090264035528473,G,+principal,-7177.910894921959,0.0,0.0
1105,11,5,1,15.84,19.8,M-Ec-1''/2 (borde izquierdo),media,2.25,0.3,10,200,10,200,20,22,20,22,20,22,0.017090264035528473,G,-principal,-7177.910894921959,-0.0,0.0
1201,12,1,1,0.0,3.96,M-Ec-1''/2 (borde derecho),media,2.25,0.3,10,160,10,160,20,22,20,22,20,22,0.017561502933566942,A,+principal,21547.701215859597,0.0,
1201,12,1,1,0.0,3.96,M-Ec-1''/2 (borde derecho),media,2.25,0.3,10,160,10,160,20,22,20,22,20,22,0.017561502933566942,A,-principal,21547.701215859597,-0.0,
1201,12,1,1,0.0,3.96,M-Ec-1''/2 (borde derecho),media,2.25,0.3,10,160,10,160,20,22,20,22,20,22,0.017561502933566942,B,+principal,20020.359398649154,7146.532715263392,2.25
1201,12,1,1,0.0,3.96,M-Ec-1''/2 (borde derecho),media,2.25,0.3,10,160,10,160,20,22,20,22,20,22,0.017561502933566942,B,-principal,20020.359398649154,-7146.532715263392,2.25
1201,12,1,1,0.0,3.96,M-Ec-1''/2 (borde derecho),media,2.25,0.3,10,160,10,160,20,22,20,22,20,22,0.017561502933566942,C,+principal,9590.91171155856,12934.337762343363,1.32
1201,12,1,1,0.0,3.96,M-Ec-1''/2 (borde derecho),media,2.25,0.3,10,160,10,160,20,22,20,22,20,22,0.017561502933566942,C,-principal,9590.91171155856,-12934.337762343363,1.32
1201,12,1,1,0.0,3.96,M-Ec-1''/2 (borde derecho),media,2.25,0.3,10,160,10,160,20,22,20,22,20,22,0.017561502933566942,D,+principal,7833.758147334256,12737.229021574793,1.1
1201,12,1,1,0.0,3.96,M-Ec-1''/2 (borde derecho),media,2.25,0.3,10,160,10,160,20,22,20,22,20,22,0.017561502933566942,D,-principal,7833.758147334256,-12737.229021574793,1.1
1201,12,1,1,0.0,3.96,M-Ec-1''/2 (borde derecho),media,2.25,0.3,10,160,10,160,20,22,20,22,20,22,0.017561502933566942,E,+principal,5632.603803073493,12034.46280495933,0.8250000000000001
1201,12,1,1,0.0,3.96,M-Ec-1''/2 (borde derecho),media,2.25,0.3,10,160,10,160,20,22,20,22,20,22,0.017561502933566942,E,-principal,5632.603803073493,-12034.46280495933,0.8250000000000001
1201,12,1,1,0.0,3.96,M-Ec-1''/2 (borde derecho),media,2.25,0.3,10,160,10,160,20,22,20,22,20,22,0.017561502933566942,F,+principal,0.0,7921.122993619907,0.1377664512298939
1201,12,1,1,0.0,3.96,M-Ec-1''/2 (borde derecho),media,2.25,0.3,10,160,10,160,20,22,20,22,20,22,0.017561502933566942,F,-principal,0.0,-7921.122993619907,0.1377664512298939
1201,12,1,1,0.0,3.96,M-Ec-1''/2 (borde derecho),media,2.25,0.3,10,160,10,160,20,22,20,22,20,22,0.017561502933566942,G,+principal,-7375.831232098116,0.0,0.0
1201,12,1,1,0.0,3.96,M-Ec-1''/2 (borde derecho),media,2.25,0.3,10,160,10,160,20,22,20,22,20,22,0.017561502933566942,G,-principal,-7375.831232098116,-0.0,0.0
1202,12,2,1,3.96,7.92,M-Ec-1''/2 (borde derecho),media,2.25,0.3,10,160,10,160,20,22,20,22,20,22,0.017561502933566942,A,+principal,21547.701215859597,0.0,
1202,12,2,1,3.96,7.92,M-Ec-1''/2 (borde derecho),media,2.25,0.3,10,160,10,160,20,22,20,22,20,22,0.017561502933566942,A,-principal,21547.701215859597,-0.0,
1202,12,2,1,3.96,7.92,M-Ec-1''/2 (borde derecho),media,2.25,0.3,10,160,10,160,20,22,20,22,20,22,0.017561502933566942,B,+principal,20020.359398649154,7146.532715263392,2.25
1202,12,2,1,3.96,7.92,M-Ec-1''/2 (borde derecho),media,2.25,0.3,10,160,10,160,20,22,20,22,20,22,0.017561502933566942,B,-principal,20020.359398649154,-7146.532715263392,2.25
1202,12,2,1,3.96,7.92,M-Ec-1''/2 (borde derecho),media,2.25,0.3,10,160,10,160,20,22,20,22,20,22,0.017561502933566942,C,+principal,9590.91171155856,12934.337762343363,1.32
1202,12,2,1,3.96,7.92,M-Ec-1''/2 (borde derecho),media,2.25,0.3,10,160,10,160,20,22,20,22,20,22,0.017561502933566942,C,-principal,9590.91171155856,-12934.337762343363,1.32
1202,12,2,1,3.96,7.92,M-Ec-1''/2 (borde derecho),media,2.25,0.3,10,160,10,160,20,22,20,22,20,22,0.017561502933566942,D,+principal,7833.758147334256,12737.229021574793,1.1
1202,12,2,1,3.96,7.92,M-Ec-1''/2 (borde derecho),media,2.25,0.3,10,160,10,160,20,22,20,22,20,22,0.017561502933566942,D,-principal,7833.758147334256,-12737.229021574793,1.1
1202,12,2,1,3.96,7.92,M-Ec-1''/2 (borde derecho),media,2.25,0.3,10,160,10,160,20,22,20,22,20,22,0.017561502933566942,E,+principal,5632.603803073493,12034.46280495933,0.8250000000000001
1202,12,2,1,3.96,7.92,M-Ec-1''/2 (borde derecho),media,2.25,0.3,10,160,10,160,20,22,20,22,20,22,0.017561502933566942,E,-principal,5632.603803073493,-12034.46280495933,0.8250000000000001
1202,12,2,1,3.96,7.92,M-Ec-1''/2 (borde derecho),media,2.25,0.3,10,160,10,160,20,22,20,22,20,22,0.017561502933566942,F,+principal,0.0,7921.122993619907,0.1377664512298939
1202,12,2,1,3.96,7.92,M-Ec-1''/2 (borde derecho),media,2.25,0.3,10,160,10,160,20,22,20,22,20,22,0.017561502933566942,F,-principal,0.0,-7921.122993619907,0.1377664512298939
1202,12,2,1,3.96,7.92,M-Ec-1''/2 (borde derecho),media,2.25,0.3,10,160,10,160,20,22,20,22,20,22,0.017561502933566942,G,+principal,-7375.831232098116,0.0,0.0
1202,12,2,1,3.96,7.92,M-Ec-1''/2 (borde derecho),media,2.25,0.3,10,160,10,160,20,22,20,22,20,22,0.017561502933566942,G,-principal,-7375.831232098116,-0.0,0.0
1203,12,3,1,7.92,11.88,M-Ec-1''/2 (borde derecho),media,2.25,0.3,10,200,10,200,20,22,20,22,20,22,0.017090264035528473,A,+principal,21400.580431891987,0.0,
1203,12,3,1,7.92,11.88,M-Ec-1''/2 (borde derecho),media,2.25,0.3,10,200,10,200,20,22,20,22,20,22,0.017090264035528473,A,-principal,21400.580431891987,-0.0,
1203,12,3,1,7.92,11.88,M-Ec-1''/2 (borde derecho),media,2.25,0.3,10,200,10,200,20,22,20,22,20,22,0.017090264035528473,B,+principal,19886.741751105335,7108.719901504381,2.25
1203,12,3,1,7.92,11.88,M-Ec-1''/2 (borde derecho),media,2.25,0.3,10,200,10,200,20,22,20,22,20,22,0.017090264035528473,B,-principal,19886.741751105335,-7108.719901504381,2.25
1203,12,3,1,7.92,11.88,M-Ec-1''/2 (borde derecho),media,2.25,0.3,10,200,10,200,20,22,20,22,20,22,0.017090264035528473,C,+principal,9556.40611952037,12857.09980331055,1.32
1203,12,3,1,7.92,11.88,M-Ec-1''/2 (borde derecho),media,2.25,0.3,10,200,10,200,20,22,20,22,20,22,0.017090264035528473,C,-principal,9556.40611952037,-12857.09980331055,1.32
1203,12,3,1,7.92,11.88,M-Ec-1''/2 (borde derecho),media,2.25,0.3,10,200,10,200,20,22,20,22,20,22,0.017090264035528473,D,+principal,7836.007242074895,12647.430231315491,1.1
1203,12,3,1,7.92,11.88,M-Ec-1''/2 (borde derecho),media,2.25,0.3,10,200,10,200,20,22,20,22,20,22,0.017090264035528473,D,-principal,7836.007242074895,-12647.430231315491,1.1
1203,12,3,1,7.92,11.88,M-Ec-1''/2 (borde derecho),media,2.25,0.3,10,200,10,200,20,22,20,22,20,22,0.017090264035528473,E,+principal,5688.490399659046,11947.377166206741,0.8250000000000001
1203,12,3,1,7.92,11.88,M-Ec-1''/2 (borde derecho),media,2.25,0.3,10,200,10,200,20,22,20,22,20,22,0.017090264035528473,E,-principal,5688.490399659046,-11947.377166206741,0.8250000000000001
1203,12,3,1,7.92,11.88,M-Ec-1''/2 (borde derecho),media,2.25,0.3,10,200,10,200,20,22,20,22,20,22,0.017090264035528473,F,+principal,0.0,7714.711637765746,0.12918108459820926
1203,12,3,1,7.92,11.88,M-Ec-1''/2 (borde derecho),media,2.25,0.3,10,200,10,200,20,22,20,22,20,22,0.017090264035528473,F,-principal,0.0,-7714.711637765746,0.12918108459820926
1203,12,3,1,7.92,11.88,M-Ec-1''/2 (borde derecho),media,2.25,0.3,10,200,10,200,20,22,20,22,20,22,0.017090264035528473,G,+principal,-7177.910894921959,0.0,0.0
1203,12,3,1,7.92,11.88,M-Ec-1''/2 (borde derecho),media,2.25,0.3,10,200,10,200,20,22,20,22,20,22,0.017090264035528473,G,-principal,-7177.910894921959,-0.0,0.0
1204,12,4,1,11.88,15.84,M-Ec-1''/2 (borde derecho),media,2.25,0.3,10,200,10,200,20,22,20,22,20,22,0.017090264035528473,A,+principal,21400.580431891987,0.0,
1204,12,4,1,11.88,15.84,M-Ec-1''/2 (borde derecho),media,2.25,0.3,10,200,10,200,20,22,20,22,20,22,0.017090264035528473,A,-principal,21400.580431891987,-0.0,
1204,12,4,1,11.88,15.84,M-Ec-1''/2 (borde derecho),media,2.25,0.3,10,200,10,200,20,22,20,22,20,22,0.017090264035528473,B,+principal,19886.741751105335,7108.719901504381,2.25
1204,12,4,1,11.88,15.84,M-Ec-1''/2 (borde derecho),media,2.25,0.3,10,200,10,200,20,22,20,22,20,22,0.017090264035528473,B,-principal,19886.741751105335,-7108.719901504381,2.25
1204,12,4,1,11.88,15.84,M-Ec-1''/2 (borde derecho),media,2.25,0.3,10,200,10,200,20,22,20,22,20,22,0.017090264035528473,C,+principal,9556.40611952037,12857.09980331055,1.32
1204,12,4,1,11.88,15.84,M-Ec-1''/2 (borde derecho),media,2.25,0.3,10,200,10,200,20,22,20,22,20,22,0.017090264035528473,C,-principal,9556.40611952037,-12857.09980331055,1.32
1204,12,4,1,11.88,15.84,M-Ec-1''/2 (borde derecho),media,2.25,0.3,10,200,10,200,20,22,20,22,20,22,0.017090264035528473,D,+principal,7836.007242074895,12647.430231315491,1.1
1204,12,4,1,11.88,15.84,M-Ec-1''/2 (borde derecho),media,2.25,0.3,10,200,10,200,20,22,20,22,20,22,0.017090264035528473,D,-principal,7836.007242074895,-12647.430231315491,1.1
1204,12,4,1,11.88,15.84,M-Ec-1''/2 (borde derecho),media,2.25,0.3,10,200,10,200,20,22,20,22,20,22,0.017090264035528473,E,+principal,5688.490399659046,11947.377166206741,0.8250000000000001
1204,12,4,1,11.88,15.84,M-Ec-1''/2 (borde derecho),media,2.25,0.3,10,200,10,200,20,22,20,22,20,22,0.017090264035528473,E,-principal,5688.490399659046,-11947.377166206741,0.8250000000000001
1204,12,4,1,11.88,15.84,M-Ec-1''/2 (borde derecho),media,2.25,0.3,10,200,10,200,20,22,20,22,20,22,0.017090264035528473,F,+principal,0.0,7714.711637765746,0.12918108459820926
1204,12,4,1,11.88,15.84,M-Ec-1''/2 (borde derecho),media,2.25,0.3,10,200,10,200,20,22,20,22,20,22,0.017090264035528473,F,-principal,0.0,-7714.711637765746,0.12918108459820926
1204,12,4,1,11.88,15.84,M-Ec-1''/2 (borde derecho),media,2.25,0.3,10,200,10,200,20,22,20,22,20,22,0.017090264035528473,G,+principal,-7177.910894921959,0.0,0.0
1204,12,4,1,11.88,15.84,M-Ec-1''/2 (borde derecho),media,2.25,0.3,10,200,10,200,20,22,20,22,20,22,0.017090264035528473,G,-principal,-7177.910894921959,-0.0,0.0
1205,12,5,1,15.84,19.8,M-Ec-1''/2 (borde derecho),media,2.25,0.3,10,200,10,200,20,22,20,22,20,22,0.017090264035528473,A,+principal,21400.580431891987,0.0,
1205,12,5,1,15.84,19.8,M-Ec-1''/2 (borde derecho),media,2.25,0.3,10,200,10,200,20,22,20,22,20,22,0.017090264035528473,A,-principal,21400.580431891987,-0.0,
1205,12,5,1,15.84,19.8,M-Ec-1''/2 (borde derecho),media,2.25,0.3,10,200,10,200,20,22,20,22,20,22,0.017090264035528473,B,+principal,19886.741751105335,7108.719901504381,2.25
1205,12,5,1,15.84,19.8,M-Ec-1''/2 (borde derecho),media,2.25,0.3,10,200,10,200,20,22,20,22,20,22,0.017090264035528473,B,-principal,19886.741751105335,-7108.719901504381,2.25
1205,12,5,1,15.84,19.8,M-Ec-1''/2 (borde derecho),media,2.25,0.3,10,200,10,200,20,22,20,22,20,22,0.017090264035528473,C,+principal,9556.40611952037,12857.09980331055,1.32
1205,12,5,1,15.84,19.8,M-Ec-1''/2 (borde derecho),media,2.25,0.3,10,200,10,200,20,22,20,22,20,22,0.017090264035528473,C,-principal,9556.40611952037,-12857.09980331055,1.32
1205,12,5,1,15.84,19.8,M-Ec-1''/2 (borde derecho),media,2.25,0.3,10,200,10,200,20,22,20,22,20,22,0.017090264035528473,D,+principal,7836.007242074895,12647.430231315491,1.1
1205,12,5,1,15.84,19.8,M-Ec-1''/2 (borde derecho),media,2.25,0.3,10,200,10,200,20,22,20,22,20,22,0.017090264035528473,D,-principal,7836.007242074895,-12647.430231315491,1.1
1205,12,5,1,15.84,19.8,M-Ec-1''/2 (borde derecho),media,2.25,0.3,10,200,10,200,20,22,20,22,20,22,0.017090264035528473,E,+principal,5688.490399659046,11947.377166206741,0.8250000000000001
1205,12,5,1,15.84,19.8,M-Ec-1''/2 (borde derecho),media,2.25,0.3,10,200,10,200,20,22,20,22,20,22,0.017090264035528473,E,-principal,5688.490399659046,-11947.377166206741,0.8250000000000001
1205,12,5,1,15.84,19.8,M-Ec-1''/2 (borde derecho),media,2.25,0.3,10,200,10,200,20,22,20,22,20,22,0.017090264035528473,F,+principal,0.0,7714.711637765746,0.12918108459820926
1205,12,5,1,15.84,19.8,M-Ec-1''/2 (borde derecho),media,2.25,0.3,10,200,10,200,20,22,20,22,20,22,0.017090264035528473,F,-principal,0.0,-7714.711637765746,0.12918108459820926
1205,12,5,1,15.84,19.8,M-Ec-1''/2 (borde derecho),media,2.25,0.3,10,200,10,200,20,22,20,22,20,22,0.017090264035528473,G,+principal,-7177.910894921959,0.0,0.0
1205,12,5,1,15.84,19.8,M-Ec-1''/2 (borde derecho),media,2.25,0.3,10,200,10,200,20,22,20,22,20,22,0.017090264035528473,G,-principal,-7177.910894921959,-0.0,0.0
1301,13,1,1,0.0,3.96,M-1''-E/Ec,media,7.25,0.2,10,200,10,120,0,10,0,10,0,10,0.005811946409141117,A,+principal,36324.48966893386,0.0,
1301,13,1,1,0.0,3.96,M-1''-E/Ec,media,7.25,0.2,10,200,10,120,0,10,0,10,0,10,0.005811946409141117,A,-principal,36324.48966893386,-0.0,
1301,13,1,1,0.0,3.96,M-1''-E/Ec,media,7.25,0.2,10,200,10,120,0,10,0,10,0,10,0.005811946409141117,B,+principal,36132.03678628276,26695.66141403607,7.25
1301,13,1,1,0.0,3.96,M-1''-E/Ec,media,7.25,0.2,10,200,10,120,0,10,0,10,0,10,0.005811946409141117,B,-principal,36132.03678628276,-26695.66141403607,7.25
1301,13,1,1,0.0,3.96,M-1''-E/Ec,media,7.25,0.2,10,200,10,120,0,10,0,10,0,10,0.005811946409141117,C,+principal,21024.918672384232,42415.15423847624,4.32
1301,13,1,1,0.0,3.96,M-1''-E/Ec,media,7.25,0.2,10,200,10,120,0,10,0,10,0,10,0.005811946409141117,C,-principal,21024.918672384232,-42415.15423847624,4.32
1301,13,1,1,0.0,3.96,M-1''-E/Ec,media,7.25,0.2,10,200,10,120,0,10,0,10,0,10,0.005811946409141117,D,+principal,17119.04848964001,41288.42355161919,3.6
1301,13,1,1,0.0,3.96,M-1''-E/Ec,media,7.25,0.2,10,200,10,120,0,10,0,10,0,10,0.005811946409141117,D,-principal,17119.04848964001,-41288.42355161919,3.6
1301,13,1,1,0.0,3.96,M-1''-E/Ec,media,7.25,0.2,10,200,10,120,0,10,0,10,0,10,0.005811946409141117,E,+principal,12237.622286682348,36548.234008875064,2.7
1301,13,1,1,0.0,3.96,M-1''-E/Ec,media,7.25,0.2,10,200,10,120,0,10,0,10,0,10,0.005811946409141117,E,-principal,12237.622286682348,-36548.234008875064,2.7
1301,13,1,1,0.0,3.96,M-1''-E/Ec,media,7.25,0.2,10,200,10,120,0,10,0,10,0,10,0.005811946409141117,F,+principal,0.0,8396.827725568826,0.44397511777216236
1301,13,1,1,0.0,3.96,M-1''-E/Ec,media,7.25,0.2,10,200,10,120,0,10,0,10,0,10,0.005811946409141117,F,-principal,0.0,-8396.827725568826,0.44397511777216236
1301,13,1,1,0.0,3.96,M-1''-E/Ec,media,7.25,0.2,10,200,10,120,0,10,0,10,0,10,0.005811946409141117,G,+principal,-2441.0174918392695,0.0,0.0
1301,13,1,1,0.0,3.96,M-1''-E/Ec,media,7.25,0.2,10,200,10,120,0,10,0,10,0,10,0.005811946409141117,G,-principal,-2441.0174918392695,-0.0,0.0
1302,13,2,1,3.96,7.92,M-1''-E/Ec,media,7.25,0.2,10,200,10,120,0,10,0,10,0,10,0.005811946409141117,A,+principal,36324.48966893386,0.0,
1302,13,2,1,3.96,7.92,M-1''-E/Ec,media,7.25,0.2,10,200,10,120,0,10,0,10,0,10,0.005811946409141117,A,-principal,36324.48966893386,-0.0,
1302,13,2,1,3.96,7.92,M-1''-E/Ec,media,7.25,0.2,10,200,10,120,0,10,0,10,0,10,0.005811946409141117,B,+principal,36132.03678628276,26695.66141403607,7.25
1302,13,2,1,3.96,7.92,M-1''-E/Ec,media,7.25,0.2,10,200,10,120,0,10,0,10,0,10,0.005811946409141117,B,-principal,36132.03678628276,-26695.66141403607,7.25
1302,13,2,1,3.96,7.92,M-1''-E/Ec,media,7.25,0.2,10,200,10,120,0,10,0,10,0,10,0.005811946409141117,C,+principal,21024.918672384232,42415.15423847624,4.32
1302,13,2,1,3.96,7.92,M-1''-E/Ec,media,7.25,0.2,10,200,10,120,0,10,0,10,0,10,0.005811946409141117,C,-principal,21024.918672384232,-42415.15423847624,4.32
1302,13,2,1,3.96,7.92,M-1''-E/Ec,media,7.25,0.2,10,200,10,120,0,10,0,10,0,10,0.005811946409141117,D,+principal,17119.04848964001,41288.42355161919,3.6
1302,13,2,1,3.96,7.92,M-1''-E/Ec,media,7.25,0.2,10,200,10,120,0,10,0,10,0,10,0.005811946409141117,D,-principal,17119.04848964001,-41288.42355161919,3.6
1302,13,2,1,3.96,7.92,M-1''-E/Ec,media,7.25,0.2,10,200,10,120,0,10,0,10,0,10,0.005811946409141117,E,+principal,12237.622286682348,36548.234008875064,2.7
1302,13,2,1,3.96,7.92,M-1''-E/Ec,media,7.25,0.2,10,200,10,120,0,10,0,10,0,10,0.005811946409141117,E,-principal,12237.622286682348,-36548.234008875064,2.7
1302,13,2,1,3.96,7.92,M-1''-E/Ec,media,7.25,0.2,10,200,10,120,0,10,0,10,0,10,0.005811946409141117,F,+principal,0.0,8396.827725568826,0.44397511777216236
1302,13,2,1,3.96,7.92,M-1''-E/Ec,media,7.25,0.2,10,200,10,120,0,10,0,10,0,10,0.005811946409141117,F,-principal,0.0,-8396.827725568826,0.44397511777216236
1302,13,2,1,3.96,7.92,M-1''-E/Ec,media,7.25,0.2,10,200,10,120,0,10,0,10,0,10,0.005811946409141117,G,+principal,-2441.0174918392695,0.0,0.0
1302,13,2,1,3.96,7.92,M-1''-E/Ec,media,7.25,0.2,10,200,10,120,0,10,0,10,0,10,0.005811946409141117,G,-principal,-2441.0174918392695,-0.0,0.0
1303,13,3,1,7.92,11.88,M-1''-E/Ec,media,7.25,0.2,10,200,10,120,0,10,0,10,0,10,0.005811946409141117,A,+principal,36324.48966893386,0.0,
1303,13,3,1,7.92,11.88,M-1''-E/Ec,media,7.25,0.2,10,200,10,120,0,10,0,10,0,10,0.005811946409141117,A,-principal,36324.48966893386,-0.0,
1303,13,3,1,7.92,11.88,M-1''-E/Ec,media,7.25,0.2,10,200,10,120,0,10,0,10,0,10,0.005811946409141117,B,+principal,36132.03678628276,26695.66141403607,7.25
1303,13,3,1,7.92,11.88,M-1''-E/Ec,media,7.25,0.2,10,200,10,120,0,10,0,10,0,10,0.005811946409141117,B,-principal,36132.03678628276,-26695.66141403607,7.25
1303,13,3,1,7.92,11.88,M-1''-E/Ec,media,7.25,0.2,10,200,10,120,0,10,0,10,0,10,0.005811946409141117,C,+principal,21024.918672384232,42415.15423847624,4.32
1303,13,3,1,7.92,11.88,M-1''-E/Ec,media,7.25,0.2,10,200,10,120,0,10,0,10,0,10,0.005811946409141117,C,-principal,21024.918672384232,-42415.15423847624,4.32
1303,13,3,1,7.92,11.88,M-1''-E/Ec,media,7.25,0.2,10,200,10,120,0,10,0,10,0,10,0.005811946409141117,D,+principal,17119.04848964001,41288.42355161919,3.6
1303,13,3,1,7.92,11.88,M-1''-E/Ec,media,7.25,0.2,10,200,10,120,0,10,0,10,0,10,0.005811946409141117,D,-principal,17119.04848964001,-41288.42355161919,3.6
1303,13,3,1,7.92,11.88,M-1''-E/Ec,media,7.25,0.2,10,200,10,120,0,10,0,10,0,10,0.005811946409141117,E,+principal,12237.622286682348,36548.234008875064,2.7
1303,13,3,1,7.92,11.88,M-1''-E/Ec,media,7.25,0.2,10,200,10,120,0,10,0,10,0,10,0.005811946409141117,E,-principal,12237.622286682348,-36548.234008875064,2.7
1303,13,3,1,7.92,11.88,M-1''-E/Ec,media,7.25,0.2,10,200,10,120,0,10,0,10,0,10,0.005811946409141117,F,+principal,0.0,8396.827725568826,0.44397511777216236
1303,13,3,1,7.92,11.88,M-1''-E/Ec,media,7.25,0.2,10,200,10,120,0,10,0,10,0,10,0.005811946409141117,F,-principal,0.0,-8396.827725568826,0.44397511777216236
1303,13,3,1,7.92,11.88,M-1''-E/Ec,media,7.25,0.2,10,200,10,120,0,10,0,10,0,10,0.005811946409141117,G,+principal,-2441.0174918392695,0.0,0.0
1303,13,3,1,7.92,11.88,M-1''-E/Ec,media,7.25,0.2,10,200,10,120,0,10,0,10,0,10,0.005811946409141117,G,-principal,-2441.0174918392695,-0.0,0.0
1304,13,4,1,11.88,15.84,M-1''-E/Ec,media,7.25,0.2,10,200,10,120,0,10,0,10,0,10,0.005811946409141117,A,+principal,36324.48966893386,0.0,
1304,13,4,1,11.88,15.84,M-1''-E/Ec,media,7.25,0.2,10,200,10,120,0,10,0,10,0,10,0.005811946409141117,A,-principal,36324.48966893386,-0.0,
1304,13,4,1,11.88,15.84,M-1''-E/Ec,media,7.25,0.2,10,200,10,120,0,10,0,10,0,10,0.005811946409141117,B,+principal,36132.03678628276,26695.66141403607,7.25
1304,13,4,1,11.88,15.84,M-1''-E/Ec,media,7.25,0.2,10,200,10,120,0,10,0,10,0,10,0.005811946409141117,B,-principal,36132.03678628276,-26695.66141403607,7.25
1304,13,4,1,11.88,15.84,M-1''-E/Ec,media,7.25,0.2,10,200,10,120,0,10,0,10,0,10,0.005811946409141117,C,+principal,21024.918672384232,42415.15423847624,4.32
1304,13,4,1,11.88,15.84,M-1''-E/Ec,media,7.25,0.2,10,200,10,120,0,10,0,10,0,10,0.005811946409141117,C,-principal,21024.918672384232,-42415.15423847624,4.32
1304,13,4,1,11.88,15.84,M-1''-E/Ec,media,7.25,0.2,10,200,10,120,0,10,0,10,0,10,0.005811946409141117,D,+principal,17119.04848964001,41288.42355161919,3.6
1304,13,4,1,11.88,15.84,M-1''-E/Ec,media,7.25,0.2,10,200,10,120,0,10,0,10,0,10,0.005811946409141117,D,-principal,17119.04848964001,-41288.42355161919,3.6
1304,13,4,1,11.88,15.84,M-1''-E/Ec,media,7.25,0.2,10,200,10,120,0,10,0,10,0,10,0.005811946409141117,E,+principal,12237.622286682348,36548.234008875064,2.7
1304,13,4,1,11.88,15.84,M-1''-E/Ec,media,7.25,0.2,10,200,10,120,0,10,0,10,0,10,0.005811946409141117,E,-principal,12237.622286682348,-36548.234008875064,2.7
1304,13,4,1,11.88,15.84,M-1''-E/Ec,media,7.25,0.2,10,200,10,120,0,10,0,10,0,10,0.005811946409141117,F,+principal,0.0,8396.827725568826,0.44397511777216236
1304,13,4,1,11.88,15.84,M-1''-E/Ec,media,7.25,0.2,10,200,10,120,0,10,0,10,0,10,0.005811946409141117,F,-principal,0.0,-8396.827725568826,0.44397511777216236
1304,13,4,1,11.88,15.84,M-1''-E/Ec,media,7.25,0.2,10,200,10,120,0,10,0,10,0,10,0.005811946409141117,G,+principal,-2441.0174918392695,0.0,0.0
1304,13,4,1,11.88,15.84,M-1''-E/Ec,media,7.25,0.2,10,200,10,120,0,10,0,10,0,10,0.005811946409141117,G,-principal,-2441.0174918392695,-0.0,0.0
1305,13,5,1,15.84,19.8,M-1''-E/Ec,media,7.25,0.2,10,200,10,120,0,10,0,10,0,10,0.005811946409141117,A,+principal,36324.48966893386,0.0,
1305,13,5,1,15.84,19.8,M-1''-E/Ec,media,7.25,0.2,10,200,10,120,0,10,0,10,0,10,0.005811946409141117,A,-principal,36324.48966893386,-0.0,
1305,13,5,1,15.84,19.8,M-1''-E/Ec,media,7.25,0.2,10,200,10,120,0,10,0,10,0,10,0.005811946409141117,B,+principal,36132.03678628276,26695.66141403607,7.25
1305,13,5,1,15.84,19.8,M-1''-E/Ec,media,7.25,0.2,10,200,10,120,0,10,0,10,0,10,0.005811946409141117,B,-principal,36132.03678628276,-26695.66141403607,7.25
1305,13,5,1,15.84,19.8,M-1''-E/Ec,media,7.25,0.2,10,200,10,120,0,10,0,10,0,10,0.005811946409141117,C,+principal,21024.918672384232,42415.15423847624,4.32
1305,13,5,1,15.84,19.8,M-1''-E/Ec,media,7.25,0.2,10,200,10,120,0,10,0,10,0,10,0.005811946409141117,C,-principal,21024.918672384232,-42415.15423847624,4.32
1305,13,5,1,15.84,19.8,M-1''-E/Ec,media,7.25,0.2,10,200,10,120,0,10,0,10,0,10,0.005811946409141117,D,+principal,17119.04848964001,41288.42355161919,3.6
1305,13,5,1,15.84,19.8,M-1''-E/Ec,media,7.25,0.2,10,200,10,120,0,10,0,10,0,10,0.005811946409141117,D,-principal,17119.04848964001,-41288.42355161919,3.6
1305,13,5,1,15.84,19.8,M-1''-E/Ec,media,7.25,0.2,10,200,10,120,0,10,0,10,0,10,0.005811946409141117,E,+principal,12237.622286682348,36548.234008875064,2.7
1305,13,5,1,15.84,19.8,M-1''-E/Ec,media,7.25,0.2,10,200,10,120,0,10,0,10,0,10,0.005811946409141117,E,-principal,12237.622286682348,-36548.234008875064,2.7
1305,13,5,1,15.84,19.8,M-1''-E/Ec,media,7.25,0.2,10,200,10,120,0,10,0,10,0,10,0.005811946409141117,F,+principal,0.0,8396.827725568826,0.44397511777216236
1305,13,5,1,15.84,19.8,M-1''-E/Ec,media,7.25,0.2,10,200,10,120,0,10,0,10,0,10,0.005811946409141117,F,-principal,0.0,-8396.827725568826,0.44397511777216236
1305,13,5,1,15.84,19.8,M-1''-E/Ec,media,7.25,0.2,10,200,10,120,0,10,0,10,0,10,0.005811946409141117,G,+principal,-2441.0174918392695,0.0,0.0
1305,13,5,1,15.84,19.8,M-1''-E/Ec,media,7.25,0.2,10,200,10,120,0,10,0,10,0,10,0.005811946409141117,G,-principal,-2441.0174918392695,-0.0,0.0
1401,14,1,1,0.0,3.96,M-1''-Eb/Ec,media,3.4000000000000004,0.2,10,200,10,120,3,22,3,22,3,22,0.005108229654737003,A,+principal,17778.7892982089,0.0,
1401,14,1,1,0.0,3.96,M-1''-Eb/Ec,media,3.4000000000000004,0.2,10,200,10,120,3,22,3,22,3,22,0.005108229654737003,A,-principal,17778.7892982089,-0.0,
1401,14,1,1,0.0,3.96,M-1''-Eb/Ec,media,3.4000000000000004,0.2,10,200,10,120,3,22,3,22,3,22,0.005108229654737003,B,+principal,17459.73525430545,6665.969123101868,3.4000000000000004
1401,14,1,1,0.0,3.96,M-1''-Eb/Ec,media,3.4000000000000004,0.2,10,200,10,120,3,22,3,22,3,22,0.005108229654737003,B,-principal,17459.73525430545,-6665.969123101868,3.4000000000000004
1401,14,1,1,0.0,3.96,M-1''-Eb/Ec,media,3.4000000000000004,0.2,10,200,10,120,3,22,3,22,3,22,0.005108229654737003,C,+principal,9777.568165719513,10954.743889039222,2.0100000000000002
1401,14,1,1,0.0,3.96,M-1''-Eb/Ec,media,3.4000000000000004,0.2,10,200,10,120,3,22,3,22,3,22,0.005108229654737003,C,-principal,9777.568165719513,-10954.743889039222,2.0100000000000002
1401,14,1,1,0.0,3.96,M-1''-Eb/Ec,media,3.4000000000000004,0.2,10,200,10,120,3,22,3,22,3,22,0.005108229654737003,D,+principal,7955.275790700644,10687.434275615333,1.6750000000000003
1401,14,1,1,0.0,3.96,M-1''-Eb/Ec,media,3.4000000000000004,0.2,10,200,10,120,3,22,3,22,3,22,0.005108229654737003,D,-principal,7955.275790700644,-10687.434275615333,1.6750000000000003
1401,14,1,1,0.0,3.96,M-1''-Eb/Ec,media,3.4000000000000004,0.2,10,200,10,120,3,22,3,22,3,22,0.005108229654737003,E,+principal,5679.336236826416,9631.696984291717,1.25625
1401,14,1,1,0.0,3.96,M-1''-Eb/Ec,media,3.4000000000000004,0.2,10,200,10,120,3,22,3,22,3,22,0.005108229654737003,E,-principal,5679.336236826416,-9631.696984291717,1.25625
1401,14,1,1,0.0,3.96,M-1''-Eb/Ec,media,3.4000000000000004,0.2,10,200,10,120,3,22,3,22,3,22,0.005108229654737003,F,+principal,0.0,3495.5637025371107,0.21114598457695716
1401,14,1,1,0.0,3.96,M-1''-Eb/Ec,media,3.4000000000000004,0.2,10,200,10,120,3,22,3,22,3,22,0.005108229654737003,F,-principal,0.0,-3495.5637025371107,0.21114598457695716
1401,14,1,1,0.0,3.96,M-1''-Eb/Ec,media,3.4000000000000004,0.2,10,200,10,120,3,22,3,22,3,22,0.005108229654737003,G,+principal,-2145.4564549895413,0.0,0.0
1401,14,1,1,0.0,3.96,M-1''-Eb/Ec,media,3.4000000000000004,0.2,10,200,10,120,3,22,3,22,3,22,0.005108229654737003,G,-principal,-2145.4564549895413,-0.0,0.0
1402,14,2,1,3.96,7.92,M-1''-Eb/Ec,media,3.4000000000000004,0.2,10,200,10,120,3,22,3,22,3,22,0.005108229654737003,A,+principal,17778.7892982089,0.0,
1402,14,2,1,3.96,7.92,M-1''-Eb/Ec,media,3.4000000000000004,0.2,10,200,10,120,3,22,3,22,3,22,0.005108229654737003,A,-principal,17778.7892982089,-0.0,
1402,14,2,1,3.96,7.92,M-1''-Eb/Ec,media,3.4000000000000004,0.2,10,200,10,120,3,22,3,22,3,22,0.005108229654737003,B,+principal,17459.73525430545,6665.969123101868,3.4000000000000004
1402,14,2,1,3.96,7.92,M-1''-Eb/Ec,media,3.4000000000000004,0.2,10,200,10,120,3,22,3,22,3,22,0.005108229654737003,B,-principal,17459.73525430545,-6665.969123101868,3.4000000000000004
1402,14,2,1,3.96,7.92,M-1''-Eb/Ec,media,3.4000000000000004,0.2,10,200,10,120,3,22,3,22,3,22,0.005108229654737003,C,+principal,9777.568165719513,10954.743889039222,2.0100000000000002
1402,14,2,1,3.96,7.92,M-1''-Eb/Ec,media,3.4000000000000004,0.2,10,200,10,120,3,22,3,22,3,22,0.005108229654737003,C,-principal,9777.568165719513,-10954.743889039222,2.0100000000000002
1402,14,2,1,3.96,7.92,M-1''-Eb/Ec,media,3.4000000000000004,0.2,10,200,10,120,3,22,3,22,3,22,0.005108229654737003,D,+principal,7955.275790700644,10687.434275615333,1.6750000000000003
1402,14,2,1,3.96,7.92,M-1''-Eb/Ec,media,3.4000000000000004,0.2,10,200,10,120,3,22,3,22,3,22,0.005108229654737003,D,-principal,7955.275790700644,-10687.434275615333,1.6750000000000003
1402,14,2,1,3.96,7.92,M-1''-Eb/Ec,media,3.4000000000000004,0.2,10,200,10,120,3,22,3,22,3,22,0.005108229654737003,E,+principal,5679.336236826416,9631.696984291717,1.25625
1402,14,2,1,3.96,7.92,M-1''-Eb/Ec,media,3.4000000000000004,0.2,10,200,10,120,3,22,3,22,3,22,0.005108229654737003,E,-principal,5679.336236826416,-9631.696984291717,1.25625
1402,14,2,1,3.96,7.92,M-1''-Eb/Ec,media,3.4000000000000004,0.2,10,200,10,120,3,22,3,22,3,22,0.005108229654737003,F,+principal,0.0,3495.5637025371107,0.21114598457695716
1402,14,2,1,3.96,7.92,M-1''-Eb/Ec,media,3.4000000000000004,0.2,10,200,10,120,3,22,3,22,3,22,0.005108229654737003,F,-principal,0.0,-3495.5637025371107,0.21114598457695716
1402,14,2,1,3.96,7.92,M-1''-Eb/Ec,media,3.4000000000000004,0.2,10,200,10,120,3,22,3,22,3,22,0.005108229654737003,G,+principal,-2145.4564549895413,0.0,0.0
1402,14,2,1,3.96,7.92,M-1''-Eb/Ec,media,3.4000000000000004,0.2,10,200,10,120,3,22,3,22,3,22,0.005108229654737003,G,-principal,-2145.4564549895413,-0.0,0.0
1403,14,3,1,7.92,11.88,M-1''-Eb/Ec,media,3.4000000000000004,0.2,10,200,10,120,3,22,3,22,3,22,0.005108229654737003,A,+principal,17778.7892982089,0.0,
1403,14,3,1,7.92,11.88,M-1''-Eb/Ec,media,3.4000000000000004,0.2,10,200,10,120,3,22,3,22,3,22,0.005108229654737003,A,-principal,17778.7892982089,-0.0,
1403,14,3,1,7.92,11.88,M-1''-Eb/Ec,media,3.4000000000000004,0.2,10,200,10,120,3,22,3,22,3,22,0.005108229654737003,B,+principal,17459.73525430545,6665.969123101868,3.4000000000000004
1403,14,3,1,7.92,11.88,M-1''-Eb/Ec,media,3.4000000000000004,0.2,10,200,10,120,3,22,3,22,3,22,0.005108229654737003,B,-principal,17459.73525430545,-6665.969123101868,3.4000000000000004
1403,14,3,1,7.92,11.88,M-1''-Eb/Ec,media,3.4000000000000004,0.2,10,200,10,120,3,22,3,22,3,22,0.005108229654737003,C,+principal,9777.568165719513,10954.743889039222,2.0100000000000002
1403,14,3,1,7.92,11.88,M-1''-Eb/Ec,media,3.4000000000000004,0.2,10,200,10,120,3,22,3,22,3,22,0.005108229654737003,C,-principal,9777.568165719513,-10954.743889039222,2.0100000000000002
1403,14,3,1,7.92,11.88,M-1''-Eb/Ec,media,3.4000000000000004,0.2,10,200,10,120,3,22,3,22,3,22,0.005108229654737003,D,+principal,7955.275790700644,10687.434275615333,1.6750000000000003
1403,14,3,1,7.92,11.88,M-1''-Eb/Ec,media,3.4000000000000004,0.2,10,200,10,120,3,22,3,22,3,22,0.005108229654737003,D,-principal,7955.275790700644,-10687.434275615333,1.6750000000000003
1403,14,3,1,7.92,11.88,M-1''-Eb/Ec,media,3.4000000000000004,0.2,10,200,10,120,3,22,3,22,3,22,0.005108229654737003,E,+principal,5679.336236826416,9631.696984291717,1.25625
1403,14,3,1,7.92,11.88,M-1''-Eb/Ec,media,3.4000000000000004,0.2,10,200,10,120,3,22,3,22,3,22,0.005108229654737003,E,-principal,5679.336236826416,-9631.696984291717,1.25625
1403,14,3,1,7.92,11.88,M-1''-Eb/Ec,media,3.4000000000000004,0.2,10,200,10,120,3,22,3,22,3,22,0.005108229654737003,F,+principal,0.0,3495.5637025371107,0.21114598457695716
1403,14,3,1,7.92,11.88,M-1''-Eb/Ec,media,3.4000000000000004,0.2,10,200,10,120,3,22,3,22,3,22,0.005108229654737003,F,-principal,0.0,-3495.5637025371107,0.21114598457695716
1403,14,3,1,7.92,11.88,M-1''-Eb/Ec,media,3.4000000000000004,0.2,10,200,10,120,3,22,3,22,3,22,0.005108229654737003,G,+principal,-2145.4564549895413,0.0,0.0
1403,14,3,1,7.92,11.88,M-1''-Eb/Ec,media,3.4000000000000004,0.2,10,200,10,120,3,22,3,22,3,22,0.005108229654737003,G,-principal,-2145.4564549895413,-0.0,0.0
1404,14,4,1,11.88,15.84,M-1''-Eb/Ec,media,3.4000000000000004,0.2,10,200,10,120,3,22,3,22,3,22,0.005108229654737003,A,+principal,17778.7892982089,0.0,
1404,14,4,1,11.88,15.84,M-1''-Eb/Ec,media,3.4000000000000004,0.2,10,200,10,120,3,22,3,22,3,22,0.005108229654737003,A,-principal,17778.7892982089,-0.0,
1404,14,4,1,11.88,15.84,M-1''-Eb/Ec,media,3.4000000000000004,0.2,10,200,10,120,3,22,3,22,3,22,0.005108229654737003,B,+principal,17459.73525430545,6665.969123101868,3.4000000000000004
1404,14,4,1,11.88,15.84,M-1''-Eb/Ec,media,3.4000000000000004,0.2,10,200,10,120,3,22,3,22,3,22,0.005108229654737003,B,-principal,17459.73525430545,-6665.969123101868,3.4000000000000004
1404,14,4,1,11.88,15.84,M-1''-Eb/Ec,media,3.4000000000000004,0.2,10,200,10,120,3,22,3,22,3,22,0.005108229654737003,C,+principal,9777.568165719513,10954.743889039222,2.0100000000000002
1404,14,4,1,11.88,15.84,M-1''-Eb/Ec,media,3.4000000000000004,0.2,10,200,10,120,3,22,3,22,3,22,0.005108229654737003,C,-principal,9777.568165719513,-10954.743889039222,2.0100000000000002
1404,14,4,1,11.88,15.84,M-1''-Eb/Ec,media,3.4000000000000004,0.2,10,200,10,120,3,22,3,22,3,22,0.005108229654737003,D,+principal,7955.275790700644,10687.434275615333,1.6750000000000003
1404,14,4,1,11.88,15.84,M-1''-Eb/Ec,media,3.4000000000000004,0.2,10,200,10,120,3,22,3,22,3,22,0.005108229654737003,D,-principal,7955.275790700644,-10687.434275615333,1.6750000000000003
1404,14,4,1,11.88,15.84,M-1''-Eb/Ec,media,3.4000000000000004,0.2,10,200,10,120,3,22,3,22,3,22,0.005108229654737003,E,+principal,5679.336236826416,9631.696984291717,1.25625
1404,14,4,1,11.88,15.84,M-1''-Eb/Ec,media,3.4000000000000004,0.2,10,200,10,120,3,22,3,22,3,22,0.005108229654737003,E,-principal,5679.336236826416,-9631.696984291717,1.25625
1404,14,4,1,11.88,15.84,M-1''-Eb/Ec,media,3.4000000000000004,0.2,10,200,10,120,3,22,3,22,3,22,0.005108229654737003,F,+principal,0.0,3495.5637025371107,0.21114598457695716
1404,14,4,1,11.88,15.84,M-1''-Eb/Ec,media,3.4000000000000004,0.2,10,200,10,120,3,22,3,22,3,22,0.005108229654737003,F,-principal,0.0,-3495.5637025371107,0.21114598457695716
1404,14,4,1,11.88,15.84,M-1''-Eb/Ec,media,3.4000000000000004,0.2,10,200,10,120,3,22,3,22,3,22,0.005108229654737003,G,+principal,-2145.4564549895413,0.0,0.0
1404,14,4,1,11.88,15.84,M-1''-Eb/Ec,media,3.4000000000000004,0.2,10,200,10,120,3,22,3,22,3,22,0.005108229654737003,G,-principal,-2145.4564549895413,-0.0,0.0
1405,14,5,1,15.84,19.8,M-1''-Eb/Ec,media,3.4000000000000004,0.2,10,200,10,120,3,22,3,22,3,22,0.005108229654737003,A,+principal,17778.7892982089,0.0,
1405,14,5,1,15.84,19.8,M-1''-Eb/Ec,media,3.4000000000000004,0.2,10,200,10,120,3,22,3,22,3,22,0.005108229654737003,A,-principal,17778.7892982089,-0.0,
1405,14,5,1,15.84,19.8,M-1''-Eb/Ec,media,3.4000000000000004,0.2,10,200,10,120,3,22,3,22,3,22,0.005108229654737003,B,+principal,17459.73525430545,6665.969123101868,3.4000000000000004
1405,14,5,1,15.84,19.8,M-1''-Eb/Ec,media,3.4000000000000004,0.2,10,200,10,120,3,22,3,22,3,22,0.005108229654737003,B,-principal,17459.73525430545,-6665.969123101868,3.4000000000000004
1405,14,5,1,15.84,19.8,M-1''-Eb/Ec,media,3.4000000000000004,0.2,10,200,10,120,3,22,3,22,3,22,0.005108229654737003,C,+principal,9777.568165719513,10954.743889039222,2.0100000000000002
1405,14,5,1,15.84,19.8,M-1''-Eb/Ec,media,3.4000000000000004,0.2,10,200,10,120,3,22,3,22,3,22,0.005108229654737003,C,-principal,9777.568165719513,-10954.743889039222,2.0100000000000002
1405,14,5,1,15.84,19.8,M-1''-Eb/Ec,media,3.4000000000000004,0.2,10,200,10,120,3,22,3,22,3,22,0.005108229654737003,D,+principal,7955.275790700644,10687.434275615333,1.6750000000000003
1405,14,5,1,15.84,19.8,M-1''-Eb/Ec,media,3.4000000000000004,0.2,10,200,10,120,3,22,3,22,3,22,0.005108229654737003,D,-principal,7955.275790700644,-10687.434275615333,1.6750000000000003
1405,14,5,1,15.84,19.8,M-1''-Eb/Ec,media,3.4000000000000004,0.2,10,200,10,120,3,22,3,22,3,22,0.005108229654737003,E,+principal,5679.336236826416,9631.696984291717,1.25625
1405,14,5,1,15.84,19.8,M-1''-Eb/Ec,media,3.4000000000000004,0.2,10,200,10,120,3,22,3,22,3,22,0.005108229654737003,E,-principal,5679.336236826416,-9631.696984291717,1.25625
1405,14,5,1,15.84,19.8,M-1''-Eb/Ec,media,3.4000000000000004,0.2,10,200,10,120,3,22,3,22,3,22,0.005108229654737003,F,+principal,0.0,3495.5637025371107,0.21114598457695716
1405,14,5,1,15.84,19.8,M-1''-Eb/Ec,media,3.4000000000000004,0.2,10,200,10,120,3,22,3,22,3,22,0.005108229654737003,F,-principal,0.0,-3495.5637025371107,0.21114598457695716
1405,14,5,1,15.84,19.8,M-1''-Eb/Ec,media,3.4000000000000004,0.2,10,200,10,120,3,22,3,22,3,22,0.005108229654737003,G,+principal,-2145.4564549895413,0.0,0.0
1405,14,5,1,15.84,19.8,M-1''-Eb/Ec,media,3.4000000000000004,0.2,10,200,10,120,3,22,3,22,3,22,0.005108229654737003,G,-principal,-2145.4564549895413,-0.0,0.0
1501,15,1,1,0.0,3.96,M-Ea-2a/2,alta,1.5799999999999996,0.25,8,160,10,160,2,28,2,28,2,28,0.0035688492544780053,A,+principal,10515.19473724803,0.0,
1501,15,1,1,0.0,3.96,M-Ea-2a/2,alta,1.5799999999999996,0.25,8,160,10,160,2,28,2,28,2,28,0.0035688492544780053,A,-principal,10515.19473724803,-0.0,
1501,15,1,1,0.0,3.96,M-Ea-2a/2,alta,1.5799999999999996,0.25,8,160,10,160,2,28,2,28,2,28,0.0035688492544780053,B,+principal,10250.290363640323,1920.9818579978125,1.5799999999999996
1501,15,1,1,0.0,3.96,M-Ea-2a/2,alta,1.5799999999999996,0.25,8,160,10,160,2,28,2,28,2,28,0.0035688492544780053,B,-principal,10250.290363640323,-1920.9818579978125,1.5799999999999996
1501,15,1,1,0.0,3.96,M-Ea-2a/2,alta,1.5799999999999996,0.25,8,160,10,160,2,28,2,28,2,28,0.0035688492544780053,C,+principal,5534.127479568419,3223.629785084671,0.9179999999999997
1501,15,1,1,0.0,3.96,M-Ea-2a/2,alta,1.5799999999999996,0.25,8,160,10,160,2,28,2,28,2,28,0.0035688492544780053,C,-principal,5534.127479568419,-3223.629785084671,0.9179999999999997
1501,15,1,1,0.0,3.96,M-Ea-2a/2,alta,1.5799999999999996,0.25,8,160,10,160,2,28,2,28,2,28,0.0035688492544780053,D,+principal,4537.261713879914,3131.808398532641,0.7649999999999998
1501,15,1,1,0.0,3.96,M-Ea-2a/2,alta,1.5799999999999996,0.25,8,160,10,160,2,28,2,28,2,28,0.0035688492544780053,D,-principal,4537.261713879914,-3131.808398532641,0.7649999999999998
1501,15,1,1,0.0,3.96,M-Ea-2a/2,alta,1.5799999999999996,0.25,8,160,10,160,2,28,2,28,2,28,0.0035688492544780053,E,+principal,3290.9518337016802,2840.8350586381953,0.5737499999999998
1501,15,1,1,0.0,3.96,M-Ea-2a/2,alta,1.5799999999999996,0.25,8,160,10,160,2,28,2,28,2,28,0.0035688492544780053,E,-principal,3290.9518337016802,-2840.8350586381953,0.5737499999999998
1501,15,1,1,0.0,3.96,M-Ea-2a/2,alta,1.5799999999999996,0.25,8,160,10,160,2,28,2,28,2,28,0.0035688492544780053,F,+principal,0.0,1116.3066324558092,0.09282451123255736
1501,15,1,1,0.0,3.96,M-Ea-2a/2,alta,1.5799999999999996,0.25,8,160,10,160,2,28,2,28,2,28,0.0035688492544780053,F,-principal,0.0,-1116.3066324558092,0.09282451123255736
1501,15,1,1,0.0,3.96,M-Ea-2a/2,alta,1.5799999999999996,0.25,8,160,10,160,2,28,2,28,2,28,0.0035688492544780053,G,+principal,-1498.9166868807622,0.0,0.0
1501,15,1,1,0.0,3.96,M-Ea-2a/2,alta,1.5799999999999996,0.25,8,160,10,160,2,28,2,28,2,28,0.0035688492544780053,G,-principal,-1498.9166868807622,-0.0,0.0
1502,15,2,1,3.96,7.92,M-Ea-2a/2,alta,1.5799999999999996,0.25,8,160,10,160,2,28,2,28,2,28,0.0035688492544780053,A,+principal,10515.19473724803,0.0,
1502,15,2,1,3.96,7.92,M-Ea-2a/2,alta,1.5799999999999996,0.25,8,160,10,160,2,28,2,28,2,28,0.0035688492544780053,A,-principal,10515.19473724803,-0.0,
1502,15,2,1,3.96,7.92,M-Ea-2a/2,alta,1.5799999999999996,0.25,8,160,10,160,2,28,2,28,2,28,0.0035688492544780053,B,+principal,10250.290363640323,1920.9818579978125,1.5799999999999996
1502,15,2,1,3.96,7.92,M-Ea-2a/2,alta,1.5799999999999996,0.25,8,160,10,160,2,28,2,28,2,28,0.0035688492544780053,B,-principal,10250.290363640323,-1920.9818579978125,1.5799999999999996
1502,15,2,1,3.96,7.92,M-Ea-2a/2,alta,1.5799999999999996,0.25,8,160,10,160,2,28,2,28,2,28,0.0035688492544780053,C,+principal,5534.127479568419,3223.629785084671,0.9179999999999997
1502,15,2,1,3.96,7.92,M-Ea-2a/2,alta,1.5799999999999996,0.25,8,160,10,160,2,28,2,28,2,28,0.0035688492544780053,C,-principal,5534.127479568419,-3223.629785084671,0.9179999999999997
1502,15,2,1,3.96,7.92,M-Ea-2a/2,alta,1.5799999999999996,0.25,8,160,10,160,2,28,2,28,2,28,0.0035688492544780053,D,+principal,4537.261713879914,3131.808398532641,0.7649999999999998
1502,15,2,1,3.96,7.92,M-Ea-2a/2,alta,1.5799999999999996,0.25,8,160,10,160,2,28,2,28,2,28,0.0035688492544780053,D,-principal,4537.261713879914,-3131.808398532641,0.7649999999999998
1502,15,2,1,3.96,7.92,M-Ea-2a/2,alta,1.5799999999999996,0.25,8,160,10,160,2,28,2,28,2,28,0.0035688492544780053,E,+principal,3290.9518337016802,2840.8350586381953,0.5737499999999998
1502,15,2,1,3.96,7.92,M-Ea-2a/2,alta,1.5799999999999996,0.25,8,160,10,160,2,28,2,28,2,28,0.0035688492544780053,E,-principal,3290.9518337016802,-2840.8350586381953,0.5737499999999998
1502,15,2,1,3.96,7.92,M-Ea-2a/2,alta,1.5799999999999996,0.25,8,160,10,160,2,28,2,28,2,28,0.0035688492544780053,F,+principal,0.0,1116.3066324558092,0.09282451123255736
1502,15,2,1,3.96,7.92,M-Ea-2a/2,alta,1.5799999999999996,0.25,8,160,10,160,2,28,2,28,2,28,0.0035688492544780053,F,-principal,0.0,-1116.3066324558092,0.09282451123255736
1502,15,2,1,3.96,7.92,M-Ea-2a/2,alta,1.5799999999999996,0.25,8,160,10,160,2,28,2,28,2,28,0.0035688492544780053,G,+principal,-1498.9166868807622,0.0,0.0
1502,15,2,1,3.96,7.92,M-Ea-2a/2,alta,1.5799999999999996,0.25,8,160,10,160,2,28,2,28,2,28,0.0035688492544780053,G,-principal,-1498.9166868807622,-0.0,0.0
1503,15,3,1,7.92,11.88,M-Ea-2a/2,alta,1.5799999999999996,0.25,8,160,10,160,2,28,2,28,2,28,0.0035688492544780053,A,+principal,10515.19473724803,0.0,
1503,15,3,1,7.92,11.88,M-Ea-2a/2,alta,1.5799999999999996,0.25,8,160,10,160,2,28,2,28,2,28,0.0035688492544780053,A,-principal,10515.19473724803,-0.0,
1503,15,3,1,7.92,11.88,M-Ea-2a/2,alta,1.5799999999999996,0.25,8,160,10,160,2,28,2,28,2,28,0.0035688492544780053,B,+principal,10250.290363640323,1920.9818579978125,1.5799999999999996
1503,15,3,1,7.92,11.88,M-Ea-2a/2,alta,1.5799999999999996,0.25,8,160,10,160,2,28,2,28,2,28,0.0035688492544780053,B,-principal,10250.290363640323,-1920.9818579978125,1.5799999999999996
1503,15,3,1,7.92,11.88,M-Ea-2a/2,alta,1.5799999999999996,0.25,8,160,10,160,2,28,2,28,2,28,0.0035688492544780053,C,+principal,5534.127479568419,3223.629785084671,0.9179999999999997
1503,15,3,1,7.92,11.88,M-Ea-2a/2,alta,1.5799999999999996,0.25,8,160,10,160,2,28,2,28,2,28,0.0035688492544780053,C,-principal,5534.127479568419,-3223.629785084671,0.9179999999999997
1503,15,3,1,7.92,11.88,M-Ea-2a/2,alta,1.5799999999999996,0.25,8,160,10,160,2,28,2,28,2,28,0.0035688492544780053,D,+principal,4537.261713879914,3131.808398532641,0.7649999999999998
1503,15,3,1,7.92,11.88,M-Ea-2a/2,alta,1.5799999999999996,0.25,8,160,10,160,2,28,2,28,2,28,0.0035688492544780053,D,-principal,4537.261713879914,-3131.808398532641,0.7649999999999998
1503,15,3,1,7.92,11.88,M-Ea-2a/2,alta,1.5799999999999996,0.25,8,160,10,160,2,28,2,28,2,28,0.0035688492544780053,E,+principal,3290.9518337016802,2840.8350586381953,0.5737499999999998
1503,15,3,1,7.92,11.88,M-Ea-2a/2,alta,1.5799999999999996,0.25,8,160,10,160,2,28,2,28,2,28,0.0035688492544780053,E,-principal,3290.9518337016802,-2840.8350586381953,0.5737499999999998
1503,15,3,1,7.92,11.88,M-Ea-2a/2,alta,1.5799999999999996,0.25,8,160,10,160,2,28,2,28,2,28,0.0035688492544780053,F,+principal,0.0,1116.3066324558092,0.09282451123255736
1503,15,3,1,7.92,11.88,M-Ea-2a/2,alta,1.5799999999999996,0.25,8,160,10,160,2,28,2,28,2,28,0.0035688492544780053,F,-principal,0.0,-1116.3066324558092,0.09282451123255736
1503,15,3,1,7.92,11.88,M-Ea-2a/2,alta,1.5799999999999996,0.25,8,160,10,160,2,28,2,28,2,28,0.0035688492544780053,G,+principal,-1498.9166868807622,0.0,0.0
1503,15,3,1,7.92,11.88,M-Ea-2a/2,alta,1.5799999999999996,0.25,8,160,10,160,2,28,2,28,2,28,0.0035688492544780053,G,-principal,-1498.9166868807622,-0.0,0.0
1504,15,4,1,11.88,15.84,M-Ea-2a/2,alta,1.5799999999999996,0.25,8,160,10,160,2,28,2,28,2,28,0.0035688492544780053,A,+principal,10515.19473724803,0.0,
1504,15,4,1,11.88,15.84,M-Ea-2a/2,alta,1.5799999999999996,0.25,8,160,10,160,2,28,2,28,2,28,0.0035688492544780053,A,-principal,10515.19473724803,-0.0,
1504,15,4,1,11.88,15.84,M-Ea-2a/2,alta,1.5799999999999996,0.25,8,160,10,160,2,28,2,28,2,28,0.0035688492544780053,B,+principal,10250.290363640323,1920.9818579978125,1.5799999999999996
1504,15,4,1,11.88,15.84,M-Ea-2a/2,alta,1.5799999999999996,0.25,8,160,10,160,2,28,2,28,2,28,0.0035688492544780053,B,-principal,10250.290363640323,-1920.9818579978125,1.5799999999999996
1504,15,4,1,11.88,15.84,M-Ea-2a/2,alta,1.5799999999999996,0.25,8,160,10,160,2,28,2,28,2,28,0.0035688492544780053,C,+principal,5534.127479568419,3223.629785084671,0.9179999999999997
1504,15,4,1,11.88,15.84,M-Ea-2a/2,alta,1.5799999999999996,0.25,8,160,10,160,2,28,2,28,2,28,0.0035688492544780053,C,-principal,5534.127479568419,-3223.629785084671,0.9179999999999997
1504,15,4,1,11.88,15.84,M-Ea-2a/2,alta,1.5799999999999996,0.25,8,160,10,160,2,28,2,28,2,28,0.0035688492544780053,D,+principal,4537.261713879914,3131.808398532641,0.7649999999999998
1504,15,4,1,11.88,15.84,M-Ea-2a/2,alta,1.5799999999999996,0.25,8,160,10,160,2,28,2,28,2,28,0.0035688492544780053,D,-principal,4537.261713879914,-3131.808398532641,0.7649999999999998
1504,15,4,1,11.88,15.84,M-Ea-2a/2,alta,1.5799999999999996,0.25,8,160,10,160,2,28,2,28,2,28,0.0035688492544780053,E,+principal,3290.9518337016802,2840.8350586381953,0.5737499999999998
1504,15,4,1,11.88,15.84,M-Ea-2a/2,alta,1.5799999999999996,0.25,8,160,10,160,2,28,2,28,2,28,0.0035688492544780053,E,-principal,3290.9518337016802,-2840.8350586381953,0.5737499999999998
1504,15,4,1,11.88,15.84,M-Ea-2a/2,alta,1.5799999999999996,0.25,8,160,10,160,2,28,2,28,2,28,0.0035688492544780053,F,+principal,0.0,1116.3066324558092,0.09282451123255736
1504,15,4,1,11.88,15.84,M-Ea-2a/2,alta,1.5799999999999996,0.25,8,160,10,160,2,28,2,28,2,28,0.0035688492544780053,F,-principal,0.0,-1116.3066324558092,0.09282451123255736
1504,15,4,1,11.88,15.84,M-Ea-2a/2,alta,1.5799999999999996,0.25,8,160,10,160,2,28,2,28,2,28,0.0035688492544780053,G,+principal,-1498.9166868807622,0.0,0.0
1504,15,4,1,11.88,15.84,M-Ea-2a/2,alta,1.5799999999999996,0.25,8,160,10,160,2,28,2,28,2,28,0.0035688492544780053,G,-principal,-1498.9166868807622,-0.0,0.0
1505,15,5,1,15.84,19.8,M-Ea-2a/2,alta,1.5799999999999996,0.25,8,160,10,160,2,28,2,28,2,28,0.0035688492544780053,A,+principal,10515.19473724803,0.0,
1505,15,5,1,15.84,19.8,M-Ea-2a/2,alta,1.5799999999999996,0.25,8,160,10,160,2,28,2,28,2,28,0.0035688492544780053,A,-principal,10515.19473724803,-0.0,
1505,15,5,1,15.84,19.8,M-Ea-2a/2,alta,1.5799999999999996,0.25,8,160,10,160,2,28,2,28,2,28,0.0035688492544780053,B,+principal,10250.290363640323,1920.9818579978125,1.5799999999999996
1505,15,5,1,15.84,19.8,M-Ea-2a/2,alta,1.5799999999999996,0.25,8,160,10,160,2,28,2,28,2,28,0.0035688492544780053,B,-principal,10250.290363640323,-1920.9818579978125,1.5799999999999996
1505,15,5,1,15.84,19.8,M-Ea-2a/2,alta,1.5799999999999996,0.25,8,160,10,160,2,28,2,28,2,28,0.0035688492544780053,C,+principal,5534.127479568419,3223.629785084671,0.9179999999999997
1505,15,5,1,15.84,19.8,M-Ea-2a/2,alta,1.5799999999999996,0.25,8,160,10,160,2,28,2,28,2,28,0.0035688492544780053,C,-principal,5534.127479568419,-3223.629785084671,0.9179999999999997
1505,15,5,1,15.84,19.8,M-Ea-2a/2,alta,1.5799999999999996,0.25,8,160,10,160,2,28,2,28,2,28,0.0035688492544780053,D,+principal,4537.261713879914,3131.808398532641,0.7649999999999998
1505,15,5,1,15.84,19.8,M-Ea-2a/2,alta,1.5799999999999996,0.25,8,160,10,160,2,28,2,28,2,28,0.0035688492544780053,D,-principal,4537.261713879914,-3131.808398532641,0.7649999999999998
1505,15,5,1,15.84,19.8,M-Ea-2a/2,alta,1.5799999999999996,0.25,8,160,10,160,2,28,2,28,2,28,0.0035688492544780053,E,+principal,3290.9518337016802,2840.8350586381953,0.5737499999999998
1505,15,5,1,15.84,19.8,M-Ea-2a/2,alta,1.5799999999999996,0.25,8,160,10,160,2,28,2,28,2,28,0.0035688492544780053,E,-principal,3290.9518337016802,-2840.8350586381953,0.5737499999999998
1505,15,5,1,15.84,19.8,M-Ea-2a/2,alta,1.5799999999999996,0.25,8,160,10,160,2,28,2,28,2,28,0.0035688492544780053,F,+principal,0.0,1116.3066324558092,0.09282451123255736
1505,15,5,1,15.84,19.8,M-Ea-2a/2,alta,1.5799999999999996,0.25,8,160,10,160,2,28,2,28,2,28,0.0035688492544780053,F,-principal,0.0,-1116.3066324558092,0.09282451123255736
1505,15,5,1,15.84,19.8,M-Ea-2a/2,alta,1.5799999999999996,0.25,8,160,10,160,2,28,2,28,2,28,0.0035688492544780053,G,+principal,-1498.9166868807622,0.0,0.0
1505,15,5,1,15.84,19.8,M-Ea-2a/2,alta,1.5799999999999996,0.25,8,160,10,160,2,28,2,28,2,28,0.0035688492544780053,G,-principal,-1498.9166868807622,-0.0,0.0
1601,16,1,1,0.0,3.96,M-Ed-2a/2,alta,1.5799999999999996,0.25,8,160,10,160,2,28,2,28,2,28,0.0035688492544780053,A,+principal,10515.19473724803,0.0,
1601,16,1,1,0.0,3.96,M-Ed-2a/2,alta,1.5799999999999996,0.25,8,160,10,160,2,28,2,28,2,28,0.0035688492544780053,A,-principal,10515.19473724803,-0.0,
1601,16,1,1,0.0,3.96,M-Ed-2a/2,alta,1.5799999999999996,0.25,8,160,10,160,2,28,2,28,2,28,0.0035688492544780053,B,+principal,10250.290363640323,1920.9818579978125,1.5799999999999996
1601,16,1,1,0.0,3.96,M-Ed-2a/2,alta,1.5799999999999996,0.25,8,160,10,160,2,28,2,28,2,28,0.0035688492544780053,B,-principal,10250.290363640323,-1920.9818579978125,1.5799999999999996
1601,16,1,1,0.0,3.96,M-Ed-2a/2,alta,1.5799999999999996,0.25,8,160,10,160,2,28,2,28,2,28,0.0035688492544780053,C,+principal,5534.127479568419,3223.629785084671,0.9179999999999997
1601,16,1,1,0.0,3.96,M-Ed-2a/2,alta,1.5799999999999996,0.25,8,160,10,160,2,28,2,28,2,28,0.0035688492544780053,C,-principal,5534.127479568419,-3223.629785084671,0.9179999999999997
1601,16,1,1,0.0,3.96,M-Ed-2a/2,alta,1.5799999999999996,0.25,8,160,10,160,2,28,2,28,2,28,0.0035688492544780053,D,+principal,4537.261713879914,3131.808398532641,0.7649999999999998
1601,16,1,1,0.0,3.96,M-Ed-2a/2,alta,1.5799999999999996,0.25,8,160,10,160,2,28,2,28,2,28,0.0035688492544780053,D,-principal,4537.261713879914,-3131.808398532641,0.7649999999999998
1601,16,1,1,0.0,3.96,M-Ed-2a/2,alta,1.5799999999999996,0.25,8,160,10,160,2,28,2,28,2,28,0.0035688492544780053,E,+principal,3290.9518337016802,2840.8350586381953,0.5737499999999998
1601,16,1,1,0.0,3.96,M-Ed-2a/2,alta,1.5799999999999996,0.25,8,160,10,160,2,28,2,28,2,28,0.0035688492544780053,E,-principal,3290.9518337016802,-2840.8350586381953,0.5737499999999998
1601,16,1,1,0.0,3.96,M-Ed-2a/2,alta,1.5799999999999996,0.25,8,160,10,160,2,28,2,28,2,28,0.0035688492544780053,F,+principal,0.0,1116.3066324558092,0.09282451123255736
1601,16,1,1,0.0,3.96,M-Ed-2a/2,alta,1.5799999999999996,0.25,8,160,10,160,2,28,2,28,2,28,0.0035688492544780053,F,-principal,0.0,-1116.3066324558092,0.09282451123255736
1601,16,1,1,0.0,3.96,M-Ed-2a/2,alta,1.5799999999999996,0.25,8,160,10,160,2,28,2,28,2,28,0.0035688492544780053,G,+principal,-1498.9166868807622,0.0,0.0
1601,16,1,1,0.0,3.96,M-Ed-2a/2,alta,1.5799999999999996,0.25,8,160,10,160,2,28,2,28,2,28,0.0035688492544780053,G,-principal,-1498.9166868807622,-0.0,0.0
1602,16,2,1,3.96,7.92,M-Ed-2a/2,alta,1.5799999999999996,0.25,8,160,10,160,2,28,2,28,2,28,0.0035688492544780053,A,+principal,10515.19473724803,0.0,
1602,16,2,1,3.96,7.92,M-Ed-2a/2,alta,1.5799999999999996,0.25,8,160,10,160,2,28,2,28,2,28,0.0035688492544780053,A,-principal,10515.19473724803,-0.0,
1602,16,2,1,3.96,7.92,M-Ed-2a/2,alta,1.5799999999999996,0.25,8,160,10,160,2,28,2,28,2,28,0.0035688492544780053,B,+principal,10250.290363640323,1920.9818579978125,1.5799999999999996
1602,16,2,1,3.96,7.92,M-Ed-2a/2,alta,1.5799999999999996,0.25,8,160,10,160,2,28,2,28,2,28,0.0035688492544780053,B,-principal,10250.290363640323,-1920.9818579978125,1.5799999999999996
1602,16,2,1,3.96,7.92,M-Ed-2a/2,alta,1.5799999999999996,0.25,8,160,10,160,2,28,2,28,2,28,0.0035688492544780053,C,+principal,5534.127479568419,3223.629785084671,0.9179999999999997
1602,16,2,1,3.96,7.92,M-Ed-2a/2,alta,1.5799999999999996,0.25,8,160,10,160,2,28,2,28,2,28,0.0035688492544780053,C,-principal,5534.127479568419,-3223.629785084671,0.9179999999999997
1602,16,2,1,3.96,7.92,M-Ed-2a/2,alta,1.5799999999999996,0.25,8,160,10,160,2,28,2,28,2,28,0.0035688492544780053,D,+principal,4537.261713879914,3131.808398532641,0.7649999999999998
1602,16,2,1,3.96,7.92,M-Ed-2a/2,alta,1.5799999999999996,0.25,8,160,10,160,2,28,2,28,2,28,0.0035688492544780053,D,-principal,4537.261713879914,-3131.808398532641,0.7649999999999998
1602,16,2,1,3.96,7.92,M-Ed-2a/2,alta,1.5799999999999996,0.25,8,160,10,160,2,28,2,28,2,28,0.0035688492544780053,E,+principal,3290.9518337016802,2840.8350586381953,0.5737499999999998
1602,16,2,1,3.96,7.92,M-Ed-2a/2,alta,1.5799999999999996,0.25,8,160,10,160,2,28,2,28,2,28,0.0035688492544780053,E,-principal,3290.9518337016802,-2840.8350586381953,0.5737499999999998
1602,16,2,1,3.96,7.92,M-Ed-2a/2,alta,1.5799999999999996,0.25,8,160,10,160,2,28,2,28,2,28,0.0035688492544780053,F,+principal,0.0,1116.3066324558092,0.09282451123255736
1602,16,2,1,3.96,7.92,M-Ed-2a/2,alta,1.5799999999999996,0.25,8,160,10,160,2,28,2,28,2,28,0.0035688492544780053,F,-principal,0.0,-1116.3066324558092,0.09282451123255736
1602,16,2,1,3.96,7.92,M-Ed-2a/2,alta,1.5799999999999996,0.25,8,160,10,160,2,28,2,28,2,28,0.0035688492544780053,G,+principal,-1498.9166868807622,0.0,0.0
1602,16,2,1,3.96,7.92,M-Ed-2a/2,alta,1.5799999999999996,0.25,8,160,10,160,2,28,2,28,2,28,0.0035688492544780053,G,-principal,-1498.9166868807622,-0.0,0.0
1603,16,3,1,7.92,11.88,M-Ed-2a/2,alta,1.5799999999999996,0.25,8,160,10,160,2,28,2,28,2,28,0.0035688492544780053,A,+principal,10515.19473724803,0.0,
1603,16,3,1,7.92,11.88,M-Ed-2a/2,alta,1.5799999999999996,0.25,8,160,10,160,2,28,2,28,2,28,0.0035688492544780053,A,-principal,10515.19473724803,-0.0,
1603,16,3,1,7.92,11.88,M-Ed-2a/2,alta,1.5799999999999996,0.25,8,160,10,160,2,28,2,28,2,28,0.0035688492544780053,B,+principal,10250.290363640323,1920.9818579978125,1.5799999999999996
1603,16,3,1,7.92,11.88,M-Ed-2a/2,alta,1.5799999999999996,0.25,8,160,10,160,2,28,2,28,2,28,0.0035688492544780053,B,-principal,10250.290363640323,-1920.9818579978125,1.5799999999999996
1603,16,3,1,7.92,11.88,M-Ed-2a/2,alta,1.5799999999999996,0.25,8,160,10,160,2,28,2,28,2,28,0.0035688492544780053,C,+principal,5534.127479568419,3223.629785084671,0.9179999999999997
1603,16,3,1,7.92,11.88,M-Ed-2a/2,alta,1.5799999999999996,0.25,8,160,10,160,2,28,2,28,2,28,0.0035688492544780053,C,-principal,5534.127479568419,-3223.629785084671,0.9179999999999997
1603,16,3,1,7.92,11.88,M-Ed-2a/2,alta,1.5799999999999996,0.25,8,160,10,160,2,28,2,28,2,28,0.0035688492544780053,D,+principal,4537.261713879914,3131.808398532641,0.7649999999999998
1603,16,3,1,7.92,11.88,M-Ed-2a/2,alta,1.5799999999999996,0.25,8,160,10,160,2,28,2,28,2,28,0.0035688492544780053,D,-principal,4537.261713879914,-3131.808398532641,0.7649999999999998
1603,16,3,1,7.92,11.88,M-Ed-2a/2,alta,1.5799999999999996,0.25,8,160,10,160,2,28,2,28,2,28,0.0035688492544780053,E,+principal,3290.9518337016802,2840.8350586381953,0.5737499999999998
1603,16,3,1,7.92,11.88,M-Ed-2a/2,alta,1.5799999999999996,0.25,8,160,10,160,2,28,2,28,2,28,0.0035688492544780053,E,-principal,3290.9518337016802,-2840.8350586381953,0.5737499999999998
1603,16,3,1,7.92,11.88,M-Ed-2a/2,alta,1.5799999999999996,0.25,8,160,10,160,2,28,2,28,2,28,0.0035688492544780053,F,+principal,0.0,1116.3066324558092,0.09282451123255736
1603,16,3,1,7.92,11.88,M-Ed-2a/2,alta,1.5799999999999996,0.25,8,160,10,160,2,28,2,28,2,28,0.0035688492544780053,F,-principal,0.0,-1116.3066324558092,0.09282451123255736
1603,16,3,1,7.92,11.88,M-Ed-2a/2,alta,1.5799999999999996,0.25,8,160,10,160,2,28,2,28,2,28,0.0035688492544780053,G,+principal,-1498.9166868807622,0.0,0.0
1603,16,3,1,7.92,11.88,M-Ed-2a/2,alta,1.5799999999999996,0.25,8,160,10,160,2,28,2,28,2,28,0.0035688492544780053,G,-principal,-1498.9166868807622,-0.0,0.0
1604,16,4,1,11.88,15.84,M-Ed-2a/2,alta,1.5799999999999996,0.25,8,160,8,160,2,25,2,25,2,25,0.003069336022557228,A,+principal,10359.246706242366,0.0,
1604,16,4,1,11.88,15.84,M-Ed-2a/2,alta,1.5799999999999996,0.25,8,160,8,160,2,25,2,25,2,25,0.003069336022557228,A,-principal,10359.246706242366,-0.0,
1604,16,4,1,11.88,15.84,M-Ed-2a/2,alta,1.5799999999999996,0.25,8,160,8,160,2,25,2,25,2,25,0.003069336022557228,B,+principal,10140.413259998508,1847.0422022117773,1.5799999999999996
1604,16,4,1,11.88,15.84,M-Ed-2a/2,alta,1.5799999999999996,0.25,8,160,8,160,2,25,2,25,2,25,0.003069336022557228,B,-principal,10140.413259998508,-1847.0422022117773,1.5799999999999996
1604,16,4,1,11.88,15.84,M-Ed-2a/2,alta,1.5799999999999996,0.25,8,160,8,160,2,25,2,25,2,25,0.003069336022557228,C,+principal,5534.127479568419,3068.3810726036936,0.9179999999999997
1604,16,4,1,11.88,15.84,M-Ed-2a/2,alta,1.5799999999999996,0.25,8,160,8,160,2,25,2,25,2,25,0.003069336022557228,C,-principal,5534.127479568419,-3068.3810726036936,0.9179999999999997
1604,16,4,1,11.88,15.84,M-Ed-2a/2,alta,1.5799999999999996,0.25,8,160,8,160,2,25,2,25,2,25,0.003069336022557228,D,+principal,4537.261713879914,2976.5596860516634,0.7649999999999998
1604,16,4,1,11.88,15.84,M-Ed-2a/2,alta,1.5799999999999996,0.25,8,160,8,160,2,25,2,25,2,25,0.003069336022557228,D,-principal,4537.261713879914,-2976.5596860516634,0.7649999999999998
1604,16,4,1,11.88,15.84,M-Ed-2a/2,alta,1.5799999999999996,0.25,8,160,8,160,2,25,2,25,2,25,0.003069336022557228,E,+principal,3290.9518337016802,2685.586346157218,0.5737499999999998
1604,16,4,1,11.88,15.84,M-Ed-2a/2,alta,1.5799999999999996,0.25,8,160,8,160,2,25,2,25,2,25,0.003069336022557228,E,-principal,3290.9518337016802,-2685.586346157218,0.5737499999999998
1604,16,4,1,11.88,15.84,M-Ed-2a/2,alta,1.5799999999999996,0.25,8,160,8,160,2,25,2,25,2,25,0.003069336022557228,F,+principal,0.0,961.4973860587882,0.08960952538104947
1604,16,4,1,11.88,15.84,M-Ed-2a/2,alta,1.5799999999999996,0.25,8,160,8,160,2,25,2,25,2,25,0.003069336022557228,F,-principal,0.0,-961.4973860587882,0.08960952538104947
1604,16,4,1,11.88,15.84,M-Ed-2a/2,alta,1.5799999999999996,0.25,8,160,8,160,2,25,2,25,2,25,0.003069336022557228,G,+principal,-1289.1211294740356,0.0,0.0
1604,16,4,1,11.88,15.84,M-Ed-2a/2,alta,1.5799999999999996,0.25,8,160,8,160,2,25,2,25,2,25,0.003069336022557228,G,-principal,-1289.1211294740356,-0.0,0.0
1605,16,5,1,15.84,19.8,M-Ed-2a/2,alta,1.5799999999999996,0.25,8,160,8,160,2,25,2,25,2,25,0.003069336022557228,A,+principal,10359.246706242366,0.0,
1605,16,5,1,15.84,19.8,M-Ed-2a/2,alta,1.5799999999999996,0.25,8,160,8,160,2,25,2,25,2,25,0.003069336022557228,A,-principal,10359.246706242366,-0.0,
1605,16,5,1,15.84,19.8,M-Ed-2a/2,alta,1.5799999999999996,0.25,8,160,8,160,2,25,2,25,2,25,0.003069336022557228,B,+principal,10140.413259998508,1847.0422022117773,1.5799999999999996
1605,16,5,1,15.84,19.8,M-Ed-2a/2,alta,1.5799999999999996,0.25,8,160,8,160,2,25,2,25,2,25,0.003069336022557228,B,-principal,10140.413259998508,-1847.0422022117773,1.5799999999999996
1605,16,5,1,15.84,19.8,M-Ed-2a/2,alta,1.5799999999999996,0.25,8,160,8,160,2,25,2,25,2,25,0.003069336022557228,C,+principal,5534.127479568419,3068.3810726036936,0.9179999999999997
1605,16,5,1,15.84,19.8,M-Ed-2a/2,alta,1.5799999999999996,0.25,8,160,8,160,2,25,2,25,2,25,0.003069336022557228,C,-principal,5534.127479568419,-3068.3810726036936,0.9179999999999997
1605,16,5,1,15.84,19.8,M-Ed-2a/2,alta,1.5799999999999996,0.25,8,160,8,160,2,25,2,25,2,25,0.003069336022557228,D,+principal,4537.261713879914,2976.5596860516634,0.7649999999999998
1605,16,5,1,15.84,19.8,M-Ed-2a/2,alta,1.5799999999999996,0.25,8,160,8,160,2,25,2,25,2,25,0.003069336022557228,D,-principal,4537.261713879914,-2976.5596860516634,0.7649999999999998
1605,16,5,1,15.84,19.8,M-Ed-2a/2,alta,1.5799999999999996,0.25,8,160,8,160,2,25,2,25,2,25,0.003069336022557228,E,+principal,3290.9518337016802,2685.586346157218,0.5737499999999998
1605,16,5,1,15.84,19.8,M-Ed-2a/2,alta,1.5799999999999996,0.25,8,160,8,160,2,25,2,25,2,25,0.003069336022557228,E,-principal,3290.9518337016802,-2685.586346157218,0.5737499999999998
1605,16,5,1,15.84,19.8,M-Ed-2a/2,alta,1.5799999999999996,0.25,8,160,8,160,2,25,2,25,2,25,0.003069336022557228,F,+principal,0.0,961.4973860587882,0.08960952538104947
1605,16,5,1,15.84,19.8,M-Ed-2a/2,alta,1.5799999999999996,0.25,8,160,8,160,2,25,2,25,2,25,0.003069336022557228,F,-principal,0.0,-961.4973860587882,0.08960952538104947
1605,16,5,1,15.84,19.8,M-Ed-2a/2,alta,1.5799999999999996,0.25,8,160,8,160,2,25,2,25,2,25,0.003069336022557228,G,+principal,-1289.1211294740356,0.0,0.0
1605,16,5,1,15.84,19.8,M-Ed-2a/2,alta,1.5799999999999996,0.25,8,160,8,160,2,25,2,25,2,25,0.003069336022557228,G,-principal,-1289.1211294740356,-0.0,0.0
1701,17,1,1,0.0,3.96,M-E-E'-3/2,media,2.8000000000000003,0.2,10,200,8,200,0,10,0,10,0,10,0.0023561944901923444,A,+principal,14063.603919838053,0.0,
1701,17,1,1,0.0,3.96,M-E-E'-3/2,media,2.8000000000000003,0.2,10,200,8,200,0,10,0,10,0,10,0.0023561944901923444,A,-principal,14063.603919838053,-0.0,
1701,17,1,1,0.0,3.96,M-E-E'-3/2,media,2.8000000000000003,0.2,10,200,8,200,0,10,0,10,0,10,0.0023561944901923444,B,+principal,13982.264720044483,4001.9698843902543,2.8000000000000003
1701,17,1,1,0.0,3.96,M-E-E'-3/2,media,2.8000000000000003,0.2,10,200,8,200,0,10,0,10,0,10,0.0023561944901923444,B,-principal,13982.264720044483,-4001.9698843902543,2.8000000000000003
1701,17,1,1,0.0,3.96,M-E-E'-3/2,media,2.8000000000000003,0.2,10,200,8,200,0,10,0,10,0,10,0.0023561944901923444,C,+principal,8023.64600329385,6368.156539370548,1.6500000000000004
1701,17,1,1,0.0,3.96,M-E-E'-3/2,media,2.8000000000000003,0.2,10,200,8,200,0,10,0,10,0,10,0.0023561944901923444,C,-principal,8023.64600329385,-6368.156539370548,1.6500000000000004
1701,17,1,1,0.0,3.96,M-E-E'-3/2,media,2.8000000000000003,0.2,10,200,8,200,0,10,0,10,0,10,0.0023561944901923444,D,+principal,6528.806517867407,6181.907113310557,1.3750000000000002
1701,17,1,1,0.0,3.96,M-E-E'-3/2,media,2.8000000000000003,0.2,10,200,8,200,0,10,0,10,0,10,0.0023561944901923444,D,-principal,6528.806517867407,-6181.907113310557,1.3750000000000002
1701,17,1,1,0.0,3.96,M-E-E'-3/2,media,2.8000000000000003,0.2,10,200,8,200,0,10,0,10,0,10,0.0023561944901923444,E,+principal,4656.2516304510245,5460.660926907265,1.0312500000000002
1701,17,1,1,0.0,3.96,M-E-E'-3/2,media,2.8000000000000003,0.2,10,200,8,200,0,10,0,10,0,10,0.0023561944901923444,E,-principal,4656.2516304510245,-5460.660926907265,1.0312500000000002
1701,17,1,1,0.0,3.96,M-E-E'-3/2,media,2.8000000000000003,0.2,10,200,8,200,0,10,0,10,0,10,0.0023561944901923444,F,+principal,0.0,1314.2868368015652,0.17446885461960449
1701,17,1,1,0.0,3.96,M-E-E'-3/2,media,2.8000000000000003,0.2,10,200,8,200,0,10,0,10,0,10,0.0023561944901923444,F,-principal,0.0,-1314.2868368015652,0.17446885461960449
1701,17,1,1,0.0,3.96,M-E-E'-3/2,media,2.8000000000000003,0.2,10,200,8,200,0,10,0,10,0,10,0.0023561944901923444,G,+principal,-989.6016858807847,0.0,0.0
1701,17,1,1,0.0,3.96,M-E-E'-3/2,media,2.8000000000000003,0.2,10,200,8,200,0,10,0,10,0,10,0.0023561944901923444,G,-principal,-989.6016858807847,-0.0,0.0
1801,18,1,1,0.0,3.96,M1 1-1' / M-3-3'-E/F (paño 1),baja,4.93,0.2,8,200,8,200,0,8,0,8,0,8,0.002613805087786708,A,+principal,24282.82994840701,0.0,
1801,18,1,1,0.0,3.96,M1 1-1' / M-3-3'-E/F (paño 1),baja,4.93,0.2,8,200,8,200,0,8,0,8,0,8,0.002613805087786708,A,-principal,24282.82994840701,-0.0,
1801,18,1,1,0.0,3.96,M1 1-1' / M-3-3'-E/F (paño 1),baja,4.93,0.2,8,200,8,200,0,8,0,8,0,8,0.002613805087786708,B,+principal,24195.277877721146,12085.864043678592,4.93
1801,18,1,1,0.0,3.96,M1 1-1' / M-3-3'-E/F (paño 1),baja,4.93,0.2,8,200,8,200,0,8,0,8,0,8,0.002613805087786708,B,-principal,24195.277877721146,-12085.864043678592,4.93
1801,18,1,1,0.0,3.96,M1 1-1' / M-3-3'-E/F (paño 1),baja,4.93,0.2,8,200,8,200,0,8,0,8,0,8,0.002613805087786708,C,+principal,14139.31015838528,19086.39939267553,2.928
1801,18,1,1,0.0,3.96,M1 1-1' / M-3-3'-E/F (paño 1),baja,4.93,0.2,8,200,8,200,0,8,0,8,0,8,0.002613805087786708,C,-principal,14139.31015838528,-19086.39939267553,2.928
1801,18,1,1,0.0,3.96,M1 1-1' / M-3-3'-E/F (paño 1),baja,4.93,0.2,8,200,8,200,0,8,0,8,0,8,0.002613805087786708,D,+principal,11603.771569740451,18479.38923310778,2.44
1801,18,1,1,0.0,3.96,M1 1-1' / M-3-3'-E/F (paño 1),baja,4.93,0.2,8,200,8,200,0,8,0,8,0,8,0.002613805087786708,D,-principal,11603.771569740451,-18479.38923310778,2.44
1801,18,1,1,0.0,3.96,M1 1-1' / M-3-3'-E/F (paño 1),baja,4.93,0.2,8,200,8,200,0,8,0,8,0,8,0.002613805087786708,E,+principal,8433.775554641692,16277.494911408061,1.83
1801,18,1,1,0.0,3.96,M1 1-1' / M-3-3'-E/F (paño 1),baja,4.93,0.2,8,200,8,200,0,8,0,8,0,8,0.002613805087786708,E,-principal,8433.775554641692,-16277.494911408061,1.83
1801,18,1,1,0.0,3.96,M1 1-1' / M-3-3'-E/F (paño 1),baja,4.93,0.2,8,200,8,200,0,8,0,8,0,8,0.002613805087786708,F,+principal,0.0,2613.222789385609,0.206391666662271
1801,18,1,1,0.0,3.96,M1 1-1' / M-3-3'-E/F (paño 1),baja,4.93,0.2,8,200,8,200,0,8,0,8,0,8,0.002613805087786708,F,-principal,0.0,-2613.222789385609,0.206391666662271
1801,18,1,1,0.0,3.96,M1 1-1' / M-3-3'-E/F (paño 1),baja,4.93,0.2,8,200,8,200,0,8,0,8,0,8,0.002613805087786708,G,+principal,-1097.7981368704172,0.0,0.0
1801,18,1,1,0.0,3.96,M1 1-1' / M-3-3'-E/F (paño 1),baja,4.93,0.2,8,200,8,200,0,8,0,8,0,8,0.002613805087786708,G,-principal,-1097.7981368704172,-0.0,0.0
1901,19,1,1,0.0,3.96,M1 1-1' / M-3-3'-E/F (paño 2),baja,3.7699999999999996,0.2,8,200,8,200,0,8,0,8,0,8,0.0020106192982974674,A,+principal,18572.91534492847,0.0,
1901,19,1,1,0.0,3.96,M1 1-1' / M-3-3'-E/F (paño 2),baja,3.7699999999999996,0.2,8,200,8,200,0,8,0,8,0,8,0.0020106192982974674,A,-principal,18572.91534492847,-0.0,
1901,19,1,1,0.0,3.96,M1 1-1' / M-3-3'-E/F (paño 2),baja,3.7699999999999996,0.2,8,200,8,200,0,8,0,8,0,8,0.0020106192982974674,B,+principal,18504.788921855106,7072.0045969867815,3.7699999999999996
1901,19,1,1,0.0,3.96,M1 1-1' / M-3-3'-E/F (paño 2),baja,3.7699999999999996,0.2,8,200,8,200,0,8,0,8,0,8,0.0020106192982974674,B,-principal,18504.788921855106,-7072.0045969867815,3.7699999999999996
1901,19,1,1,0.0,3.96,M1 1-1' / M-3-3'-E/F (paño 2),baja,3.7699999999999996,0.2,8,200,8,200,0,8,0,8,0,8,0.0020106192982974674,C,+principal,10775.362227660047,11169.285106592513,2.2319999999999998
1901,19,1,1,0.0,3.96,M1 1-1' / M-3-3'-E/F (paño 2),baja,3.7699999999999996,0.2,8,200,8,200,0,8,0,8,0,8,0.0020106192982974674,C,-principal,10775.362227660047,-11169.285106592513,2.2319999999999998
1901,19,1,1,0.0,3.96,M1 1-1' / M-3-3'-E/F (paño 2),baja,3.7699999999999996,0.2,8,200,8,200,0,8,0,8,0,8,0.0020106192982974674,D,+principal,8843.062170163254,10805.189996556514,1.8599999999999999
1901,19,1,1,0.0,3.96,M1 1-1' / M-3-3'-E/F (paño 2),baja,3.7699999999999996,0.2,8,200,8,200,0,8,0,8,0,8,0.0020106192982974674,D,-principal,8843.062170163254,-10805.189996556514,1.8599999999999999
1901,19,1,1,0.0,3.96,M1 1-1' / M-3-3'-E/F (paño 2),baja,3.7699999999999996,0.2,8,200,8,200,0,8,0,8,0,8,0.0020106192982974674,E,+principal,6426.181694029867,9511.222656110813,1.395
1901,19,1,1,0.0,3.96,M1 1-1' / M-3-3'-E/F (paño 2),baja,3.7699999999999996,0.2,8,200,8,200,0,8,0,8,0,8,0.0020106192982974674,E,-principal,6426.181694029867,-9511.222656110813,1.395
1901,19,1,1,0.0,3.96,M1 1-1' / M-3-3'-E/F (paño 2),baja,3.7699999999999996,0.2,8,200,8,200,0,8,0,8,0,8,0.0020106192982974674,F,+principal,0.0,1538.1084620428965,0.15797149785448444
1901,19,1,1,0.0,3.96,M1 1-1' / M-3-3'-E/F (paño 2),baja,3.7699999999999996,0.2,8,200,8,200,0,8,0,8,0,8,0.0020106192982974674,F,-principal,0.0,-1538.1084620428965,0.15797149785448444
1901,19,1,1,0.0,3.96,M1 1-1' / M-3-3'-E/F (paño 2),baja,3.7699999999999996,0.2,8,200,8,200,0,8,0,8,0,8,0.0020106192982974674,G,+principal,-844.4601052849363,0.0,0.0
1901,19,1,1,0.0,3.96,M1 1-1' / M-3-3'-E/F (paño 2),baja,3.7699999999999996,0.2,8,200,8,200,0,8,0,8,0,8,0.0020106192982974674,G,-principal,-844.4601052849363,-0.0,0.0
2001,20,1,1,0.0,3.96,M-F-F'-1/2 + M-F-F'-2/3,alta,16.65,0.3,16,200,12,200,0,16,0,16,0,16,0.03377840421139746,A,+principal,129426.61779479827,0.0,
2001,20,1,1,0.0,3.96,M-F-F'-1/2 + M-F-F'-2/3,alta,16.65,0.3,16,200,12,200,0,16,0,16,0,16,0.03377840421139746,A,-principal,129426.61779479827,-0.0,
2001,20,1,1,0.0,3.96,M-F-F'-1/2 + M-F-F'-2/3,alta,16.65,0.3,16,200,12,200,0,16,0,16,0,16,0.03377840421139746,B,+principal,128324.83759727291,220028.07174282815,16.65
2001,20,1,1,0.0,3.96,M-F-F'-1/2 + M-F-F'-2/3,alta,16.65,0.3,16,200,12,200,0,16,0,16,0,16,0.03377840421139746,B,-principal,128324.83759727291,-220028.07174282815,16.65
2001,20,1,1,0.0,3.96,M-F-F'-1/2 + M-F-F'-2/3,alta,16.65,0.3,16,200,12,200,0,16,0,16,0,16,0.03377840421139746,C,+principal,73883.51878877918,353400.62981253874,9.959999999999999
2001,20,1,1,0.0,3.96,M-F-F'-1/2 + M-F-F'-2/3,alta,16.65,0.3,16,200,12,200,0,16,0,16,0,16,0.03377840421139746,C,-principal,73883.51878877918,-353400.62981253874,9.959999999999999
2001,20,1,1,0.0,3.96,M-F-F'-1/2 + M-F-F'-2/3,alta,16.65,0.3,16,200,12,200,0,16,0,16,0,16,0.03377840421139746,D,+principal,59219.26828382895,347363.856649103,8.299999999999999
2001,20,1,1,0.0,3.96,M-F-F'-1/2 + M-F-F'-2/3,alta,16.65,0.3,16,200,12,200,0,16,0,16,0,16,0.03377840421139746,D,-principal,59219.26828382895,-347363.856649103,8.299999999999999
2001,20,1,1,0.0,3.96,M-F-F'-1/2 + M-F-F'-2/3,alta,16.65,0.3,16,200,12,200,0,16,0,16,0,16,0.03377840421139746,E,+principal,40889.213338748974,310151.1905532748,6.225
2001,20,1,1,0.0,3.96,M-F-F'-1/2 + M-F-F'-2/3,alta,16.65,0.3,16,200,12,200,0,16,0,16,0,16,0.03377840421139746,E,-principal,40889.213338748974,-310151.1905532748,6.225
2001,20,1,1,0.0,3.96,M-F-F'-1/2 + M-F-F'-2/3,alta,16.65,0.3,16,200,12,200,0,16,0,16,0,16,0.03377840421139746,F,+principal,0.0,108349.0015712179,1.5966933713133948
2001,20,1,1,0.0,3.96,M-F-F'-1/2 + M-F-F'-2/3,alta,16.65,0.3,16,200,12,200,0,16,0,16,0,16,0.03377840421139746,F,-principal,0.0,-108349.0015712179,1.5966933713133948
2001,20,1,1,0.0,3.96,M-F-F'-1/2 + M-F-F'-2/3,alta,16.65,0.3,16,200,12,200,0,16,0,16,0,16,0.03377840421139746,G,+principal,-14186.929768786933,0.0,0.0
2001,20,1,1,0.0,3.96,M-F-F'-1/2 + M-F-F'-2/3,alta,16.65,0.3,16,200,12,200,0,16,0,16,0,16,0.03377840421139746,G,-principal,-14186.929768786933,-0.0,0.0
2101,21,1,1,0.0,3.96,M1 1-1',baja,10.5,0.3,10,200,12,160,0,10,0,10,0,10,0.00832522053201295,A,+principal,77569.13385009444,0.0,
2101,21,1,1,0.0,3.96,M1 1-1',baja,10.5,0.3,10,200,12,160,0,10,0,10,0,10,0.00832522053201295,A,-principal,77569.13385009444,-0.0,
2101,21,1,1,0.0,3.96,M1 1-1',baja,10.5,0.3,10,200,12,160,0,10,0,10,0,10,0.00832522053201295,B,+principal,77295.56396181985,82172.20988372393,10.5
2101,21,1,1,0.0,3.96,M1 1-1',baja,10.5,0.3,10,200,12,160,0,10,0,10,0,10,0.00832522053201295,B,-principal,77295.56396181985,-82172.20988372393,10.5
2101,21,1,1,0.0,3.96,M1 1-1',baja,10.5,0.3,10,200,12,160,0,10,0,10,0,10,0.00832522053201295,C,+principal,45440.47661646313,129755.20512967565,6.269999999999999
2101,21,1,1,0.0,3.96,M1 1-1',baja,10.5,0.3,10,200,12,160,0,10,0,10,0,10,0.00832522053201295,C,-principal,45440.47661646313,-129755.20512967565,6.269999999999999
2101,21,1,1,0.0,3.96,M1 1-1',baja,10.5,0.3,10,200,12,160,0,10,0,10,0,10,0.00832522053201295,D,+principal,37289.92772296371,125818.2325137716,5.225
2101,21,1,1,0.0,3.96,M1 1-1',baja,10.5,0.3,10,200,12,160,0,10,0,10,0,10,0.00832522053201295,D,-principal,37289.92772296371,-125818.2325137716,5.225
2101,21,1,1,0.0,3.96,M1 1-1',baja,10.5,0.3,10,200,12,160,0,10,0,10,0,10,0.00832522053201295,E,+principal,27101.702148286968,110965.10870764201,3.9187499999999993
2101,21,1,1,0.0,3.96,M1 1-1',baja,10.5,0.3,10,200,12,160,0,10,0,10,0,10,0.00832522053201295,E,-principal,27101.702148286968,-110965.10870764201,3.9187499999999993
2101,21,1,1,0.0,3.96,M1 1-1',baja,10.5,0.3,10,200,12,160,0,10,0,10,0,10,0.00832522053201295,F,+principal,0.0,17717.852597501806,0.4440738456234764
2101,21,1,1,0.0,3.96,M1 1-1',baja,10.5,0.3,10,200,12,160,0,10,0,10,0,10,0.00832522053201295,F,-principal,0.0,-17717.852597501806,0.4440738456234764
2101,21,1,1,0.0,3.96,M1 1-1',baja,10.5,0.3,10,200,12,160,0,10,0,10,0,10,0.00832522053201295,G,+principal,-3496.5926234454396,0.0,0.0
2101,21,1,1,0.0,3.96,M1 1-1',baja,10.5,0.3,10,200,12,160,0,10,0,10,0,10,0.00832522053201295,G,-principal,-3496.5926234454396,-0.0,0.0
2201,22,1,1,0.0,3.96,M-E-E'-2/1 + M-E-E'-3/2,alta,16.65,0.2,10,200,8,200,0,10,0,10,0,10,0.013194689145077128,A,+principal,83373.38195109309,0.0,
2201,22,1,1,0.0,3.96,M-E-E'-2/1 + M-E-E'-3/2,alta,16.65,0.2,10,200,8,200,0,10,0,10,0,10,0.013194689145077128,A,-principal,83373.38195109309,-0.0,
2201,22,1,1,0.0,3.96,M-E-E'-2/1 + M-E-E'-3/2,alta,16.65,0.2,10,200,8,200,0,10,0,10,0,10,0.013194689145077128,B,+principal,82942.99906143473,140587.28763391724,16.65
2201,22,1,1,0.0,3.96,M-E-E'-2/1 + M-E-E'-3/2,alta,16.65,0.2,10,200,8,200,0,10,0,10,0,10,0.013194689145077128,B,-principal,82942.99906143473,-140587.28763391724,16.65
2201,22,1,1,0.0,3.96,M-E-E'-2/1 + M-E-E'-3/2,alta,16.65,0.2,10,200,8,200,0,10,0,10,0,10,0.013194689145077128,C,+principal,48491.28702686688,223263.28430802296,9.959999999999999
2201,22,1,1,0.0,3.96,M-E-E'-2/1 + M-E-E'-3/2,alta,16.65,0.2,10,200,8,200,0,10,0,10,0,10,0.013194689145077128,C,-principal,48491.28702686688,-223263.28430802296,9.959999999999999
2201,22,1,1,0.0,3.96,M-E-E'-2/1 + M-E-E'-3/2,alta,16.65,0.2,10,200,8,200,0,10,0,10,0,10,0.013194689145077128,D,+principal,39491.30792337069,217564.70665980584,8.299999999999999
2201,22,1,1,0.0,3.96,M-E-E'-2/1 + M-E-E'-3/2,alta,16.65,0.2,10,200,8,200,0,10,0,10,0,10,0.013194689145077128,D,-principal,39491.30792337069,-217564.70665980584,8.299999999999999
2201,22,1,1,0.0,3.96,M-E-E'-2/1 + M-E-E'-3/2,alta,16.65,0.2,10,200,8,200,0,10,0,10,0,10,0.013194689145077128,E,+principal,28241.43489794882,192742.9252551855,6.225
2201,22,1,1,0.0,3.96,M-E-E'-2/1 + M-E-E'-3/2,alta,16.65,0.2,10,200,8,200,0,10,0,10,0,10,0.013194689145077128,E,-principal,28241.43489794882,-192742.9252551855,6.225
2201,22,1,1,0.0,3.96,M-E-E'-2/1 + M-E-E'-3/2,alta,16.65,0.2,10,200,8,200,0,10,0,10,0,10,0.013194689145077128,F,+principal,0.0,43776.46330254039,1.0161884678080284
2201,22,1,1,0.0,3.96,M-E-E'-2/1 + M-E-E'-3/2,alta,16.65,0.2,10,200,8,200,0,10,0,10,0,10,0.013194689145077128,F,-principal,0.0,-43776.46330254039,1.0161884678080284
2201,22,1,1,0.0,3.96,M-E-E'-2/1 + M-E-E'-3/2,alta,16.65,0.2,10,200,8,200,0,10,0,10,0,10,0.013194689145077128,G,+principal,-5541.769440932394,0.0,0.0
2201,22,1,1,0.0,3.96,M-E-E'-2/1 + M-E-E'-3/2,alta,16.65,0.2,10,200,8,200,0,10,0,10,0,10,0.013194689145077128,G,-principal,-5541.769440932394,-0.0,0.0
2302,23,2,1,3.96,7.92,M1 1-1' Piso 1 H-I',alta,15.0,0.3,10,200,12,160,0,10,0,10,0,10,0.011938052083641211,A,+principal,110827.05986051279,0.0,
2302,23,2,1,3.96,7.92,M1 1-1' Piso 1 H-I',alta,15.0,0.3,10,200,12,160,0,10,0,10,0,10,0.011938052083641211,A,-principal,110827.05986051279,-0.0,
2302,23,2,1,3.96,7.92,M1 1-1' Piso 1 H-I',alta,15.0,0.3,10,200,12,160,0,10,0,10,0,10,0.011938052083641211,B,+principal,110437.26675201864,167691.118107275,15.0
2302,23,2,1,3.96,7.92,M1 1-1' Piso 1 H-I',alta,15.0,0.3,10,200,12,160,0,10,0,10,0,10,0.011938052083641211,B,-principal,110437.26675201864,-167691.118107275,15.0
2302,23,2,1,3.96,7.92,M1 1-1' Piso 1 H-I',alta,15.0,0.3,10,200,12,160,0,10,0,10,0,10,0.011938052083641211,C,+principal,65021.94222036491,264797.52527356386,8.97
2302,23,2,1,3.96,7.92,M1 1-1' Piso 1 H-I',alta,15.0,0.3,10,200,12,160,0,10,0,10,0,10,0.011938052083641211,C,-principal,65021.94222036491,-264797.52527356386,8.97
2302,23,2,1,3.96,7.92,M1 1-1' Piso 1 H-I',alta,15.0,0.3,10,200,12,160,0,10,0,10,0,10,0.011938052083641211,D,+principal,53354.95147682474,256880.56582203167,7.475
2302,23,2,1,3.96,7.92,M1 1-1' Piso 1 H-I',alta,15.0,0.3,10,200,12,160,0,10,0,10,0,10,0.011938052083641211,D,-principal,53354.95147682474,-256880.56582203167,7.475
2302,23,2,1,3.96,7.92,M1 1-1' Piso 1 H-I',alta,15.0,0.3,10,200,12,160,0,10,0,10,0,10,0.011938052083641211,E,+principal,38770.93870965978,226638.6659319285,5.60625
2302,23,2,1,3.96,7.92,M1 1-1' Piso 1 H-I',alta,15.0,0.3,10,200,12,160,0,10,0,10,0,10,0.011938052083641211,E,-principal,38770.93870965978,-226638.6659319285,5.60625
2302,23,2,1,3.96,7.92,M1 1-1' Piso 1 H-I',alta,15.0,0.3,10,200,12,160,0,10,0,10,0,10,0.011938052083641211,F,+principal,0.0,36286.246200985246,0.6383851395597842
2302,23,2,1,3.96,7.92,M1 1-1' Piso 1 H-I',alta,15.0,0.3,10,200,12,160,0,10,0,10,0,10,0.011938052083641211,F,-principal,0.0,-36286.246200985246,0.6383851395597842
2302,23,2,1,3.96,7.92,M1 1-1' Piso 1 H-I',alta,15.0,0.3,10,200,12,160,0,10,0,10,0,10,0.011938052083641211,G,+principal,-5013.981875129309,0.0,0.0
2302,23,2,1,3.96,7.92,M1 1-1' Piso 1 H-I',alta,15.0,0.3,10,200,12,160,0,10,0,10,0,10,0.011938052083641211,G,-principal,-5013.981875129309,-0.0,0.0
2402,24,2,1,3.96,7.92,M-I-1/2 + M-I-2/3,alta,16.4,0.3,16,200,12,200,0,16,0,16,0,16,0.033376280351737966,A,+principal,127516.07472581258,0.0,
2402,24,2,1,3.96,7.92,M-I-1/2 + M-I-2/3,alta,16.4,0.3,16,200,12,200,0,16,0,16,0,16,0.033376280351737966,A,-principal,127516.07472581258,-0.0,
2402,24,2,1,3.96,7.92,M-I-1/2 + M-I-2/3,alta,16.4,0.3,16,200,12,200,0,16,0,16,0,16,0.033376280351737966,B,+principal,126427.37207566408,213540.02754390702,16.4
2402,24,2,1,3.96,7.92,M-I-1/2 + M-I-2/3,alta,16.4,0.3,16,200,12,200,0,16,0,16,0,16,0.033376280351737966,B,-principal,126427.37207566408,-213540.02754390702,16.4
2402,24,2,1,3.96,7.92,M-I-1/2 + M-I-2/3,alta,16.4,0.3,16,200,12,200,0,16,0,16,0,16,0.033376280351737966,C,+principal,72778.83473308038,343010.6556188936,9.809999999999999
2402,24,2,1,3.96,7.92,M-I-1/2 + M-I-2/3,alta,16.4,0.3,16,200,12,200,0,16,0,16,0,16,0.033376280351737966,C,-principal,72778.83473308038,-343010.6556188936,9.809999999999999
2402,24,2,1,3.96,7.92,M-I-1/2 + M-I-2/3,alta,16.4,0.3,16,200,12,200,0,16,0,16,0,16,0.033376280351737966,D,+principal,58326.88962771497,337164.2329910928,8.174999999999999
2402,24,2,1,3.96,7.92,M-I-1/2 + M-I-2/3,alta,16.4,0.3,16,200,12,200,0,16,0,16,0,16,0.033376280351737966,D,-principal,58326.88962771497,-337164.2329910928,8.174999999999999
2402,24,2,1,3.96,7.92,M-I-1/2 + M-I-2/3,alta,16.4,0.3,16,200,12,200,0,16,0,16,0,16,0.033376280351737966,E,+principal,40262.156653506645,301062.0489446809,6.13125
2402,24,2,1,3.96,7.92,M-I-1/2 + M-I-2/3,alta,16.4,0.3,16,200,12,200,0,16,0,16,0,16,0.033376280351737966,E,-principal,40262.156653506645,-301062.0489446809,6.13125
2402,24,2,1,3.96,7.92,M-I-1/2 + M-I-2/3,alta,16.4,0.3,16,200,12,200,0,16,0,16,0,16,0.033376280351737966,F,+principal,0.0,105427.78148061279,1.5767609519334163
2402,24,2,1,3.96,7.92,M-I-1/2 + M-I-2/3,alta,16.4,0.3,16,200,12,200,0,16,0,16,0,16,0.033376280351737966,F,-principal,0.0,-105427.78148061279,1.5767609519334163
2402,24,2,1,3.96,7.92,M-I-1/2 + M-I-2/3,alta,16.4,0.3,16,200,12,200,0,16,0,16,0,16,0.033376280351737966,G,+principal,-14018.037747729944,0.0,0.0
2402,24,2,1,3.96,7.92,M-I-1/2 + M-I-2/3,alta,16.4,0.3,16,200,12,200,0,16,0,16,0,16,0.033376280351737966,G,-principal,-14018.037747729944,-0.0,0.0
